id,pleno_id,fecha,mandat_id,intervinient,entitat,entitat_id,tipus_entitat,idioma_original,ambit,zones,districtes,categorias,subcategorias,cap_major,cap_subtopics,resum_cas,resum_val
2026-03-31-020,2026-03-31,2026-03-31,2023-2027,Vicent Horcas López,Plataforma per Russafa,plataforma-russafa,plataforma,mixt,multi_barri,Russafa|Cabanyal-Canyamelar|Patraix,Ciutat Vella|L'Eixample|La Saïdia|Patraix|Poblats Marítims|Quatre Carreres,urbanisme|economia|participacio,urbanisme:usos_turistics|urbanisme:espai_public|economia:comerc_ocupacio|participacio:participacio|participacio:transparencia,14|15|20,1400|1401|1526|2000,"Vicent Horcas López, de la Plataforma per Russafa, denuncia el proceso intenso de turistificación y gentrificación que está transformando Russafa y otros barrios de Valencia, provocando expulsión de población, degradación del comercio local y pérdida de cohesión social, y propone mecanismos de participación vinculante, regulación fiscal turística, limitación de licencias y protección del derecho a la vivienda.","Vicent Horcas López, de la Plataforma per Russafa, denuncia el procés intens de turistificació i gentrificació que està transformant Russafa i altres barris de València, provocant expulsió de població, degradació del comerç local i pèrdua de cohesió social, i proposa mecanismes de participació vinculant, regulació fiscal turística, limitació de llicències i protecció del dret a l'habitatge."
2026-03-31-019,2026-03-31,2026-03-31,2023-2027,Beatriu Cardona i Prats,Intersindical Valenciana,intersindical-valenciana,sindical,valenciano,ciutat,,,serveis_publics|drets_i_igualtat|mobilitat,serveis_publics:educacio|drets_i_igualtat:drets_linguistics|mobilitat:transit,2|6|10,602|207|1000,"Beatriu Cardona, de la Intersindical Valenciana, reclama en nombre del professorat en vaga centros educativos públicos dotados, rechazando los recortes históricos en educación y exigiendo mejora de infraestructuras, ratios y condiciones laborales docentes.","Beatriu Cardona, de la Intersindical Valenciana, reclama en nom del professorat en vaga centres educatius públics ben dotats, rebutjant els retalls històrics en educació i exigint millora d'infraestructures, ràtios i condicions laborals docents."
2026-03-31-018,2026-03-31,2026-03-31,2023-2027,José Luis Torres Goterris,Comisiones Obreras (CCOO) Ajuntament de València,ccoo-pv,sindical,mixt,ciutat,,,serveis_publics|drets_i_igualtat|participacio,serveis_publics:educacio|drets_i_igualtat:drets_linguistics|participacio:processos_participatius,5|6|20,602|500|2004,"El sindicato CCOO solicita apoyo unánime a la moción socialista sobre educación pública, expresando solidaridad con el profesorado de la Conselleria en huelga y planteando demandas de mejora de la calidad educativa y reducción de ratios.","El sindicat CCOO sol·licita suport unànime a la moció socialista sobre educació pública, expressant solidaritat amb el professorat de la Conselleria en vaga i plantejant demandes de millora de la qualitat educativa i reducció de ràtios."
2026-03-31-017,2026-03-31,2026-03-31,2023-2027,Mª Dolores Gradolí Sandemetrio,Intersindical Valenciana,intersindical-valenciana,sindical,valenciano,area_metropolitana,Horta Sud,,participacio|medi_ambient|economia,participacio:participacio|participacio:transparencia|participacio:processos_participatius|medi_ambient:dana_2024|economia:pressupostos,7|14|20,2000|711|1401,"Intersindical Valenciana critica la gestión de la reconstrucción post-dana y demanda mayor participación ciudadana, transparencia y rendición de cuentas en la Comisión Mixta de la Reconstrucción, cuestionando la capacidad de liderazgo de la alcaldesa en este proceso.","Intersindical Valenciana critica la gestió de la reconstrucció post-dana i demanda major participació ciutadana, transparència i rendició de comptes en la Comissió Mixta de la Reconstrucció, qüestionant la capacitat de lideratge de l'alcaldessa en este procés."
2026-03-31-016,2026-03-31,2026-03-31,2023-2027,Rosa María Álvarez Gil,Asociación de Víctimas Mortales 29 de Octubre i Associació de Víctimes de la Dana 29 d'Octubre de 2024,asociacion-victimas-mortales-dana,av,mixt,multi_barri,La Torre|Castellar-L'Oliveral|Faitanar|El Forn D'Alcedo,Poblats del Sud,participacio|medi_ambient|drets_i_igualtat,participacio:participacio|participacio:processos_participatius|participacio:transparencia|medi_ambient:dana_2024|medi_ambient:emergencies_climatiques|drets_i_igualtat:drets_humans,7|19|20,711|2015|1906,"Las asociaciones de víctimas de la DANA de octubre de 2024 se oponen al nombramiento de José Marí Olano como representante de Valencia en la Comisión Mixta de Reconstrucción, considerando que es un error que compromete la coordinación institucional y descarta la participación de la ciudadanía organizada que lideró la respuesta inicial.","Les associacions de víctimes de la DANA d'octubre de 2024 s'oposen al nomenament de José Marí Olano com a representant de València en la Comissió Mixta de Reconstrucció, considerant que és un error que compromet la coordinació institucional i descarta la participació de la ciutadania organitzada que va liderar la resposta inicial."
2026-03-31-015,2026-03-31,2026-03-31,2023-2027,Pascual Murcia Ortiz,AV Cultural i de Consumidors de Patraix,av-cultural-consumidors-patraix,av,castellano,barri,Patraix,Patraix,participacio|drets_i_igualtat,participacio:participacio|participacio:processos_participatius|drets_i_igualtat:drets_humans,13|20,2000|1305,"El representante de la asociación vecinal de Patraix cuestiona las palabras de un concejal que ponen en duda la legitimidad de la participación ciudadana organizada, apelando al respeto institucional mutuo y a la importancia de 50 años de trabajo vecinal en la construcción de la democracia local.","El representant de l'associació veïnal de Patraix qüestiona les paraules d'un regidor que meten en dubte la legitimitat de la participació ciutadana organitzada, apel·lant al respecte institucional mutu i a la importància de 50 anys de treball veïnal en la construcció de la democràcia local."
2026-03-31-014,2026-03-31,2026-03-31,2023-2027,Concha Gimeno Alriols,AV Abastos-Finca Roja,av-abastos-finca-roja,av,castellano,ciutat,,,drets_i_igualtat|participacio|urbanisme|mobilitat|medi_ambient,drets_i_igualtat:drets_humans|participacio:participacio|participacio:processos_participatius|urbanisme:espai_public|mobilitat:transit|medi_ambient:contaminacio|medi_ambient:zones_verdes,7|10|14|20,1401|2000|705|1001,"La AV Abastos-Finca Roja denuncia la pérdida de confianza en el gobierno municipal y la degradación de Valencia (mayor tráfico, contaminación y turistificación), reivindicando el papel democrático de las asociaciones vecinales frente a las críticas del concejal José Marí Olano.","L'AV Abastos-Finca Roja denúncia la pèrdua de confiança en el govern municipal i la degradació de València (més tràfic, contaminació i turistificació), reivindicant el paper democràtic de les associacions veïnals davant les crítiques del regidor José Marí Olano."
2026-03-31-013,2026-03-31,2026-03-31,2023-2027,Soledad Ramírez Martínez,Associació Cuidem la Raiosa,cuidem-la-raiosa,av,castellano,barri,La Raiosa,Jesús,participacio|drets_i_igualtat|urbanisme,participacio:participacio|participacio:processos_participatius|participacio:transparencia|drets_i_igualtat:drets_humans|urbanisme:espai_public,14|19|20,2000|1401|1906,"Soledad Ramírez Martínez, en representación de la Associació Cuidem la Raiosa, apoya la moción de reprobación contra el concejal de Grandes Proyectos por sus declaraciones desrespectosas hacia el movimiento vecinal, argumentando que la participación ciudadana es un derecho constitucional y solicitando su dimisión o cese inmediato.","Soledad Ramírez Martínez, en representació de l'Associació Cuidem la Raiosa, recolza la moció de reprovació contra el regidor de Grans Projectes per les seues declaracions irrespetuoses cap al moviment veïnal, argumentant que la participació ciutadana és un dret constitucional i sol·licitant la seua dimissió o cessament immediat."
2026-03-31-012,2026-03-31,2026-03-31,2023-2027,Antonio Pla Piera,FAVV (Federación de Asociaciones Vecinales de València),favv,av,mixt,ciutat,,,participacio|drets_i_igualtat,participacio:participacio|participacio:processos_participatius|drets_i_igualtat:drets_humans,14|20,2000|1401,"La FAVV rechaza las manifestaciones de un concejal que cuestionan la legitimidad del movimiento vecinal, subraya su papel estructural en la democracia y anuncia la ruptura de diálogo con el concejal José Marí Olano. Solicita al gobierno municipal reafirmar su compromiso con la participación ciudadana.","La FAVV rebutja les manifestacions d'un regidor que qüestionen la legitimitat del moviment veïnal, subratlles el seu paper estructural en la democràcia i anuncia la ruptura de diàleg amb el regidor José Marí Olano. Sol·licita al govern municipal reafirmar el seu compromís amb la participació ciutadana."
2026-03-31-011,2026-03-31,2026-03-31,2023-2027,Marcelo Martínez Pérez,Associació Veïnal la Roqueta,associacio-veinal-roqueta,av,castellano,barri,La Roqueta,Extramurs,participacio|urbanisme|medi_ambient,participacio:participacio|participacio:processos_participatius|urbanisme:espai_public|urbanisme:patrimoni|medi_ambient:zones_verdes|medi_ambient:contaminacio,7|14,1401|705|709,"Marcelo Martínez, de la Associació Veïnal la Roqueta, rechaza las declaraciones del concejal Olano que cuestiona la representatividad de las asociaciones vecinales, denunciando la situación de abandono del barrio de La Roqueta y exigiendo disculpas públicas y un proyecto de renovación urbanística integral.","Marcelo Martínez, de la Associació Veïnal la Roqueta, rebutja les declaracions del regidor Olano que qüestiona la representativitat de les associacions veïnals, denunciant la situació d'abandó del barri de La Roqueta i exigint disculpes públiques i un projecte de renovació urbanística integral."
2026-03-31-010,2026-03-31,2026-03-31,2023-2027,Elvira Puchades Ridaura,Associació de Veïnes i Veïns la Torre,av-la-torre,av,castellano,barri,La Torre,Poblats del Sud,participacio|medi_ambient|drets_i_igualtat,participacio:participacio|participacio:transparencia|medi_ambient:dana_2024|drets_i_igualtat:drets_humans,7|14|19|20,711|2015|1906|1401,"La AVV la Torre critica duramente la gestión municipal y rechaza el nombramiento del concejal Marí Olano en la Comisión Mixta de la Dana, considerando que el gobierno actual carece de legitimidad para dialogar con las asociaciones vecinales, especialmente en la reconstrucción post-dana.","L'AVV la Torre critica severament la gestió municipal i rebutja el nomenament del regidor Marí Olano en la Comissió Mixta de la Dana, considerant que el govern actual manca de legitimitat per a dialogar amb les associacions veïnals, especialment en la reconstrucció post-dana."
2026-03-31-009,2026-03-31,2026-03-31,2023-2027,Teresa Giner Bens,AV Torrefiel,av-torrefiel,av,castellano,barri,Torrefiel,Rascanya,participacio|serveis_publics|drets_i_igualtat,participacio:participacio|participacio:processos_participatius|serveis_publics:esports|drets_i_igualtat:drets_humans,13|14|15|20,2000|1305|1526|1401,"Teresa Giner Bens, de la Asociación Vecinal de Torrefiel, defiende el papel fundamental de las asociaciones vecinales como primera línea de democracia participativa y solicita la dimisión del concejal José Marí Olano por no inspirar confianza. También reclama la construcción del campo de fútbol prometido para los niños de Torrefiel.","Teresa Giner Bens, de l'Associació Vecinal de Torrefiel, defensa el paper fonamental de les associacions veïnals com a primera línia de democràcia participativa i sol·licita la dimissió del concejal José Marí Olano per no inspirar confiança. A més, reclama la construcció del camp de futbol promès per als nens de Torrefiel."
2026-03-31-008,2026-03-31,2026-03-31,2023-2027,Juan Antonio Caballero Defez,Confederació d'Associacions Veïnals de la CV,confederacio-associacions-veinals-cv,av,castellano,ciutat,Benicalap,Benicalap,participacio|drets_i_igualtat|urbanisme,participacio:participacio|participacio:transparencia|drets_i_igualtat:drets_humans|urbanisme:espai_public,14|20,2000|1401,"Juan Antonio Caballero Defez, en representación de la Confederación de Asociaciones Vecinales de la Comunidad Valenciana, rechaza las críticas del concejal José Marí Olano hacia el movimiento vecinal, destacando su importancia histórica en la ciudad y subrayando que cuenta con el reconocimiento del Congreso de los Diputados con un 90% de apoyo.","Juan Antonio Caballero Defez, en representació de la Confederació d'Associacions Veïnals de la Comunitat Valenciana, rebutja les crítiques del regidor José Marí Olano cap al moviment veïnal, destacant la seua importància històrica en la ciutat i subratllant que compta amb el reconeixement del Congrés dels Diputats amb un 90% d'apoio."
2026-03-31-007,2026-03-31,2026-03-31,2023-2027,María Amparo Puchades Giner,AV Dehesa D26,av-dehesa-d26,av,valenciano,barri,Castellar-L'Oliveral,Poblats del Sud,participacio|urbanisme|medi_ambient,participacio:participacio|participacio:processos_participatius|urbanisme:espai_public|urbanisme:patrimoni|medi_ambient:dana_2024|medi_ambient:zones_verdes,7|14|15|20,1401|2015|711|1526,"La Asociación Vecinal de Castellar-L'Oliveral reclama una participación real en las decisiones que afectan su territorio, recordando las compensaciones históricas no pagadas tras el Plan Sur y criticando la presión inmobiliaria sobre la Horta Sur sin medidas de protección adecuadas.","L'associació veïnal de Castellar-L'Oliveral reclama una participació real en les decisions que afecten el seu territori, recordant les compensacions històriques no pagades després del Pla Sud i criticant la pressió immobiliària sobre l'Horta Sud sense mesures de protecció adequades."
2026-03-31-006,2026-03-31,2026-03-31,2023-2027,Rafael Guillem Fernández,Asociación de Vecinos de San Antonio-Zaidía,asociacion-vecinos-san-antonio-zaidia,av,castellano,barri,Sant Antoni,La Saïdia,participacio|urbanisme|drets_i_igualtat,participacio:participacio|participacio:consells_sectorials|urbanisme:espai_public|urbanisme:habitatge|drets_i_igualtat:drets_humans,14|20,2000|1400|1401,"Rafael Guillem Fernández, representante de la Asociación de Vecinos de San Antonio-Zaidía, denuncia al concejal Olano por cuestionar la representatividad de las entidades ciudadanas y exige su dimisión, destacando la labor histórica de las asociaciones vecinales en la defensa de los intereses del barrio.","Rafael Guillem Fernández, representant de l'Associació de Veïnes de Sant Antoni-Zaidía, denuncia al regidor Olano per qüestionar la representativitat de les entitats ciudadanes i exigeix la seua dimissió, destacant la tasca històrica de les associacions veïnals en la defensa dels interessos del barri."
2026-03-31-005,2026-03-31,2026-03-31,2023-2027,Lluís Vallés Peris,AV Barri de Sant Marcel·lí,av-barri-sant-marcelí,av,valenciano,barri,Sant Marcel·lí,Jesús,participacio|drets_i_igualtat,participacio:participacio|participacio:processos_participatius|participacio:transparencia|drets_i_igualtat:drets_humans,14|20,2015|1401|2000,"La Asociación Vecinal de Sant Marcel·lí rechaza las declaraciones del concejal José Marí Olano que desacreditaron a las asociaciones vecinales como actores válidos en la participación ciudadana, argumentando que el movimiento vecinal es esencial para la democracia, el control del poder y la mejora de los servicios públicos.","L'Associació Veïnal de Sant Marcel·lí rebutja les declaracions del regidor José Marí Olano que desacreditaren les associacions veïnals com a actors vàlids en la participació ciutadana, argumentant que el moviment veïnal és essencial per a la democràcia, el control del poder i la millora dels serveis públics."
2026-03-31-004,2026-03-31,2026-03-31,2023-2027,María Rosa Jover Cerdá,AV Malilla,av-malilla,av,mixt,barri,Malilla,Quatre Carreres,participacio|drets_i_igualtat|medi_ambient,participacio:participacio|participacio:transparencia|drets_i_igualtat:drets_humans|medi_ambient:zones_verdes,7|14|20,2000|1401|709,"María Rosa Jover Cerdá, de la AV Malilla, critica el concejal Marí Olano por despreciar la participación ciudadana y denuncia el carácter autoritario del gobierno municipal, defendiendo el derecho constitucional de las asociaciones vecinales a intervenir en decisiones que afectan a la comunidad.","María Rosa Jover Cerdá, de l'AV Malilla, critica el regidor Marí Olano per menysprear la participació ciutadana i denuncia el caràcter autoritari del govern municipal, defensant el dret constitucional de les associacions veïnals a intervenir en decisions que afecten la comunitat."
2026-03-31-003,2026-03-31,2026-03-31,2023-2027,Gregori Fidel Sarmiento,AV Campanar,avv-campanar,av,valenciano,multi_barri,Campanar|L'Amistat|El Saler,Algirós|Campanar|Poblats del Sud,participacio|medi_ambient|urbanisme,participacio:participacio|medi_ambient:zones_verdes|urbanisme:espai_public,7|14|20,709|1401|2000,"Intervención de la AV Campanar reivindicando el papel del movimiento ciudadano en la consecución de espacios verdes, conservación de la costa y recuperación de la identidad histórica de los barrios de Valencia.","Intervenció de l'AV Campanar reivindicant el paper del moviment ciutadà en l'assoliment d'espais verds, conservació de la costa i recuperació de la identitat històrica dels barris de València."
2026-03-31-002,2026-03-31,2026-03-31,2023-2027,Clodoaldo Roldán García,Asociación de Vecinos de Campanar,avv-campanar,av,castellano,barri,Campanar,Campanar,participacio|drets_i_igualtat|serveis_publics,participacio:participacio|participacio:processos_participatius|drets_i_igualtat:drets_humans|serveis_publics:educacio|serveis_publics:salut|serveis_publics:esports,13|14|20,2000|1401|1305,"El representante de la Asociación de Vecinos de Campanar defiende la representatividad de las asociaciones vecinales como entidades sin ánimo de lucro fundamentales para mejorar la calidad de vida, generar cohesión social y canalizar la participación ciudadana, criticando las declaraciones del concejal José Marí Olano que cuestionaban esta representatividad.","El representant de l'Associació de Veïns de Campanar defensa la representativitat de les associacions veïnals com a entitats sense ànim de lucre fonamentals per a millorar la qualitat de vida, generar cohesió social i canalitzar la participació ciutadana, criticant les declaracions del regidor José Marí Olano que qüestionaven esta representativitat."
2026-03-31-001,2026-03-31,2026-03-31,2023-2027,Francisco Guardeño Sáez,Federació d'Associacions de Veïns i Veïnes de València,favv,av,valenciano,multi_barri,La Seu|La Xerea|El Carme|El Pilar|El Mercat|Sant Francesc,Ciutat Vella,urbanisme|drets_i_igualtat|participacio,urbanisme:usos_turistics|urbanisme:habitatge|drets_i_igualtat:drets_humans|participacio:processos_participatius,14|15,1401|1403|1526,"La Federación de Asociaciones de Vecinos rechaza la propuesta de regulación de apartamentos turísticos por considerarla regresiva: mantiene más de 9.000 apartamentos fuera de la ley, no persigue incumplimientos y permite alquileres vacacionales sin restricciones reales, agravando un problema de desvivienda residencial ya saturado especialmente en Ciutat Vella.","La Federació de Veïns rebutja la proposta de regulació d'apartaments turístics per considerar-la regresiva: manté més de 9.000 apartaments fora de la llei, no persegueix incompliments i permet arrendaments vacacionals sense restriccions reals, agreujant un problema de deshabitat residencial ja saturat especialment a Ciutat Vella."
2026-02-24-022,2026-02-24,2026-02-24,2023-2027,Consuelo Sánchez Vivó,Associació de Veïns Cultural i de Consumidors Patraix / Coordinadora Feminista de València,associacio-cultural-consumidors-patraix,cultural,valenciano,ciutat,Patraix,Patraix,drets_i_igualtat|serveis_publics|cultura,drets_i_igualtat:igualtat_de_genere|drets_i_igualtat:drets_humans|drets_i_igualtat:interculturalitat_i_antiracisme|serveis_publics:educacio|serveis_publics:salut|serveis_publics:seguretat|cultura:patrimoni_cultural,2|12|13|19,202|1304|1906|1201,"La Coordinadora Feminista de València denuncia la violencia contra las mujeres, exige cumplimiento de tratados internacionales como el Convenio de Estambul y la CEDAW, y reclama recursos suficientes para el Pacto de Estado contra las violencias machistas, además de exigir que la televisión pública respete la legislación de igualdad.","La Coordinadora Feminista de València denuncia la violència contra les dones, exigeix el compliment de tractats internacionals com el Conveni d'Istanbul i la CEDAW, i reclama recursos suficients per al Pacte d'Estat contra les violències masclistes, a més d'exigir que la televisió pública respecte la legislació d'igualtat."
2026-02-24-021,2026-02-24,2026-02-24,2023-2027,Herminia Virginia Royo García,AV Arrancapins-la Petxina,av-la-petxina,av,castellano,multi_barri,La Petxina|Arrancapins,Extramurs,urbanisme|mobilitat|medi_ambient,urbanisme:espai_public|mobilitat:transit|mobilitat:transport_public|mobilitat:zbe|mobilitat:mobilitat_activa|mobilitat:aparcament|medi_ambient:contaminacio|medi_ambient:emergencies_climatiques,7|10|14,1002|1001|1010|705|1401|1403,"La asociación de vecinos de Arrancapins-la Petxina exige un cambio en las políticas de urbanismo y movilidad del gobierno municipal, criticando el aumento del tráfico y la contaminación, el retraso en la Zona de Bajas Emisiones, y rechazando la conversión del Corredor Verde en una avenida de circulación rodada. Demanda la eliminación del túnel de Pérez Galdós y la peatonalización completa de la supermanzana.","L'associació de veïns d'Arrancapins-la Petxina exigeix un canvi en les polítiques d'urbanisme i mobilitat del govern municipal, criticant l'augment del tràfic i la contaminació, el retard en la Zona de Baixes Emissions, i rebutjant la conversió del Corredor Verd en una avinguda de circulació rodada. Demana l'eliminació del túnel de Pérez Galdós i la peatonalització completa de la supermanzana."
2026-02-24-020,2026-02-24,2026-02-24,2023-2027,José Amparo Real,Associació de Veïns i Comerciants Amics del Carme,associacio-veinats-carme,av,valenciano,multi_barri,Benimaclet|Tres Forques|El Grau|El Carme|La Seu,Benimaclet|Ciutat Vella|L'Olivereta|Poblats Marítims,participacio|urbanisme|drets_i_igualtat,participacio:participacio|participacio:processos_participatius|participacio:transparencia|urbanisme:espai_public|urbanisme:habitatge|urbanisme:patrimoni|drets_i_igualtat:drets_humans,14|20,2000|1403|1401|2015,"José Amparo Real denuncia que el Ayuntamiento ha convertido la participación ciudadana en un trámite formal sin capacidad decisoria real, con ejemplos en varios barrios como Carme, Benimaclet y Grau donde se toman decisiones sin escuchar al vecindario y se restringen intervenciones en las juntas de distrito.","José Amparo Real denuncia que l'Ajuntament ha convertit la participació ciutadana en un tràmit formal sense capacitat decisòria real, amb exemples en diversos barris com Carme, Benimaclet i Grau on es prenen decisions sense escoltar el veïnat i es restringixen intervencions en les juntes de districte."
2026-02-24-019,2026-02-24,2026-02-24,2023-2027,Miguel Sánchez Valdés,Associació Veïnal la Roqueta,associacio-veinal-roqueta,av,castellano,barri,La Roqueta,Extramurs,urbanisme|mobilitat|medi_ambient,urbanisme:espai_public|urbanisme:usos_turistics|mobilitat:mobilitat_activa|medi_ambient:zones_verdes,7|10|14|20,1401|1010|709|2000,"El presidente de la Asociación Veïnal la Roqueta critica la falta de cumplimiento de objetivos urbanísticos y de participación ciudadana en el barrio, denunciando la dilación de proyectos como el bulevar García Lorca y la falta de ejecución de la supermanzana mientras destaca el déficit de zonas verdes y la desigualdad en inversiones municipales.","El president de l'Associació Veïnal la Roqueta critica la falta de compliment d'objectius urbanístics i de participació ciutadana al barri, denunciant la dilació de projectes com el bulevard García Lorca i la falta d'execució de la supermanzana mentre destaca el dèficit de zones verdes i la desigualtat en inversions municipals."
2026-02-24-018,2026-02-24,2026-02-24,2023-2027,Amparo Cifre Lozano,Associació Veïnal de Benimaclet / Plataforma de Entitats Veïnals de Benimaclet,associacio-veinal-benimaclet,av,castellano,barri,Benimaclet,Benimaclet,urbanisme|participacio|economia,urbanisme:espai_public|participacio:participacio|participacio:processos_participatius|economia:comerc_ocupacio,14|20,1403|2000|1401,"La Asociación Vecinal de Benimaclet reclama una participación ciudadana real en los grandes proyectos urbanísticos, denunciando que las entidades vecinales apenas son consultadas en los procesos de toma de decisiones sobre el PAI de Benimaclet, cuyos términos benefician mayoritariamente a la vivienda de renta libre en lugar de vivienda protegida.","L'Associació Veïnal de Benimaclet reclama una participació ciutadana real en els grans projectes urbanístics, denunciant que les entitats veïnals són poc consultades en els processos de presa de decisions sobre el PAI de Benimaclet, els termes del qual beneficien majoritàriament la vivienda de lloguer lliure enfront de la protegida."
2026-02-24-017,2026-02-24,2026-02-24,2023-2027,Josep Benlloch Serrano,AVV Campanar,avv-campanar,av,valenciano,barri,Campanar,Campanar,urbanisme|serveis_publics|participacio,urbanisme:espai_public|urbanisme:patrimoni|serveis_publics:educacio|serveis_publics:esports|participacio:participacio|participacio:transparencia,14|15|20,1403|2000|2015|1526,"El representante de la AVV Campanar denuncia la falta de dotaciones culturales y deportivas en el barrio, la falta de transparencia en la reforma del Plan General, la construcción desigual de edificios y la demora en la implantación de la Universidad Popular prevista para 2027.","El representant de l'AVV Campanar denuncia la manca de dotacions culturals i esportives al barri, la falta de transparència en la reforma del Pla General, la construcció desigual d'edificis i el retard en la implantació de la Universitat Popular prevista per a 2027."
2026-02-24-016,2026-02-24,2026-02-24,2023-2027,Herminia Virginia Royo García,Associació de Mujeres Separadas y Divorciadas del País Valencià,asociacion-mujeres-separadas-divorciadas,altres,castellano,ciutat,,,drets_i_igualtat|persones,drets_i_igualtat:interculturalitat_i_antiracisme|drets_i_igualtat:drets_humans|persones:joventut,2|9|19,1906|900|201,"Representante de la Asociación de Mujeres Separadas y Divorciadas del País Valenciano defiende la regularización de migrantes como cuestión de justicia social e igualdad de derechos, rechazando las falsedades xenófobas y comprometiéndose a continuar la lucha antirracista y feminista.","Representant de l'Associació de Dones Separades i Divorciades del País Valencià defensa la regularització de migrants com a qüestió de justícia social i igualtat de drets, rebutjant les falsedats xenòfobes i comprometent-se a continuar la lluita antirracista i feminista."
2026-02-24-015,2026-02-24,2026-02-24,2023-2027,Noelia Rojas Reyes,Consell de la Joventut de València,consell-joventut-valencia,altres,valenciano,ciutat,,,drets_i_igualtat|persones|cultura,drets_i_igualtat:diversitat|drets_i_igualtat:interculturalitat_i_antiracisme|drets_i_igualtat:drets_humans|persones:joventut|cultura:associacionisme,2|13|19,201|207|1906|1300,"El Consell de la Joventut de València rechaza la moción de Vox sobre regularización de migrantes, argumentando que criminalizar a la población migrante no resuelve los problemas reales de la juventud y que la diversidad es una fortaleza de la ciudad que debe gestionarse desde el respeto a los derechos humanos.","El Consell de la Joventut de València rebutja la moció de Vox sobre regularització de migrants, argumentant que criminalitzar la població migrant no resol els problemes reals de la joventut i que la diversitat és una fortalesa de la ciutat que ha de gestionar-se des del respecte als drets humans."
2026-02-24-014,2026-02-24,2026-02-24,2023-2027,Herminia Virginia Royo García,AV Arrancapins-la Petxina,av-la-petxina,av,castellano,ciutat,La Petxina|Arrancapins,Extramurs,drets_i_igualtat|participacio,drets_i_igualtat:diversitat|drets_i_igualtat:interculturalitat_i_antiracisme|drets_i_igualtat:igualtat_de_genere|drets_i_igualtat:drets_humans|participacio:participacio|participacio:processos_participatius,2|19|20,201|202|1906|2000,"Herminia Virginia Royo García, de la AV Arrancapins-la Petxina, critica duramente la agenda xenófoba y racista de Vox, celebrando la regularización extraordinaria de migrantes y reclamando la legalización completa, derogación de la Ley de Extranjería y el cierre de los CIES.","Herminia Virginia Royo García, de l'AV Arrancapins-la Petxina, critica durament l'agenda xenòfoba i racista de Vox, celebrant la regularització extraordinària de migrants i reclamant la legalització completa, derogació de la Llei d'Estrangeria i el tancament dels CIES."
2026-02-24-013,2026-02-24,2026-02-24,2023-2027,Solange Godoy,FAMPA València,fampa-valencia,educacio,castellano,ciutat,,,drets_i_igualtat|serveis_publics|participacio,drets_i_igualtat:diversitat|drets_i_igualtat:interculturalitat_i_antiracisme|drets_i_igualtat:drets_humans|serveis_publics:educacio|participacio:participacio,2|6|9|19|20,202|207|602|900|1906|2000,"Solange Godoy, en representación de FAMPA València, rechaza una moción que propone discriminación en el acceso a servicios públicos basándose en el origen nacional, argumentando que viola la Constitución y principios de igualdad. Defiende la educación pública inclusiva y rechaza los discursos xenófobos que señalan a las familias migrantes como amenaza.","Solange Godoy, en representació de FAMPA València, rebutja una moció que proposa discriminació en l'accés a serveis públics basada en l'origen nacional, argumentant que viola la Constitució i principis d'igualtat. Defensa l'educació pública inclusiva i rebutja els discursos xenòfobs que señalen les famílies migrants com a amenaça."
2026-02-24-012,2026-02-24,2026-02-24,2023-2027,Francisco Javier Tamames Ausina,FAMPA València,fampa-valencia,educacio,mixt,ciutat,,,serveis_publics|economia|drets_i_igualtat,serveis_publics:educacio|economia:agricultura|drets_i_igualtat:interculturalitat_i_antiracisme|drets_i_igualtat:drets_linguistics,2|4|6|9,602|400|900|207,"El representante de FAMPA València critica el discurso alarmista de una moción anterior, defendiendo que no es necesario restringir derechos laborales. Reclama mayor atención al mantenimiento de la escuela pública en lugar de propuestas sin sentido.","El representant de FAMPA València critica el discurs alarmista d'una moció anterior, defensant que no és necessari restringir drets laborals. Reclama més atenció al manteniment de l'escola pública en lloc de propostes sense sentit."
2026-02-24-011,2026-02-24,2026-02-24,2023-2027,María Fernanda León,Orriols Conviu,orriols-conviu,plataforma,castellano,barri,Els Orriols,Rascanya,drets_i_igualtat|serveis_publics|participacio,drets_i_igualtat:interculturalitat_i_antiracisme|drets_i_igualtat:drets_humans|drets_i_igualtat:diversitat|serveis_publics:serveis_socials|participacio:participacio|participacio:processos_participatius,9|13|14|19,1906|900|1401|1302,Orriols Conviu reclama que las decisiones municipales tengan en cuenta la realidad de los barrios vulnerables y que la regularización administrativa se considere como un mecanismo de justicia social que facilita la integración y la convivencia intercultural.,Orriols Conviu demana que les decisions municipals tinga en compte la realitat dels barris vulnerables i que la regularització administrativa es considere com un mecanisme de justícia social que facilita la integració i la convivència intercultural.
2026-02-24-010,2026-02-24,2026-02-24,2023-2027,Lidiane Cristina Rosa Sagrado,Médicos del Mundo,medicos-del-mundo,ong,castellano,ciutat,,,serveis_publics|drets_i_igualtat|persones,serveis_publics:salut|drets_i_igualtat:drets_humans|drets_i_igualtat:interculturalitat_i_antiracisme|persones:gent_major,3|9|14|19,300|1906|900|1401,"Médicos del Mundo denuncia las barreras de acceso al sistema sanitario que enfrentan más de 400 personas migrantes en València en 2025 por falta de documentación, e insta al Ayuntamiento a facilitar el empadronamiento y la regularización extraordinaria para garantizar el derecho universal a la salud.","Médicos del Món denuncia les barreres d'accés al sistema sanitari que enfronten més de 400 persones migrants a València el 2025 per manca de documentació, i insta l'Ajuntament a facilitar l'empadronament i la regularització extraordinària per a garantir el dret universal a la salut."
2026-02-24-009,2026-02-24,2026-02-24,2023-2027,Élida Puig Cebolla,STEPV-Intersindical,stepv-intersindical,sindical,valenciano,ciutat,,,drets_i_igualtat|serveis_publics|economia,drets_i_igualtat:interculturalitat_i_antiracisme|drets_i_igualtat:drets_humans|serveis_publics:educacio|serveis_publics:salut|serveis_publics:serveis_socials|economia:comerc_ocupacio,5|13|14|19,1906|1300|1400|500,"La sindicalista de STEPV-Intersindical critica los discursos sobre inmigración, argumentando que los problemas reales (crisis de vivienda, precariedad laboral, falta de inversión pública) no son causados por los migrantes sino por políticas injustas, y defiende la dignidad y derechos de todas las personas independientemente de su origen.","La sindicalista de STEPV-Intersindical critica els discursos sobre immigració, argumentant que els problemes reals (crisi d'habitatge, precarització laboral, manca d'inversió pública) no són causats pels migrants sinó per polítiques injustes, i defensa la dignitat i drets de totes les persones independentment del seu origen."
2026-02-24-008,2026-02-24,2026-02-24,2023-2027,Silvia Llumigusin,Asociación Intercultural Candombe,asociacion-intercultural-candombe,ong,castellano,ciutat,,,drets_i_igualtat|serveis_publics|urbanisme,drets_i_igualtat:interculturalitat_i_antiracisme|drets_i_igualtat:drets_humans|serveis_publics:serveis_socials|urbanisme:habitatge,9|13|14|19,1906|900|1403|1302,"La Asociación Intercultural Candombe rechaza vincular la migración con la inseguridad y demanda políticas integrales que garanticen inclusión social, vivienda, empleo y acceso a servicios públicos, rechazando el discurso que estigmatiza a migrantes y debilita el tejido asociativo.","L'Asociación Intercultural Candombe rebutja vincular la migració amb la inseguretat i demanda polítiques integrals que garantisquen inclusió social, habitatge, ocupació i accés a serveis públics, rebutjant el discurs que estigmatitza migrants i debilita el teixit associatiu."
2026-02-24-007,2026-02-24,2026-02-24,2023-2027,Eugenia Torres Polito,Asociación Intercultural Candombe,asociacion-intercultural-candombe,ong,castellano,ciutat,,,drets_i_igualtat|serveis_publics,drets_i_igualtat:diversitat|drets_i_igualtat:drets_humans|serveis_publics:serveis_socials,9|13|14|20,900|1300|1402|2000,"La Asociación Intercultural Candombe aboga por la regularización administrativa de personas migrantes y en situación de vulnerabilidad como herramienta para formalizar una realidad existente y garantizar derechos laborales, de vivienda y acceso a servicios públicos.","L'Associació Intercultural Candombe defensa la regularització administrativa de persones migrants i en situació de vulnerabilitat com a eina per a formalitzar una realitat existent i garantir drets laborals, d'habitatge i accés a serveis públics."
2026-02-24-006,2026-02-24,2026-02-24,2023-2027,Silvana Gabriela Cabrera Martínez,"Asociación Mujeres, Voces y Resistencia",asociacion-mujeres-voces-resistencias,ong,castellano,ciutat,,,drets_i_igualtat|economia|serveis_publics,drets_i_igualtat:diversitat|drets_i_igualtat:interculturalitat_i_antiracisme|drets_i_igualtat:drets_humans|economia:comerc_ocupacio|serveis_publics:educacio|serveis_publics:salut|serveis_publics:serveis_socials,5|9|13|19|20,900|1906|500|1300|2000,"Silvana Gabriela Cabrera Martínez, en representación de la Asociación Mujeres, Voces y Resistencia, defiende la regularización extraordinaria de migrantes como un acto de justicia social que beneficia a toda la sociedad, fortalece derechos laborales y permite diseñar políticas públicas más justas basadas en datos reales. Argumenta que el deterioro de servicios públicos no es causado por la regularización, sino por recortes presupuestarios y decisiones políticas previas.","Silvana Gabriela Cabrera Martínez, en representació de l'Associació Dones, Veus i Resistència, defén la regularització extraordinària de migrants com un acte de justícia social que beneficia tota la societat, enforteix drets laborals i permet dissenyar polítiques públiques més justes basades en dades reals. Argumenta que el deteriorament de serveis públics no és causat per la regularització, sinó per retalls pressupostaris i decisions polítiques prèvies."
2026-02-24-005,2026-02-24,2026-02-24,2023-2027,Cecilia B. Villaroel Romero-Nieto,Servicio Jesuita a Migrantes España SJM España,sjm-espana,ong,castellano,ciutat,,,drets_i_igualtat|serveis_publics|economia,drets_i_igualtat:drets_humans|drets_i_igualtat:interculturalitat_i_antiracisme|serveis_publics:educacio|serveis_publics:salut|serveis_publics:serveis_socials|economia:comerc_ocupacio,3|6|9|13|15|19,900|1906|1300|1521|600|300,"La ONG Servicio Jesuita a Migrantes España expone la necesidad de una política migratoria integral que vaya más allá de la gestión de crisis, incluyendo políticas de integración, inclusión y cohesión social para garantizar el acceso a derechos, empleo cualificado y convivencia.","L'ONG Servicio Jesuita a Migrantes España presenta la necessitat d'una política migratòria integral que supere la gestió de crisis, incloent polítiques d'integració, inclusió i cohesió social per a garantir l'accés a drets, ocupació qualificada i convivència."
2026-02-24-004,2026-02-24,2026-02-24,2023-2027,Gregori Fidel Sarmiento,AVV Campanar,avv-campanar,av,valenciano,barri,Campanar,Campanar,drets_i_igualtat|participacio,drets_i_igualtat:diversitat|drets_i_igualtat:interculturalitat_i_antiracisme|participacio:participacio,9|19,1906|900,"El representante de la AVV Campanar denuncia la moción como un intento de pescar votos en clave electoral, defendiendo la inmigración como aportación positiva a la sociedad y rechazando los discursos de odio, racismo y xenofobia que asocian delincuencia a la llegada de inmigrantes.","El representant de l'AVV Campanar denuncia la moció com un intent de pescar vots en clau electoral, defensant la immigració com aportació positiva a la societat i rebutjant els discursos d'odi, racisme i xenofòbia que associen delinqüència a l'arribada d'immigrants."
2026-02-24-003,2026-02-24,2026-02-24,2023-2027,Pilar Martínez Escot,Orriols en Lucha,plataforma-orriols-en-lucha,plataforma,castellano,barri,Els Orriols,Rascanya,drets_i_igualtat|serveis_publics|urbanisme,drets_i_igualtat:interculturalitat_i_antiracisme|drets_i_igualtat:drets_humans|serveis_publics:serveis_socials|urbanisme:habitatge,9|13|14|19,1906|1406|1300|900,"Pilar Martínez de Orriols en Lucha defiende la multiculturalidad como riqueza y rechaza criminalizaciones de la migración, reclamando políticas de integración, vivienda digna, empleo justo y fortalecimiento de servicios sociales en barrios vulnerables como Orriols.","Pilar Martínez d'Orriols en Lucha defensa la multiculturalitat com a riquesa i rebutja criminalitzacions de la migració, reclamant polítiques d'integració, habitatge digne, ocupació justa i enfortiment de serveis socials en barris vulnerables com Orriols."
2026-02-24-002,2026-02-24,2026-02-24,2023-2027,Salvador Soriano Martínez,Orriols en Lucha,plataforma-orriols-en-lucha,plataforma,castellano,barri,Els Orriols,Rascanya,drets_i_igualtat|cultura,drets_i_igualtat:diversitat|drets_i_igualtat:interculturalitat_i_antiracisme|cultura:associacionisme,2|9,201|900,"El representante de Orriols en Lucha defiende la riqueza de la multiculturalidad y la convivencia del barrio con más de 40 nacionalidades, criticando los prejuicios xenófobos y exaltando el mestizaje como valor cultural.","El representant d'Orriols en Lluita defensa la riquesa de la multiculturalitat i la convivència del barri amb més de 40 nacionalitats, criticant els prejudicis xenòfobs i exaltant el mestissatge com a valor cultural."
2026-02-24-001,2026-02-24,2026-02-24,2023-2027,Eduardo Béjar Méndez,Asociación Plataforma Intercultural de España,asociacion-plataforma-intercultural-espana,plataforma,castellano,ciutat,,,drets_i_igualtat|persones|participacio,drets_i_igualtat:interculturalitat_i_antiracisme|drets_i_igualtat:drets_humans|persones:joventut|participacio:participacio,2|9|19,1906|900|201,"Eduardo Béjar rechaza la moción del grupo Vox sobre regularización de migrantes, argumentando que la movilidad humana es una realidad global y que València históricamente ha acogido migraciones que la han enriquecido. Defiende la legalización de trabajadores migrantes en situación irregular que desempeñan labores esenciales.","Eduardo Béjar rebutja la moció del grup Vox sobre regularització de migrants, argumentant que la mobilitat humana és una realitat global i que València històricament ha acollit migracions que l'han enriquida. Defensa la legalització de treballadors migrants en situació irregular que desenvolupen labors essencials."
2026-01-27-001,2026-01-27,2026-01-27,2023-2027,José Luis González Meseguer,Juntes per l'Habitatge i PAH València (intervé utilitzant el nom de l'Associació de Veïns i Veïnes de la Torre),juntes-habitatge,plataforma,valenciano,ciutat,La Torre,Poblats del Sud,economia|urbanisme|drets_i_igualtat,economia:pressupostos|urbanisme:habitatge|drets_i_igualtat:drets_humans,14|20,1400|1406|2000,"La plataforma Juntes per l'Habitatge denuncia que 500 famílies que cumplían requisitos han quedado excluidas de las ayudas de alquiler por agotamiento de crédito presupuestario, solicitando una ampliación urgente del presupuesto y revisión de los requisitos de acceso.","La plataforma Juntes per l'Habitatge denuncia que 500 famílies que complien requisits han quedat excloses de les ajudes de lloguer per esgotament de crèdit pressupostari, sol·licitant una ampliació urgent del pressupost i revisió dels requisits d'accés."
2025-12-01-1-008,2025-12-01-1,2025-12-01,2023-2027,María Soledad Ramírez Martínez,Associació Cuidem la Raiosa,cuidem-la-raiosa,av,castellano,barri,La Raiosa,Jesús,medi_ambient|urbanisme|economia,medi_ambient:contaminacio|medi_ambient:emergencies_climatiques|urbanisme:usos_turistics|economia:pressupostos,7|14|15,703|705|1526|1403,"La representante de la asociación de vecinos de La Raiosa denuncia la situación de suciedad en el barrio, causada por falta de recursos municipales, problemas del botellón, residuos turísticos y vertidos de escombros, solicitando bonificaciones en la tasa de residuos para incentivar el reciclaje y agradeciendo el trabajo de la Fundación València, Clima y Energía.","La representant de l'associació de veïns de la Raiosa denuncia la situació de brutícia al barri, causada per manca de recursos municipals, problemes del botelló, residus turístics i abocaments d'enderrocs, sol·licitant bonificacions en la taxa de residus per a incentivar el reciclatge i agraint la tasca de la Fundació València, Clima i Energia."
2025-12-01-1-007,2025-12-01-1,2025-12-01,2023-2027,José Luis González Meseguer,"Juntes per l'Habitatge (plataforma de moviments socials, veïnals i sindicals)",juntes-habitatge,plataforma,valenciano,ciutat,,,urbanisme|economia|serveis_publics,urbanisme:habitatge|economia:pressupostos|serveis_publics:serveis_socials,13|14,1400|1406|1300|1302,"Representante de Juntes per l'Habitatge critica la política de vivienda municipal y estatal, enfatizando que los desahucios y la especulación extranjera son causas clave de la subida de precios de alquiler. Demanda regulación pública, estudios serios sobre necesidades habitacionales y prórroga del escudo social.","Representant de Juntes per l'Habitatge critica la política d'habitatge municipal i estatal, destacant que els desnonaments i l'especulació estrangera són causes clau de la pujada de preus de lloguer. Demana regulació pública, estudis seriosos sobre necessitats habitacionals i prorrogació de l'escut social."
2025-12-01-1-006,2025-12-01-1,2025-12-01,2023-2027,Noelia Rojas Reyes,Consell de la Joventut de València,consell-joventut-valencia,altres,valenciano,ciutat,,,urbanisme|mobilitat|persones,urbanisme:habitatge|mobilitat:zbe|mobilitat:transport_public|persones:joventut,2|7|10|14,1400|1406|1403|1002|1010|705|204,"El Consell de la Joventut de València denuncia la crisis de acceso a la vivienda en la ciudad, donde solo el 15% de los jóvenes pueden emanciparse, requiriendo el 87% de su salario. Reclaman un incremento del parque público de vivienda, un plan municipal de vivienda juvenil, regulación del mercado de alquileres y mayor participación de los jóvenes en las políticas de vivienda.","El Consell de la Joventut de València denuncia la crisi d'accés a l'habitatge a la ciutat, on només el 15% dels joves poden emancipar-se, necessitant el 87% del seu sou. Reclamen un increment del parc públic de vivenda, un pla municipal de vivenda juvenil, regulació del mercat de lloguer i major participació dels joves en les polítiques d'habitatge."
2025-12-01-1-005,2025-12-01-1,2025-12-01,2023-2027,Katherine Yomaira Trujillo Ibarra,Asociación Mujeres Voces y Resistencias,asociacion-mujeres-voces-resistencias,ong,mixt,ciutat,,,drets_i_igualtat|urbanisme|serveis_publics,drets_i_igualtat:diversitat|drets_i_igualtat:interculturalitat_i_antiracisme|urbanisme:habitatge|serveis_publics:serveis_socials,2|13|14,1406|1400|201|1302|1304,"La Asociación Mujeres Voces y Resistencias denuncia la discriminación racista en el mercado inmobiliario valenciano que afecta especialmente a mujeres migrantes y racializadas, exigiendo al Ayuntamiento que declare Valencia zona tensionada según la Ley de Vivienda de 2023 y adopte medidas urgentes de acceso a vivienda pública.","L'Associació Dones Veus i Resistències denúncia la discriminació racista al mercat immobiliari valencià que afecta especialment les dones migrants i racialitzades, exigint a l'Ajuntament que declare València zona tensionada segons la Llei d'Habitatge de 2023 i adopte mesures urgents d'accés a habitatge públic."
2025-12-01-1-004,2025-12-01-1,2025-12-01,2023-2027,Eugenia Paula Torres Polito,Asociación Intercultural Candombe,asociacion-intercultural-candombe,ong,castellano,ciutat,,,urbanisme|drets_i_igualtat|persones,urbanisme:habitatge|drets_i_igualtat:interculturalitat_i_antiracisme|drets_i_igualtat:drets_humans|persones:joventut,9|14|19,1400|1406|1409|900|1925,"La Asociación Intercultural Candombe denuncia la crisis de acceso a la vivienda que afecta especialmente a personas migrantes, jóvenes y familias vulnerables, causando hacinamiento y expulsión de ciudadanos hacia otros municipios, y solicita que Valencia declare la ciudad como zona tensionada para regular los precios del alquiler.","L'Associació Intercultural Candombe denuncia la crisi d'accés a l'habitatge que afecta especialment a persones migrants, joves i famílies vulnerables, causant hacinament i expulsió de ciutadans cap a altres municipis, i sol·licita que València declare la ciutat com a zona tensionada per a regular els preus de l'alquiler."
2025-12-01-1-003,2025-12-01-1,2025-12-01,2023-2027,María José Broseta Serrano,Federació d'Associacions de Veïns de València,favv,av,castellano,ciutat,,,mobilitat|medi_ambient|urbanisme,mobilitat:zbe|medi_ambient:contaminacio|medi_ambient:emergencies_climatiques|urbanisme:habitatge,7|10|14,1002|705|1400|1401,"La Federación de Asociaciones Vecinales pide diálogo y acuerdo entre gobierno y oposición para implementar una zona de bajas emisiones que mejore la calidad del aire y la salud. También reclama actuaciones urgentes sobre la crisis de vivienda con medidas como declarar zona tensionada, convertir alojamientos turísticos ilegales en viviendas y crear una agencia municipal de alquiler.","La Federació d'Associacions de Veïns demana diàleg i acord entre govern i oposició per implementar una zona de baixes emissions que millore la qualitat de l'aire i la salut. También reclama actuacions urgents sobre la crisi d'habitatge amb mesures com declarar zona tensionada, convertir allotjaments turístics il·legals en vivendes i crear una agència municipal de lloguer."
2025-12-01-1-002,2025-12-01-1,2025-12-01,2023-2027,José Manuel Felisi Herrero,"Plataforma València per l'Aire, Mesura",plataforma-valencia-aire,plataforma,mixt,ciutat,,,mobilitat|medi_ambient,mobilitat:aparcament|mobilitat:zbe|medi_ambient:contaminacio,7|10,1002|705|1010,La Plataforma València per l'Aire advierte sobre un posible procedimiento de infracción ante la Comisión Europea por incumplimiento normativo y propone trabajar conjuntamente en medidas de aparcamiento prioritario y zona de bajas emisiones para reducir tráfico y mejorar la calidad del aire.,La Plataforma València per l'Aire adverteix sobre un possible procediment d'infracció davant la Comissió Europea per incompliment normatiu i proposa treballar conjuntament en mesures d'aparcament prioritari i zona de baixes emissions per a reduir el tràfic i millorar la qualitat de l'aire.
2025-12-01-1-001,2025-12-01-1,2025-12-01,2023-2027,María Soledad Ramírez Martínez,Associació Cuidem la Raiosa,cuidem-la-raiosa,av,castellano,barri,La Raiosa,Jesús,mobilitat|medi_ambient|serveis_publics,mobilitat:zbe|medi_ambient:contaminacio|medi_ambient:zones_verdes|medi_ambient:emergencies_climatiques|serveis_publics:salut,3|7|10,1002|705|1010|711|300,"La Asociación Vecinal Cuidem la Raiosa reclama una zona de bajas emisiones ambiciosa y real que mejore la calidad del aire en el barrio de La Raiosa, uno de los más afectados por la contaminación vehicular, e incorpore medidas como espacios verdes y la transformación del bulevar Federico García Lorca en un corredor verde.","L'Associació Cuidem la Raiosa demana una zona de baixes emissions ambiciosa i real que millore la qualitat de l'aire al barri de La Raiosa, un dels més afectats per la contaminació vehicular, i incorpore mesures com espais verds i la transformació del bulevard Federico García Lorca en un corredor verd."
2025-11-18-006,2025-11-18,2025-11-18,2023-2027,Alberto Duque Valencia,Asociación Ciudadana para la Defensa de la Sanidad Pública del País Valencià (ACDESA),acdesa,plataforma,castellano,barri,Benimaclet,Benimaclet,serveis_publics|drets_i_igualtat|medi_ambient,serveis_publics:salut|drets_i_igualtat:drets_humans|medi_ambient:contaminacio,3|7|14,300|1401|705,"Un médico jubilado y representante de ACDESA apoya la moción sobre asistencia sanitaria en Atención Primaria, señalando que en Valencia no se garantiza la atención en 48 horas como establecen los estándares nacionales, y pide al Ayuntamiento que apoye a los ciudadanos para garantizar acceso equitativo a la sanidad pública.","Un metge jubilat i representant d'ACDESA recolza la moció sobre assistència sanitària en Atenció Primària, assenyalant que a València no es garanteix l'atenció en 48 hores com estableixen els estàndards nacionals, i demana a l'Ajuntament que recolze els ciutadans per garantir accés equitatiu a la sanitat pública."
2025-11-18-005,2025-11-18,2025-11-18,2023-2027,José Manuel Felisi Herrero,Associació Mesura / Plataforma València per l'Aire,plataforma-valencia-aire,plataforma,mixt,ciutat,,,medi_ambient|mobilitat|economia,medi_ambient:contaminacio|mobilitat:aparcament|mobilitat:transit|economia:comerc_ocupacio,7|10|15|21,705|1002|1526|2100,"El portavoz de la plataforma propone tres medidas concretas para mejorar la calidad del aire y la movilidad en Valencia: regulación del estacionamiento prioritario para vecinos, liderazgo de la Autoridad Metropolitana de Transporte y tasas al uso intensivo de mercancías y turismo, advirtiendo que la ciudad incumplirá la normativa europea en cuatro años.","El portaveu de la plataforma proposa tres mesures concretes per a millorar la qualitat de l'aire i la mobilitat a València: regulació de l'estacionament prioritari per a veïns, lideratge de l'Autoritat Metropolitana de Transport i taxes a l'ús intensiu de mercaderies i turisme, advertint que la ciutat incomplirà la normativa europea en quatre anys."
2025-11-18-1-004,2025-11-18-1,2025-11-18,2023-2027,Maria Dolores Gradolí Sandemetrio,Centre de Recursos Just Ramirez,centre-recursos-just-ramirez,altres,valenciano,ciutat,,,medi_ambient|urbanisme|participacio,medi_ambient:emergencies_climatiques|medi_ambient:dana_2024|urbanisme:espai_public|urbanisme:patrimoni|participacio:transparencia,7|13|14|20,711|1403|2015|1304,"Maria Dolores Gradolí del Centre de Recursos Just Ramirez exige al Ajuntamiento de València medidas concretas y transparencia en la atención a las víctimas de la catástrofe, incluyendo apoyo psicológico, rehabilitación de viviendas y reconstrucción con criterios de resiliencia climática, rechazando planificaciones inadecuadas.","Maria Dolores Gradolí del Centre de Recursos Just Ramirez exigeix a l'Ajuntament de València mesures concretes i transparència en l'atenció a les víctimes de la catàstrofe, incloent suport psicològic, rehabilitació d'habitatges i reconstrucció amb criteris de resiliència climàtica, rebutjant planificacions inadequades."
2025-11-18-004,2025-11-18,2025-11-18,2023-2027,David Verdoy Verdoy,Asociación de Vecinos de la Malvarrosa,asociacion-vecinos-malvarrosa,av,castellano,barri,La Malva-Rosa,Poblats Marítims,mobilitat|medi_ambient|participacio,mobilitat:transit|mobilitat:transport_public|mobilitat:zbe|mobilitat:mobilitat_activa|mobilitat:aparcament|medi_ambient:contaminacio|medi_ambient:emergencies_climatiques|participacio:participacio|participacio:transparencia,7|10|20,1002|1001|1010|705|2000,"La AVV de la Malvarrosa critica la exclusión del barrio de las zonas de bajas emisiones, argumentando que esto incrementará el tráfico local y la contaminación, y reclama mejoras en el transporte público, especialmente en la línea 31, y la ejecución del carril bici.","L'AVV de la Malvarrosa critica l'exclusió del barri de les zones de baixes emissions, argumentant que açò incrementarà el tràfic local i la contaminació, i reclama millores en el transport públic, especialment en la línia 31, i l'execució de la carril bici."
2025-11-18-1-003,2025-11-18-1,2025-11-18,2023-2027,Rosa María Álvarez,Sindicat de Treballadores i Treballadors de les Administracions i els Serveis Publics-Intersindical,sta-intersindical,sindical,valenciano,multi_barri,La Torre|Castellar-L'Oliveral|El Forn D'Alcedo,Poblats del Sud,medi_ambient|drets_i_igualtat|participacio,medi_ambient:dana_2024|drets_i_igualtat:drets_humans|participacio:participacio,7|19|20,711|1906|2000,"Rosa María Álvarez, en representación de Intersindical, critica a la alcaldesa por su falta de respuesta institucional ante la tragedia de la DANA, acusándola de priorizar política estatal sobre el dolor de las familias de Valencia que perdieron seres queridos. Denuncia además el intento de boicotear la manifestación del 26 de octubre mediante la creación de actividades paralelas.","Rosa María Álvarez, representant d'Intersindical, critica l'alcaldessa per la seua falta de resposta institucional davant la tragèdia de la DANA, acusant-la de prioritzar la política estatal sobre el dolor de les famílies de València que van perdre éssers estimats. Denuncia a més l'intent de sabotatge de la manifestació del 26 d'octubre mitjançant la creació d'activitats paral·leles."
2025-11-18-003,2025-11-18,2025-11-18,2023-2027,Miguel Sánchez Valdés,Associació Veïnal la Roqueta,associacio-veinal-roqueta,av,castellano,barri,La Roqueta,Extramurs,mobilitat|medi_ambient|economia,mobilitat:zbe|medi_ambient:contaminacio|economia:pressupostos,7|10,1002|705|1001,"El presidente de la AV La Roqueta critica la propuesta de ZBE del gobierno municipal por ser insuficiente y advirte que sin una ZBE real operativa se perderán fondos europeos necesarios para mejorar la EMT y los servicios del barrio, insta a la alcaldesa y al concejal a negociar y aceptar las mejoras propuestas.","El president de l'AV La Roqueta critica la proposta de ZBE del govern municipal per ser insuficient i adverteix que sense una ZBE real operativa es perdran fons europeus necessaris per a millorar l'EMT i els serveis del barri, insta a l'alcaldessa i al concejal a negociar i acceptar les millores proposades."
2025-11-18-1-002,2025-11-18-1,2025-11-18,2023-2027,María Aniuska Dolz Sánchez,AMPA CP Padre Manjón,ampa-cp-padre-manjón,educacio,castellano,ciutat,,,medi_ambient|drets_i_igualtat|participacio,medi_ambient:dana_2024|drets_i_igualtat:drets_humans|participacio:transparencia,7|19|20,1906|711|2015,"La intervención critica la falta de apoyo institucional de la Generalitat y el Ayuntamiento a las asociaciones de víctimas tras la dana, señalando maltrato institucional y exigiendo responsabilidades en la reconstrucción tanto de infraestructuras como emocional.","La intervenció critica la manca de suport institucional de la Generalitat i l'Ajuntament a les associacions de víctimes després de la dana, assenyalant maltractament institucional i exigint responsabilitats en la reconstrucció tant d'infraestructures com emocional."
2025-11-18-002,2025-11-18,2025-11-18,2023-2027,Ximo Mora Manzano,Associació de Llogaters de Vivenda Pública de la CV / Asociación de Inquilinos de Vivienda Pública de la CV,asociacion-inquilinos-vivienda-publica,plataforma,mixt,ciutat,,,urbanisme|economia|drets_i_igualtat,urbanisme:habitatge|economia:pressupostos|drets_i_igualtat:drets_humans,14|20,1400|1406|2000,"El presidente de la Asociación de Inquilinos de Vivienda Pública denuncia la crisis de vivienda en Valencia, la falta de cumplimiento de compromisos sobre el límite del 25% de ingresos destinados al alquiler, y los gastos desorbitados e injustificados que sufren las familias en viviendas públicas, especialmente en la calle Arquitecto Segura Lago gestionadas por AUMSA.","El president de l'Associació de Llogaters de Vivenda Pública denúncia la crisi d'habitatge a València, l'incompliment de compromisos sobre el límit del 25% d'ingressos destinats al lloguer, i els gastos desorbitats i injustificats que patixen les famílies en habitatges públics, especialment al carrer Arquitecte Segura Lago gestionats per AUMSA."
2025-11-18-1-001,2025-11-18-1,2025-11-18,2023-2027,Consuelo Riveiro Carro,AVV La Torre,av-la-torre,av,castellano,ciutat,La Torre,Poblats del Sud,drets_i_igualtat|medi_ambient|participacio,drets_i_igualtat:drets_humans|medi_ambient:emergencies_climatiques|participacio:transparencia,7|19|20,711|1906|2000,"Representante de la AVV La Torre demanda elecciones inmediatas y critica duramente la gestión política de Mazón y el PP respecto a la crisis climática y la DANA, pidiendo responsabilidades políticas.","Representant de l'AVV La Torre reclama eleccions immediates i critica durament la gestió política de Mazón i el PP respecte a la crisi climàtica i la DANA, demanant responsabilitats polítiques."
2025-11-18-001,2025-11-18,2025-11-18,2023-2027,Carla Climent Villanueva,Associació Alanna,alanna,altres,mixt,ciutat,,,drets_i_igualtat|persones|serveis_publics,drets_i_igualtat:igualtat_de_genere|drets_i_igualtat:drets_humans|persones:joventut|serveis_publics:serveis_socials|serveis_publics:salut,2|12|13|20,202|1304|1206|2000,"La Asociación Alanna denuncia la violencia machista contra la infancia y reclama medidas de protección integral, formación especializada y el rechazo de pseudociencias como el síndrome de alienación parental, así como la coordinación entre servicios para garantizar el bienestar de los hijos e hijas de mujeres víctimas.","L'Associació Alanna denuncia la violència masclista contra la infància i reclama mesures de protecció integral, formació especialitzada i el rebuig de pseudociències com el síndrome d'alienació parental, així com la coordinació entre serveis per garantir el benestar dels fills i filles de dones víctimes."
2025-10-28-005,2025-10-28,2025-10-28,2023-2027,Miguel Sánchez Valdés,Associació de Veïns de la Roqueta,associacio-veinal-roqueta,av,mixt,ciutat,La Roqueta,Extramurs,mobilitat|medi_ambient|participacio,mobilitat:zbe|medi_ambient:contaminacio|medi_ambient:emergencies_climatiques|participacio:processos_participatius,7|10,1002|705|711,"Miguel Sánchez Valdés, presidente de la Asociación de Vecinos de La Roqueta, critica la Zona de Bajas Emisiones (ZBE) y la modificación del PMUS aprobadas, argumentando que son insuficientes e ilegales para proteger la salud pública, ya que no alcanzarán los límites mínimos europeos ni los valores recomendados por la OMS. Denuncia que se trata de un mero trámite administrativo para no perder una subvención, sin participación ciudadana real.","Miguel Sánchez Valdés, president de l'Associació de Veïns de la Roqueta, critica la Zona de Baixes Emissions (ZBE) i la modificació del PMUS aprovades, argumentant que són insuficients i il·legals per protegir la salut pública, ja que no aconseguiran els límits mínims europeus ni els valors recomanats per l'OMS. Denuncia que es tracta d'un mere tràmit administratiu per no perder una subvenció, sense participació ciutadana real."
2025-10-28-004,2025-10-28,2025-10-28,2023-2027,Lluís Vallés Peris,Associació de Veïns del Barri de Sant Marcel·lí,av-sant-marcelli,av,valenciano,multi_barri,Sant Marcel.Li|Cami Real,Jesús,urbanisme|medi_ambient|mobilitat,urbanisme:espai_public|urbanisme:patrimoni|medi_ambient:zones_verdes|mobilitat:transit,7|10|14,1403|709|1002|1401,"El representante de la Asociación de Vecinos de Sant Marcelino solicita el apoyo a la moción del Corredor Verde para convertir en zona verde un espacio urbano históricamente descuidado durante 16 años, mejorando la conexión entre barrios y respondiendo a una antigua reivindicación vecinal.","El representant de l'Associació de Veïns de Sant Marcel·lí demana suport a la moció del Corredor Verd per convertir en zona verda un espai urbà històricament descuidat durant 16 anys, millorant la connexió entre barris i respondent a una antiga reivindicació veïnal."
2025-10-28-003,2025-10-28,2025-10-28,2023-2027,Rosario González Rodríguez,AV Abastos-Finca Roja,av-abastos-finca-roja,av,castellano,multi_barri,Arrancapins,Extramurs,participacio|economia|urbanisme,participacio:processos_participatius|economia:pressupostos|urbanisme:espai_public,14|20,2000|1401|1403,"La asociación de vecinos de Abastos-Finca Roja critica el cribado de propuestas ciudadanas en los presupuestos participativos, denunciando que se han rechazado ideas válidas para mejorar barrios mientras se aprueban proyectos de dudosa utilidad como un mástil de 180.000 euros en Extramurs.","L'associació de veïns d'Abastos-Finca Roja critica el filtratge de propostes ciutadanes en els pressupostos participatius, denunciant que s'han rebutjat idees vàlides per a millorar barris mentre s'aproven projectes de dubtosa utilitat com un màstil de 180.000 euros a Extramurs."
2025-10-28-002,2025-10-28,2025-10-28,2023-2027,Rafael Guillem Fernández,Asociación de Vecinos de Sant Antoni-Saïdia,asociacion-vecinos-san-antonio-zaidia,av,castellano,barri,Sant Antoni,La Saïdia,participacio|economia|urbanisme,participacio:processos_participatius|economia:pressupostos|urbanisme:espai_public,14|20,2000|1401|2015,"La Asociación de Vecinos de Sant Antoni-Saïdia manifiesta su disconformidad con la calificación de inviables de varias propuestas en los Presupuestos Participativos 2025-2026, señalando inconsistencias en los criterios técnicos aplicados y solicitando la revisión de las exclusiones realizadas.","L'Associació de Veïns de Sant Antoni-Saïdia manifesta la seua disconformitat amb la qualificació d'inviables de diverses propostes als Pressupostos Participatius 2025-2026, assenyalant inconsistències en els criteris tècnics aplicats i sol·licitant la revisió de les exclusions realitzades."
2025-10-28-001,2025-10-28,2025-10-28,2023-2027,Cristóbal Aguado Sanchis,AV La Petxina,av-la-petxina,av,valenciano,barri,La Petxina,Extramurs,participacio|mobilitat|economia,participacio:processos_participatius|participacio:transparencia|mobilitat:mobilitat_activa|economia:pressupostos,10|14|20,2000|2015|1010|1401,"El representante de la Asociación de Vecinos de La Petxina critica la falta de transparencia en el filtrado de propuestas de presupuestos participativos, denunciando arbitrariedades en la selección y pidiendo la apertura de un período de alegaciones para revisar los rechazos técnicos y una aplicación uniforme de criterios.","El representant de l'Associació de Veïns de La Petxina critica la falta de transparència en el cribratge de propostes de pressupostos participatius, denunciant arbitrarietats en la selecció i demanant l'obertura d'un termini d'al·legacions per a revisar els rebujos tècnics i una aplicació uniforme de criteris."
2025-10-02-1-007,2025-10-02-1,2025-10-02,2023-2027,Sra. Puchades,AVV La Torre,av-la-torre,av,castellano,multi_barri,La Torre|Faitanar|Sant Antoni,La Saïdia|Poblats del Sud,serveis_publics|urbanisme|medi_ambient,serveis_publics:serveis_socials|serveis_publics:educacio|urbanisme:espai_public|medi_ambient:dana_2024|medi_ambient:zones_verdes,6|7|10|13|14,1303|1401|711|602|1002,"La presidenta de la AVV La Torre critica la falta de servicios e infraestructuras en la pedanía, a pesar de algunos avances, y denuncia deficiencias en agua potable, alcantarillado, limpieza y mobiliario urbano, cuestionando también las prioridades del Ayuntamiento.","La presidenta de la AVV La Torre critica la falta de serveis i infraestructures en la pedania, malgrat alguns avanços, i denuncia deficiències en aigua potable, clavegueram, neteja i mobiliari urbà, qüestionant també les prioritats de l'Ajuntament."
2025-10-02-1-006,2025-10-02-1,2025-10-02,2023-2027,Aniuska Dolz,Asociación de Vecinos La Torre,av-la-torre,av,castellano,multi_barri,La Torre|Sant Marcel.Li|Cami Fondo,Camins al Grau|Jesús|Poblats del Sud,,,10|19|23,2300|1010|1906,"La AVV La Torre solicita que la Conselleria corrija la placa del puente ciclopeatonal entre La Torre y el otro lado del río para que figure correctamente como 'Pont de la Solidaritat - Ingeniero Jorge Meliá Lafarga', honor que merecen las víctimas del 29 de octubre y la memoria del ingeniero.","L'AVV La Torre demana que la Conselleria corregisca la placa del pont ciclopeatonal entre La Torre i l'altre costat del riu perquè figure correctament com 'Pont de la Solidaritat - Enginyer Jorge Meliá Lafarga', honor que mereixen les víctimes del 29 d'octubre i la memòria de l'enginyer."
2025-10-02-1-005,2025-10-02-1,2025-10-02,2023-2027,Sra. Riveiro,AMPA CP Padre Manjón,ampa-cp-padre-manjón,educacio,castellano,multi_barri,La Torre,Poblats del Sud,medi_ambient|serveis_publics|drets_i_igualtat,medi_ambient:dana_2024|serveis_publics:seguretat|drets_i_igualtat:drets_humans,7|12|19,711|1201|1906,"La representante del AMPA exige un acto conmemorativo en el aniversario de la DANA para todas las víctimas, critica el abandono sufrido por los afectados y responsabiliza al presidente Mazón, denunciando la falta de recursos de emergencia mientras se destinan medios policiales para escoltar a políticos.","La representant de l'AMPA exigeix un acte commemoratiu en l'aniversari de la DANA per a totes les víctimes, critica l'abandó sofert pels afectats i responsabilitza el president Mazón, denunciant la falta de recursos d'emergència mentre es destinen mitjans policials per a escoltar polítics."
2025-10-02-1-004,2025-10-02-1,2025-10-02,2023-2027,Miguel Sánchez Valdés,Associació de Veïns de la Roqueta,associacio-veinal-roqueta,av,mixt,barri,La Roqueta,Extramurs,mobilitat|medi_ambient|serveis_publics,mobilitat:transit|mobilitat:aparcament|medi_ambient:contaminacio|medi_ambient:zones_verdes|serveis_publics:seguretat,7|10|12,1002|1010|705|709|1201,"El presidente de la Associació de Veïns de la Roqueta denuncia el deterioro continuo del barrio, con problemas de tráfico, aparcamiento, inseguridad y falta de espacios verdes, pidiendo soluciones integrales de movilidad a nivel metropolitano y criticando el bloqueo de proyectos como el bulevar de Xàtiva-Guillén de Castro y el Parque García Lorca.","El president de l'Associació de Veïns de la Roqueta denúncia el deteriorament continu del barri, amb problemes de tràfic, aparcament, inseguretat i manca d'espais verds, demanant solucions integrals de mobilitat a nivell metropolità i criticant el bloqueig de projectes com el bulevard de Xàtiva-Guillén de Castro i el Parc García Lorca."
2025-10-02-1-003,2025-10-02-1,2025-10-02,2023-2027,Carlos Antonio Marcos Pita,Associació Intercultural Candombe,asociacion-intercultural-candombe,ong,valenciano,ciutat,El Grau,Poblats Marítims,drets_i_igualtat|participacio,drets_i_igualtat:drets_humans|drets_i_igualtat:interculturalitat_i_antiracisme|participacio:participacio,12|19|20,1906|1200|2000,"El representante de la Asociación Intercultural Candombe denuncia el genocidio en Gaza y pide a Valencia que condene claramente los crímenes contra la humanidad, declare persona non grata al primer ministro Netanyahu, se declare ciudad libre de crímenes contra la humanidad, comprometa sus políticas de contratación a no colaborar con empresas violadoras de derechos humanos, y boicotee a Israel, incluyendo el bloqueo de buques militares en sus puertos.","El representant de l'Associació Intercultural Candombe denuncia el genocidi a Gaza i demana a València que condemne clarament els crims contra la humanitat, declare persona non grata el primer ministre Netanyahu, es proclame ciutat lliure de crims contra la humanitat, comprometa les seves polítiques de contractació a no col·laborar amb empreses violadores de drets humans, i boicotegi Israel, inclosos els vaixells militars als ports."
2025-10-02-1-002,2025-10-02-1,2025-10-02,2023-2027,Julia Ramos García,Front Abolicionista del País Valencià,front-abolicionista-pais-valencia,plataforma,castellano,ciutat,Sant Marcel.Li,Jesús,drets_i_igualtat|serveis_publics|participacio,drets_i_igualtat:drets_humans|drets_i_igualtat:igualtat_de_genere|serveis_publics:seguretat|participacio:participacio,2|12|19,202|1206|1200|1906,"El Front Abolicionista del País Valencià exige la aprobación de una ordenanza abolicionista de la prostitución en Valencia, con medidas integrales de apoyo social, laboral y habitacional para las mujeres y niñas en situación de explotación, destacando que Valencia es conocida como paraíso de prostitución en España.","El Front Abolicionista del País Valencià exigeix l'aprovació d'una ordenança abolicionista de la prostitució a València, amb mesures integrals de suport social, laboral i habitacional per a les dones i xiquetes en situació d'explotació, destacant que València és coneguda com a paradís de prostitució a Espanya."
2025-10-02-1-001,2025-10-02-1,2025-10-02,2023-2027,Joan Olmos Llorens,Associació la Plaça Debats,associacio-placa-debats,av,valenciano,barri,Benimàmet,,urbanisme|medi_ambient|cultura,urbanisme:espai_public|urbanisme:patrimoni|medi_ambient:zones_verdes|cultura:patrimoni_cultural,7|14|23,709|1401|2300,"Joan Olmos Llorens, en representación de la Asociación la Plaça Debats, realiza una intervención en apoyo de la distinción concedida a Vicent Torres Castejón, destacando su trayectoria como experto en urbanismo y transporte, su legado académico y su contribución al barrio de Benimàmet, especialmente el parque Lineal, e insistiendo en la necesidad de mejorar la infraestructura verde en la ciudad.","Joan Olmos Llorens, en representació de l'Associació la Plaça Debats, realitza una intervenció en suport de la distinció concedida a Vicent Torres Castejón, destacant la seua trajectòria com a expert en urbanisme i transport, el seu llegat acadèmic i la seua contribució al barri de Benimàmet, especialment el parc Lineal, i insistint en la necessitat de millorar la infraestructura verda a la ciutat."
2025-09-11-045,2025-09-11,2025-09-11,2023-2027,Marí Aniuska Dolz Sánchez,AMPA CP Padre Manjón,ampa-cp-padre-manjón,educacio,castellano,multi_barri,La Torre|Russafa,L'Eixample|Poblats del Sud,urbanisme|serveis_publics|drets_i_igualtat,urbanisme:habitatge|serveis_publics:serveis_socials|serveis_publics:educacio|drets_i_igualtat:drets_humans,13|14,1406|1300|1304|1401,"La representante del AMPA reclama soluciones urgentes para familias de La Torre afectadas por problemas de vivienda, empleo y servicios sociales, destacando casos concretos como el de Pamela, María del Mar, Yolanda y Juan que llevan meses esperando respuestas de la administración municipal.","La representant de l'AMPA reclama solucions urgents per a famílies de La Torre afectades per problemes d'habitatge, ocupació i serveis socials, destacant casos concrets com els de Pamela, María del Mar, Yolanda i Juan que porten mesos esperant respostes de l'administració municipal."
2025-09-11-044,2025-09-11,2025-09-11,2023-2027,Ernesto Vicente Martín Mateu-Francisco Cuenca Meseguer,Associació Fester Crist de Benimaclet,fester-crist-benimaclet,cultural,castellano,barri,Benimaclet,Benimaclet,urbanisme|serveis_publics|cultura,urbanisme:espai_public|urbanisme:patrimoni|serveis_publics:seguretat|serveis_publics:serveis_socials|cultura:festes|cultura:patrimoni_cultural|cultura:associacionisme,12|13|14|23,2300|1401|1200|1305,"La Associació Fester Crist de Benimaclet celebra les seves festes patronals i sol·licita millora de la seguretat durant les celebracions, així com la resolució de problemes urbanístics al barri, incloent-hi un solar municipal amb una figuera centenària i l'adequació de construccions. A més, demana simplificar el procediment de sol·licitud de permisos per a les festes, que actualment requieren important documentació.","L'Associació Fester Crist de Benimaclet celebra les seues festes patronals i sol·licita millora de la seguretat durant les celebracions, així com la resolució de problemes urbanístics al barri, incloent un solar municipal amb una figuera centenària i l'adequació de construccions. A més, demana simplificar el procediment de sol·licitud de permisos per a les festes, que actualment requerixen documentació important."
2025-09-11-043,2025-09-11,2025-09-11,2023-2027,José Luis Santillana Penades,Discóbolo-Latorre Athletic Club,discobol-la-torre-atletc-club,esportiu,castellano,barri,La Torre,Poblats del Sud,serveis_publics|medi_ambient|economia,serveis_publics:esports|medi_ambient:dana_2024|economia:comerc_ocupacio,7|14|15,1526|711|1403,"El secretario del Discóbolo La Torre Athletic Club solicita la finalización urgente de las obras de iluminación del campo, la aceleración de la construcción de nuevos vestuarios y que el Ayuntamiento se encargue de la demolición y saneamiento de las antiguas instalaciones dañadas por la dana. El club enfrenta dificultades económicas derivadas de los daños sufridos y la lentitud en los reembolsos de seguros.","El secretari del Discóbolo La Torre Athletic Club sol·licita la finalització urgent de les obres d'il·luminació del camp, l'acceleració de la construcció de nous vestuaris i que l'Ajuntament es faça càrrec de la demolició i sanejament de les antigues instal·lacions danyades per la dana. El club enfronta dificultats econòmiques derivades dels danys soferts i la lentitud en els reembolsos d'assegurances."
2025-09-11-042,2025-09-11,2025-09-11,2023-2027,Fernando Argente Ródenas,Plataforma Vecinal Barrio de Penyaroja,plataforma-vecinal-penyaroja,plataforma,castellano,barri,Penya-Roja,Camins al Grau,urbanisme|mobilitat|serveis_publics,urbanisme:espai_public|urbanisme:patrimoni|mobilitat:transit|mobilitat:mobilitat_activa|serveis_publics:salut|serveis_publics:seguretat,3|7|10|14,1002|705|322|1401,"La Plataforma Vecinal de Penyaroja solicita la aceleración de proyectos en marcha como la rehabilitación de la alquería del Tenis y la creación del jardín Tres de Abril, y demanda la construcción de un centro de salud en el barrio, el soterramiento de las vías de Serrería y medidas antiruido en varias calles.","La Plataforma Vecinal de Penya-roja sol·licita l'acceleració de projectes en marxa com la rehabilitació de l'alqueria del Tenis i la creació del jardí Tres d'Abril, i demanda la construcció d'un centre de salut al barri, l'soterramento de les vies de Serrería i mesures antisoroll en diverses carres."
2025-09-11-041,2025-09-11,2025-09-11,2023-2027,Juan Luis Hortelano Casabán,Asociación Valenciana de Start Ups,asociacion-valenciana-start-ups,empresa,castellano,ciutat,,,economia|participacio,economia:comerc_ocupacio|participacio:participacio,15|20,1500|2000,"El representante de la Asociación Valenciana de Start Ups destaca el papel del ecosistema emprendedor e innovador de Valencia, que ha generado más de 20.000 empleos anuales y atraído inversión internacional, proponiendo convertir la ciudad en un hub global de innovación con impacto mediterráneo mediante colaboración público-privada.","El representant de l'Associació Valenciana de Start Ups destaca el paper de l'ecosistema emprenedor i innovador de València, que ha generat més de 20.000 emplets anuals i ha atret inversió internacional, proposant convertir la ciutat en un hub global d'innovació amb impacte mediterrani mitjançant col·laboració públicoprivada."
2025-09-11-040,2025-09-11,2025-09-11,2023-2027,Manuel López Escribá,Asociación de Vecinos Nazaret Unido,asociacion-vecinos-nazaret-unido,av,castellano,barri,Natzaret,Poblats Marítims,urbanisme|mobilitat|serveis_publics,urbanisme:espai_public|mobilitat:transport_public|mobilitat:mobilitat_activa|serveis_publics:seguretat,7|10|12|14,1001|1002|1010|1201|1401|709,"Representante de la Asociación de Vecinos Nazaret Unido agradece los logros municipales en el barrio (limpieza del río, parque de Desembocadura, alumbrado público, mejora de movilidad) y presenta reivindicaciones pendientes como apertura de calles, ampliación de aceras, cámaras de seguridad y habilitación de espacios comunitarios.","Representant de l'Associació de Veïns Nazaret Unit agraeix els assoliments municipals al barri (neteja del riu, parc de Desembocadura, il·luminació pública, millora de mobilitat) i presenta reivindicacions pendents com obertura de carrers, ampliació de voreres, càmeres de seguretat i habilitació d'espais comunitaris."
2025-09-11-039,2025-09-11,2025-09-11,2023-2027,Lucila María Talens Salas,Asociación de Vecinos Polo y Peirolón,asociacion-vecinos-polo-peirolon,av,castellano,barri,Mestalla,El Pla del Real,urbanisme|mobilitat|serveis_publics,urbanisme:espai_public|mobilitat:aparcament|serveis_publics:salut|serveis_publics:esports,3|10|13|14,1401|1002|1303|322,"La Asociación de Vecinos Polo y Peirolón valora positivamente las mejoras realizadas en infraestructuras viales, accesibilidad y servicios sanitarios, pero solicita ampliar las plazas de aparcamiento y construir un centro para personas mayores.","L'Associació de Veïns Polo i Peyrolón valora positivament les millores realitzades en infraestructures viàries, accessibilitat i serveis sanitaris, però demana ampliar les places d'aparcament i construir un centre per a persones majors."
2025-09-11-038,2025-09-11,2025-09-11,2023-2027,Andrés Eduardo Valverde Gil,Asociación Cuidem la Raïosa,cuidem-la-raiosa,av,castellano,barri,La Raiosa,Jesús,urbanisme|serveis_publics|medi_ambient,urbanisme:habitatge|serveis_publics:serveis_socials|serveis_publics:seguretat|medi_ambient:dana_2024,7|12|13|14,1406|1300|1201|711,"Vecino afectado por la dana denuncia el olvido administrativo y la falta de soluciones habitacionales, pidiendo vivienda asequible, atención a la inseguridad en las pedanías y mejora de los servicios sociales.","Veïnat afectat per la dana denuncia l'oblit administratiu i la manca de solucions habitacionals, demanant habitatge assequible, atenció a la inseguretat en les pedanies i millora dels serveis socials."
2025-09-11-037,2025-09-11,2025-09-11,2023-2027,María Teresa Bacete Castello,Valencia Silicon Cluster,valencia-silicon-cluster,empresa,mixt,ciutat,,,economia|serveis_publics|participacio,economia:comerc_ocupacio|serveis_publics:educacio|participacio:participacio,6|15|20,1500|600|2000,"María Teresa Bacete de Valencia Silicon Cluster felicita al Ayuntamiento por su trabajo en el sector de semiconductores y expone los éxitos conseguidos en los últimos años, solicitando apoyo para traer un Campus Internacional de Semiconductores a Valencia replicando el modelo del Chip Innovation Center de Málaga.","María Teresa Bacete de Valencia Silicon Cluster felicita a l'Ajuntament pel seu treball en el sector de semiconductors i exposa els èxits aconseguits en els últims anys, sol·licitant suport per a portar un Campus Internacional de Semiconductors a València replicant el model del Chip Innovation Center de Màlaga."
2025-09-11-036,2025-09-11,2025-09-11,2023-2027,María Amparo Puchades Giner,Asociación de Vecinos Dehesa D.26,av-devesa-saler,av,mixt,barri,Castellar-L'Oliveral,Poblats del Sud,participacio|urbanisme|serveis_publics,participacio:participacio|participacio:processos_participatius|participacio:transparencia|urbanisme:espai_public|urbanisme:habitatge|serveis_publics:educacio|serveis_publics:salut|serveis_publics:seguretat,7|10|13|14|20,2000|1401|1002|1303|711,"La representante de la Asociación de Vecinos Dehesa D.26 reclama la ejecución de proyectos ya aprobados en Castellar-l'Oliveral y denuncia restricciones arbitrarias al uso del Centre Cívic la Cebera. Solicita mejora en dotaciones públicas, transporte público ajustado a las necesidades del barrio y participación real en el Pla especial sin segmentación política.","La representant de l'Associació de Veïns Dehesa D.26 reclama l'execució de projectes ja aprovats a Castellar-l'Oliveral i denuncia restriccions arbitràries a l'ús del Centre Cívic la Cebera. Sol·licita millora en dotacions públiques, transport públic ajustat a les necessitats del barri i participació real en el Pla especial sense segmentació política."
2025-09-11-035,2025-09-11,2025-09-11,2023-2027,Jaume Valls Sancho,Asociación Valenciana de Agricultores,asociacion-valenciana-agricultores,av,valenciano,no_especificat,Soternes|Patraix|El Palmar|El Perellonet,L'Olivereta|Patraix|Poblats del Sud,economia|serveis_publics|participacio,economia:agricultura|serveis_publics:educacio|participacio:consells_sectorials,4|15|20,400|405|1521|2000,"El presidente de la Asociación Valenciana de Agricultores reclama ayudas suficientes para los labradores, el traslado del Consell Agrari a la huerta, y un programa piloto para agrupar tierras y superar el minifundismo que hace inviable la agricultura actual.","El representant de l'Associació Valenciana d'Agricultors demana ajudes suficients per als llauradors, el trasllat del Consell Agrari a la huerta i un programa pilot per a agrupar terres i superar el minifundisme que fa inviable l'agricultura actual."
2025-09-11-034,2025-09-11,2025-09-11,2023-2027,Amparo Juan Corrons,Asociación de Vecinos Cultural del Barrio de Monteolivete,asociacion-vecinos-monteolivete,av,castellano,barri,Tres Forques,L'Olivereta,urbanisme|mobilitat|medi_ambient,urbanisme:espai_public|mobilitat:mobilitat_activa|mobilitat:transit|medi_ambient:zones_verdes,7|10|14,1010|1401|709|1002,"La Asociación Vecinal de Monteolivete presenta un proyecto integral de recuperación del espacio público del barrio, demandando mayor arbolado, accesibilidad peatonal, reducción del tráfico y mejora de servicios básicos ante el sentimiento de abandono municipal.","L'Associació Vecinal de Monteolivete presenta un projecte integral de recuperació de l'espai públic del barri, demanant major arbolat, accessibilitat peatonal, reducció del tràfic i millora de serveis bàsics davant el sentiment d'abandó municipal."
2025-09-11-033,2025-09-11,2025-09-11,2023-2027,Andrés Mauricio Gaviria Alvarez,Asociación Cultural y Social Iberoamericana de València (AESCO),aesco,cultural,castellano,ciutat,,,drets_i_igualtat|serveis_publics|economia,drets_i_igualtat:diversitat|drets_i_igualtat:interculturalitat_i_antiracisme|drets_i_igualtat:igualtat_de_genere|drets_i_igualtat:drets_humans|serveis_publics:educacio|serveis_publics:salut|serveis_publics:serveis_socials|economia:comerc_ocupacio,2|5|6|9|14|15|20,900|202|1406|500|602|1521|2000,"El presidente de la ONG AESCO hace un llamamiento para que la migración ocupe un lugar central en las políticas públicas municipales, enfatizando que el 27% de la población de València ha nacido en el extranjero y demandando soluciones integrales en vivienda, empleo, educación y acceso a nacionalidad, además de mayor representación de personas migrantes en las estructuras políticas y administrativas municipales.","El president de l'ONG AESCO fa una crida perquè la migració ocupe un lloc central en les polítiques públiques municipals, destacant que el 27% de la població de València ha nascut a l'estranger i demanant solucions integrals en habitatge, ocupació, educació i accés a nacionalitat, a més de major representació de persones migrants en les estructures polítiques i administratives municipals."
2025-09-11-032,2025-09-11,2025-09-11,2023-2027,José Vicente Navarro Raga,Societat Lo Rat Penat de València,lo-rat-penat-valencia,cultural,valenciano,ciutat,,,cultura|drets_i_igualtat|participacio,cultura:patrimoni_cultural|drets_i_igualtat:drets_linguistics|participacio:participacio,2|23,207|2300,"José Vicente Navarro Raga, representante de Lo Rat Penat, valora positivamente decisiones simbólicas del Ayuntamiento como la restitución del nombre de la ciudad como Valéncia, la recuperación de la procesión del 9 de octubre, el mantenimiento de la estatua de Francesc de Vinatea y la rotulación de una plaza con el nombre del poeta Anfós Ramon i García, apoyando las iniciativas que dignifiquen la lengua y cultura valenciana.","José Vicente Navarro Raga, en representació de Lo Rat Penat, valora positivament decisions simbòliques de l'Ajuntament com la restitució del nom de la ciutat com Valéncia, la recuperació de la processó del 9 d'octubre, el manteniment de l'estatua de Francesc de Vinatea i la rotulació d'una plaça amb el nom del poeta Anfós Ramon i García, recolzant les iniciatives que dignifiquen la llengua i cultura valenciana."
2025-09-11-031,2025-09-11,2025-09-11,2023-2027,Andrés Eloy Osorio Rivas,Asociación Voluntades Unidas para la Inclusión / Federación de Asociaciones Venezolanas en la Comunidad Valenciana,voluntades-unidas-inclusion,ong,castellano,ciutat,,,drets_i_igualtat|economia|serveis_publics,drets_i_igualtat:diversitat|drets_i_igualtat:interculturalitat_i_antiracisme|drets_i_igualtat:drets_humans|economia:comerc_ocupacio|serveis_publics:serveis_socials,9|13|15|19,900|1521|1302|1906,"La Federación de Asociaciones Venezolanas en la Comunidad Valenciana presenta las principales problemáticas de la comunidad venezolana en Valencia (20.000 personas), destacando la necesidad de acceso al empleo, emprendimiento, homologación de títulos y atención a urgencias sociales, manifestando su compromiso con la integración y el trabajo conjunto con las instituciones públicas.","La Federació d'Associacions Venezuelanes a la Comunitat Valenciana presenta les principals problemàtiques de la comunitat venezuelana a València (20.000 persones), destacant la necessitat d'accés a l'ocupació, emprenedoria, homologació de títols i atenció a urgències socials, manifestant el seu compromís amb la integració i el treball conjunt amb les institucions públiques."
2025-09-11-030,2025-09-11,2025-09-11,2023-2027,Fernando del Molino Écija,Federación Sindical del Taxi de València,federacio-taxi,empresa,castellano,ciutat,,,mobilitat|serveis_publics|economia,mobilitat:transit|mobilitat:transport_public|mobilitat:aparcament|serveis_publics:seguretat|economia:comerc_ocupacio,10|12|15,1002|1001|1201|1526,"El representante del taxi solicita mejoras en los carriles de taxi, regulación de la parada del AVE mediante barreras, refuerzo policial contra intrusismo y VTC, y una ordenanza sobre tuk tuks. Demanda mayor reconocimiento al taxi como patrimonio urbano y participación en la Semana de Movilidad.","El representant del taxi sol·licita millores en els carrils de taxi, regulació de la parada de l'AVE mitjançant barreres, reforç policial contra l'intrusisme i VTC, i una ordenança sobre tuk tuks. Demana major reconeixement al taxi com a patrimoni urbà i participació en la Setmana de la Mobilitat."
2025-09-11-029,2025-09-11,2025-09-11,2023-2027,Luis Miguel Romero Villafranca,Real Acadèmia de Cultura Valenciana,real-academia-cultura-valenciana,cultural,valenciano,ciutat,,,drets_i_igualtat|cultura,drets_i_igualtat:drets_linguistics|cultura:patrimoni_cultural,2|23,207|2300,"El decano de la Real Academia de Cultura Valenciana felicita públicamente la decisión del Ayuntamiento de Valencia de oficializar la denominación 'València' en valenciano con acento cerrado, reivindicando la autonomía lingüística y la normalización del idioma valenciano frente a presiones externas.","El deà de la Real Acadèmia de Cultura Valenciana felicita públicament la decisió de l'Ajuntament de oficialitzar 'València' en valenciano amb accent tancat, reivindicant l'autonomia lingüística i la normalització del valencià contra les pressions externes."
2025-09-11-028,2025-09-11,2025-09-11,2023-2027,"Pilar Martinez Escot, Sergio Cebral Olcina",Asociación Plataforma Orriols en Lucha,plataforma-orriols-en-lucha,plataforma,castellano,barri,Els Orriols,Rascanya,serveis_publics|urbanisme|cultura,serveis_publics:seguretat|serveis_publics:serveis_socials|serveis_publics:esports|urbanisme:espai_public|urbanisme:patrimoni|cultura:associacionisme,12|13|14|23,1200|1300|1401|1403|2300,"Orriols en Lucha denuncia la ocupación masiva del espacio público, el consumo de alcohol y drogas, y la falta de vigilancia policial en el barrio. Reclaman el polideportivo cerrado, la biblioteca prometida, servicios sociales colapsados, la plantación de 130 árboles y mesas interconcejalías para abordar los problemas de forma integral.","Orriols en Lluita denuncia l'ocupació massiva de l'espai públic, el consum d'alcohol i drogues, i la falta de vigilància policial al barri. Reclamen el poliesportiu tancat, la biblioteca promesa, servicis socials col·lapsats, la plantació de 130 arbres i taules interconcejalia per a abordar els problemes de forma integral."
2025-09-11-027,2025-09-11,2025-09-11,2023-2027,Concha Gimeno Alriols,Asociación de Vecinos de Abastos – Finca Roja,av-abastos-finca-roja,av,castellano,barri,Arrancapins,Campanar|Extramurs,urbanisme|medi_ambient|mobilitat|serveis_publics|economia,urbanisme:habitatge|urbanisme:usos_turistics|urbanisme:espai_public|medi_ambient:zones_verdes|medi_ambient:contaminacio|mobilitat:transit|mobilitat:transport_public|mobilitat:mobilitat_activa|mobilitat:aparcament|serveis_publics:seguretat|economia:pressupostos,7|10|12|14|15|20,1400|1526|709|705|1002|1001|1200|2000,"La Asociación de Vecinos de Abastos denuncia la crisis de vivienda por pisos turísticos, la falta de espacios verdes, la contaminación y los problemas de seguridad en el barrio de Arrancapins, pidiendo una tasa turística y mayor voluntad política para hacer una ciudad más habitable y sostenible.","L'Associació de Veïns d'Abastos denuncia la crisi d'habitatge per pisos turístics, la falta d'espais verds, la contaminació i els problemes de seguretat al barri d'Arrancapins, demanant una taxa turística i major voluntat política per a fer una ciutat més habitable i sostenible."
2025-09-11-026,2025-09-11,2025-09-11,2023-2027,Julián Tío Barraca,Asociación Valenciana de Consumidores y Usuarios-AVACU,avacu,altres,castellano,ciutat,,,serveis_publics|economia|participacio|urbanisme|mobilitat|medi_ambient,serveis_publics:educacio|serveis_publics:seguretat|economia:comerc_ocupacio|participacio:participacio|participacio:transparencia|urbanisme:espai_public|mobilitat:transport_public|medi_ambient:zones_verdes,6|7|10|14|15|20,1500|1001|1002|703|709|600|2000|1401,"AVACU valora positivamente los esfuerzos del Ayuntamiento en resolver reclamaciones, mejorar servicios digitales, transporte y limpieza, aunque identifica áreas de mejora como la brecha digital, frecuencia de autobuses y limpieza de algunas zonas. Destaca la gestión ejemplar tras el incendio de julio en avenida del Puerto.","AVACU valora positivament els esforços de l'Ajuntament per resoldre reclamacions, millorar serveis digitals, transport i neteja, encara que identifica àrees de millora com la bretxa digital, freqüència d'autobussos i neteja d'alguns punts. Destaca la gestió exemplar després de l'incendi de juliol a l'avinguda del Port."
2025-09-11-025,2025-09-11,2025-09-11,2023-2027,Luis David Murillo Valero,Asociación de Vecinos de Turianova,asociacion-vecinos-turianova,av,castellano,barri,Malilla|En Corts,Quatre Carreres,mobilitat|serveis_publics|urbanisme,mobilitat:transit|mobilitat:transport_public|mobilitat:mobilitat_activa|serveis_publics:educacio|serveis_publics:salut|serveis_publics:seguretat|urbanisme:espai_public,3|7|10|12,1002|1001|1201|705|322,"La Asociación de Vecinos de Turianova expone sus principales preocupaciones: ruido insoportable de trenes de mercancías, falta de servicios básicos (educación y sanidad), transporte público insuficiente, problemas graves de movilidad y atascos, y deficiencias en mantenimiento urbano y seguridad. Solicitan compromisos claros con fechas y medidas concretas para mejorar la calidad de vida del barrio.","L'Associació de Veïns de Turianova expossa les seues principals preocupacions: soroll insoportable de trens de mercaderies, manca de serveis bàsics (educació i sanitat), transport públic insuficient, problemes greus de mobilitat i atascos, i deficiències en manteniment urbà i seguretat. Demanen compromisos clars amb dates i mesures concretes per a millorar la qualitat de vida del barri."
2025-09-11-024,2025-09-11,2025-09-11,2023-2027,Luis Nogués Guerra,Club Deportivo Safranar,cd-safranar,esportiu,castellano,barri,Safranar,Patraix,serveis_publics|drets_i_igualtat,serveis_publics:esports|drets_i_igualtat:igualtat_de_genere,13|15|23,1526|1305|2300,"Luis Nogués, presidente del Club Deportivo Zafranar, agradece al Ayuntamiento y a la Fundación Deportiva Municipal el nuevo marco de gestión que regulariza la situación del campo Tres Cruces en Patraix y permite que 41 entidades deportivas sin ánimo de lucro gestionen 25 instalaciones municipales, garantizando estabilidad y acceso universal al deporte para los 380 niños y niñas del club.","Luis Nogués, president del Club Deportivo Zafranar, agraeix a l'Ajuntament i a la Fundació Deportiva Municipal el nou marc de gestió que regularitza la situació del camp Tres Cruces a Patraix i permet que 41 entitats esportives sense ànims de lucre gestionen 25 instal·lacions municipals, garantint estabilitat i accés universal a l'esport per als 380 xiquets i xiquetes del club."
2025-09-11-023,2025-09-11,2025-09-11,2023-2027,Rosa Araixa Navarro,Asociación Foro Cultural La Roqueta – San Vicente Mártir,foro-cultural-roqueta-san-vicente,cultural,castellano,multi_barri,La Roqueta,Extramurs,cultura|serveis_publics|drets_i_igualtat,cultura:patrimoni_cultural|serveis_publics:educacio|drets_i_igualtat:drets_humans,6|19|23,2300|600|1906,"La Asociación Foro Cultural La Roqueta-San Vicente Mártir solicita el reconocimiento oficial del conjunto histórico de La Roqueta como patrimonio cultural y que se garantice su conservación mediante una reunión participativa entre la Concejalía de Cultura y las asociaciones locales. Además, denuncia la discriminación educativa de niños que estudian en barracones desde antes de la dana.","L'Associació Fòrum Cultural La Roqueta-San Vicente Màrtir sol·licita el reconeixement oficial del conjunt històric de La Roqueta com a patrimoni cultural i que es garantisca la seua conservació mitjançant una reunió participativa entre la Concejalía de Cultura i les associacions locals. A més, denuncia la discriminació educativa de xiquets que estudien en barracons des d'abans de la dana."
2025-09-11-022,2025-09-11,2025-09-11,2023-2027,Enrique Asensi Martín,Coordinadora de Organizaciones No Gubernamentales para el Desarrollo de la Comunidad Valenciana,coordinadora-ong-desarrollo-cv,plataforma,castellano,ciutat,,,drets_i_igualtat|economia|participacio,drets_i_igualtat:drets_humans|drets_i_igualtat:interculturalitat_i_antiracisme|economia:pressupostos|participacio:participacio|participacio:consells_sectorials,13|19|20,1906|2000|2015|1300,"Enrique Asensi, en representación de las 105 ONGD de cooperación internacional, denuncia la reducción presupuestaria municipal en cooperación (de 2 a 1,2 millones de euros) y pide un cambio de rumbo en las políticas municipales ante la crisis humanitaria global y la respuesta demostrada en la dana.","Enrique Asensi, representant de les 105 ONGD de cooperació internacional, denuncia la reducció pressupostària municipal en cooperació (de 2 a 1,2 milions d'euros) i demana un canvi de rumb en les polítiques municipals davant la crisi humanitària global i la resposta demostrada en la dana."
2025-09-11-021,2025-09-11,2025-09-11,2023-2027,Rosa Jover Cerdán,Asociación de Vecinos y Vecinas de Malilla,asociacion-vecinos-malilla,av,castellano,barri,Malilla,Quatre Carreres,serveis_publics|urbanisme|mobilitat|medi_ambient|participacio|drets_i_igualtat,serveis_publics:educacio|serveis_publics:esports|urbanisme:espai_public|mobilitat:transit|medi_ambient:zones_verdes|participacio:participacio|participacio:transparencia|drets_i_igualtat:drets_humans,5|6|7|10|14|19|20|23,1401|2004|600|505|2300|1002|709|2000|1906,"Rosa Jover, representante de la AVV de Malilla, critica la gestión municipal y plantea problemas específicos del barrio: recortes en centros de juventud, problemas en la biblioteca, cambios urbanísticos sin consulta, renombramiento de escuela sin participación ciudadana, y deficiencias en mantenimiento de parques y limpieza.","Rosa Jover, representanta de l'AVV de Malilla, critica la gestió municipal i planteja problemes específics del barri: retalls en centres de joventut, problemes en la biblioteca, canvis urbanístics sense consulta, renomenament de escola sense participació ciutadana, i deficiències en manteniment de parcs i neteja."
2025-09-11-020,2025-09-11,2025-09-11,2023-2027,Élida Puig Cebolla,Sindicat de Treballadores i Treballadors de les Administracions i els Serveis Públics-Intersindical Valenciana,sta-intersindical,sindical,valenciano,multi_barri,Castellar-L'Oliveral,Poblats del Sud,serveis_publics|drets_i_igualtat|medi_ambient,serveis_publics:educacio|drets_i_igualtat:igualtat_de_genere|drets_i_igualtat:drets_humans|medi_ambient:emergencies_climatiques|medi_ambient:dana_2024,2|6|7|13,602|202|711|1304,"Élida Puig Cebolla, en representación de Intersindical Valenciana, critica la gestión del gobierno municipal por desmantelar políticas de igualdad, servicios sociales y derechos fundamentales, denunciando problemas en infraestructuras educativas, eliminación de servicios LGTBI e insuficiente respuesta contra la violencia machista.","Élida Puig Cebolla, representant d'Intersindical Valenciana, critica la gestió del govern municipal per desmantellament de polítiques d'igualtat, serveis socials i drets fonamentals, denunciant problemes en infraestructures educatives, eliminació de serveis LGTBI i insuficient resposta contra la violència masclista."
2025-09-11-019,2025-09-11,2025-09-11,2023-2027,José Luis González Meseguer,Plataforma d'Afectades per la Hipoteca de València,plataforma-afectades-hipoteca-valencia,plataforma,valenciano,ciutat,Benimaclet|La Fontsanta,Benimaclet|L'Olivereta,urbanisme|drets_i_igualtat|participacio,urbanisme:habitatge|drets_i_igualtat:drets_humans|participacio:participacio|participacio:processos_participatius|participacio:transparencia,14|20,1400|1406|2000|2015,"La Plataforma de Afectadas por la Hipoteca de Valencia denuncia la emergencia habitacional en la ciudad, con 624 desahucios el año pasado, precios de alquiler inaccessibles (subidos 111% desde 2019 con media de 1.900 euros), parque público de viviendas ridículo (0,54%) y 36.959 viviendas vacías. Exigen un plan de choque con medidas reales, participación ciudadana estable y colaboración con administraciones.","La Plataforma d'Afectades per la Hipoteca de València denuncia l'emergència habitacional amb 624 desnonaments l'any passat, preus de lloguer inaccessibles (pujats 111% des del 2019 amb mitjana de 1.900 euros), parc públic d'habitatges ridícul (0,54%) i 36.959 vivendes buides. Exigixen un pla de xoc amb mesures reals, participació ciutadana estable i col·laboració amb administracions."
2025-09-11-018,2025-09-11,2025-09-11,2023-2027,Juan Alfonso Cebriá Giménez,Asociación de Vecinos y Vecinas de Beniferri,associacio-veinats-beniferri,av,castellano,barri,Beniferri,Poblats de l'Oest,urbanisme|serveis_publics|participacio,urbanisme:espai_public|serveis_publics:esports|participacio:participacio,14|15|20,1401|1526|2000,"La Asociación de Vecinos y Vecinas de Beniferri agradece a la corporación municipal, especialmente a la alcaldesa y a los concejales de Deportes y Urbanismo, por impulsar un espacio multiusos en la pedanía y atender sus propuestas de mejora urbanística.","L'Associació de Veïns i Veïnes de Beniferri agraïx a la corporació municipal, especialment a l'alcaldessa i als regidors d'Esports i Urbanisme, per impulsar un espai multiús a la pedania i atendre les seues propostes de millora urbanística."
2025-09-11-017,2025-09-11,2025-09-11,2023-2027,Alicia García Trenzano,Federación de Mercados Tradicionales de Abastos de la Comunidad Valenciana (Confemercats),federacio-mercats-tradicionals-abastiments-cv,empresa,castellano,ciutat,L'Illa Perduda|Cabanyal-Canyamelar|El Mercat|Russafa|Torrefiel,Algirós|Ciutat Vella|L'Eixample|Poblats Marítims|Rascanya,economia|urbanisme|serveis_publics,economia:comerc_ocupacio|urbanisme:espai_public|serveis_publics:seguretat,10|12|14|15,1500|1521|1401|1002|1201,"La coordinadora de Confemercats destaca los proyectos de mejora en los mercados municipales de València y subraya su importancia como espacios de vida social y tradición, solicitando mayor atención en limpieza, seguridad y accesibilidad.","La coordinadora de Confemercats destaca els projectes de millora als mercats municipals de València i subratllla la seua importància com a espais de vida social i tradició, demanant més atenció en neteja, seguretat i accessibilitat."
2025-09-11-016,2025-09-11,2025-09-11,2023-2027,Núria Cerveró Ferrer,Famílies pel Valencià,families-pel-valencia,av,valenciano,ciutat,Mestalla,El Pla del Real,drets_i_igualtat|serveis_publics|cultura,drets_i_igualtat:drets_linguistics|drets_i_igualtat:interculturalitat_i_antiracisme|serveis_publics:educacio|cultura:patrimoni_cultural|cultura:associacionisme,2|6|14|23,207|602|2300|1401,"Núria Cerveró, de Famílies pel Valencià, presenta datos que muestran que el 53-54% de familias valencianas elige el valenciano en la educación pública, denunciando la falta de garantía de derechos lingüísticos en casos como el CEIP Mestalla y exigiendo que el Ayuntamiento cumpla con la Ley de Uso y Enseñanza del Valenciano.","Núria Cerveró, de Famílies pel Valencià, presenta dades que mostren que el 53-54% de famílies valencianes trien el valencià en l'educació pública, denunciant la falta de garantia de drets lingüístics en casos com el CEIP Mestalla i exigint que l'Ajuntament complisca amb la Llei d'ús i ensenyament del valencià."
2025-09-11-015,2025-09-11,2025-09-11,2023-2027,José Martínez Asensi,Associació de Veïnes i Veïns de la Torre-Faitanar,av-la-torre,av,castellano,barri,La Torre|Faitanar,Poblats del Sud,participacio|medi_ambient|drets_i_igualtat,participacio:participacio|participacio:processos_participatius|medi_ambient:dana_2024|drets_i_igualtat:drets_humans,7|13|19|20,711|1305|2000|1906,"Ciudadano de La Torre afectado por la dana que reclama a los políticos municipales que abandonen cálculos electorales, negocien entre ellos y respeten a los ciudadanos y asociaciones que participan en los plenos. Subraya que su recuperación tras la dana es psicológica además de material, y que la zona aún no está completamente reparada.","Veïnat de la Torre perjudicat per la dana que demana als polítics municipals que abandonen càlculs electorals, negocien entre ells i respecten els ciutadans i associacions que participen als plens. Subraixa que la seua recuperació després de la dana és psicològica a més de material, i que la zona encara no està completament reparada."
2025-09-11-014,2025-09-11,2025-09-11,2023-2027,Pilar López García,AVV Fuensanta,asociacion-vecinos-fuensanta,av,castellano,barri,La Fontsanta,L'Olivereta,urbanisme|serveis_publics|medi_ambient,urbanisme:espai_public|serveis_publics:seguretat|serveis_publics:serveis_socials|medi_ambient:benestar_animal,7|12|13|14,1401|1304|1201|709,"La presidenta de la AVV Fuensanta agradece las mejoras realizadas en el barrio, incluyendo la renovación del alumbrado público (560.000 euros), reparación de la iglesia, ampliación de aceras y control de plagas, así como la presencia de policía de barrio. Destaca que el barrio había sido olvidado durante años y reclama la creación de parques para los niños.","La presidenta de l'AVV Fuensanta agraeix les millores realitzades al barri, incloent-hi la renovació de l'alumbrat públic (560.000 euros), reparació de l'església, ampliació de voreres i control de plagues, així com la presència de policia de barri. Destaca que el barri havia estat oblidat durant anys i reclama la creació de parcs per als xiquets."
2025-09-11-013,2025-09-11,2025-09-11,2023-2027,José Ignacio Pastor Pérez,Associació Ciutadania i Comunicació,acicom,altres,valenciano,ciutat,La Seu,Ciutat Vella,participacio|drets_i_igualtat|urbanisme,participacio:participacio|participacio:processos_participatius|participacio:transparencia|participacio:consells_sectorials|drets_i_igualtat:drets_linguistics|urbanisme:habitatge,14|20,2000|2015|1400|1401,"El representante de Associació Ciutadania i Comunicació critica la falta de gobernanza, conexión y escucha del gobierno municipal, denunciando problemas en participación ciudadana, gestión de subvenciones, normativas incumplidas, deshabitaje y desprecio por el valenciano como lengua de la ciudad.","El representant de Associació Ciutadania i Comunicació critica la falta de governança, connexió i escolta del govern municipal, denunciant problemes en participació ciutadana, gestió de subvencions, normatives incomplides, deshabitatge i menyspreu pel valencià com a llengua de la ciutat."
2025-09-11-012,2025-09-11,2025-09-11,2023-2027,Jorge Jaime Guillot Artes,Asociación de Vecinos Sociópolis-La Torre-Faitanar,av-la-torre,av,castellano,multi_barri,La Torre|Faitanar,Poblats del Sud,medi_ambient|serveis_publics|urbanisme,medi_ambient:emergencies_climatiques|serveis_publics:educacio|serveis_publics:seguretat|urbanisme:espai_public,6|7|14,711|602|1401,"El representante de la asociación de vecinos de Sociópolis felicita al Ayuntamiento por el plan de formación en emergencias y solicita que se continúe invirtiendo en infraestructuras y reconstrucción tras la catástrofe, considerando importante la educación ciudadana en emergencias.","El representant de l'associació de veïns de Sociòpolis felicita l'Ajuntament pel pla de formació en emergències i demana que es continue invertint en infraestructures i reconstrucció després de la catàstrofe, considerant important l'educació ciutadana en emergències."
2025-09-11-011,2025-09-11,2025-09-11,2023-2027,Marcelo Martínez Pérez,Asociación de Vecinos La Roqueta,associacio-veinal-roqueta,av,castellano,barri,La Roqueta,Extramurs,mobilitat|urbanisme|serveis_publics|participacio|medi_ambient|cultura,mobilitat:aparcament|mobilitat:transit|urbanisme:usos_turistics|urbanisme:habitatge|serveis_publics:seguretat|participacio:participacio|participacio:processos_participatius|medi_ambient:zones_verdes|medi_ambient:emergencies_climatiques|cultura:patrimoni_cultural,7|10|14|15|20|23,1002|1401|1526|2000|711|2300,"El portavoz de la Asociación Vecinal La Roqueta denuncia la inseguridad creciente del barrio relacionada con el aumento de tráfico privado, la saturación por usos turísticos y la falta de medidas efectivas para resolver estos problemas. Reclama participación real, decisiones valientes para reducir la presión sobre el barrio, y uso social del monasterio de la Roqueta.","El portaveu de l'Associació Vecinal La Roqueta denuncia la inseguretat creixent del barri relacionada amb l'augment de tràfic privat, la saturació per usos turístics i la falta de mesures efectives per resoldre aquests problemes. Reclama participació real, decisions valentes per reduir la pressió sobre el barri i ús social del monestir de la Roqueta."
2025-09-11-010,2025-09-11,2025-09-11,2023-2027,Sonia Ferrandis Tello,Asociación Vecinal Pla Del Remei-Gran Via,asociacion-vecinal-pla-remei-gran-via,av,castellano,multi_barri,El Pla Del Remei|La Gran Via,L'Eixample,serveis_publics|urbanisme|mobilitat,serveis_publics:seguretat|serveis_publics:salut|serveis_publics:esports|urbanisme:espai_public|mobilitat:mobilitat_activa,3|10|12|13|14|15,1002|1010|1201|1300|1401|300|1526,"La Asociación Vecinal de Pla del Remei y Gran Vía solicita refuerzos en limpieza urbana, seguridad ciudadana, mejora de infraestructuras peatonales y renovación de equipamientos públicos en el Ensanche, destacando la carencia de centros de salud, bibliotecas e instalaciones deportivas en la zona.","L'Associació Vecinal de Pla del Remei i Gran Vía demana reforços en neteja urbana, seguretat ciutadana, millora d'infraestructures peatonals i renovació d'equipaments públics en l'Eixample, destacant la manca de centres de salut, biblioteques i instal·lacions esportives a la zona."
2025-09-11-009,2025-09-11,2025-09-11,2023-2027,Isabel Valentín Pedro,Asociación de Vecinos de Torrefiel,associacio-veins-torrefiel,av,valenciano,barri,Torrefiel,Rascanya,urbanisme|mobilitat|medi_ambient|serveis_publics|drets_i_igualtat,urbanisme:habitatge|urbanisme:espai_public|mobilitat:transport_public|medi_ambient:zones_verdes|serveis_publics:esports|serveis_publics:seguretat|drets_i_igualtat:drets_humans,7|10|12|14|15,1400|1001|1010|1200|709|1526,"Isabel Valentín Pedro, portavoz de la Asociación de Vecinos de Torrefiel, denuncia el abandono de Valencia señalando la crisis de vivienda por proliferación de apartamentos turísticos, el transporte público deficiente, la falta de limpieza urbana y mantenimiento, inseguridad vial, abandono de zonas verdes y promesas incumplidas en Torrefiel.","Isabel Valentín Pedro, portaveu de l'Asociación de Vecinos de Torrefiel, denuncia l'abandó de València señalant la crisi d'habitatge per proliferació d'apartaments turístics, el transport públic deficient, la falta de neteja urbana i manteniment, inseguretat vial, abandó de zones verdes i promeses incomplides a Torrefiel."
2025-09-11-008,2025-09-11,2025-09-11,2023-2027,Marcos Pastor Galiano,Asociación Vecinal y Cultural Tres Forques,asociacion-vecinal-cultural-tres-forques,av,castellano,multi_barri,Tres Forques|Vara De Quart,L'Olivereta|Patraix,serveis_publics|urbanisme|medi_ambient|mobilitat|economia|participacio,serveis_publics:educacio|serveis_publics:esports|serveis_publics:serveis_socials|urbanisme:espai_public|urbanisme:usos_turistics|medi_ambient:contaminacio|medi_ambient:zones_verdes|medi_ambient:emergencies_climatiques|mobilitat:transport_public|mobilitat:transit|economia:comerc_ocupacio|participacio:processos_participatius,6|7|10|13|14|15|20,1300|1401|1403|705|1002|1001|711|2000|1526|600,"Marcos Pastor, en representación de la Asociación Vecinal Tres Forques, denuncia el déficit de servicios municipales en los barrios de Tres Forques y Vara de Quart (20.000 habitantes) y plantea propuestas concretas: la construcción de un Centro Cívico y la participación en el diseño del futuro del polígono industrial de Vara de Quart, dada la situación ambiental y de contaminación del barrio.","Marcos Pastor, en representació de l'Associació Veïnal Tres Forques, denuncia el dèficit de serveis municipals als barris de Tres Forques i Vara de Quart (20.000 habitants) i planteja propostes concretes: la construcció d'un Centre Cívic i la participació en el disseny del futur del polígon industrial de Vara de Quart, donat l'estat ambiental i de contaminació del barri."
2025-09-11-007,2025-09-11,2025-09-11,2023-2027,Mª José Broseta Serrano,Federación de Asociaciones de Vecinos de València,favv,av,castellano,ciutat,,,urbanisme|mobilitat|medi_ambient|serveis_publics|participacio,urbanisme:habitatge|urbanisme:usos_turistics|urbanisme:espai_public|mobilitat:mobilitat_activa|mobilitat:transport_public|medi_ambient:zones_verdes|medi_ambient:emergencies_climatiques|medi_ambient:dana_2024|serveis_publics:serveis_socials|serveis_publics:esports|participacio:participacio|participacio:processos_participatius,7|10|13|14|20,1400|1406|1409|1001|1010|709|711|1303|1304|1305|2000|1401,"La Federación de Asociaciones de Vecinos de València demanda medidas urgentes contra la crisis de vivienda, incluyendo la declaración de zona tensionada, conversión de alojamientos turísticos ilegales en viviendas, y una agencia municipal de alquiler. También reclama políticas de movilidad sostenible, protección del medio ambiente, refuerzo de servicios sociales y aceleración de la recuperación tras la DANA.","La Federació d'Associacions de Veïns de València demana mesures urgents contra la crisi d'habitatge, incloent-hi la declaració de zona tensionada, conversió d'allotjaments turístics il·legals en vivendes i una agència municipal de lloguer. També reclama polítiques de mobilitat sostenible, protecció del medi ambient, reforç de serveis socials i acceleració de la recuperació després de la DANA."
2025-09-11-006,2025-09-11,2025-09-11,2023-2027,Noelia Rojas Reyes,Consell de la Joventut de València,consell-joventut-valencia,altres,valenciano,ciutat,,,persones|participacio|serveis_publics,persones:joventut|participacio:participacio|participacio:processos_participatius|participacio:transparencia|serveis_publics:salut|serveis_publics:educacio,2|3|5|6|10|20,204|300|600|500|1001|2000|2015,"Noelia Rojas, vicepresidenta del Consell de la Joventut de València, reclama una mayor implicación real del Ajuntamiento a través de codiseño y cogestión, recursos estables, salud mental preventiva y ocupación digna, enfatizando que la juventud no es un adorno sino una actora legítima en las decisiones públicas.","Noelia Rojas, vicepresidenta del Consell de la Joventut de València, reclama una major implicació real de l'Ajuntament per mitjà de codisseny i cogestió, recursos estables, salut mental preventiva i ocupació digna, enfatitzant que la joventut no és un decorat sinó una actora legítima en les decisions públiques."
2025-09-11-005,2025-09-11,2025-09-11,2023-2027,José Manuel Casermeiro Castro,"Federació d'Associacions de Mares, Pares i Persones Tutores d'alumnat de la Província de València – FAMPA València",fampa-valencia,educacio,castellano,ciutat,La Seu|Castellar-L'Oliveral,Ciutat Vella|Poblats del Sud,serveis_publics|mobilitat|medi_ambient,serveis_publics:educacio|serveis_publics:esports|mobilitat:mobilitat_activa|medi_ambient:dana_2024|medi_ambient:emergencies_climatiques,6|7|10|15,602|1010|711|1526,"La representante de FAMPA València reclama la recuperación del proyecto de caminos escolares seguros, cuestiona el distrito único por aumentar el tráfico, solicita un programa ambicioso de instalaciones deportivas para la juventud en todos los barrios, y pide especial atención a los colegios afectados por la dana, incluyendo reparaciones urgentes en Castellar-Oliveral y mejoras en el colegio Padre Manjón.","La representant de FAMPA València reclama la recuperació del projecte de camins escolars segurs, qüestiona el districte únic per augmentar el tràfic, solicita un programa ambicios d'instal·lacions esportives per a la joventut en tots els barris, i demana especial atenció als col·legis afectats per la dana, incloent-hi reparacions urgents a Castellar-Oliveral i millores en el col·legi Pare Manjón."
2025-09-11-004,2025-09-11,2025-09-11,2023-2027,Francisco Rodríguez Baixauli,Unión de Consumidores de València,unio-consumidors-valencia,av,valenciano,ciutat,,,urbanisme|mobilitat|medi_ambient|economia|participacio,urbanisme:habitatge|urbanisme:usos_turistics|urbanisme:espai_public|mobilitat:transport_public|mobilitat:mobilitat_activa|medi_ambient:contaminacio|medi_ambient:zones_verdes|medi_ambient:emergencies_climatiques|economia:comerc_ocupacio|participacio:participacio|participacio:processos_participatius,7|10|14|15|20,1400|1526|1001|700|1500|2000,"La Unión de Consumidores de València presenta propuestas constructivas para abordar los principales retos de la ciudad: vivienda asequible, turismo sostenible, medio ambiente, mobilidad y comercio local, enfatizando la necesidad de consenso y colaboración entre administraciones.","La Unió de Consumidors de València presenta propostes constructives per a abordar els principals reptes de la ciutat: vivenda assequible, turisme sostenible, medi ambient, mobilitat i comerç local, enfatitzant la necessitat de consens i col·laboració entre administracions."
2025-09-11-003,2025-09-11,2025-09-11,2023-2027,Julia Martínez Gil,Asociación de Comerciantes del Centro Histórico de València,asociacion-comerciantes-centro-historico-valencia,empresa,castellano,multi_barri,La Seu|La Xerea|El Carme|El Pilar|El Mercat|Sant Francesc|Russafa|El Pla Del Remei|La Gran Via,Ciutat Vella|L'Eixample,serveis_publics|economia|urbanisme|medi_ambient,serveis_publics:seguretat|economia:comerc_ocupacio|urbanisme:espai_public|medi_ambient:contaminacio,7|10|12|14|15,1201|1401|1521|1002|703,"La Asociación de Comerciantes del Centro Histórico solicita la instalación de cámaras de seguridad tanto en el Centro como en el Ensanche, destacando sus beneficios para reducir delitos y proteger el patrimonio, y pide un refuerzo en los servicios de limpieza urbana con mayor presupuesto y ampliación de plataformas móviles de recogida de residuos.","L'Associació de Comerciants del Centre Històric sol·licita la instal·lació de càmeres de seguretat tant en el Centre com en l'Eixample, destacant els seus beneficis per a reduir delictes i protegir el patrimoni, i demana un reforçament en els serveis de neteja urbana amb major pressupost i ampliació de plataformes mòbils de recollida de residus."
2025-09-11-002,2025-09-11,2025-09-11,2023-2027,Ronald Carlos Montenegro Peredo,Asociación Hispanos sin Fronteras en València,hispanos-sin-fronteras-valencia,ong,castellano,ciutat,,,drets_i_igualtat|cultura|serveis_publics,drets_i_igualtat:diversitat|drets_i_igualtat:interculturalitat_i_antiracisme|cultura:associacionisme|cultura:patrimoni_cultural|serveis_publics:serveis_socials,2|9|13|23,202|900|1305|2300,"El presidente de la Asociación Hispanos sin Fronteras en València agradece el apoyo municipal para la integración de comunidades hispanas, destacando el liderazgo inclusivo de la alcaldesa y el trabajo de las concejalías de Servicios Sociales y Cultura en la promoción de la diversidad.","El president de l'Associació Hispanos sin Fronteras en València agraïx el suport municipal per a la integració de comunitats hispanes, destacant el lideratge inclusiu de l'alcaldesa i la tasca de les concejalies de Serveis Socials i Cultura en la promoció de la diversitat."
2025-09-11-001,2025-09-11,2025-09-11,2023-2027,Francisco Llamas Celada,Asociación de Vecinos de Marxalenes,asociacion-vecinos-marxalenes,av,castellano,barri,Marxalenes,La Saïdia,urbanisme|participacio|serveis_publics,urbanisme:patrimoni|participacio:participacio|participacio:transparencia|serveis_publics:seguretat,12|14|20|23,1403|2015|1201|2300,"El representante de la Asociación de Vecinos de Marxalenes solicita información sobre el estado administrativo del expediente de rehabilitación de las alquerías de la calle Olba, que aparentemente estaría paralizado tras las catas arqueológicas.","El representant de l'Associació de Veïns de Marxalenes sol·licita informació sobre l'estat administratiu de l'expedient de rehabilitació de les alqueries del carrer Olba, que aparentment estaria paralitzat després de les cates arqueològiques."
2025-07-22-100,2025-07-22,2025-07-22,2023-2027,"Boutaina El Hadri El Gmili, Nadia Tabib Chouitar",Jóvenes hacia la Solidaridad y el Desarrollo / Casa Marruecos,jovesolides,ong,mixt,ciutat,,,drets_i_igualtat|persones,drets_i_igualtat:interculturalitat_i_antiracisme|drets_i_igualtat:drets_humans|persones:joventut,2|19,1906|201|207,"Denuncian el aumento del racismo, la morofobia y la islamofobia en València. El Hadri recuerda a la alcaldesa su promesa de gobernar para todas las personas. Tabib, joven valenciana de origen marroquí, exige no tener que vivir con miedo por llevar hijab.","Denuncien l'augment del racisme, la morofòbia i la islamofòbia a València. El Hadri recorda a l'alcaldessa la seua promesa de governar per a totes les persones. Tabib, jove valenciana d'origen marroquí, exigeix no haver de viure amb por per portar hijab."
2025-07-22-002,2025-07-22,2025-07-22,2023-2027,"Miguel Carlos Oliver Trilles, Jose Domingo Estrela Leiva",Associació Cultural Falla Av. Malvarrosa-Antoni Pons-Cavite / Societat Marina Auxiliant,falla-av-malvarrosa-antoni-pons-cavite,cultural,mixt,multi_barri,Cabanyal-Canyamelar|El Grau,Poblats Marítims,urbanisme|drets_i_igualtat|participacio,urbanisme:habitatge|drets_i_igualtat:drets_humans|participacio:participacio,14|19|20,1400|1406|1901|2000,"Familias de la Lonja de Pescadores piden seguridad jurídica y la compra del suelo donde viven desde hace generaciones, tras perder la concesión y la propiedad judicial del vuelo a favor del Ayuntamiento.","Famílies de la Llotja de Pescadors demanen seguretat jurídica i la compra del sòl on viuen des de fa generacions, després de perdre la concessió i la propietat judicial del vol a favor de l'Ajuntament."
2025-07-22-001,2025-07-22,2025-07-22,2023-2027,Eduardo Bejar Méndez,Plataforma Intercultural de España,asociacion-plataforma-intercultural-espana,plataforma,castellano,ciutat,,,drets_i_igualtat|participacio,drets_i_igualtat:diversitat|drets_i_igualtat:interculturalitat_i_antiracisme|drets_i_igualtat:drets_humans|participacio:participacio,2|9|19|20,201|900|1906|2000,"Eduardo Bejar, de la Plataforma Intercultural de España, denuncia los discursos de odio y las propuestas de deportación de inmigrantes como hechos agitadores que generan animadversión, destacando que más de 200.000 personas migrantes en València contribuyen a la mejora de la ciudad.","Eduardo Bejar, de la Plataforma Intercultural d'Espanya, condemna els discursos d'odi i les propostes de deportació de migrants com a fets que generen animositat, destacant que més de 200.000 persones migrants a València contribueixen a la millora de la ciutat."
2025-06-26-009,2025-06-26,2025-06-26,2023-2027,Encarna Álvarez Narváez,Asociación Chrysallis Comunitat Valenciana de Menores y Adolescentes Trans,chrysallis-comunitat-valenciana,ong,castellano,ciutat,,,drets_i_igualtat|persones|serveis_publics,drets_i_igualtat:diversitat|drets_i_igualtat:drets_humans|persones:joventut|serveis_publics:educacio|serveis_publics:salut|serveis_publics:seguretat,2|13|14|20,202|204|1304|1401|2000,"Una madre de la asociación Chrysallis denuncia los recortes a la Ley trans valenciana y pide al ayuntamiento que defienda públicamente los derechos de menores y adolescentes trans, rechazando la crueldad institucional y garantizando espacios seguros para toda la diversidad.","Una mare de l'associació Chrysallis denúncia els retalls a la Llei trans valenciana i demana a l'ajuntament que defensa públicament els drets de menors i adolescents trans, rebutjant la crueltat institucional i garantint espais segurs per a tota la diversitat."
2025-06-26-008,2025-06-26,2025-06-26,2023-2027,Miguel Ayensa Mazo,Club Esportiu LGBTI Dracs València,club-esportiu-lgbti-dracs-valencia,esportiu,castellano,barri,La Petxina,Extramurs,drets_i_igualtat|serveis_publics|persones,drets_i_igualtat:diversitat|drets_i_igualtat:drets_humans|serveis_publics:esports|serveis_publics:educacio|persones:joventut,2|6|15,202|1526|606,"El representante del Club Esportiu LGBTI Dracs de València critica duramente la reforma de la Ley de Autodeterminación de Género de la Comunitat Valenciana, acusando al PP-Vox de transfobia vestida de lenguaje jurídico que segrega y recorta derechos de personas trans en deporte y educación, comparándola con leyes de segregación racial estadounidenses.","El representant del Club Esportiu LGBTI Dracs de València critica durament la reforma de la Llei d'Autodeterminació de Gènere de la Comunitat Valenciana, acusant el PP-Vox de transfòbia revestida de llenguatge jurídic que segrega i retalla drets de persones trans en esport i educació, comparant-la amb lleis de segregació racial nord-americanes."
2025-06-26-007,2025-06-26,2025-06-26,2023-2027,Juan Francisco Fernández Hernández,Col·lectiu Lambda,col-lectiu-lambda,ong,mixt,ciutat,,,drets_i_igualtat|cultura,drets_i_igualtat:diversitat|drets_i_igualtat:drets_humans|cultura:festes,2|19|23,202|1906|2300,"El Col·lectiu Lambda critica la hipocresia de l'Ajuntament en les polítiques LGTBI, denunciant l'ocultació d'iniciatives de visibilitat i el suport a retallades de drets del col·lectiu LGTBIQA+, especialment relacionades amb la Llei trans valenciana destruïda pel PP i Vox.","El Col·lectiu Lambda critica la hipocresia de l'Ajuntament en les polítiques LGTBI, denunciant l'ocultació d'iniciatives de visibilitat i el suport a retallades de drets del col·lectiu LGTBIQA+, especialment relacionades amb la Llei trans valenciana destruïda pel PP i Vox."
2025-06-26-006,2025-06-26,2025-06-26,2023-2027,Joan Domínguez Pavía,STA- Intersindical Valenciana,sta-intersindical,sindical,valenciano,ciutat,,,drets_i_igualtat|serveis_publics|persones,drets_i_igualtat:diversitat|drets_i_igualtat:igualtat_de_genere|drets_i_igualtat:drets_humans|serveis_publics:educacio|persones:joventut,2|6|13,202|606|1304,"Intersindical Valenciana apoya la moción de Compromís en defensa de una educación inclusiva y respetuosa con la diversidad, denunciando la eliminación del servicio Infosex y la parálisis del Plan Diversidades por el actual gobierno de PP y Vox, considerando estas medidas regresivas en derechos LGTBI y perjudiciales para la salud mental de menores.","Intersindical Valenciana recolza la moció de Compromís en defensa d'una educació inclusiva i respectuosa amb la diversitat, denunciant l'eliminació del servei Infosex i la paralització del Pla Diversitats pel govern actual de PP i Vox, considerant aquestes mesures regressives en drets LGTBI i perjudicials per a la salut mental de menors."
2025-06-26-005,2025-06-26,2025-06-26,2023-2027,Kristal Calvo Leyba,CCOO PV – Consell Consultiu Trans,ccoo-pv,sindical,valenciano,ciutat,,,drets_i_igualtat|serveis_publics|economia,drets_i_igualtat:diversitat|drets_i_igualtat:drets_humans|serveis_publics:educacio|economia:comerc_ocupacio,2|6|12|15|19,202|1906|602|1521|1203,"Kristal Calvo Leyba, representante del Consell Consultiu Trans de CCOO PV, denuncia que las enmiendas pactadas entre PP y Vox a la Ley Trans de la Comunidad Valenciana eliminan garantías de derechos humanos para personas trans, invisibilizan el consejo consultivo y abre la puerta a asociaciones opuestas a estos derechos. Solicita la aplicación del Real Decreto 1026/2024 sobre medidas de igualdad y no discriminación LGTBI en empresas.","Kristal Calvo Leyba, representant del Consell Consultiu Trans de CCOO PV, denúncia que les esmenes pactades entre PP i Vox a la Llei Trans de la Comunitat Valenciana eliminen garanties de drets humans per a persones trans, invisibilitzen el consell consultiu i obren la porta a associacions oposades a aquests drets. Demanda l'aplicació del Reial Decret 1026/2024 sobre mesures d'igualtat i no discriminació LGTBI a les empreses."
2025-06-26-004,2025-06-26,2025-06-26,2023-2027,Javier Gil Quintana,Club esportiu LGTB+ Samarucs València,club-esportiu-samarucs-valencia,esportiu,castellano,ciutat,,,drets_i_igualtat|cultura|participacio,drets_i_igualtat:diversitat|drets_i_igualtat:drets_humans|cultura:festes|cultura:associacionisme|participacio:participacio,2|19|23,202|1906|2300,"Javier Gil Quintana del Club Samarucs reflexiona sobre el sentido del Orgullo LGTBI, argumentando que es importante como espacio de seguridad para menores trans, visibilización de la diversidad y protesta democrática contra recortes de derechos.","Javier Gil Quintana del Club Samarucs reflexiona sobre el sentit del Orgull LGTBI, argumentant que és important com a espai de seguretat per a menors trans, visibilització de la diversitat i protesta democràtica contra retalls de drets."
2025-06-26-003,2025-06-26,2025-06-26,2023-2027,Noelia Rojas Reyes,Consell de la Joventut de València,consell-joventut-valencia,altres,valenciano,ciutat,,,drets_i_igualtat|persones|serveis_publics,drets_i_igualtat:diversitat|drets_i_igualtat:drets_humans|persones:joventut|serveis_publics:educacio,2|6|12|19,202|207|602|1206|1906,"El Consell de la Joventut de València exige acciones concretas del Ayuntamiento contra los discursos de odio hacia el colectivo LGTBIQ+, incluyendo educación sexual y afectiva en centros educativos y medidas de protección para jóvenes vulnerables.","El Consell de la Joventut de València exigeix accions concretes de l'Ajuntament contra els discursos d'odi cap al col·lectiu LGTBIQ+, incloent educació sexual i afectiva en centres educatius i mesures de protecció per a joves vulnerables."
2025-06-26-002,2025-06-26,2025-06-26,2023-2027,Mª Amparo Ramada Monzón,Peña Valencianista LGTBI,pena-valencianista-lgtbi,av,mixt,ciutat,Mestalla,El Pla del Real,drets_i_igualtat|cultura|serveis_publics,drets_i_igualtat:diversitat|drets_i_igualtat:interculturalitat_i_antiracisme|drets_i_igualtat:drets_humans|cultura:associacionisme|serveis_publics:seguretat,2|12|19|23,202|1201|1906|2300,"La presidenta de la Peña Valencianista LGTBI denuncia la reforma de la Ley trans valenciana como un retroceso en derechos y exige que Mestalla sea un espacio seguro e inclusivo para todas las personas, rechazando la invisibilización del colectivo LGTBIQA+.","La presidenta de la Peña Valencianista LGTBI denuncia la reforma de la Llei trans valenciana com un retrocés en drets i exigeix que Mestalla siga un espai segur i inclusiu per a totes les persones, rebutjant la invisibilització del col·lectiu LGTBIQA+."
2025-06-26-001,2025-06-26,2025-06-26,2023-2027,Pilar Page Martín,AV Plaça d'Hondures i Adjacents,av-plaça-hondures-adjacents,av,castellano,multi_barri,Ciutat Jardi|Betero|El Grau|Montolivet,Algirós|Poblats Marítims|Quatre Carreres,mobilitat|participacio|urbanisme,mobilitat:transit|mobilitat:mobilitat_activa|mobilitat:aparcament|participacio:participacio|participacio:processos_participatius|urbanisme:espai_public,10|20,1001|1002|1010|2000,"Seis asociaciones vecinales del entorno de Blasco Ibáñez rechazan el proyecto BRT actual y solicitan modificaciones que eviten la pérdida de aparcamientos y problemas de seguridad vial, demandando mayor participación ciudadana en el proceso.","Sis associacions veïnals de l'entorn de Blasco Ibáñez rebutgen el projecte BRT actual i sol·liciten modificacions que eviten la pèrdua d'aparcaments i problemes de seguretat vial, reclamant més participació ciutadana en el procés."
2025-05-27-011,2025-05-27,2025-05-27,2023-2027,Ahmed J A Hamdan Nassar,Asociación de Mujeres Separadas y Divorciadas del País Valencià,asociacion-mujeres-separadas-divorciadas,altres,mixt,ciutat,,,drets_i_igualtat|participacio,drets_i_igualtat:drets_humans|drets_i_igualtat:interculturalitat_i_antiracisme|participacio:participacio,12|19,1906|1200,"Ahmed Hamdan, miembro de la Asociación de Mujeres Separadas y Divorciadas, palestino residente en Valencia, denuncia los crímenes de guerra en Gaza y pide al consistorio que impida el tránsito de armamento por el puerto de la ciudad, prohíba relaciones con Israel y aplique sanciones concretas.","Ahmed Hamdan, membre de l'Associació de Dones Separades i Divorciades, palestí resident a València, denuncia els crims de guerra a Gaza i demana a l'ajuntament que impedisca el trànsit d'armament pel port de la ciutat, prohibisca relacions amb Israel i aplique sancions concretes."
2025-05-27-010,2025-05-27,2025-05-27,2023-2027,Hanan Kaddoura,Jóvenes hacia la Solidaridad y el Desarrollo-Jovesolides,jovesolides,ong,castellano,ciutat,,,drets_i_igualtat|medi_ambient|participacio,drets_i_igualtat:drets_humans|drets_i_igualtat:interculturalitat_i_antiracisme|medi_ambient:dana_2024|participacio:participacio,7|19|20,1906|711|2000,"Representante de Jovesolides insta al pleno a posicionarse por un alto el fuego inmediato en Palestina, condenar a Netanyahu y permitir la entrada de ayuda humanitaria, estableciendo un paralelo con la solidaridad mostrada tras la dana de octubre.","Representant de Jovesolides insta al ple a posicionar-se per un alto el foc immediat a Palestina, condemnar Netanyahu i permetre l'entrada d'ajuda humanitària, establint un paral·lel amb la solidaritat mostrada després de la dana d'octubre."
2025-05-27-009,2025-05-27,2025-05-27,2023-2027,Nadia Tabib Chouitar,"Jóvenes hacia la Solidaridad y el Desarrollo-Jovesolides, plataforma València amb Palestina, Casa Marruecos, Comunidad Palestina de València",jovesolides,ong,castellano,ciutat,,,drets_i_igualtat|persones,drets_i_igualtat:drets_humans|drets_i_igualtat:interculturalitat_i_antiracisme|persones:joventut,2|19,1906|201,"Representantes de plataformas sociales palestinas comparecen por tercera vez ante el pleno solicitando que no voten contra un alto al fuego en Gaza, denunciando lo que califican como genocidio y rechazando justificaciones basadas en eventos anteriores.","Representants de plataformes socials palestines compareixen per tercera vegada davant el ple demanant que no voten en contra d'un alto el foc a Gaza, denunciant el que qualifiquen de genocidi i rebutjant justificacions basades en events anteriors."
2025-05-27-008,2025-05-27,2025-05-27,2023-2027,Sergio Peligero Escrivà,STE-Intersindical / Nadie sin Casa,ste-intersindical,sindical,castellano,ciutat,La Seu,Ciutat Vella,serveis_publics|drets_i_igualtat|medi_ambient,serveis_publics:serveis_socials|drets_i_igualtat:drets_humans|medi_ambient:dana_2024,7|13|14|19,1300|1409|711|1906,"Sergio Peligero, representante de STE-Intersindical y miembro de la asociación Nadie sin Casa, critica las declaraciones de ediles sobre personas sin hogar en el río Turia y demanda que se incluya a las personas sin techo en la toma de decisiones sobre políticas sociales, señalando que hay 2.500 personas sin hogar en la ciudad.","Sergio Peligero, representant de STE-Intersindical i membre de l'associació Nadie sin Casa, critica les declaracions de regidors sobre persones sense llar en el riu Túria i reclama que s'inclou a les persones sense sostre en la presa de decisions sobre polítiques socials, assenyalant que hi ha 2.500 persones sense llar a la ciutat."
2025-05-27-007,2025-05-27,2025-05-27,2023-2027,David Alejandro Calabuig Sanz-Orrio,Asociación Intercultural Candombe,asociacion-intercultural-candombe,ong,mixt,ciutat,El Carme,Ciutat Vella,serveis_publics|drets_i_igualtat|urbanisme,serveis_publics:serveis_socials|drets_i_igualtat:drets_humans|urbanisme:habitatge,13|14|19,1409|1300|1906,"Un extrabajador del Centre del Carme, albergue para personas sin hogar de baja exigencia, denuncia el cierre del centro sin ofrecer alternativas reales a los siete últimos usuarios, cuestionando la coherencia de cerrar por falta de seguridad pero abrirlo en emergencias, y criticando que la ampliación de plazas en el CIBE no puede replicar la atención personalizada que ofrecía el centro público.","Un extrabajador del Centre del Carme, alberg per a persones sense llar de baixa exigència, denúncia el tancament del centre sense oferir alternatives reals als set últims usuaris, qüestionant la coherència de tancar per manca de seguretat però obrir-lo en emergències, i criticant que l'ampliació de places en el CIBE no pot replicar l'atenció personalitzada que oferia el centre públic."
2025-05-27-006,2025-05-27,2025-05-27,2023-2027,Consol Maria Valls Gregori,Federació d'Educació de Comissions Obreres del País Valencià / Orriols en Lluita,federacio-educacio-ccoo-pais-valencia,sindical,valenciano,no_especificat,,,drets_i_igualtat|serveis_publics,drets_i_igualtat:diversitat|drets_i_igualtat:interculturalitat_i_antiracisme|drets_i_igualtat:igualtat_de_genere|drets_i_igualtat:drets_humans|serveis_publics:educacio,2|6|19|20,202|606|1906|2000,"La representante del sindicato de educación rechaza las enmiendas que van contra los derechos de las personas LGTBI+, especialmente trans y menores trans, y pide que se priorice la defensa de derechos humanos sobre la disciplina de voto.","La representanta del sindicat d'educació rebutja les esmenes que van contra els drets de les persones LGTBI+, especialment trans i menors trans, i demana que es prioritze la defensa de drets humans sobre la disciplina de vot."
2025-05-27-005,2025-05-27,2025-05-27,2023-2027,Raquel Viguer Chover,Asociación Chrysallis Comunitat Valenciana,chrysallis-comunitat-valenciana,ong,castellano,ciutat,,,drets_i_igualtat|serveis_publics,drets_i_igualtat:diversitat|drets_i_igualtat:drets_humans|serveis_publics:educacio|serveis_publics:salut,2|3|6|13,202|1304|606|300,"Raquel Viguer, madre de menores trans y delegada de Chrysallis, interpela a la alcaldesa contra la derogación de la Ley trans valenciana 8/2017 mediante enmiendas que eliminarían protecciones para menores trans en educación, sanidad y deporte. A través de casos reales, denuncia que estas reformas dejan indefensas a familias trans y vulneran derechos humanos fundamentales.","Raquel Viguer, mare de menors trans i delegada de Chrysallis, interpel·la l'alcaldesa contra la derogació de la Llei trans valenciana 8/2017 mitjançant esmenes que eliminarien proteccions per a menors trans en educació, sanitat i esport. A través de casos reals, denuncia que aquestes reformes deixen indefenses les famílies trans i vulneren drets humans fonamentals."
2025-05-27-004,2025-05-27,2025-05-27,2023-2027,Javier Gil Quintana,Samarucs,club-esportiu-samarucs-valencia,esportiu,castellano,ciutat,,,drets_i_igualtat|serveis_publics|participacio,drets_i_igualtat:diversitat|drets_i_igualtat:drets_humans|serveis_publics:esports|participacio:participacio,2|12|15,202|1201|1526,"Javier Gil Quintana, de Samarucs, denuncia la modificación de la Ley trans valenciana impulsada por PP y Vox, adviriendo sobre los delitos de odio contra personas LGTBI y los efectos negativos de una normativa que estigmatiza a las personas trans y limita contenidos educativos sobre diversidad.","Javier Gil Quintana, de Samarucs, condemna la modificació de la Llei trans valenciana impulsada per PP i Vox, advertint sobre els delictes d'odi contra persones LGTBI i els efectes negatius d'una normativa que estigmatitza a les persones trans i limita continguts educatius sobre diversitat."
2025-05-27-003,2025-05-27,2025-05-27,2023-2027,Juan Francisco Fernández Hernández,Col·lectiu Lambda,col-lectiu-lambda,ong,valenciano,ciutat,,,drets_i_igualtat|serveis_publics,drets_i_igualtat:diversitat|drets_i_igualtat:drets_humans|serveis_publics:seguretat,2|12|19,202|1906|1200,"Juan Francisco Fernández Hernández, del Col·lectiu Lambda, interpela directamente a la alcaldesa María José Català para que tome posición sobre la reforma de la Ley Trans que se votará en las Cortes, alertando que supone un ataque a la dignidad de las personas trans y un apartheid trans institucionalizado, especialmente contradictorio dado que Valencia acogerá los Gay Games 2026.","Juan Francisco Fernández Hernández, del Col·lectiu Lambda, interpel·la directament a l'alcaldessa María José Català perquè es posicione sobre la reforma de la Llei Trans que es votarà a les Corts, advertint que suposa un atac a la dignitat de les persones trans i un apartheid trans institucionalitzat, especialment contradictori atès que València acollirà els Gay Games 2026."
2025-05-27-002,2025-05-27,2025-05-27,2023-2027,Paula Iglesias Campos,Federación Estatal LGTBI+,federacio-lgtbi-estatal,av,castellano,ciutat,,,drets_i_igualtat|serveis_publics|persones,drets_i_igualtat:diversitat|drets_i_igualtat:drets_humans|serveis_publics:educacio|serveis_publics:seguretat|persones:joventut,2|6|12|20,202|606|1206|2000,"La presidenta de la Federación Estatal LGTBI+ denuncia el acoso escolar, la violencia y el suicidio de menores LGTBI+ como consecuencia del odio social e institucional, exigiendo compromiso político real y protección efectiva de derechos fundamentales.","La presidenta de la Federació Estatal LGTBI+ denúncia l'assetjament escolar, la violència i el suïcidi de menors LGTBI+ com a conseqüència de l'odi social i institucional, exigint compromís polític real i protecció efectiva de drets fonamentals."
2025-05-27-001,2025-05-27,2025-05-27,2023-2027,Cristóbal Aguado Sanchis,Associació de Veïns de la Petxina / Plataforma del Corredor Verd,av-la-petxina,av,valenciano,multi_barri,La Petxina|Vara De Quart|Exposicio|Mestalla,El Pla del Real|Extramurs|Patraix,urbanisme|mobilitat|medi_ambient,urbanisme:espai_public|mobilitat:mobilitat_activa|medi_ambient:zones_verdes|medi_ambient:emergencies_climatiques,7|10|14,1010|709|711|1401,"Cristóbal Aguado Sanchis, en representación de la Asociación de Vecinos de la Petxina y la Plataforma del Corredor Verde, presenta un manifiesto con más de 43.000 firmas exigiendo que el proyecto del Corredor Verde se desarrolle sin tráfico rodado, como propone el proyecto ganador del concurso, y denuncia la intención del Ayuntamiento de reservar el 30% de zonas verdes para vehículos privados.","Cristóbal Aguado Sanchis, en representació de l'Associació de Veïns de la Petxina i la Plataforma del Corredor Verd, presenta un manifest amb més de 43.000 firmes exigint que el projecte del Corredor Verd es desenvolupe sense trànsit rodat, tal com proposa el projecte guanyador del concurs, i denuncia la intenció de l'Ajuntament de reservar el 30 % de zones verdes per a vehicles privats."
2025-04-30-009,2025-04-30,2025-04-30,2023-2027,Javier Zamorano Ruán,Plataforma Vecinal Barrio de Penya-roja,plataforma-vecinal-penyaroja,plataforma,castellano,barri,Penya-Roja,Camins al Grau,serveis_publics|medi_ambient|drets_i_igualtat,serveis_publics:salut|medi_ambient:benestar_animal|drets_i_igualtat:drets_humans,3|4|12|20,300|400|1201|2004,"Veterinario en representación de la Plataforma Vecinal Barrio de Penya-roja denuncia la normativa de medicamentos del Ministerio de Agricultura por ser excesivamente restrictiva, criminalizar a los veterinarios y poner en riesgo la salud animal, reclamando diálogo y flexibilidad en la aplicación de criterios científicos profesionales.","Veterinari en representació de la Plataforma Vecinal Barrio de Penya-roja denuncia la normativa de medicaments del Ministeri d'Agricultura per ser excessivament restrictiva, criminalitzar als veterinaris i posar en risc la salut animal, reclamant diàleg i flexibilitat en l'aplicació de criteris científics professionals."
2025-04-30-008,2025-04-30,2025-04-30,2023-2027,Alejandro Aurelio Ripoll Ferrando,CCOO PV,ccoo-pv,sindical,valenciano,ciutat,,,serveis_publics|persones|participacio,serveis_publics:serveis_socials|persones:gent_major|participacio:transparencia,13|20,1300|1302|1304|2000,"El sindicato CCOO PV denuncia la falta crítica de personal en los centros municipales de servicios sociales de Valencia, con listas de espera de meses, profesionales sobrecargados de expedientes y servicios que no pueden expandirse al turno de tarde, solicitando una dotación inmediata de recursos humanos.","El sindicat CCOO PV denúncia la falta crítica de personal en els centres municipals de serveis socials de València, amb llistes d'espera de mesos, professionals sobrecàrregats d'expedients i serveis que no poden expandir-se al torn de vesprada, sol·licitant una dotació immediata de recursos humans."
2025-04-30-007,2025-04-30,2025-04-30,2023-2027,Cristóbal Aguado Sanchis,AV la Petxina,av-la-petxina,av,valenciano,multi_barri,Russafa|El Pla Del Remei|La Gran Via,L'Eixample,urbanisme|mobilitat|medi_ambient,urbanisme:espai_public|mobilitat:transit|mobilitat:mobilitat_activa|medi_ambient:contaminacio,7|10,1002|1001|1010|705,"El representante de la asociación de vecinos de la Petxina exige la eliminación del túnel de Pérez Galdós como parte de la reforma de la avenida, argumentando que el proyecto actual incumple los objetivos originales y propone una prueba de cierre táctica durante las obras para demostrar su viabilidad. Solicita al consistorio claridad y compromiso sobre la supresión del túnel antes de finalizar la reforma.","El representant de l'associació de veïns de la Petxina exigeix l'eliminació del túnel de Pérez Galdós com a part de la reforma de l'avinguda, argumentant que el projecte actual incompleix els objectius originals i proposa una prova de tancament tàctic durant les obres per a demostrar-ne la viabilitat. Sollicita al consistori claredat i compromís sobre la supressió del túnel abans de finalitzar la reforma."
2025-04-30-006,2025-04-30,2025-04-30,2023-2027,María José del Amor Macías,AV Abastos-Finca Roja,av-abastos-finca-roja,av,castellano,barri,La Raiosa,Jesús,mobilitat|medi_ambient|drets_i_igualtat,mobilitat:transit|mobilitat:mobilitat_activa|medi_ambient:contaminacio|drets_i_igualtat:drets_humans,7|10|19,1002|705|1010|1906,"La asociación de vecinos demanda la eliminación simultánea del túnel de Pérez Galdós con la reforma integral de la avenida, citando estudios de la UPV que evidencian problemas estructurales y un tráfico insostenible que vulnera el derecho a la salud por contaminación y ruido.","L'associació de veïns demana l'eliminació simultània del túnel de Pérez Galdós amb la reforma integral de l'avinguda, citant estudis de la UPV que evidencien problemes estructurals i un trànsit insostenible que vulnera el dret a la salut per contaminació i soroll."
2025-04-30-005,2025-04-30,2025-04-30,2023-2027,Francisco Mora Cartier,Observatori Valencià de les Migracions,observatori-valencia-migracions,altres,castellano,ciutat,,,drets_i_igualtat|persones|participacio,drets_i_igualtat:drets_humans|drets_i_igualtat:interculturalitat_i_antiracisme|persones:gent_major|participacio:participacio,2|9|13|19,1906|900|1304|202,"El Observatorio Valenciano de las Migraciones denuncia la separación de familias migrantes en los procesos de acogida municipal, donde solo se acoge a madres e hijos dejando a los padres en la calle. Solicita que el Ayuntamiento dedique recursos para proteger derechos de menores y familias migrantes, cumpliendo con la legalidad y tratamientos más humanos.","L'Observatori Valencià de les Migracions denuncia la separació de famílies migrants en els processos d'acollida municipal, on només s'acull a mares i fills deixant els pares al carrer. Solicita que l'Ajuntament dedique recursos per protegir drets de menors i famílies migrants, complint amb la legalitat i tractaments més humans."
2025-04-30-004,2025-04-30,2025-04-30,2023-2027,Roland Carlos Montenegro Peredo,Asociación Hispanos sin Fronteras en València,hispanos-sin-fronteras-valencia,ong,castellano,ciutat,,,drets_i_igualtat|participacio|serveis_publics,drets_i_igualtat:diversitat|drets_i_igualtat:interculturalitat_i_antiracisme|drets_i_igualtat:drets_humans|participacio:participacio|participacio:processos_participatius|serveis_publics:serveis_socials,9|13|20,900|1300|2000|2015,"Roland Carlos Montenegro Peredo, presidente de la Asociación Hispanos sin Fronteras en València, presenta la labor de su entidad en favor de la integración sociocultural de personas migrantes mediante programas legales, sociales, culturales y deportivos, expresando su compromiso con el nuevo Consejo Local de Inclusión y Derechos Sociales.","Roland Carlos Montenegro Peredo, president de l'Associació Hispanos sin Fronteras en València, presenta la tasca de la seua entitat a favor de la integració sociocultural de persones migrants mitjançant programes legals, socials, culturals i esportius, expressant el seu compromís amb el nou Consell Local d'Inclusió i Drets Socials."
2025-04-30-003,2025-04-30,2025-04-30,2023-2027,Luz Eliana Garzón,Asociación Intercultural Mundo Solidario,asociacion-intercultural-mundo-solidario,ong,castellano,ciutat,,,drets_i_igualtat|participacio|serveis_publics,drets_i_igualtat:diversitat|drets_i_igualtat:interculturalitat_i_antiracisme|participacio:participacio|participacio:processos_participatius|serveis_publics:serveis_socials,2|9|13|20,202|900|1300|2000,"Luz Eliana Garzón, vicepresidenta de la Asociación Intercultural Mundo Solidario, interviene para resaltar el trabajo de inclusión de migrantes y personas con discapacidad en Valencia, reclamando ser parte activa de la sociedad con voz y voto, no como ciudadanos de segunda clase.","Luz Eliana Garzón, vicepresidenta de l'Associació Intercultural Món Solidari, intervé per a destacar la labor d'inclusió de migrants i persones amb discapacitat a València, reclamant ser part activa de la societat amb veu i vot, no com a ciutadans de segona classe."
2025-04-30-002,2025-04-30,2025-04-30,2023-2027,Eduardo Béjar Méndez,Asociación Plataforma Intercultural de España,asociacion-plataforma-intercultural-espana,plataforma,castellano,ciutat,,,participacio|drets_i_igualtat|serveis_publics,participacio:consells_sectorials|drets_i_igualtat:interculturalitat_i_antiracisme|drets_i_igualtat:drets_humans|serveis_publics:serveis_socials,9|13|14|20,900|1300|2000|1401,"La Plataforma Intercultural de España manifiesta su disconformidad con la disolución del Consejo de Inmigración y su integración en el nuevo Consejo de Inclusión y Derechos Sociales, que reduce la representación de más de 60 entidades migrantes a solo 3, dejando sin voz a numerosas comunidades inmigrantes de la ciudad de València.","La Plataforma Intercultural d'Espanya manifesta la seua disconformitat amb la dissolució del Consell d'Immigració i la seua integració en el nou Consell d'Inclusió i Drets Socials, que redueix la representació de més de 60 entitats migrantes a només 3, deixant sense veu a nombroses comunitats immigrants de la ciutat de València."
2025-04-30-001,2025-04-30,2025-04-30,2023-2027,Cristina Díaz Gil,Asociación de Vecinos de Beniferri,asociacion-vecinos-beniferri,av,castellano,barri,Beniferri|Campanar,Campanar|Poblats de l'Oest,urbanisme|participacio,urbanisme:espai_public|participacio:processos_participatius,14|20,1403|2000,"La Asociación de Vecinos de Beniferri expresa su preocupación por el aumento de volumetría previsto en el nuevo plan urbanístico de Campanar-Beniferri, solicitando que se mantenga la idiosincrasia histórica de la pedanía. Agradecen las reuniones mantenidas con el concejal de Urbanismo y confían en que sus alegaciones sean consideradas en la propuesta definitiva.","L'Associació de Veïns de Beniferri expressa la seua preocupació pel augment de volumetria previst en el nou pla urbanístic de Campanar-Beniferri, sol·licitant que es mantinga la idiosincràsia històrica de la pedania. Agraïxen les reunions mantingudes amb el regidor d'Urbanisme i confien que les seues al·legacions siga considerades en la proposta definitiva."
2025-04-11-3-112,2025-04-11-3,2025-04-11,2023-2027,"Beatriu Cardona Prats, Joan Domínguez Pavía",STA-Intersindical,sta-intersindical,sindical,valenciano,multi_barri,Castellar-L'Oliveral|La Torre|El Forn D'Alcedo,Poblats del Sud,serveis_publics|medi_ambient|participacio,serveis_publics:educacio|medi_ambient:dana_2024|medi_ambient:emergencies_climatiques|participacio:transparencia,6|7|14|20,602|711|1401|2004,"El sindicato docente STA-Intersindical denuncia la nefasta gestión de la DANA en los centros educativos de las pedanías del sur, con gimnasios inoperativos, mobiliario sin reponer y falta de financiación.","El sindicat docent STA-Intersindical denuncia la nefasta gestió de la DANA als centres educatius de les pedanies del sud, amb gimnasos inoperatius, mobiliari sense reposar i falta de finançament."
2025-04-11-3-111,2025-04-11-3,2025-04-11,2023-2027,Silvana Gabriela Cabrera Martínez,Asociación Intercultural Candombe,asociacion-intercultural-candombe,ong,castellano,ciutat,,,drets_i_igualtat|medi_ambient|serveis_publics,drets_i_igualtat:interculturalitat_i_antiracisme|drets_i_igualtat:drets_humans|medi_ambient:dana_2024|serveis_publics:educacio|serveis_publics:salut|serveis_publics:serveis_socials,3|6|7|9|13|19,900|1906|711|1302|1304|1303|602|300,"Denuncia el abandono institucional hacia personas migrantes tras la DANA, el empadronamiento como herramienta de exclusión, y exige políticas antirracistas y regularización inmediata.","Denuncia l'abandó institucional cap a persones migrants després de la DANA, l'empadronament com a eina d'exclusió, i exigeix polítiques antiracistes i regularització immediata."
2025-04-11-3-113,2025-04-11-3,2025-04-11,2023-2027,Cintia Sancanuto Chardí,AV del Palmar,av-del-palmar,av,valenciano,multi_barri,El Palmar|El Saler|El Perellonet,Poblats del Sud,participacio|urbanisme|medi_ambient,participacio:participacio|participacio:processos_participatius|urbanisme:usos_turistics|medi_ambient:dana_2024,7|14|15|20,2000|1526|711|1401,"Segunda intervención de Sancanuto defendiendo que las entidades ciudadanas hacen política legítima, exigiendo participación real y denunciando la campaña turística que perjudicó al Palmar tras la DANA.","Segona intervenció de Sancanuto defensant que les entitats ciutadanes fan política legítima, exigint participació real i denunciant la campanya turística que va perjudicar el Palmar després de la DANA."
2025-04-11-3-110,2025-04-11-3,2025-04-11,2023-2027,Mª Amparo Puchades Giner,AV Castellar-l'Oliveral,av-castellar-loliveral,av,valenciano,barri,Castellar-L'Oliveral,Poblats del Sud,medi_ambient|participacio|urbanisme,medi_ambient:emergencies_climatiques|medi_ambient:dana_2024|medi_ambient:zones_verdes|participacio:participacio|participacio:processos_participatius|urbanisme:espai_public,7|14|20,711|1403|1401|2000,"Representante de Castellar-l'Oliveral critica la falta de participación ciudadana real en la reconstrucción post-DANA y propone eliminar barreras al drenaje, recuperar la ley de la huerta y crear una mesa de seguimiento.","Representant de Castellar-l'Oliveral critica la falta de participació ciutadana real en la reconstrucció post-DANA i proposa eliminar barreres al drenatge, recuperar la llei de l'horta i crear una taula de seguiment."
2025-04-11-3-013,2025-04-11-3,2025-04-11,2023-2027,María José Chiner Olmos,Associació de Veïns del Forn d'Alcedo,associacio-veins-forn-alcedo,av,mixt,barri,El Forn D'Alcedo,Poblats del Sud,medi_ambient|mobilitat|urbanisme,medi_ambient:dana_2024|medi_ambient:emergencies_climatiques|mobilitat:mobilitat_activa|urbanisme:espai_public|urbanisme:habitatge,7|10|14,711|1010|1400|1403,"La presidenta de la Asociación de Vecinos del Forn d'Alcedo solicita mejoras tras la dana: una vía ciclopeatonal que cruce el nuevo cauce del Turia, sistemas de drenaje en la V-31, paralización de la ampliación del polígono industrial para construir viviendas, y un canal de comunicación sobre intervenciones para evitar futuros desbordamientos.","La presidenta de l'Associació de Veïns del Forn d'Alcedo sol·licita millores després de la dana: una via ciclopeatonal que travesse el nou llit del Túria, sistemes de drenatge a la V-31, paralització de l'ampliació del polígon industrial per a construir habitatges, i un canal de comunicació sobre les intervencions previstes."
2025-04-11-3-109,2025-04-11-3,2025-04-11,2023-2027,Mariam Andrea Narváez Ayala,Asociación Por ti Mujer,por-ti-mujer,ong,castellano,barri,La Torre,Poblats del Sud,drets_i_igualtat|medi_ambient|participacio,drets_i_igualtat:igualtat_de_genere|drets_i_igualtat:interculturalitat_i_antiracisme|drets_i_igualtat:drets_humans|medi_ambient:zones_verdes|medi_ambient:dana_2024|participacio:participacio|participacio:processos_participatius,2|7|14|19,202|709|711|1401|1906,"Pide la recuperación de las huertas urbanas de género en Sociópolis destruidas por la DANA, como espacio de justicia social, inclusión e interculturalidad para mujeres migrantes.","Demana la recuperació de les hortes urbanes de gènere a Sociòpolis destruïdes per la DANA, com a espai de justícia social, inclusió i interculturalitat per a dones migrants."
2025-04-11-3-108,2025-04-11-3,2025-04-11,2023-2027,Piedad Ruiz,Cáritas Diocesana,caritas-diocesana,ong,castellano,multi_barri,La Torre|El Forn D'Alcedo|Castellar-L'Oliveral,Poblats del Sud,serveis_publics|medi_ambient|participacio,serveis_publics:serveis_socials|medi_ambient:dana_2024|participacio:consells_sectorials,7|13|20,711|1300|2000,"Cáritas agradece la coordinación con el Ayuntamiento en la atención a afectados por la DANA, valora la Mesa de Coordinación Social y el futuro centro social de La Torre.","Càritas agraïx la coordinació amb l'Ajuntament en l'atenció a afectats per la DANA, valora la Taula de Coordinació Social i el futur centre social de La Torre."
2025-04-11-3-107,2025-04-11-3,2025-04-11,2023-2027,Consuelo Riveiro Carro,AVV de Sant Marcel·lí,av-sant-marcelli,av,castellano,multi_barri,Sant Marcel.Li|La Torre,Jesús|Poblats del Sud,serveis_publics|urbanisme|drets_i_igualtat,serveis_publics:salut|urbanisme:espai_public|drets_i_igualtat:drets_humans,3|14|19,300|1401|1906,"Vecina de Sant Marcel·lí exige un nuevo centro de salud en Sociópolis con médicos fijos, y denuncia el abandono de La Torre frente al centro de la ciudad.","Veïna de Sant Marcel·lí exigeix un nou centre de salut a Sociòpolis amb metges fixos, i denuncia l'abandó de La Torre front al centre de la ciutat."
2025-04-11-3-010,2025-04-11-3,2025-04-11,2023-2027,Cintia Sancanuto Chardí,AV del Palmar,av-del-palmar,av,valenciano,multi_barri,La Torre|Faitanar|Castellar-L'Oliveral|El Forn D'Alcedo|Pinedo|El Saler|El Palmar|El Perellonet,Poblats del Sud,medi_ambient|urbanisme|serveis_publics|participacio|drets_i_igualtat,medi_ambient:emergencies_climatiques|medi_ambient:dana_2024|urbanisme:espai_public|serveis_publics:seguretat|participacio:participacio|participacio:transparencia|drets_i_igualtat:drets_humans,7|10|14|20,711|1001|1403|2000|1401,"Cintia Sancanuto denuncia el abandono sistemático de los pueblos del sur de Valencia ante la dana, exigiendo justicia, servicios básicos, participación ciudadana vinculante y un modelo urbano que priorice a las personas sobre intereses económicos y turísticos.","Cintia Sancanuto denuncia l'abandó sistemàtic dels pobles del sud de València davant la dana, exigint justícia, serveis bàsics, participació ciutadana vinculant i un model urbà que prioritze les persones sobre interessos econòmics i turístics."
2025-04-11-3-106,2025-04-11-3,2025-04-11,2023-2027,Jorge Guillot Artés,Asociación Cultural Cruces de Mayo La Torre,cruces-mayo-la-torre,cultural,castellano,barri,Benimamet,Poblats de l'Oest,medi_ambient|urbanisme|serveis_publics,medi_ambient:contaminacio|urbanisme:espai_public|serveis_publics:esports,7|14|15,705|1401|1526,"Vecino de Sociópolis reconoce mejoras recientes en limpieza pero denuncia la lentitud del Consorcio para habilitar ascensores y garajes, y pide apostar por el futuro del barrio.","Veí de Sociòpolis reconeix millores recents en neteja però denuncia la lentitud del Consorci per a habilitar ascensors i garatges, i demana apostar pel futur del barri."
2025-04-11-3-105,2025-04-11-3,2025-04-11,2023-2027,Ikram Boulghoudan,Jóvenes hacia la Solidaridad y el Desarrollo,jovesolides,ong,castellano,no_especificat,,,drets_i_igualtat|medi_ambient|participacio,drets_i_igualtat:interculturalitat_i_antiracisme|drets_i_igualtat:drets_humans|medi_ambient:dana_2024|participacio:transparencia,2|7|19|20,202|711|1906|2000,"Exige la regularización inmediata de personas migrantes afectadas por la DANA, denuncia los discursos de odio y reivindica el papel de las entidades migrantes en la reconstrucción.","Exigeix la regularització immediata de persones migrants afectades per la DANA, denuncia els discursos d'odi i reivindica el paper de les entitats migrants en la reconstrucció."
2025-04-11-3-008,2025-04-11-3,2025-04-11,2023-2027,Daniel Sancho Tos,Discóbolo La Torre Atlétic Club,discobol-la-torre-atletc-club,esportiu,castellano,barri,La Torre,Poblats del Sud,serveis_publics|medi_ambient|cultura,serveis_publics:esports|medi_ambient:dana_2024|cultura:associacionisme,7|13|15,1526|711|1305,"El director deportivo del Discóbolo La Torre expresa gratitud por la rápida reconstrucción del campo de fútbol tras la DANA, destacando su valor como herramienta de integración, inclusión y alegría para los niños del barrio.","El director esportiu del Discóbolo La Torre expressa agraïment per la reconstrucció ràpida del camp de futbol després de la DANA, destacant el seu valor com a eina d'integració, inclusió i alegria per als xiquets del barri."
2025-04-11-3-104,2025-04-11-3,2025-04-11,2023-2027,Andrés Eduardo Valverde Gil,Associació Cuidem la Raïosa,cuidem-la-raiosa,av,castellano,barri,La Raiosa,Jesús,urbanisme|drets_i_igualtat|medi_ambient,urbanisme:habitatge|drets_i_igualtat:drets_humans|medi_ambient:dana_2024,7|14|19,1400|1406|1911|711,"Vecino migrante de La Torre denuncia la crisis de vivienda agravada por la DANA, la imposibilidad de competir en el mercado inmobiliario y la ineficacia de las solicitudes de vivienda social.","Veí migrant de La Torre denuncia la crisi d'habitatge agreujada per la DANA, la impossibilitat de competir al mercat immobiliari i la ineficàcia de les sol·licituds d'habitatge social."
2025-04-11-3-007,2025-04-11-3,2025-04-11,2023-2027,Nadia Tabib Chouitar,Jóvenes hacia la Solidaridad y el Desarrollo / Casa Marruecos,jovesolides,ong,castellano,ciutat,,,medi_ambient|drets_i_igualtat|participacio,medi_ambient:dana_2024|drets_i_igualtat:interculturalitat_i_antiracisme|drets_i_igualtat:drets_humans|participacio:participacio,7|9|14|19,711|1906|900|1401,"Nadia Tabib Chouitar, representante de Casa Marruecos, denuncia la falta de reconocimiento institucional y la estigmatización de la población migrante tras la dana, destacando el trabajo de autoorganización de entidades migrantes que proporcionaron ayuda sin recursos ni apoyo oficial.","Nadia Tabib Chouitar, representant de Casa Marruecos, denuncia la falta de reconeixement institucional i l'estigmatització de la població migrant tras la dana, destacant el treball d'autoorganització d'entitats migrants que proporcionaren ajuda sense recursos ni suport oficial."
2025-04-11-3-103,2025-04-11-3,2025-04-11,2023-2027,Mª Isabel Collado Villagrasa,Associació Cuidem la Raïosa,cuidem-la-raiosa,av,castellano,multi_barri,La Torre|El Grau,Poblats Marítims|Poblats del Sud|Quatre Carreres,medi_ambient|mobilitat|serveis_publics|urbanisme|cultura,medi_ambient:dana_2024|mobilitat:transport_public|serveis_publics:educacio|serveis_publics:esports|urbanisme:habitatge|cultura:patrimoni_cultural,6|7|10|14|15,711|1001|1400|600|1526,"Vecina de La Torre denuncia el abandono de las pedanías del sur tras la DANA, la falta de coordinación en la gestión de ayudas, y reclama transporte, viviendas asequibles, centro cultural y deportivo.","Veïna de La Torre denuncia l'abandó de les pedanies del sud després de la DANA, la falta de coordinació en la gestió d'ajudes, i reclama transport, vivendes assequibles, centre cultural i esportiu."
2025-04-11-3-006,2025-04-11-3,2025-04-11,2023-2027,Norman Ortells Miragall,Associació de Veïns de la Torre,av-la-torre,av,mixt,multi_barri,La Torre|Faitanar,Poblats del Sud,participacio|serveis_publics|medi_ambient,participacio:participacio|participacio:processos_participatius|participacio:transparencia|serveis_publics:serveis_socials|serveis_publics:educacio|medi_ambient:dana_2024,7|13|20,2000|2015|1300|711,"Norman Ortells, portaveu de l'AVV de la Torre, critica la falta de participació real, el retard en les promeses (biblioteca i centre de serveis socials), i l'incompliment del compromís sobre els fons EDIL Dana. Denuncia que sis mesos després de la tragèdia les coses no han avansat i reclama accions constructives.","Norman Ortells, portaveu de l'AVV de la Torre, critica la falta de participació real, el retard en les promeses (biblioteca i centre de serveis socials), i l'incompliment del compromís sobre els fons EDIL Dana. Denuncia que sis mesos després de la tragèdia les coses no han avansat i reclama accions constructives."
2025-04-11-3-102,2025-04-11-3,2025-04-11,2023-2027,Maria Aniuska Dolz Sánchez,AMPA CP Padre Manjón,ampa-cp-padre-manjón,educacio,castellano,barri,La Torre,Poblats del Sud,medi_ambient|serveis_publics|participacio,medi_ambient:emergencies_climatiques|medi_ambient:dana_2024|serveis_publics:educacio|serveis_publics:salut|participacio:participacio|participacio:transparencia,3|6|7|20,711|331|2000|602,"Representante del AMPA del CP Padre Manjón denuncia que seis meses después de la DANA nada ha cambiado en La Torre, exige inversiones reales y acciones preventivas ante futuras riadas.","Representant de l'AMPA del CP Pare Manjón denuncia que sis mesos després de la DANA res ha canviat a La Torre, exigeix inversions reals i accions preventives davant futures riuades."
2025-04-11-3-005,2025-04-11-3,2025-04-11,2023-2027,Elvira Puchades Ridaura,AV del Palmar,av-del-palmar,av,castellano,multi_barri,La Torre|El Palmar|El Perellonet|Pinedo|Castellar-L'Oliveral|El Forn D'Alcedo|Faitanar,Poblats del Sud,medi_ambient|serveis_publics|participacio,medi_ambient:dana_2024|serveis_publics:serveis_socials|participacio:participacio,7|13|14|19,711|1401|1305|1906,"Elvira Puchades, vecina de La Torre, critica la falta de respuesta del Ayuntamiento tras la DANA, denunciando que las pedanías del sur reciben trato de ciudadanos de segunda categoría y que las medidas adoptadas son insuficientes, mientras reclama igualdad de derechos.","Elvira Puchades, veïna de La Torre, critica la falta de resposta de l'Ajuntament després de la DANA, denunciant que les pedanies del sud reben tracte de ciutadans de segona categoria i que les mesures adoptades són insuficients, mentre reclama igualtat de drets."
2025-04-11-2-005,2025-04-11-2,2025-04-11,2023-2027,José A. Barba,AV Nazaret Unido,asociacion-vecinos-nazaret-unido,av,castellano,barri,Natzaret,Poblats Marítims,urbanisme|mobilitat|drets_i_igualtat,urbanisme:espai_public|mobilitat:transit|drets_i_igualtat:drets_humans,10|14|19,1002|1401|1906,"Exige al Gobierno de España un compromiso firme con el soterramiento de las vías de Serrería, denunciando el aislamiento crónico del barrio de Nazaret y reclamando igualdad de trato respecto a otras ciudades.","Exigeix al Govern d'Espanya un compromís ferm amb el soterrament de les vies de Serreria, denunciant l'aïllament crònic del barri de Natzaret i reclamant igualtat de tracte respecte a altres ciutats."
2025-04-11-2-004,2025-04-11-2,2025-04-11,2023-2027,Cristóbal Aguado Sanchis,AV la Petxina,av-la-petxina,av,valenciano,multi_barri,Penya-Roja|Natzaret,Camins al Grau|Poblats Marítims,urbanisme|mobilitat,urbanisme:espai_public|mobilitat:mobilitat_activa|mobilitat:transit,7|10|14,1403|1002|1010|705,"Felicita a la alcaldesa por defender el soterramiento de Serrería pero exige coherencia: pide aplicar los mismos principios de desarrollo urbano sostenible para eliminar el túnel de Pérez Galdós, advirtiendo del riesgo de perder fondos europeos.","Felicita l'alcaldessa per defensar el soterrament de Serreria però exigeix coherència: demana aplicar els mateixos principis de desenvolupament urbà sostenible per a eliminar el túnel de Pérez Galdós, advertint del risc de perdre fons europeus."
2025-04-11-2-003,2025-04-11-2,2025-04-11,2023-2027,Rosario González Rodríguez,AV Abastos-Finca Roja,av-abastos-finca-roja,av,castellano,multi_barri,Abastos-Finca Roja,Extramurs|L'Eixample,urbanisme|medi_ambient|participacio,urbanisme:espai_public|medi_ambient:contaminacio|participacio:participacio,7|10|20,1002|705|2000,"Reclama una ciudad más social y preocupada por el medio ambiente y los vecinos, apoyando la eliminación del túnel de Pérez Galdós y solidarizándose con los vecinos de Serrería.","Reclama una ciutat més social i preocupada pel medi ambient i els veïns, recolzant l'eliminació del túnel de Pérez Galdós i solidaritzant-se amb els veïns de Serreria."
2025-04-11-3-101,2025-04-11-3,2025-04-11,2023-2027,Manuel Folgado Pedrós,Associació Cultural i de Consumidors Patraix,associacio-cultural-consumidors-patraix,cultural,castellano,barri,Faitanar,Poblats del Sud,economia|medi_ambient|serveis_publics,economia:agricultura|medi_ambient:zones_verdes|medi_ambient:dana_2024|serveis_publics:serveis_socials,4|7|14,400|709|711|1401,"Vecino de Faitanar denuncia la degradación de la huerta tras la DANA, la falta de riego, agua potable, alcantarillado, iluminación y presencia policial, y pide integrar actividades que acerquen la ciudad a la huerta.","Veí de Faitanar denuncia la degradació de l'horta després de la DANA, la falta de reg, aigua potable, clavegueram, il·luminació i presència policial, i demana integrar activitats que acosten la ciutat a l'horta."
2025-04-11-2-002,2025-04-11-2,2025-04-11,2023-2027,Miguel Sánchez Valdés,Asociación Vecinal La Roqueta,associacio-veinal-roqueta,av,mixt,multi_barri,La Roqueta,Extramurs,urbanisme|mobilitat|medi_ambient,urbanisme:espai_public|mobilitat:transit|mobilitat:mobilitat_activa|medi_ambient:emergencies_climatiques|medi_ambient:dana_2024,7|10,1002|1010|705|711,"Miguel Sánchez, presidente de la AV La Roqueta, critica la falta de coordinación institucional respecto a las infraestructuras de la ciudad, especialmente los túneles de Serrería, Pérez Galdós-Giorgeta y Guillén de Castro, pidiendo documentos vinculantes para garantizar su eliminación en lugar de convertirlos en moneda política.","Miguel Sánchez, president de l'AV La Roqueta, critica la falta de coordinació institucional respecte a les infraestructures de la ciutat, especialment els túnels de Serreria, Pérez Galdós-Giorgeta i Guillén de Castro, demanant documents vinculants per garantir la seua eliminació en lloc de convertir-los en moneda política."
2025-04-11-3-001,2025-04-11-3,2025-04-11,2023-2027,Ana Juana Broncano López,Asociación TDAH MAS 16 València,asociacion-tdah-mas-16,ong,castellano,barri,La Torre,Poblats del Sud,cultura|serveis_publics|persones,cultura:associacionisme|serveis_publics:educacio|serveis_publics:esports|persones:joventut|persones:gent_major,6|13|15|23,2300|1526|600|1303,"Vecina de La Torre denuncia la nefasta gestión municipal tras la DANA, reclama un centro cultural, escuela infantil municipal y piscina municipal para el barrio, y exige que la alcaldesa atienda las necesidades de los ciudadanos.","Veïna de La Torre denuncia la nefasta gestió municipal després de la DANA, reclama un centre cultural, escola infantil municipal i piscina municipal per al barri, i exigeix que l'alcaldessa atenga les necessitats dels ciutadans."
2025-04-11-2-001,2025-04-11-2,2025-04-11,2023-2027,Fernando Argente,Plataforma Vecinal Barrio Penya-roja / Asociación de Vecinos de Penya-roja,plataforma-vecinal-penyaroja,plataforma,castellano,multi_barri,Penya-Roja|El Grau|Cabanyal-Canyamelar|La Punta,Camins al Grau|Poblats Marítims|Quatre Carreres,urbanisme|mobilitat|participacio,urbanisme:espai_public|mobilitat:transit|participacio:transparencia,10|14|20,1002|1401|2000,"Representante de la Asociación de Vecinos de Penya-roja reclama la urgente reanudación del soterramiento de las vías de Serrería, una obra comprometida hace 33 años que divide los barrios de Penya-roja, Grao y Nazaret. Solicita transparencia en los estudios técnicos, compromiso político firme entre Ayuntamiento y Ministerio, y respeto a los vecinos.","Representant de l'Associació de Veïns de Penya-roja reclama la reanudació urgent del soterrament de les vies de Serreria, una obra comprometida fa 33 anys que divideix els barris de Penya-roja, Grao i Nazaret. Sollicita transparència en els estudis tècnics, compromís polític ferm entre Ajuntament i Ministeri, i respecte als veïns."
2025-04-11-3-100,2025-04-11-3,2025-04-11,2023-2027,Ramón Roberto Expósito Marco,Per l'Horta,per-horta,av,valenciano,multi_barri,La Torre|Faitanar,Poblats del Sud,medi_ambient|mobilitat|economia|serveis_publics,medi_ambient:dana_2024|mobilitat:transit|economia:agricultura|serveis_publics:seguretat,4|7|10|12,711|1002|1201|405,"Labrador de Faitanar denuncia la devastación de la DANA, la falta de agua potable, alcantarillado, presencia policial y riego seis meses después, y pregunta por qué el Ayuntamiento no forma parte de la Plataforma por el Soterramiento de las vías.","Llaurador de Faitanar denuncia la devastació de la DANA, la falta d'aigua potable, clavegueram, presència policial i reg sis mesos després, i pregunta per què l'Ajuntament no forma part de la Plataforma pel Soterrament de les vies."
2025-02-25-004,2025-02-25,2025-02-25,2023-2027,"José Casermeiro Castro, Bernardo Marcos Pastor",FAMPA València,fampa-valencia,educacio,mixt,ciutat,,,serveis_publics|drets_i_igualtat|participacio,serveis_publics:educacio|drets_i_igualtat:drets_linguistics|participacio:consells_sectorials,2|6|20,600|207|2000,"FAMPA València se opone a votar sobre la lengua vehicular en las escuelas públicas, considerando que el sistema actual de enseñanza bilingüe funciona correctamente y permite a los alumnos competencias similares en valenciano y castellano.","FAMPA València s'oposa a votar sobre la llengua vehicular a les escoles públiques, considerant que el sistema actual d'ensenyança bilingüe funciona correctament i permet als alumnes competències similars en valencià i castellà."
2025-02-25-003,2025-02-25,2025-02-25,2023-2027,"Clodoaldo Roldán, Josep Benlloch, Lucía Senabre",Associació de Veïns de Campanar,avv-campanar,av,castellano,barri,Campanar|Les Tendetes|El Calvari|Sant Pau,Campanar,urbanisme|serveis_publics|cultura,urbanisme:espai_public|serveis_publics:educacio|serveis_publics:esports|cultura:associacionisme,6|14|15|23,2300|600|1526|1401,La Asociación de Vecinos de Campanar reclama la creación de un centro cívico municipal y un centro de Universidad Popular para paliar el déficit de infraestructuras culturales y educativas del barrio.,L'Associació de Veïns de Campanar reclama la creació d'un centre cívic municipal i un centre de Universitat Popular per a pal·liar el dèficit d'infraestructures culturals i educatives del barri.
2025-02-25-002,2025-02-25,2025-02-25,2023-2027,José Manuel Felisi Herrero,Asociación Mesura,plataforma-valencia-aire,plataforma,mixt,ciutat,,,mobilitat|medi_ambient|economia,mobilitat:transit|mobilitat:zbe|medi_ambient:contaminacio|economia:comerc_ocupacio,7|10|15,1002|705|1010|1526,"Representante de Asociación Mesura presenta análisis de incremento de tráfico y contaminación en València, y propone cuatro medidas concretas: crear comisión de seguimiento de la zona de bajas emisiones, coordinar con MITECO, establecer aranceles portuarios y priorizar estacionamiento para residentes locales.","Representant d'Associació Mesura presenta anàlisi de l'increment de trànsit i contaminació a València, i proposa quatre mesures concretes: crear comissió de seguiment de la zona de baixes emissions, coordinar amb MITECO, establir aranzels portuaris i prioritzar l'estacionament per a residents locals."
2025-02-25-001,2025-02-25,2025-02-25,2023-2027,Fernando del Molino Écija,Federació Sindical del Taxi de València,federacio-taxi,empresa,castellano,ciutat,,,mobilitat|economia|participacio,mobilitat:transport_public|economia:comerc_ocupacio|participacio:participacio,10|15,1001|1521,"El representante del sector del taxi solicita que el Ayuntamiento traslade la regulación de la LOTT para que las VTC solo realicen transporte interurbano, exigiendo un concurso público para las licencias urbanas y evitando que empresas externas se lleven beneficios, protegiéndose así este servicio público de interés general.","El representant del sector del taxi sol·licita que l'Ajuntament traslade la regulació de la LOTT perquè les VTC només realitzen transports interurbans, exigint un concurs públic per a les llicències urbanes i evitant que empreses externes es duen beneficis, protegint-se així aquest servei públic d'interès general."
2025-01-28-011,2025-01-28,2025-01-28,2023-2027,Norman Ortells Miragall,Associació de Veïns de la Torre,av-la-torre,av,valenciano,multi_barri,La Torre|Pinedo|El Palmar|El Perellonet|Castellar-L'Oliveral|El Saler,Poblats del Sud|Quatre Carreres,mobilitat|medi_ambient|participacio,mobilitat:transport_public|medi_ambient:dana_2024|participacio:participacio,7|10|13,1001|711|1305,"El representante de la Asociación de Vecinos de La Torre critica la insuficiencia de frecuencias en transporte público, especialmente en la línea 27, y cuestiona la limitación de 60 viajes mensuales de la tarjeta EMT con tu. Propone una nueva línea transversal que conecte los pueblos del sur de la ciudad desde Pinedo hasta el intercambiador de Valencia Sur.","El representant de l'Associació de Veïns de la Torre critica la insuficiència de freqüències en transport públic, especialment en la línia 27, i qüestiona la limitació de 60 viatges mensuals de la targeta EMT amb tu. Proposa una nova línia transversal que connecte els pobles del sud de la ciutat des de Pinedo fins a l'intercanviador de València Sud."
2025-01-28-010,2025-01-28,2025-01-28,2023-2027,Norman Ortells Miragall,Associació de Veïns de la Torre,av-la-torre,av,valenciano,multi_barri,La Torre|El Palmar|Sant Isidre|La Fontsanta,L'Olivereta|Patraix|Poblats del Sud,urbanisme|medi_ambient|participacio,urbanisme:habitatge|medi_ambient:dana_2024|participacio:participacio,7|14,1400|1406|1409|711,"El representante de la Asociación de Vecinos de la Torre demanda un estudio integral de las necesidades de vivienda en el barrio, especialmente en plantas bajas con condiciones infrahumanas, y critica la falta de ayudas económicas directas del Ayuntamiento para realojamientos y rehabilitación tras la DANA.","El representant de l'Associació de Veïns de la Torre reclama un estudi integral de les necessitats d'habitatge al barri, especialment en plantes baixes amb condicions infrahumanes, i critica la falta d'ajudes econòmiques directes de l'Ajuntament per a realojaments i rehabilitació després de la DANA."
2025-01-28-009,2025-01-28,2025-01-28,2023-2027,Antonio Puchades Cuevas,Associació Veïnal Arrancapins-La Petxina,av-la-petxina,av,valenciano,multi_barri,La Petxina|Nou Moles,Extramurs|L'Olivereta,serveis_publics|cultura|participacio,serveis_publics:esports|cultura:associacionisme|participacio:participacio,13|15,1526|1305,"La Asociación Vecinal de La Petxina solicita la reapertura inmediata del Complex Esportiu Cultural Petxina, cerrado por obras de reparación de la cubierta de la piscina, destacando que las salas de fitness no fueron afectadas y que la falta de planificación ha dejado el centro sin gestión.","L'Associació Veïnal de la Petxina sol·licita la reobertura immediata del Complex Esportiu Cultural Petxina, tancat per obres de reparació de la coberta de la piscina, destacant que les sales fitness no van ser afectades i que la falta de planificació ha deixat el centre sense gestió."
2025-01-28-008,2025-01-28,2025-01-28,2023-2027,Pilar Martínez Escot,Plataforma Orriols en Lucha,plataforma-orriols-en-lucha,plataforma,castellano,barri,Els Orriols,Rascanya,serveis_publics|urbanisme|drets_i_igualtat,serveis_publics:educacio|serveis_publics:salut|serveis_publics:serveis_socials|serveis_publics:seguretat|serveis_publics:esports|urbanisme:espai_public|urbanisme:habitatge|drets_i_igualtat:diversitat|drets_i_igualtat:interculturalitat_i_antiracisme,6|12|13|14|15,1304|1401|1201|1526|602|1303,"Representante de la Plataforma Orriols en Lucha denuncia incumplimiento de promesas municipales en temas de servicios sociales, urbanismo, seguridad y cierre prolongado del polideportivo, reclamando igualdad de servicios y dignidad para el barrio.","La representant de la Plataforma Orriols en Lluita denuncia l'incompliment de promeses municipals en temes de serveis socials, urbanisme, seguretat i el tancament prolongat del poliesportiu, reclamant igualtat de serveis i dignitat per al barri."
2025-01-28-007,2025-01-28,2025-01-28,2023-2027,Miguel Minguet Gimeno,AVA-ASAJA,ava-asaja,altres,valenciano,multi_barri,Castellar-L'Oliveral|La Torre|El Forn D'Alcedo,Poblats del Sud,economia|medi_ambient|participacio,economia:agricultura|medi_ambient:dana_2024|participacio:participacio,4|7|14,400|711|1403,"Un agricultor de Castellar perteneciente a AVA-ASAJA solicita al Ayuntamiento que no abandone el sector agrícola tras la dana, criticando la Ley de la Huerta por ser impuesta y burocrática, y demandando acciones decididas e inmediatas para preservar la Huerta de Valencia y la Albufera.","Un llaurador de Castellar d'AVA-ASAJA demana a l'Ajuntament que no abandone el sector agrícola després de la dana, criticant la Llei de l'Horta per imposada i burocràtica, i sol·licitant accions decidides i immediates per a preservar l'Horta de València i l'Albufera."
2025-01-28-006,2025-01-28,2025-01-28,2023-2027,Francisco Arce Ortega,AVA-ASAJA (Associació Valenciana de Llauradors),ava-asaja,altres,valenciano,barri,Castellar-L'Oliveral,Poblats del Sud,economia|medi_ambient|participacio,economia:agricultura|medi_ambient:dana_2024|participacio:participacio,4|7|13,400|711|1305,"El representante de AVA-ASAJA solicita la revisión de la Ley de la Huerta Protegida de 2018, alegando que ha perjudicado a los agricultores y que el 75% de la huerta en Castellar-l'Oliveral está abandonada, situación agravada por los daños de la dana.","El representant d'AVA-ASAJA sol·licita la revisió de la Llei de l'horta protegida de 2018, adduint que ha perjudicat els llauradors i que el 75% de l'horta a Castellar-l'Oliveral està abandonada, situació agravada pels danys de la dana."
2025-01-28-005,2025-01-28,2025-01-28,2023-2027,Jorge Guillot Artes,Asociación Cultural Cruces de Mayo – La Torre,cruces-mayo-la-torre,cultural,castellano,barri,La Torre,Poblats del Sud,medi_ambient|economia|serveis_publics,medi_ambient:dana_2024|economia:pressupostos|serveis_publics:seguretat,7|12|14,711|1200|1403,Representante de la Asociación Cultural Cruces de Mayo de La Torre agradece el apoyo municipal en la emergencia pero denuncia los problemas de comunicación del Consorcio y la falta de agilidad en la devolución de bienes y compensaciones económicas a los ciudadanos afectados por la dana.,Representant de l'Associació Cultural Cruces de Mayo de La Torre agraeix el suport municipal en l'emergència però denuncia els problemes de comunicació del Consorci i la falta d'agilitat en la devolució de béns i compensacions econòmiques als ciutadans afectats per la dana.
2025-01-28-004,2025-01-28,2025-01-28,2023-2027,Piedad Ruiz,San Juan de Dios-Servicios Sociales,san-juan-de-dios-servicios-sociales,ong,castellano,barri,La Torre,Poblats del Sud|Quatre Carreres,serveis_publics|medi_ambient|cultura,serveis_publics:serveis_socials|medi_ambient:dana_2024|cultura:associacionisme,7|13,1300|711|1305,"Piedad Ruiz destaca la labor del Ayuntamiento de València en la respuesta a la riada del 29 de octubre de 2024 en La Torre, incluyendo la distribución de alimentos (26.000 raciones), asistencia domiciliaria, reparto de productos de limpieza y coordnación con servicios sociales y organizaciones. Agradece el despliegue de medios y la presencia continua de la administración en la recuperación de la pedanía.","Piedad Ruiz destaca la labor de l'Ajuntament de València en la resposta a la riuada del 29 d'octubre de 2024 a La Torre, inclosa la distribució d'aliments (26.000 racions), assistència domiciliària, repartiment de productes de neteja i coordinació amb serveis socials i organitzacions. Agraeix el desplegament de mitjans i la presència contínua de l'administració en la recuperació de la pedania."
2025-01-28-003,2025-01-28,2025-01-28,2023-2027,Rocío Teófila Sáez Yáñez,AV Forn d'Alcedo,associacio-veins-forn-alcedo,av,castellano,barri,El Forn D'Alcedo,Poblats del Sud,urbanisme|medi_ambient|mobilitat,urbanisme:espai_public|urbanisme:habitatge|medi_ambient:dana_2024|medi_ambient:contaminacio|mobilitat:mobilitat_activa|mobilitat:transport_public,7|10|14,711|705|1010|1001|1403|1406,"La representante de la pedanía de Forn d'Alcedo denuncia que el 85% del presupuesto de reconstrucción de 3.970.542 euros se destina al polígono industrial, dejando solo el 15% para el resto de la pedanía, y reclama reivindicaciones irrenunciables como una pasarela hacia Malilla, paralización de la ampliación industrial y solución de drenajes en muros que causaron inundaciones.","La representant de la pedania de Forn d'Alcedo denúncia que el 85% del pressupost de reconstrucció de 3.970.542 euros es destina al polígon industrial, deixant només el 15% per al rest de la pedania, i reclama reivindicacions irrenunciables com una passarel·la cap a Malilla, paralització de l'ampliació industrial i solució de drenatges en murs que varen causar inundacions."
2025-01-28-002,2025-01-28,2025-01-28,2023-2027,Norman Ortells Miragall,AV La Torre,av-la-torre,av,valenciano,multi_barri,La Torre|Faitanar,Poblats del Sud,participacio|medi_ambient|serveis_publics,participacio:participacio|participacio:processos_participatius|medi_ambient:contaminacio|serveis_publics:seguretat,7|13|14|20,2000|1401|705|1305,"El portavoz de la AV La Torre denuncia insultos recibidos por la presidenta y él mismo, defiende el trabajo de la asociación como intermediaria entre vecinos y administración, y propone la creación de comités de seguimiento con comunicación fluida para mejorar la gestión del barrio, presentando como ejemplo un proyecto de cartografía de parcelas para identificar problemas de residuos.","El portaveu de l'AV La Torre denuncia els insults rebuts per la presidenta i ell mateix, defensa la tasca de l'associació com a intermediaria entre veïns i administració, i proposa la creació de comitès de seguiment amb comunicació fluida per a millorar la gestió del barri, presentant com a exemple un projecte de cartografia de parcel·les per a identificar problemes de residus."
2025-01-28-001,2025-01-28,2025-01-28,2023-2027,Isabel Valentín Pedro,Associació de Veïns de Torrefiel,associacio-veins-torrefiel,av,valenciano,barri,Torrefiel,Rascanya,urbanisme|serveis_publics|medi_ambient,urbanisme:espai_public|urbanisme:habitatge|serveis_publics:educacio|serveis_publics:salut|serveis_publics:esports|medi_ambient:zones_verdes,7|10|14|15,1403|1001|1526|709,"La Asociación de Vecinos de Torrefiel se opone a la construcción de torres de 15, 10 y 9 plantas en las parcelas destinadas a espacios verdes, considerando que causaría masificación, especulación inmobiliaria y falta de accesibilidad en viviendas, además de cuestionar la ubicación del nuevo campo de fútbol.","L'Associació de Veïns de Torrefiel s'oposa a la construcció de torres de 15, 10 i 9 altures en les parcel·les destinades a espais verds, considerant que causaria massificació, especulació immobiliària i falta d'accessibilitat en habitatges, a més de qüestionar la ubicació del nou camp de futbol."
2024-12-20-006,2024-12-20,2024-12-20,2023-2027,José María López Faus,Associació de Veïns de Sant Marcel·lí,av-sant-marcelli,av,mixt,multi_barri,Sant Marcel.Li|El Palmar|Faitanar,Jesús|Poblats del Sud,medi_ambient|serveis_publics|urbanisme,medi_ambient:dana_2024|serveis_publics:seguretat|serveis_publics:serveis_socials|urbanisme:espai_public,7|12|13|14,711|1401|1304|1200,"El representante del barrio de Sant Jordi denuncia el abandono total de las instituciones tras la DANA, la falta de ayuda de emergencia y las deficiencias crónicas en infraestructuras básicas como agua potable y alcantarillado, exigiendo atención inmediata a un barrio que califica de invisible y olvidado.","El representant del barri de Sant Jordi denuncia l'abandó total de les institucions després de la DANA, la manca d'ajuda d'emergència i les deficiències cròniques en infraestructures bàsiques com aigua potable i clavegueram, exigint atenció immediata a un barri que qualifica d'invisible i oblidat."
2024-12-20-005,2024-12-20,2024-12-20,2023-2027,Norman Ortells Miragall,Associació de Veïns de la Torre,av-la-torre,av,valenciano,multi_barri,La Torre|Faitanar|El Forn D'Alcedo|Castellar-L'Oliveral,Poblats del Sud,medi_ambient|participacio|serveis_publics,medi_ambient:dana_2024|participacio:transparencia|serveis_publics:seguretat|serveis_publics:salut|serveis_publics:educacio,7|10|14|20,711|2000|1401|1002,"El representante de los vecinos de La Torre denuncia la gestión deficiente de la emergencia por el desastre natural del 29 de octubre, la falta de comunicación y transparencia por parte del Ayuntamiento, y exige un plan integral de recuperación que mejore las infraestructuras, servicios y seguridad del barrio.","El representant dels veïns de la Torre denuncia la mala gestió de l'emergència del 29 d'octubre, la falta de comunicació i transparència per part de l'Ajuntament, i exigeix un pla integral de recuperació que millore les infraestructures, serveis i seguretat del barri."
2024-12-20-004,2024-12-20,2024-12-20,2023-2027,Manuel Folgado Pedrós,Associació TDAH MAS 16 València,asociacion-tdah-mas-16,ong,castellano,multi_barri,La Torre|El Palmar|El Perellonet|Faitanar|Castellar-L'Oliveral,Poblats del Sud,medi_ambient|mobilitat|serveis_publics,medi_ambient:dana_2024|mobilitat:transport_public|serveis_publics:seguretat,4|7|10|12,711|400|1001|1201,"Un vecino de la Huerta Sur de València reclama atención a los daños causados por la dana en su zona, incluyendo problemas de riego, infraestructuras agrícolas, falta de transporte público, iluminación y presencia policial. Solicita la reconstrucción de la huerta con espíritu de conservación del paisaje cultural y valor ambiental.","Un veí de la Huerta Sud de València reclama atenció als danys causats per la dana en la seua zona, incloent problemes de reg, infraestructures agrícoles, falta de transport públic, il·luminació i presència policial. Solicita la reconstrucció de la huerta amb esperit de conservació del paisatge cultural i valor ambiental."
2024-12-20-003,2024-12-20,2024-12-20,2023-2027,Solange Godoy,FAMPA València,fampa-valencia,educacio,castellano,ciutat,,,serveis_publics|drets_i_igualtat|participacio,serveis_publics:educacio|drets_i_igualtat:drets_humans|participacio:processos_participatius,6|7|13|20,602|1304|711|2004,"FAMPA València demanda medidas urgentes para la recuperación educativa tras la emergencia, incluyendo apoyo psicológico, refuerzo escolar y recursos materiales para los centros afectados, denunciando la apertura de escuelas sin certificados de seguridad y la ausencia de liderazgo político.","FAMPA València exigeix mesures urgents per a la recuperació educativa després de l'emergència, inclosos suport psicològic, reforç escolar i recursos materials per als centres afectats, denunciant l'obertura d'escoles sense certificats de seguretat i l'absència de lideratge polític."
2024-12-20-002,2024-12-20,2024-12-20,2023-2027,Francisco Javier Tamames Alsina,FAMPA València,fampa-valencia,educacio,castellano,multi_barri,Castellar-L'Oliveral|El Forn D'Alcedo|La Torre,Poblats del Sud,serveis_publics|medi_ambient|drets_i_igualtat,serveis_publics:educacio|medi_ambient:dana_2024|drets_i_igualtat:drets_humans,6|7|13|14,602|711|1304|1406,"FAMPA València denuncia las graves deficiencias en las condiciones de seguridad y recursos en los centros educativos de las zonas afectadas por la dana, exigiendo al Ayuntamiento movilizar recursos para material escolar, apoyo psicológico y refuerzo educativo.","FAMPA València denuncia les greus deficiències en les condicions de seguretat i recursos als centres educatius de les zones afectades per la dana, exigint a l'Ajuntament mobilitzar recursos per a material escolar, suport psicològic i reforç educatiu."
2024-12-20-001,2024-12-20,2024-12-20,2023-2027,Mª Amparo Puchades Giner,AV Castellar-l'Oliveral,av-castellar-loliveral,av,mixt,multi_barri,Castellar-L'Oliveral|La Torre|El Forn D'Alcedo,Poblats del Sud,medi_ambient|urbanisme|participacio,medi_ambient:emergencies_climatiques|medi_ambient:dana_2024|urbanisme:espai_public|participacio:participacio|participacio:processos_participatius|participacio:transparencia,7|14|20,711|1403|2000|2015,"La representante de la AV Castellar-l'Oliveral expone las vulnerabilidades de los barrios afectados por la Dana y solicita la actualización participativa de planes de emergencia, normativas urbanísticas y de inundaciones, así como mejora integral de servicios y planificación territorial coherente.","La representant de l'AV Castellar-l'Oliveral exposa les vulnerabilitats dels barris afectats per la Dana i sol·licita l'actualització participativa de plans d'emergència, normatives urbanístiques i d'inundacions, així com millora integral de serveis i planificació territorial coherent."
2024-11-19-001,2024-11-19,2024-11-19,2023-2027,Marcos Pla Sáez,Associació Acció Ecologista-Agró,accio-ecologista-agro,plataforma,valenciano,multi_barri,Rafalell-Vistabella,Poblats Marítims|Poblats del Nord,medi_ambient|serveis_publics|economia,medi_ambient:zones_verdes|serveis_publics:educacio|economia:pressupostos,6|7|20,709|600|2000,"Marcos Pla Sáez, en representación de Acció Ecologista-Agró, cuestiona la eliminación de una subvención de 47.500 euros anuales destinada a un convenio de colaboración para la gestión del tancat de la Pipa en el Parque Natural de la Albufera, que ha permitido realizar actividades educativas y de sensibilización ambiental durante siete años, y que ahora se transforma en una única subvención nominativa para SEO BirdLife sin comunicación previa.","Marcos Pla Sáez, en representació d'Acció Ecologista-Agró, qüestiona l'eliminació d'una subvenció de 47.500 euros anuals destinada a un conveni de col·laboració per a la gestió del tancat de la Pipa al Parc Natural de l'Albufera, que ha permès realitzar activitats educatives i de sensibilització ambiental durant set anys, i que ara es transforma en una única subvenció nominativa per a SEO BirdLife sense comunicació prèvia."
2024-10-29-002,2024-10-29,2024-10-29,2023-2027,Núria Sanz Àlex,Federació d'Empresaris d'Hosteleria de València,fehv,empresa,valenciano,ciutat,El Grau|Cabanyal-Canyamelar|La Malva-Rosa|Betero|Natzaret,Poblats Marítims,urbanisme|economia|medi_ambient,urbanisme:usos_turistics|economia:comerc_ocupacio|medi_ambient:zones_verdes,7|14|15,1526|1401|700,"Hostelería Valencia apoya la normativa de gestión integral del litoral autonómico y solicita que la Generalitat asuma competencias sobre autorización de concesiones en dominio público marítimo, respetando los establecimientos hosteleros de más de 40 años y la protección ambiental.","Hosteleria València recolza la normativa de gestió integral del litoral autonòmic i sol·licita que la Generalitat assuma competències sobre autorització de concessions en domini públic marítim, respectant els establiments hostalers de més de 40 anys i la protecció ambiental."
2024-10-29-001,2024-10-29,2024-10-29,2023-2027,Amadeo Ruiz Fernández,Associació de Vecinos la Raïosa,associacio-veinal-raiosa,av,castellano,barri,La Raiosa,Jesús,serveis_publics|medi_ambient|mobilitat,serveis_publics:educacio|serveis_publics:salut|serveis_publics:seguretat|medi_ambient:contaminacio|medi_ambient:zones_verdes|mobilitat:aparcament,6|7|10|14,600|705|1002|1401,"El representante de la Asociación de Vecinos la Raïosa denuncia las graves deficiencias de servicios básicos en el barrio (falta de colegio público, ambulatorio y policía de barrio) y la terrible contaminación acústica producida por el ferrocarril, aviones y otros focos, solicitando apoyo municipal para implementar un corredor verde que dignifique la avenida García Lorca.","El representant de l'Associació de Veïns la Raïosa denuncia les greus deficiències de serveis bàsics al barri (manca de col·legi públic, ambulatori i policia de barri) i la terrible contaminació acústica produïda pel ferrocarril, avions i altres focus, sol·licitant suport municipal per a implementar un corredor verd que dignifique l'avinguda García Lorca."
2024-09-25-006,2024-09-25,2024-09-25,2023-2027,Beatriu Cardona Prats i Elida Puig Cebolla,Sindicat de Treballadores i Treballadors de les Administracions i els Serveis Públics-Intersindical Valenciana,sta-intersindical,sindical,valenciano,ciutat,,,drets_i_igualtat|participacio|serveis_publics,drets_i_igualtat:drets_humans|drets_i_igualtat:interculturalitat_i_antiracisme|drets_i_igualtat:igualtat_de_genere|participacio:transparencia|serveis_publics:serveis_socials,2|12|19|20,202|1906|1200|2000,"Beatriu Cardona, en representación de Intersindical Valenciana y la Coordinadora Feminista de València, denuncia retrocesos en igualdad y censura sufrida durante el pleno anterior, pidiendo disculpas públicas y cese de responsables.","Beatriu Cardona, en representació d'Intersindical Valenciana i la Coordinadora Feminista de València, denuncia retrocessos en igualtat i censura patida durant el ple anterior, demanant disculpes públiques i cessament de responsables."
2024-09-25-004,2024-09-25,2024-09-25,2023-2027,Stefano Carlo Ascione,Asociación Cuidem La Raïosa,cuidem-la-raiosa,av,mixt,barri,La Raiosa,Jesús,urbanisme|mobilitat|medi_ambient,urbanisme:espai_public|mobilitat:mobilitat_activa|medi_ambient:contaminacio|medi_ambient:zones_verdes,7|10|14|23,1010|705|1401|2300,"El Sr. Ascione, en representación de los vecinos de La Raïosa, cuestiona el actual diseño de la ciudad orientado al automóvil y demanda que el bulevar García Lorca sea convertido en una vía verde con espacios para peatones, parques y naturaleza en lugar de ampliar las vías para vehículos, argumentando que es fundamental para la salud de los vecinos y para consolidar a Valencia como Capital Verde Europea.","El Sr. Ascione, en representació dels veïns de La Raïosa, qüestiona l'actual disseny de la ciutat orientat a l'automòbil i demanda que el bulevard García Lorca es convertisca en una via verda amb espais per a vianants, parcs i natura en lloc d'ampliar les vies per a vehicles, argumentant que és fonamental per a la salut dels veïns i per a consolidar a València com a Capital Verda Europea."
2024-09-25-002,2024-09-25,2024-09-25,2023-2027,María Jesús Cabel Sánchez,Asociación Veïnal del barrio de Sant Marcel·lí,av-sant-marcelli,av,castellano,barri,Sant Marcel.Li,Jesús,mobilitat|medi_ambient,mobilitat:transit|medi_ambient:zones_verdes,7|10,1002|709,"La Asociación Veïnal de Sant Marcel·lí rechaza la construcción de un nuevo bulevar hacia el este-sur del barrio, argumentando que ya existe saturación de tráfico en todas las orientaciones. Proponen en su lugar la creación de un cinturón verde en la zona meridional.","L'Associació Veïnal de Sant Marcel·lí rebutja la construcció d'un nou bulevard cap a l'est-sud del barri, argumentant que ja hi ha saturació de tràfic en totes les orientacions. Proposen en el seu lloc la creació d'una corona verda en la zona meridional."
2024-09-16-1-025,2024-09-16-1,2024-09-16,2023-2027,Consuelo Ramón Genovés,Poble de Benimaclet y Veïns de Benimaclet,poble-benimaclet-veins,av,castellano,barri,Benimaclet|Cami De Vera,Benimaclet,urbanisme|serveis_publics|mobilitat,urbanisme:habitatge|urbanisme:espai_public|serveis_publics:educacio|serveis_publics:salut|serveis_publics:esports|mobilitat:aparcament,3|6|10|14|15,1400|1401|1403|1406|1002|600|300|1500,"Consuelo Ramón Genovés, en representación de las asociaciones Poble de Benimaclet y Veïns de Benimaclet, defiende el PAI de Benimaclet como necesario para resolver la crisis de vivienda asequible en la ciudad, destacando que son 1.345 viviendas de las que 400 serán VPP, y que el proyecto también aportará equipamientos, servicios y aparcamiento que el barrio necesita, aunque pide que se ejecuten las actuaciones solicitadas en la presente legislatura.","Consuelo Ramón Genovés, en representació de les associacions Poble de Benimaclet i Veïns de Benimaclet, defensa el PAI de Benimaclet com a necessari per a resoldre la crisi d'habitatge assequible a la ciutat, destacant que són 1.345 vivendes de les quals 400 seran VPP, i que el projecte també aportarà equipaments, serveis i aparcament que el barri necessita, tot i que demana que s'executen les actuacions sol·licitades en la present legislatura."
2024-09-16-1-023,2024-09-16-1,2024-09-16,2023-2027,María Rosa Mas González,Asociación de Vecinos Abastos-Finca Roja / Colectivo Fuera Túnel,av-abastos-finca-roja,av,castellano,barri,Russafa,L'Eixample,urbanisme|mobilitat|medi_ambient,urbanisme:espai_public|urbanisme:usos_turistics|mobilitat:transit|mobilitat:mobilitat_activa|medi_ambient:contaminacio|medi_ambient:zones_verdes,7|10|15,1002|1010|705|709|1526,"La Asociación de Vecinos Abastos-Finca Roja expresa su descontento por los retrasos y cambios en la reforma integral de la avenida Pérez Galdós-Giorgeta, criticando que se priorice el tráfico vehicular sobre la renaturalización y la salud ciudadana, y demandando que se escuche al vecindario en la toma de decisiones.","L'Associació de Veïns Abastos-Finca Roja expressa el seu descontentament pels retards i canvis en la reforma integral de l'avinguda Pérez Galdós-Giorgeta, criticant que es prioritze el trànsit vehicular sobre la renaturalització i la salut ciutadana, i demanant que s'escolte el veïnat en la presa de decisions."
2024-09-16-1-022,2024-09-16-1,2024-09-16,2023-2027,Ximo Mora,Asociación de Inquilinos de Vivienda Pública de la Comunitat Valenciana,asociacion-inquilinos-vivienda-publica,plataforma,castellano,ciutat,La Seu|La Xerea|El Carme|El Pilar|El Mercat|Sant Francesc|Russafa|El Pla Del Remei|La Gran Via|El Botanic|La Roqueta|La Petxina|Arrancapins|Campanar|Les Tendetes|El Calvari|Sant Pau|Marxalenes|Morvedre|Trinitat|Tormos|Sant Antoni|Exposicio|Mestalla|Jaume Roig|Ciutat Universitaria|Nou Moles|Soternes|Tres Forques|La Fontsanta|La Llum|Patraix|Sant Isidre|Vara De Quart|Safranar|Favara|La Raiosa|L'Hort De Senabre|La Creu Coberta|Sant Marcel.Li|Cami Real|Montolivet|En Corts|Malilla|La Fonteta S.Lluis|Na Rovella|La Punta|Ciutat De Les Arts I De Les Ciencies|El Grau|Cabanyal-Canyamelar|La Malva-Rosa|Betero|Natzaret|Aiora|Albors|La Creu Del Grau|Cami Fondo|Penya-Roja|L'Illa Perduda|Ciutat Jardi|L'Amistat|La Vega Baixa|La Carrasca|Benimaclet|Cami De Vera|Els Orriols|Torrefiel|Sant Llorens|Benicalap|Ciutat Fallera|Benifaraig|Poble Nou|Carpesa|Les Cases De Barcena|Rafalell-Vistabella|Mahuella-Tauladella|Massarrojos|Borboto|Benimamet|Beniferri|El Forn D'Alcedo|Castellar-L'Oliveral|Pinedo|El Saler|El Palmar|El Perellonet|La Torre|Faitanar,Algirós|Benicalap|Benimaclet|Camins al Grau|Campanar|Ciutat Vella|El Pla del Real|Extramurs|Jesús|L'Eixample|L'Olivereta|La Saïdia|Patraix|Poblats Marítims|Poblats de l'Oest|Poblats del Nord|Poblats del Sud|Quatre Carreres|Rascanya,urbanisme|drets_i_igualtat|economia,urbanisme:habitatge|drets_i_igualtat:drets_humans|economia:comerc_ocupacio,13|14|15|20,1400|1406|1302|1500|2000,"El presidente de la Asociación de Inquilinos de Vivienda Pública expone la crisis de acceso a la vivienda en alquiler en València, denunciando el incremento desproporcionado de precios de alquiler, la escasez de vivienda protegida y demanda mayor regulación municipal.","El president de l'Associació d'Inquilins de Vivenda Pública exposa la crisi d'accés a la vivenda en lloguer a València, denunciant l'increment desproporcionat de preus de lloguer, l'escassetat de vivenda protegida i demandant major regulació municipal."
2024-09-16-1-021,2024-09-16-1,2024-09-16,2023-2027,María Mercedes Gómez Moral,Asociación de Vecinos Devesa-El Saler,av-devesa-saler,av,mixt,multi_barri,El Saler|El Palmar,Poblats del Sud,medi_ambient|serveis_publics|urbanisme,medi_ambient:zones_verdes|medi_ambient:emergencies_climatiques|serveis_publics:seguretat|urbanisme:espai_public,7|12|14,709|711|1401|1201,"Representante de la Asociación de Vecinos de la Devesa del Saler agradece las actuaciones del gobierno local en materia de seguridad, iluminación, mantenimiento vial y prevención de incendios, enfatizando la importancia de una gestión integral y sostenible del territorio que considere a sus habitantes.","La representant de l'Associació de Veïns de la Devesa del Saler agraeix les actuacions del govern local en matèria de seguretat, il·luminació, manteniment vial i prevenció d'incendis, destacant la importància d'una gestió integral i sostenible del territori que considere els seus habitants."
2024-09-16-1-017,2024-09-16-1,2024-09-16,2023-2027,Beatriu Cardona,Coordinadora Feminista de València,coordinadora-feminista-valencia,plataforma,valenciano,ciutat,,,drets_i_igualtat|serveis_publics|economia,drets_i_igualtat:igualtat_de_genere|drets_i_igualtat:drets_humans|drets_i_igualtat:interculturalitat_i_antiracisme|serveis_publics:educacio|serveis_publics:seguretat|economia:comerc_ocupacio,2|12|14|20,202|1206|1401|2000,"La Coordinadora Feminista de València critica al gobierno municipal por su abandono de las políticas de igualdad y su falta de respuesta ante la violencia machista, exigiendo programas de ocupación con perspectiva feminista, reconocimiento de la violencia de género y la restauración del Consejo de Participación Ciudadana.","La Coordinadora Feminista de València critica al govern municipal per l'abandó de les polítiques d'igualtat i la seua manca de resposta davant la violència masclista, exigint programes d'ocupació amb perspectiva feminista, reconeixement de la violència de gènere i la restauració del Consell de Participació Ciutadana."
2024-09-16-1-016,2024-09-16-1,2024-09-16,2023-2027,Eduardo Hervás,FANUCOVA (Familias Numerosas de la Comunidad Valenciana),fanucova,av,castellano,ciutat,,,serveis_publics|urbanisme|mobilitat,serveis_publics:educacio|serveis_publics:serveis_socials|urbanisme:habitatge|mobilitat:transport_public,6|7|10|13|14,1400|1303|1001|703|701|600,"FANUCOVA presenta demandas de las familias numerosas de Valencia (12.500 familias) valorando avances como la bonificación del IBI y la creación de la Concejalía de Familia, pero señalando carencias en vivienda, transporte, tasas y políticas de conciliación.","FANUCOVA presenta demandes de les famílies nombroses de València (12.500 famílies) valorant avanços com la bonificació de l'IBI i la creació de la Regidoria de Família, però assenyalant carències en habitatge, transport, taxes i polítiques de conciliació."
2024-09-16-1-015,2024-09-16-1,2024-09-16,2023-2027,Juan Francisco Fernández Hernández,Col·lectiu Lambda,col-lectiu-lambda,ong,mixt,ciutat,,,drets_i_igualtat|cultura|participacio,drets_i_igualtat:diversitat|drets_i_igualtat:interculturalitat_i_antiracisme|drets_i_igualtat:drets_humans|cultura:associacionisme|participacio:participacio|participacio:transparencia,2|19|20,201|207|1905|2000|2015,"Juan Francisco Fernández Hernández, del Colectivo Lambda, critica la falta de políticas reales hacia el colectivo LGTBI más allá de los eventos puntuales como los Gay Games y el Orgullo, denunciando la ausencia de visibilidad para personas intersex y mujeres lesbianas, la falta de reuniones sobre cuestiones del convenio firmado, y supuestas amenazas de corte de financiación si no se plegaban a las intenciones del Ayuntamiento.","Juan Francisco Fernández Hernández, del Col·lectiu Lambda, critica la falta de polítiques reals envers el col·lectiu LGTBI més enllà dels eventos puntuals com els Gay Games i l'Orgull, denunciant l'absència de visibilitat per a persones intersex i dones lesbianes, la manca de reunions sobre qüestions del conveni signat, i suposades amenaces de tall de finançament si no es plegaven a les intencions de l'Ajuntament."
2024-09-16-1-014,2024-09-16-1,2024-09-16,2023-2027,Pilar López García,Asociación de Vecinos de la Fuensanta,asociacion-vecinos-fuensanta,av,castellano,barri,Marxalenes,La Saïdia,serveis_publics|urbanisme|medi_ambient,serveis_publics:seguretat|serveis_publics:salut|urbanisme:espai_public|medi_ambient:zones_verdes,3|7|12|14,1201|322|709|1401,"Pilar López García, como vicepresidenta de la Asociación de Vecinos de la Fuensanta, agradece las mejoras realizadas en el barrio, destacando las inversiones en alumbrado público (142.000 euros en 2023 y 420.000 euros en 2024) y la preservación del ambulatorio local, argumentando que se están revirtiendo años de abandono.","Pilar López García, com a vicepresidenta de l'Associació de Veïns de la Fuensanta, agraeix les millores realitzades al barri, destacant les inversions en il·luminació pública (142.000 euros en 2023 i 420.000 euros en 2024) i la preservació de l'ambulatori local, argumentant que s'estan revertint anys d'abandó."
2024-09-16-1-013,2024-09-16-1,2024-09-16,2023-2027,Cristóbal Aguado Sanchis,Associació de Veïns Arrancapins-La Petxina,av-la-petxina,av,valenciano,barri,La Petxina,Extramurs,urbanisme|mobilitat|medi_ambient|serveis_publics|participacio,urbanisme:espai_public|mobilitat:transit|mobilitat:mobilitat_activa|mobilitat:aparcament|medi_ambient:contaminacio|medi_ambient:zones_verdes|serveis_publics:esports|participacio:participacio,7|10|13|14,1002|1010|705|709|1303|1401,"La asociación de vecinos de La Petxina solicita la revocación de los cambios en la superilla que han incrementado el tráfico, la creación de más espacios verdes, un centro municipal para mayores, mejoras en infraestructuras y la eliminación de túneles para reducir la contaminación acústica.","L'associació de veïns de La Petxina demana la revocació dels canvis a la superilla que han augmentat el trànsit, la creació de més espais verds, un centre municipal per a majors, millores en infraestructures i l'eliminació de túnels per a reduir la contaminació acústica."
2024-09-16-1-012,2024-09-16-1,2024-09-16,2023-2027,Victor Navarro,Fundació CEPAIM,fundacio-cepaim,ong,valenciano,ciutat,,,serveis_publics|persones|drets_i_igualtat,serveis_publics:serveis_socials|persones:joventut|drets_i_igualtat:drets_humans,12|13,1300|1304|1309|1206,"La Fundación CEPAIM denuncia la falta de recursos y personal en los servicios sociales municipales para atender a familias con menores en situación de calle y extrema vulnerabilidad, demandando más recursos y capacidad de intervención.","La Fundació CEPAIM denuncia la mancança de recursos i personal en els serveis socials municipals per atendre famílies amb menors en situació de carrer i extrema vulnerabilitat, demanant més recursos i capacitat d'actuació."
2024-09-16-1-010,2024-09-16-1,2024-09-16,2023-2027,Noelia Montagut,Comissió Española de Ayuda al Refugiado (CEAR) i Fundació CEPAIM,cear,ong,mixt,ciutat,,,drets_i_igualtat|serveis_publics|participacio,drets_i_igualtat:diversitat|drets_i_igualtat:interculturalitat_i_antiracisme|drets_i_igualtat:drets_humans|serveis_publics:serveis_socials|participacio:transparencia,9|13|14|19,900|1906|1400|1300,"CEAR y CEPAIM denuncian obstáculos en el acceso al padrón municipal para personas migrantes y refugiadas en Valencia, incluyendo requisitos excesivos, demoras en procedimientos especiales y pérdida de empadronamiento sin notificación previa, lo que afecta gravemente al acceso a derechos básicos y servicios públicos.","CEAR i CEPAIM denuncien obstacles en l'accés al padró municipal per a persones migrants i refugiades a València, inclosa la demanda de requisits excessius, demores en procediments especials i pèrdua d'empadronament sense notificació prèvia, que afecta greument l'accés a drets bàsics i serveis públics."
2024-09-16-1-009,2024-09-16-1,2024-09-16,2023-2027,Fernando Argente,Asociación de Vecinos de Penya-roja,plataforma-vecinal-penyaroja,plataforma,mixt,barri,Penya-Roja,Camins al Grau,urbanisme|mobilitat|medi_ambient|serveis_publics|cultura,urbanisme:espai_public|urbanisme:patrimoni|mobilitat:transit|mobilitat:transport_public|mobilitat:mobilitat_activa|medi_ambient:zones_verdes|medi_ambient:contaminacio|serveis_publics:salut|serveis_publics:seguretat|cultura:patrimoni_cultural|cultura:associacionisme,3|7|10|14|23,1002|1001|705|322|1401|2300,"La Asociación de Vecinos de Penya-roja valora positivamente los avances en infraestructuras y servicios municipales, pero demanda mejoras en aceras, iluminación, contaminación acústica, transporte público, un nuevo centro sanitario, la rehabilitación de la Alquería del Tenis y la creación del jardín Tres de Abril, además de pedir la revocación de la licencia de una discoteca.","L'Associació de Veïns de Penya-roja valora positivament els avanços en infraestructures i serveis municipals, però demana millores en voreres, il·luminació, contaminació acústica, transport públic, un nou centre sanitari, la rehabilitació de l'Alqueria del Tenis i la creació del jardí Tres d'Abril, a més de demanar la revocació de la llicència d'una discoteca."
2024-09-16-1-008,2024-09-16-1,2024-09-16,2023-2027,María José Broseta,Federación de Asociaciones de Vecinos de València,favv,av,castellano,ciutat,,,participacio|mobilitat|urbanisme|medi_ambient|serveis_publics,participacio:participacio|participacio:processos_participatius|participacio:transparencia|participacio:consells_sectorials|mobilitat:transit|mobilitat:transport_public|mobilitat:mobilitat_activa|urbanisme:espai_public|urbanisme:habitatge|urbanisme:usos_turistics|medi_ambient:zones_verdes|medi_ambient:emergencies_climatiques|serveis_publics:seguretat,0|7|10|12|14|15|20,2000|1001|1010|1400|1526|1401|700|709|20|1200|1201,"La presidenta de la Federación Vecinal de València reclama un reglamento de participación, regulación de apartamentos turísticos ilegales, mejora de la movilidad sostenible, soterramiento de vías y presencia de policía de barrio, enfatizando la necesidad de una ciudad verde, habitable y con derecho a la vivienda digna.","La presidenta de la Federació Vecinal de València reclama un reglament de participació, regulació d'apartaments turístics illegals, millora de la mobilitat sostenible, soterrament de vies i presència de policia de barri, enfatitzant la necessitat d'una ciutat verda, habitable i amb dret a l'habitatge digne."
2024-09-16-1-005,2024-09-16-1,2024-09-16,2023-2027,Ángeles Pedraza Muna,Asociación València Acull,valencia-acull,ong,castellano,ciutat,Els Orriols,Rascanya,drets_i_igualtat|serveis_publics|urbanisme,drets_i_igualtat:interculturalitat_i_antiracisme|drets_i_igualtat:diversitat|drets_i_igualtat:drets_humans|serveis_publics:educacio|serveis_publics:seguretat|urbanisme:habitatge,2|12|14|19,202|1201|1206|1400|1906,"La Asociación València Acull denuncia el aumento alarmante de delitos de odio, discursos racistas y xenófobos en la ciudad, que afectan especialmente a personas migrantes en el barrio de Orriols, y critica que representantes institucionales amplíen estos mensajes discriminatorios.","L'Associació València Acull denuncia l'augment alarment de delictes d'odi, discursos racistes i xenòfobs a la ciutat, que afecten especialment a persones migrants en el barri d'Orriols, i critica que representants institucionals amplifiquen estos missatges discriminatoris."
2024-09-16-1-004,2024-09-16-1,2024-09-16,2023-2027,Miguel Sánchez Valdés,Associación Veïnal la Roqueta,associacio-veinal-roqueta,av,mixt,barri,La Roqueta,Extramurs,mobilitat|urbanisme|medi_ambient|participacio,mobilitat:aparcament|mobilitat:transit|urbanisme:espai_public|urbanisme:habitatge|urbanisme:usos_turistics|medi_ambient:contaminacio|medi_ambient:zones_verdes|participacio:participacio|participacio:transparencia,7|10|14|15|20|21|23,1002|1010|705|1400|1401|1403|1526|2100|2300|2000,"El presidente de la Asociación de Vecinos de la Roqueta critica duramente la gestión del Ayuntamiento durante el primer año de mandato, denunciando falta de voluntad política en movilidad, contaminación ambiental, proyectos urbanísticos paralizados y la crisis de vivienda provocada por pisos turísticos, calificando la relación con el gobierno municipal con una nota de 2 sobre 10.","El president de l'Associació de Veïns de la Roqueta critica durament la gestió de l'Ajuntament durant el primer any de mandat, denunciant falta de voluntat política en mobilitat, contaminació ambiental, projectes urbanístics paralitzats i la crisi d'habitatge provocada pels pisos turístics, qualificant la relació amb el govern municipal amb una nota de 2 sobre 10."
2024-09-16-1-003,2024-09-16-1,2024-09-16,2023-2027,María Rosa Jover Cerdá,Asociación de Vecinos de Malilla,associacio-veins-malilla,av,castellano,multi_barri,Malilla|Nou Moles|Soternes|Tres Forques|La Fontsanta|La Llum|Patraix|Sant Isidre|Vara De Quart|Safranar|Favara,L'Olivereta|Patraix|Quatre Carreres,urbanisme|mobilitat|medi_ambient|participacio,urbanisme:espai_public|mobilitat:transit|medi_ambient:contaminacio|medi_ambient:zones_verdes|participacio:participacio|participacio:transparencia,7|10|20,1001|1002|705|2000|2015,"La presidenta de la Asociación de Vecinos de Malilla critica la falta de información ciudadana sobre el proyecto del Corredor Verde y rechaza la intención del Ayuntamiento de convertir el espacio de las vías soterridas en carriles de circulación vehicular en lugar de un espacio verde, contradictorio con el título de Capital Verde Europea.","La presidenta de l'Associació de Veïns de Malilla critica la falta d'informació ciutadana sobre el projecte del Corredor Verd i rebutja la intenció de l'Ajuntament de convertir l'espai de les vies soterrdes en carrils de circulació vehicular en lloc d'un espai verd, contradictori amb el títol de Capital Verda Europea."
2024-09-16-1-002,2024-09-16-1,2024-09-16,2023-2027,José Manuel Casermeiro Castro,FAMPA València (Federación de Familias de la ciudad de València),fampa-valencia,educacio,castellano,ciutat,El Carme|Cabanyal-Canyamelar|Mestalla,Ciutat Vella|El Pla del Real|Poblats Marítims,serveis_publics|mobilitat|medi_ambient,serveis_publics:educacio|mobilitat:transport_public|mobilitat:mobilitat_activa|medi_ambient:contaminacio,6|7|10,602|1001|1010|705,"FAMPA València, representante del 80% de las AMPA de la ciudad, protesta contra la aprobación del distrito único sin consenso, demanda diálogo sobre cierres de aulas, paralización del Plan Edificant y problemas de infraestructura en centros públicos.","FAMPA València, representant del 80% de les AMPA de la ciutat, protesta contra l'aprovació del districte únic sense consens, demana diàleg sobre tancaments d'aules, paralització del Pla Edificant i problemes d'infraestructura en centres públics."
2024-09-16-1-001,2024-09-16-1,2024-09-16,2023-2027,Pablo Alberto Bottero Gandía,Consell de la Joventut de València,consell-joventut-valencia,altres,mixt,ciutat,,,urbanisme|mobilitat|serveis_publics|economia|medi_ambient|drets_i_igualtat|persones|participacio,urbanisme:habitatge|urbanisme:usos_turistics|mobilitat:transport_public|mobilitat:mobilitat_activa|serveis_publics:educacio|serveis_publics:serveis_socials|serveis_publics:esports|economia:comerc_ocupacio|medi_ambient:zones_verdes|medi_ambient:emergencies_climatiques|drets_i_igualtat:diversitat|drets_i_igualtat:igualtat_de_genere|drets_i_igualtat:drets_humans|persones:joventut|participacio:participacio|participacio:processos_participatius,2|10|13|14|15|23,1406|1521|1001|1403|2300|202|1305,"El presidente del Consell de la Joventut de València presenta las preocupaciones principales de los jóvenes: crisis de vivienda (alquiler superior a 1.000 euros), desempleo juvenil del 25%, precariedad laboral y demanda de participación activa en las políticas municipales que les afecten.","El president del Consell de la Joventut de València presenta les preocupacions principals dels jóvens: crisi d'habitatge (lloguer superior a 1.000 euros), desocupació juvenil del 25%, precarietat laboral i demanda de participació activa en les polítiques municipals que els afecten."
2024-06-28-006,2024-06-28,2024-06-28,2023-2027,Francisco Fernández,Col·lectiu Lambda,col-lectiu-lambda,ong,valenciano,ciutat,,,drets_i_igualtat|cultura,drets_i_igualtat:diversitat|drets_i_igualtat:drets_humans|cultura:festes,2|19|23,202|1906|2300,"Francisco Fernández, en nombre del Col·lectiu Lambda, denuncia les ingerències, coaccions i mentides de l'administració municipal en l'organització de l'Orgull LGTBI de València el 2024, reclamant confiança i respecte pels col·lectius LGTBI.","Francisco Fernández, en nom del Col·lectiu Lambda, denuncia les ingerències, coaccions i mentides de l'administració municipal en l'organització de l'Orgull LGTBI de València el 2024, reclamant confiança i respecte pels col·lectius LGTBI."
2024-06-28-005,2024-06-28,2024-06-28,2023-2027,Raquel Viguer,Unión de Consumidores de València y Chrysallis Asociación de Familias de Infancia y Juventud Trans,udc-valencia-chrysallis,av,castellano,ciutat,,,drets_i_igualtat|persones|serveis_publics,drets_i_igualtat:diversitat|drets_i_igualtat:drets_humans|persones:joventut|serveis_publics:educacio,2|6|19|20,202|606|1906|2000,"Raquel Viguer, en representación de Chrysallis, denuncia la falta de apoyo institucional a las familias y menores de edad trans, criticando acciones del gobierno que estigmatizan y censuran contenido sobre diversidad afectivo-sexual.","Raquel Viguer, en representació de Chrysallis, denúncia la falta de suport institucional a les famílies i menors trans, criticant accions del govern que estigmatitzen i censuren contingut sobre diversitat afectivo-sexual."
2024-06-28-004,2024-06-28,2024-06-28,2023-2027,Jorge García Pascual,Fundación València Diversitat,fundacio-valencia-diversitat,ong,castellano,ciutat,,,drets_i_igualtat|economia|cultura,drets_i_igualtat:diversitat|drets_i_igualtat:interculturalitat_i_antiracisme|drets_i_igualtat:igualtat_de_genere|drets_i_igualtat:drets_humans|economia:comerc_ocupacio|cultura:festes,2|15|19|20,202|1526|1906|2000,"El representante de la Fundación València Diversitat denuncia la exclusión de las entidades LGTBI del proyecto de organización de los Gay Games València 2026 por parte del gobierno municipal, criticando la falta de garantías reales en materia de derechos trans y diversidad, y exigiendo un compromiso contractual vinculante en lugar de promesas verbales.","El representant de la Fundació València Diversitat denuncia l'exclusió de les entitats LGTBI del projecte d'organització dels Gay Games València 2026 per part del govern municipal, criticant la falta de garanties reals en matèria de drets trans i diversitat, i exigint un compromís contractual vinculant en lloc de promeses verbals."
2024-06-28-001,2024-06-28,2024-06-28,2023-2027,Cristóbal Aguado Sanchis,Asociación de Vecinos Arrancapins-La Petxina,av-la-petxina,av,valenciano,multi_barri,La Petxina|Arrancapins|Russafa|El Pla Del Remei|La Gran Via,Extramurs|L'Eixample,urbanisme|mobilitat|medi_ambient,urbanisme:espai_public|mobilitat:aparcament|mobilitat:mobilitat_activa|medi_ambient:contaminacio|medi_ambient:zones_verdes,7|10|14,1401|1002|705|709,"La Asociación de Vecinos de La Petxina rechaza enérgicamente los cambios realizados en la superilla del barrio que favorecen el tráfico vehicular, solicitando la eliminación de plazas de aparcamiento y la restauración del espacio público para peatones. Advierten sobre el riesgo de perder 3,5 millones de euros en financiación europea si se continúa modificando el proyecto original.","L'Associació Veïnal de La Petxina rebutja enèrgicament els canvis realitzats en la superilla del barri que afavoreixen el trànsit vehicular, demanant l'eliminació de places d'aparcament i la recuperació de l'espai públic per als vianants. Adverteixen sobre el risc de perdre 3,5 milions d'euros de financiació europea si es continua modificant el projecte original."
2024-05-28-008,2024-05-28,2024-05-28,2023-2027,Cristina Ramón,Coordinadora de Organizaciones No Gubernamentales para el Desarrollo de la Comunitat Valenciana,coordinadora-ong-desarrollo-valencia,ong,valenciano,ciutat,,,drets_i_igualtat|cultura,drets_i_igualtat:drets_humans|drets_i_igualtat:interculturalitat_i_antiracisme|cultura:associacionisme,12|19|20,1906|1200|2000,"La Coordinadora de ONGDs presenta 10 reivindicaciones en representación de 114 entidades bajo el lema 'Valencia con Palestina', demandando al Ayuntamiento el alto el fuego inmediato, la condena al Estado de Israel por crímenes de guerra, la suspensión de acuerdos comerciales y embargo de armas, entre otras medidas.","La Coordinadora d'ONGDs presenta 10 reivindicacions en representació de 114 entitats sota el lema 'València amb Palestina', demanant a l'Ajuntament l'alto el foc immediat, la condemna a l'Estat d'Israel per crims de guerra, la suspensió d'acords comercials i l'embargament d'armes, entre altres mesures."
2024-05-28-007,2024-05-28,2024-05-28,2023-2027,María Menouni Villarroya,BDS País Valencià,bds-pais-valencia,plataforma,mixt,ciutat,,,drets_i_igualtat|participacio,drets_i_igualtat:drets_humans|drets_i_igualtat:interculturalitat_i_antiracisme|participacio:participacio,19|20,1906|2000,"BDS País Valenciano demanda que el Ayuntamiento de Valencia inste al Gobierno de España a detener la venta de armas a Israel y romper relaciones diplomáticas, además de suspender la colaboración con instituciones y empresas israelíes que se lucran de crímenes de lesa humanidad.","BDS País Valencià demana que l'Ajuntament de València inste el Govern d'Espanya a aturar la compravenda d'armes a Israel i trencar les relacions diplomàtiques, a més de suspendre la col·laboració amb institucions i empreses israelianes que es lucren de crims de lesa humanitat."
2024-05-28-006,2024-05-28,2024-05-28,2023-2027,Boutaina El Hadri,Plataforma València amb Palestina,plataforma-valencia-palestina,plataforma,castellano,ciutat,,,drets_i_igualtat|participacio,drets_i_igualtat:drets_humans|drets_i_igualtat:interculturalitat_i_antiracisme|participacio:participacio,19|20,1906|2000,"Boutaina El Hadri, portavoz de la Plataforma València amb Palestina, insta al Ayuntamiento a exigir un alto al fuego inmediato en Gaza, denunciando la masacre de civiles como genocidio y pidiendo que València se sume al reclamo internacional para detener la violencia.","Boutaina El Hadri, portaveu de la Plataforma València amb Palestina, insta l'Ajuntament a exigir un alto al foc immediat a Gaza, denunciant la massacre de civils com a genocidi i demanant que València s'unisca al reclam internacional per a parar la violència."
2024-05-28-005,2024-05-28,2024-05-28,2023-2027,Pedro Lizondo Siguero,Delegació de Penyes del Llevant Unió Esportiva,delegacio-penyes-llevant-ue,esportiu,valenciano,ciutat,,,serveis_publics|drets_i_igualtat|participacio,serveis_publics:esports|drets_i_igualtat:drets_humans|participacio:participacio,15|19|20,1526|1906|2000,"Representante de la Delegación de Peñas del Levante UD solicita apoyo institucional para la reforma de los Estatutos de la Fundación, con el objetivo de garantizar la independencia y representatividad democrática en la elección de patronos, ante la ampliación de capital que supondrá la entrada de un inversor externo.","Representant de la Delegació de Penyes del Llevant UD sol·licita recolzament institucional per a la reforma dels Estatuts de la Fundació, amb l'objectiu de garantir la independència i representativitat democràtica en l'elecció de patrons, davant l'ampliació de capital que suposarà l'entrada d'un inversor extern."
2024-05-28-004,2024-05-28,2024-05-28,2023-2027,Miguel Sánchez Valdés,Associació de Veïns La Roqueta,associacio-veinal-roqueta,av,mixt,multi_barri,La Roqueta|La Petxina|Arrancapins,Extramurs,urbanisme|mobilitat|medi_ambient,urbanisme:espai_public|mobilitat:transit|mobilitat:zbe|medi_ambient:contaminacio,7|10|14,1002|1403|705|1010,"El presidente de la Asociación de Vecinos La Roqueta apoya la eliminación del túnel de Pérez Galdós-Giorgeta como parte de la transformación urbana necesaria para Valencia, criticando los retrasos de diez meses en el proyecto y cuestionando la gestión municipal y los informes contradictorios sobre el impacto en el tráfico.","El president de l'Associació de Veïns La Roqueta recolza l'eliminació del túnel de Pérez Galdós-Giorgeta com a part de la transformació urbana necessària per a València, criticant els retards de deu mesos en el projecte i qüestionant la gestió municipal i els informes contradictoris sobre l'impacte en el tràfic."
2024-05-28-003,2024-05-28,2024-05-28,2023-2027,Mª Jesús del Río Mateo,Colectivo Fuera Túnel,colectivo-fuera-tunel,plataforma,castellano,multi_barri,La Petxina|La Roqueta|Patraix,Extramurs|Patraix,urbanisme|mobilitat|medi_ambient,urbanisme:espai_public|mobilitat:mobilitat_activa|mobilitat:transit|medi_ambient:contaminacio|medi_ambient:zones_verdes,7|10,1002|1010|705|709,"Representantes de varias asociaciones de vecinos demandan la eliminación inmediata del túnel de la avenida Pérez Galdós-Giorgeta, argumentando que divide a miles de vecinos y genera graves problemas de accesibilidad, contaminación acústica y ambiental que afectan especialmente a personas mayores y con movilidad reducida.","Representants de diverses associacions de veïns demanen l'eliminació immediata del túnel de l'avinguda Pérez Galdós-Giorgeta, argumentant que divideix milers de veïns i genera greus problemes d'accessibilitat, contaminació acústica i ambiental que afecten especialment a persones majors i amb mobilitat reduïda."
2024-05-28-002,2024-05-28,2024-05-28,2023-2027,José Antonio Pérez Alonso,Unió de Consumidors de València,union-consumidores-valencia,av,castellano,ciutat,Mestalla,El Pla del Real,economia|serveis_publics|participacio,economia:comerc_ocupacio|serveis_publics:esports|participacio:transparencia,15|20,1526|2000|1525,"José Antonio Pérez Alonso, en nombre de la Unión de Consumidores de València, critica la falta de protección municipal hacia el Valencia CF, acusando a la administración de gobernar de espaldas al pueblo y permitir que Peter Lim engañe a la ciudad con un proyecto faraónico e indigno de Valencia que podría llevar al club a su desaparición.","José Antonio Pérez Alonso, en representació de la Unió de Consumidors de València, critica la manca de protecció municipal envers el Valencia CF, acusant l'administració de governar d'esquena al poble i permetre que Peter Lim engane a la ciutat amb un projecte faraònic i indigno de València que podria portar el club a la seua desaparició."
2024-05-28-001,2024-05-28,2024-05-28,2023-2027,Gregori Fidel Sarmiento,Associació de Veïns de Campanar,avv-campanar,av,valenciano,barri,Campanar,Campanar,urbanisme|participacio,urbanisme:espai_public|urbanisme:habitatge|participacio:processos_participatius,14|20,1403|1401|2000,"La Asociación de Vecinos de Campanar solicita que los acuerdos verbales alcanzados con el equipo redactor del plan urbanístico, especialmente respecto a la parcelación de la zona donde se monta el circo y el sistema de actuación, queden reflejados en los planos para evitar depender de alegaciones posteriores.","L'Associació de Veïns de Campanar sol·licita que els acords verbals aconseguits amb l'equip redactor del pla urbanístic, especialment respecte a la parcel·lació de la zona on es munta el circ i el sistema d'actuació, queden reflectits en els plànols per a evitar dependre d'al·legacions posteriors."
2024-04-30-2-003,2024-04-30-2,2024-04-30,2023-2027,Abel Blasco Comeche,Associació de Veïns Arrancapins-La Petxina,av-la-petxina,av,castellano,multi_barri,Arrancapins|La Petxina,Extramurs,urbanisme|mobilitat|medi_ambient,urbanisme:espai_public|mobilitat:aparcament|medi_ambient:contaminacio,7|10|14,1002|705|1401,"La Asociación de Vecinos Arrancapins-La Petxina defiende el proyecto de supermanzana peatonal como beneficioso para el barrio, reconociendo mejoras necesarias como señalética clara y la implementación de estacionamiento regulado para resolver problemas de aparcamiento de los vecinos.","L'Associació de Veïns Arrancapins-La Petxina defensa el projecte de supermanzana peatonal com a beneficiós per al barri, reconeixent millores necessàries com senyalística clara i la implementació d'estacionament regulat per a resoldre problemes d'aparcament dels veïns."
2024-04-30-2-002,2024-04-30-2,2024-04-30,2023-2027,Miguel Sánchez Valdés,Associació de Veïns de la Roqueta,associacio-veinal-roqueta,av,mixt,barri,La Roqueta,Extramurs,mobilitat|urbanisme|medi_ambient,mobilitat:transit|mobilitat:aparcament|urbanisme:espai_public|medi_ambient:zones_verdes,7|10|14,1002|1010|709|1401,"El presidente de la Asociación de Vecinos de La Roqueta solicita la implementación de supermanzanas y proyectos de transformación urbana en el barrio, destacando la falta de espacio verde (0,64 m² por habitante) y el aumento del tráfico. Reclama la activación del Bulevar Cultural, mejoras en la calle Jesús y mejor coordinación entre ORA y Policía Local.","El president de l'Associació de Veïns de la Roqueta sol·licita la implementació de supermanzanes i projectes de transformació urbana al barri, destacant la manca d'espai verd (0,64 m² per habitant) i l'augment del tràfic. Reclama l'activació del Bulevar Cultural, millores al carrer Jesús i millor coordinació entre ORA i Policia Local."
2024-04-30-2-001,2024-04-30-2,2024-04-30,2023-2027,Francisca Rabal Miquel,Fundació ACM,fundacio-acm,ong,castellano,ciutat,,,drets_i_igualtat|cultura|participacio,drets_i_igualtat:drets_humans|drets_i_igualtat:interculturalitat_i_antiracisme|cultura:patrimoni_cultural|participacio:participacio,19|23,1906|2300,"Francisca Rabal Miquel, en representación de la Fundación ACM, realiza una intervención crítica sobre la Ley de la Concordia municipal, cuestionando por qué solo se protege a las nuevas generaciones de visiones sesgadas cuando su generación fue educada bajo una única versión oficial de la historia del franquismo. Relata el caso personal de su abuelo, fusilado en 1940 por sus ideas, y reclama que España sea clara con su pasado histórico, reconociendo las brutalidades del régimen y enseñando todas las versiones en colegios y universidades, como hacen otros países como Alemania o Argentina.","Francisca Rabal Miquel, en representació de la Fundació ACM, realitza una intervenció crítica sobre la Llei de la Concordia municipal, qüestionant per què només es protegeixen les noves generacions de visions esbiaixades quan la seua generació va ser educada sota una única versió oficial de la història del franquisme. Relata el cas personal del seu avi, afusellat el 1940 per les seues idees, i reclama que Espanya siga clara amb el seu passat històric, reconeixent les brutalitats del règim i ensenyant totes les versions en col·legis i universitats, com fan altres països com Alemanya o Argentina."
2024-03-27-003,2024-03-27,2024-03-27,2023-2027,José Manuel Manglano Pons,Federació de Mercats Tradicionals d'Abastimentos de la CV-CONFEMERCATS,federacio-mercats-tradicionals-abastiments-cv,empresa,castellano,barri,El Pla Del Remei,L'Eixample,economia|urbanisme|serveis_publics,economia:comerc_ocupacio|urbanisme:espai_public|serveis_publics:seguretat,14|15,1521|1403|1401,"Los comerciantes del mercado de Colón solicitan apoyo para una moción que rectifique el gravamen del IBI impuesto retroactivamente desde 2020, argumentando que representa una discriminación única en la ciudad y amenaza la viabilidad de negocios con más de un siglo de historia.","Els comerciants del mercat de Colón demanen suport per a una moció que rectifique el gravamen de l'IBI imposat retroactivament des de 2020, argumentant que representa una discriminació única a la ciutat i amenaça la viabilitat de negocis amb més d'un segle d'història."
2024-03-27-002,2024-03-27,2024-03-27,2023-2027,Fernando del Molino Écija,Federación Sindical del Taxi de Valencia,federacio-taxi,empresa,castellano,ciutat,,,mobilitat|serveis_publics|economia,mobilitat:transit|serveis_publics:seguretat|economia:comerc_ocupacio,10|12|15,1002|1521|1200,"Fernando del Molino, en representación de la Federación Sindical del Taxi, reclama apoyo municipal contra los servicios VTC no autorizados, pide que no se modifique la Ordenanza de Movilidad artículo 53.bis mientras está en recursos en el Supremo, y señala problemas de acceso a la estación de AVE para los taxis.","Fernando del Molino, en representació de la Federació Sindical del Taxi, reclama suport municipal contra els serveis VTC no autoritzats, demana que no es modifique l'Ordenança de Mobilitat article 53.bis mentre està en recursos al Suprem, i senyala problemes d'accés a l'estació de l'AVE per als taxis."
2024-03-27-001,2024-03-27,2024-03-27,2023-2027,Pablo Alberto Bottero Gandía,Consell de la Joventut de València,consell-joventut-valencia,altres,castellano,ciutat,,,participacio|persones|drets_i_igualtat,participacio:participacio|participacio:processos_participatius|persones:joventut|drets_i_igualtat:drets_humans,2|13|20,2000|204|1305,"El nuevo presidente del Consejo de la Juventud de València solicita la inclusión de su entidad en el Consejo Social de la Ciudad, argumentando que representan a más de 40 entidades juveniles y que su participación es fundamental para promover la participación activa de los jóvenes en los asuntos públicos.","El nou president del Consell de la Joventut de València sol·licita la inclusió de la seua entitat en el Consell Social de la Ciutat, argumentant que representen més de 40 entitats juvenils i que la seua participació és fonamental per a promoure la participació activa dels joves en els assumptes públics."
2024-01-29-005,2024-01-29,2024-01-29,2023-2027,Esther Fornell Albarracín,Asociación de Inquilinos de Vivienda Pública,asociacion-inquilinos-vivienda-publica,plataforma,castellano,ciutat,,Ciutat Vella,urbanisme|serveis_publics|drets_i_igualtat,urbanisme:habitatge|serveis_publics:serveis_socials|drets_i_igualtat:drets_humans,13|14,1400|1406|1302,"Esther Fornell denuncia el incremento de hasta el 40% en las rentas de alquiler de viviendas públicas de AUMSA para 530 familias sin previo aviso, solicitando la prórroga del acuerdo anterior.","Esther Fornell denuncia l'augment de fins al 40% en les rendes d'alquiler de viviendes públiques d'AUMSA per a 530 famílies sense avís previ, sol·licitant la pròrroga de l'acord anterior."
2024-01-29-004,2024-01-29,2024-01-29,2023-2027,Ximo Mora Manzano,Asociación de Inquilinos de Vivienda Pública de la CV,asociacion-inquilinos-vivienda-publica,plataforma,castellano,barri,Sant Isidre,Patraix,urbanisme|economia|drets_i_igualtat,urbanisme:habitatge|economia:pressupostos|drets_i_igualtat:drets_humans,14|20,1400|1406|2000|2015,"El presidente de la Asociación de Inquilinos de Vivienda Pública critica la modificación del acuerdo de alquiler en AUMSA, argumentando que daña a 530 familias de bajos ingresos al no aplicar el modelo de pago según ingresos y aumentar los precios de alquiler de forma desproporcionada.","El president de l'Associació d'Inquilins de Vivenda Pública critica la modificació de l'acord d'alquiler en AUMSA, argumentant que fa mal a 530 famílies de baixos ingressos al no aplicar el model de pagament segons ingressos i augmentar els preus d'alquiler de forma desproporcionada."
2024-01-29-003,2024-01-29,2024-01-29,2023-2027,Joan Escrivà Avinyó,Associacio Ciutadania i Comunicacio-ACICOM,ciutadania-comunicacio,av,mixt,ciutat,,,cultura|serveis_publics,cultura:patrimoni_cultural|cultura:associacionisme|serveis_publics:educacio,6|23,600|2300,"El director de la revista infantil Camacuc presenta la publicación, destacando su importancia como herramienta para fomentar la lectura en valenciano entre los niños, y propone dedicarle una calle o escuela en la ciudad como homenaje a sus 40 años de trayectoria.","El director de la revista infantil Camacuc presenta la publicació, destacant la seua importància com a ferramenta per a fomentar la lectura en valencià entre els xiquets, i proposa dedicar-li un carrer o escola a la ciutat com a homenatge als seus 40 anys de trajectòria."
2024-01-29-002,2024-01-29,2024-01-29,2023-2027,Laura Font Pérez,"Coordinadora d'Alumnes, Pares i Professors per l'Ensenyament Públic en Valencià",coordinadora-ensenyament-valencia,educacio,valenciano,ciutat,,,serveis_publics|drets_i_igualtat|cultura,serveis_publics:educacio|drets_i_igualtat:drets_linguistics|cultura:festes,2|6|23,600|207|2300,"La coordinadora de educación en valenciano solicita al Ayuntamiento que facilite la celebración de la 37ª Encontrada de Escuelas en Valenciano en la ciudad, lamentando la falta de respuesta desde junio a sus solicitudes de reunión.","La coordinadora d'educació en valencià demana a l'Ajuntament que facilite la celebració de la 37ª Trobada d'Escoles en Valencià a la ciutat, lamentant la falta de resposta des de juny a les seues sol·licituds de reunió."
2024-01-29-001,2024-01-29,2024-01-29,2023-2027,Antonio Pardiñas Vidal,Societat Coral El Micalet,societat-coral-micalet,cultural,valenciano,ciutat,El Carme,Ciutat Vella,cultura|economia,cultura:patrimoni_cultural|cultura:associacionisme|economia:pressupostos,15|23,2300|1500,"El Sr. Pardiñas Vidal, representante de la Societat Coral El Micalet, expone la preocupación de la entidad centenaria por la retirada de la subvención nominativa del Ayuntamiento, solicitando la revisión de criterios para mantener sus servicios educativos, musicales y culturales de calidad.","El Sr. Pardiñas Vidal, en representació del Micalet, expressa la preocupació de l'entitat centenària per la retirada de la subvenció nominativa de l'Ajuntament, demanant la revisió de criteris per a mantindre els seus serveis educatius, musicals i culturals de qualitat."
2023-12-20-003,2023-12-20,2023-12-20,2023-2027,José Manuel Casermeiro Castro,FAMPA València,fampa-valencia,educacio,castellano,ciutat,,,serveis_publics|drets_i_igualtat|participacio,serveis_publics:educacio|drets_i_igualtat:drets_humans|participacio:participacio,6|12|20,602|1206|2000,"El representante de FAMPA València reclama que el Ayuntamiento se oponga a la eliminación de la distancia mínima de 850 metros entre institutos y casas de apuestas, argumentando que aumentaría el riesgo de ludopatía en adolescentes. Denuncia que la organización no ha sido consultada pese a representar al 73% de las AMPA de colegios públicos.","El representant de FAMPA València reclama que l'Ajuntament s'oposa a l'eliminació de la distància mínima de 850 metres entre instituts i cases d'apostes, argumentant que augmentaria el risc de ludopatia en adolescents. Denuncia que l'organització no ha sigut consultada malgrat representar el 73% de les AMPA de col·legis públics."
2023-12-20-002,2023-12-20,2023-12-20,2023-2027,Beatriu Cardona Prats i Joan Domínguez Pavía,Intersindical,intersindical-valenciana,sindical,mixt,ciutat,,,serveis_publics|drets_i_igualtat,serveis_publics:educacio|serveis_publics:salut|drets_i_igualtat:drets_humans,3|6|12,602|300|1200|1206,"Representantes de Intersindical argumentan en apoyo de las mociones presentadas contra la eliminación de restricciones de ubicación de casas de juego cerca de centros educativos, destacando los riesgos para menores incluyendo ludopatia, problemas de salud mental, aislamiento social y seguridad, y los impactos pedagógicos negativos.","Representants d'Intersindical argumenten en suport de les mocions contra l'eliminació de restriccions d'ubicació de cases de joc prop de centres educatius, destacant els riscos per a menors incloent-hi ludopatia, problemes de salut mental, aïllament social i seguretat, i els impactes pedagògics negatius."
2023-12-20-001,2023-12-20,2023-12-20,2023-2027,José Manuel Felisi Herrero,Asociación Mesura / CAVECOVA / València per l'aire,plataforma-valencia-aire,plataforma,mixt,multi_barri,Patraix|El Grau|Russafa,Ciutat Vella|L'Eixample|Patraix|Poblats Marítims,mobilitat|medi_ambient|participacio,mobilitat:zbe|mobilitat:mobilitat_activa|medi_ambient:contaminacio|participacio:processos_participatius,7|10|20,1002|705|1010|2000,"Representante de Mesura, CAVECOVA y València per l'aire ofrece colaboración en la implementación de la zona de bajas emisiones, advirtiendo sobre la necesidad de cumplir la normativa y ofreciendo apoyo técnico como observador junto a entidades europeas. Realiza críticas sobre la gestión de datos de contaminación y solicita que la bicicleta no sea apropiada por ningún concejal específico.","Representant de Mesura, CAVECOVA i València per l'aire ofereix col·laboració en la implantació de la zona de baixes emissions, advertint sobre la necessitat de complir la normativa i oferint suport tècnic com a observador junt a entitats europees. Realitza crítiques sobre la gestió de dades de contaminació i sol·licita que la bicicleta no siga apropada per cap regidor específic."
2023-11-14-006,2023-11-14,2023-11-14,2023-2027,José Vicente Oliver Villanueva,Asociación Mesura,plataforma-valencia-aire,plataforma,castellano,ciutat,,,mobilitat|medi_ambient|serveis_publics,mobilitat:zbe|medi_ambient:contaminacio|medi_ambient:emergencies_climatiques|serveis_publics:salut,3|7|10,1002|705|300,"El catedrático José Vicente Oliver, en representación de la Asociación Mesura, presenta los resultados científicos de su grupo de investigación sobre calidad del aire en Valencia, demostrando que el 49% de ubicaciones evaluadas superan los límites de NO2 establecidos por la Directiva Europea, y solicita que estos datos rigurosos se consideren en el diseño de la zona de bajas emisiones.","El catedràtic José Vicente Oliver, en representació de l'Associació Mesura, presenta els resultats científics del seu grup de recerca sobre qualitat de l'aire a València, demostrant que el 49% de les ubicacions avaluades superen els límits de NO2 establerts per la Directiva Europea, i sol·licita que aquestes dades rigoroses es consideren en el disseny de la zona de baixes emissions."
2023-11-14-005,2023-11-14,2023-11-14,2023-2027,Ana Amparo Pons Font,AVACU,avacu,altres,castellano,ciutat,,,drets_i_igualtat|economia|serveis_publics,drets_i_igualtat:drets_humans|drets_i_igualtat:igualtat_de_genere|economia:pressupostos|serveis_publics:seguretat,2|12|19|20,1906|202|1200|2000,"Procuradores y abogados solicitan apoyo para una pasarela al RETA que permita jubilaciones dignas, denunciando pensiones insuficientes (280-480 euros), discriminación de género y falta de protecciones laborales en su profesión.","Procuradors i advocats sol·liciten suport per a una passarel·la al RETA que permeta jubilacions dignes, denunciant pensións insuficients (280-480 euros), discriminació de gènere i falta de proteccions laborals en la seua professió."
2023-11-14-004,2023-11-14,2023-11-14,2023-2027,Pepa Ferrero Tomás,Fundació ACM (Assemblea de Ciutadans i Ciutadanes del Mediterrani),fundacio-acm,ong,valenciano,ciutat,,,drets_i_igualtat|cultura|participacio,drets_i_igualtat:drets_humans|drets_i_igualtat:interculturalitat_i_antiracisme|cultura:patrimoni_cultural|participacio:participacio,19|20|23,1906|2300|2000,"Pepa Ferrero Tomás, descendiente de víctimas del franquismo y nazismo, denuncia las declaraciones de un concejal de Vox por normalizar el nazismo, defendiendo las leyes de memoria democrática y criticando la complicidad del gobierno municipal con este partido.","Pepa Ferrero Tomás, descendent de víctimes del franquisme i del nazisme, denuncia les declaracions d'un regidor de Vox per normalitzar el nazisme, defensant les lleis de memòria democràtica i criticant la complicitat del govern municipal amb este partit."
2023-11-14-003,2023-11-14,2023-11-14,2023-2027,Boutaina El Hadri,Jovesólides / Casa Marruecos,jovesolides,ong,castellano,ciutat,,,drets_i_igualtat|persones|participacio,drets_i_igualtat:drets_humans|drets_i_igualtat:interculturalitat_i_antiracisme|persones:joventut|participacio:participacio,2|9|19,1906|204|900,"Boutaina El Hadri, representante de Jovesólides y Casa Marruecos, realiza un emotivo llamamiento al pleno municipal para que tomen medidas contra el genocidio en Gaza, dirigiéndose especialmente a las mujeres concejales como madres y pidiendo que no caigan en la indiferencia ante la crisis humanitaria.","Boutaina El Hadri, representant de Jovesólides i Casa Marruecos, fa una emocionant crida al ple municipal perquè prenguen mesures contra el genocidi a Gaza, dirigint-se especialment a les regidores com a mares i demanant que no caiguen en la indiferència davant la crisi humanitària."
2023-11-14-002,2023-11-14,2023-11-14,2023-2027,Jorge Ramos Tolosa,BDS País Valencià / Associació Intercultural Candombe,bds-pais-valencia,plataforma,mixt,multi_barri,Benimaclet,Benimaclet,drets_i_igualtat|participacio,drets_i_igualtat:drets_humans|drets_i_igualtat:interculturalitat_i_antiracisme|participacio:participacio,19|20,1906|2000,"Representante de BDS País Valenciano reclama el fin del genocidio en Gaza, el cese de la venta de armas a Israel y el cumplimiento de resoluciones de la ONU, argumentando que Israel constituye un régimen de apartheid y que la solidaridad internacional es urgente.","Representant de BDS País Valencià demana fi al genocidi a Gaza, cessament de la venda d'armes a Israel i compliment de resolucions de l'ONU, argumentant que Israel és un règim d'apartheid i que la solidaritat internacional és urgent."
2023-11-14-001,2023-11-14,2023-11-14,2023-2027,Diana Ximena Tutistar Roser,Asociación Por ti Mujer,por-ti-mujer,ong,castellano,ciutat,,,drets_i_igualtat|serveis_publics|participacio,drets_i_igualtat:igualtat_de_genere|drets_i_igualtat:interculturalitat_i_antiracisme|drets_i_igualtat:drets_humans|serveis_publics:seguretat|participacio:participacio,2|12|19|20,202|1206|1901|2000,"La Asociación Por ti Mujer solicita al Pleno compromiso institucional para combatir la violencia de género, destacando que 52 mujeres fueron asesinadas en 2023, con sobrerrepresentación de migrantes (43%), requiriendo políticas integrales, prevención y protección para supervivientes.","L'Associació Per a ti Dona sol·licita al Ple compromís institucional per a combatre la violència de gènere, destacant que 52 dones van ser assassinades el 2023, amb sobrerrepresentació de migrants (43%), requerint polítiques integrals, prevenció i protecció per a supervivents."
2023-10-24-005,2023-10-24,2023-10-24,2023-2027,Daniel Lorenzo Adell Cabrera,Associació de Veïns i Veïnes del Cabanyal-Canyamelar,av-cabanyal-canyamelar,av,mixt,multi_barri,Cabanyal-Canyamelar|El Grau|La Malva-Rosa|Natzaret,Poblats Marítims,urbanisme|medi_ambient|economia,urbanisme:usos_turistics|medi_ambient:emergencies_climatiques|medi_ambient:zones_verdes|economia:comerc_ocupacio,7|14|15,1403|709|711|1526,La Asociación de Vecinos del Cabanyal-Canyamelar cuestiona la ampliación portuaria argumentando que ha incumplido promesas históricas de no afectar a las playas y demanda repensar el modelo de ciudad-puerto priorizando los intereses generales sobre los particulares de Valenciaport.,L'Associació de Veïns del Cabanyal-Canyamelar qüestiona l'ampliació portuaria argumentant que ha incomplert promeses històriques de no afectar les platges i demanda repensar el model de ciutat-port prioritzant els interessos generals sobre els particulars de Valenciaport.
2023-10-24-004,2023-10-24,2023-10-24,2023-2027,Julio Antonio Moltó Belenguer,Associació de Veïns i Veïnes de Natzaret,asociacion-vecinos-nazaret-unido,av,castellano,multi_barri,Natzaret|La Punta|El Grau|Pinedo|Cabanyal-Canyamelar,Poblats Marítims|Poblats del Sud|Quatre Carreres,urbanisme|medi_ambient|economia,urbanisme:espai_public|urbanisme:patrimoni|medi_ambient:contaminacio|medi_ambient:zones_verdes|economia:comerc_ocupacio,7|10|14|15,1401|705|1002|1526,"El representante de la Asociación de Vecinos de Nazaret protesta por los daños causados por las ampliaciones portuarias históricas y futuras, exigiendo reparación ambiental, limpieza del río Turia y recuperación de espacios municipales.","El representant de l'Associació de Veïns de Natzaret protesta pels danys causats per les ampliacions portuàries històriques i futures, exigint reparació ambiental, neteja del riu Túria i recuperació d'espais municipals."
2023-10-24-003,2023-10-24,2023-10-24,2023-2027,María Orrit Ferrer,Associació de Veïns i Veïnes del Grau,associacio-veinats-grau,av,valenciano,barri,El Grau,Poblats Marítims,urbanisme|mobilitat|medi_ambient,urbanisme:espai_public|mobilitat:mobilitat_activa|mobilitat:transit|medi_ambient:contaminacio|medi_ambient:zones_verdes,7|10,1010|1002|705|709,"La Asociación de Vecinos del Grau se opone a la ampliación del puerto por sus consecuencias negativas en la calidad de vida del barrio, contaminación y pérdida de playas, abogando por un puerto más amable, activo y cercano a la ciudadanía.","L'Associació de Veïns del Grau s'oposa a l'ampliació del port per les seues conseqüències negatives en la qualitat de vida del barri, contaminació i pèrdua de platges, defensant un port més amable, actiu i proper a la ciutadania."
2023-10-24-002,2023-10-24,2023-10-24,2023-2027,David Adrià Ibor,Per l'Horta,per-horta,av,valenciano,ciutat,El Grau|Cabanyal-Canyamelar|La Malva-Rosa,Poblats Marítims,urbanisme|medi_ambient|drets_i_igualtat,urbanisme:usos_turistics|medi_ambient:emergencies_climatiques|medi_ambient:contaminacio|drets_i_igualtat:drets_humans,7|14|19,1403|705|711|1906,"David Adrià Ibor, en representación de Per l'Horta, rechaza la ampliación del puerto de Valencia argumentando que es incoherente en contexto de emergencia climática y escasez de recursos, además que viola la obligación constitucional de preservar un medio ambiente saludable.","David Adrià Ibor, en representació de Per l'Horta, rebutja l'ampliació del port de València argumentant que és incoherent en context d'emergència climàtica i escassetat de recursos, a més que viola l'obligació constitucional de preservar un medi ambient saludable."
2023-10-24-001,2023-10-24,2023-10-24,2023-2027,Violeta Mateu López,Associació de Veïns de Sant Antoni-la Saïdia,associacio-veins-sant-antoni-saidia,av,mixt,barri,Sant Antoni,La Saïdia,urbanisme|participacio|serveis_publics,urbanisme:espai_public|urbanisme:habitatge|participacio:participacio|serveis_publics:educacio|serveis_publics:serveis_socials|serveis_publics:esports,13|14|20,1403|1401|1305|2000,"La Asociación de Vecinos de Sant Antoni-Saïdia reclama dotaciones públicas para el barrio carente de infraestructuras y solicita que las naves de Guala 3, donde se pretendía construir un macrohotel, se destinen a servicios municipales.","L'Associació de Veïns de Sant Antoni-Saïdia reclama dotacions públiques per al barri, que no en té cap, i demana que les naus de Guala 3, on es pretenia construir un macrohotel, es destinen a serveis municipals."
2023-09-26-004,2023-09-26,2023-09-26,2023-2027,Olga Pradells Tornero,Associació de Veïns de la Roqueta,associacio-veinal-roqueta,av,valenciano,multi_barri,La Roqueta|El Botanic|La Seu|La Xerea|El Carme|El Pilar|El Mercat|Sant Francesc|Russafa,Ciutat Vella|Extramurs|L'Eixample,mobilitat|medi_ambient,mobilitat:aparcament|mobilitat:transit|medi_ambient:contaminacio,7|10,1002|1010|705,"La representante de la Asociación de Vecinos de la Roqueta se opone a la propuesta de reducción de horarios de la zona azul (ORA) del Grupo Municipal Vox, argumentando que generaría mayor tráfico, contaminación y deterioro de la calidad de vida en los barrios del centro, contradictorio con el modelo de ciudad verde y de movilidad sostenible que se pretende alcanzar.","La representant de l'Associació de Veïns de la Roqueta s'oposa a la proposta de reducció d'horaris de la zona blava (ORA) del Grup Municipal Vox, argumentant que generaria major trànsit, contaminació i deteriorament de la qualitat de vida en els barris del centre, contradictori amb el model de ciutat verda i de mobilitat sostenible que es pretén aconseguir."
2023-09-26-003,2023-09-26,2023-09-26,2023-2027,Aïda Gascón Bosch,Fundació Anima Naturalis,fundacio-anima-naturalis,ong,valenciano,multi_barri,Poble Nou,Poblats del Nord,medi_ambient|drets_i_igualtat|cultura,medi_ambient:benestar_animal|drets_i_igualtat:drets_humans|cultura:festes,19|23|44,4405|1926|2300,"Representante de la Fundación Anima Naturalis expone los riesgos y sufrimiento asociados a las fiestas taurinas tras una muerte en la Pobla de Farnals, pidiendo apoyo del PSPV para que Valencia abandone estas prácticas y demuestre ser una ciudad más civilizada y respetuosa con los animales.","Representant de la Fundació Anima Naturalis exposa els riscos i sofriment associats a les festes taurines després d'una mort a la Pobla de Farnals, demanant suport del PSPV perquè València abandone aquestes pràctiques i demostre ser una ciutat més civilitzada i respectuosa amb els animals."
2023-09-26-002,2023-09-26,2023-09-26,2023-2027,Miguel Sánchez Valdés,Associació de Veïns de la Roqueta,associacio-veinal-roqueta,av,castellano,multi_barri,La Roqueta|El Pla Del Remei|Russafa|El Botanic,Extramurs|L'Eixample,urbanisme|medi_ambient|mobilitat,urbanisme:espai_public|urbanisme:patrimoni|medi_ambient:zones_verdes|medi_ambient:contaminacio|mobilitat:mobilitat_activa|mobilitat:zbe,7|10|14,1401|709|705|1010|1002,"La Asociación de Vecinos de la Roqueta solicita impulsar cinco proyectos de transformación urbana para convertir el barrio en un espacio más verde, sostenible y habitable, alineados con la capitalidad verde europea, destacando la necesidad de reducir el uso de vehículos, mejorar la calidad del aire y recuperar espacio público.","L'Associació de Veïns de la Roqueta demana impulsar cinc projectes de transformació urbana per convertir el barri en un espai més verd, sostenible i habitable, alineats amb la capitalitat verda europea, destacant la necessitat de reduir l'ús de vehicles, millorar la qualitat de l'aire i recuperar espai públic."
2023-09-26-001,2023-09-26,2023-09-26,2023-2027,Mª José del Amor Macías,Asociación de Vecinos Abastos-Finca Roja,av-abastos-finca-roja,av,castellano,multi_barri,La Petxina|Arrancapins,Extramurs,mobilitat|medi_ambient|drets_i_igualtat,mobilitat:transit|mobilitat:mobilitat_activa|medi_ambient:contaminacio|medi_ambient:zones_verdes|medi_ambient:emergencies_climatiques|drets_i_igualtat:drets_humans,2|7|10,1002|705|709|711|201,"La representante de la Asociación de Vecinos Abastos-Finca Roja denuncia los problemas de contaminación, ruido y seguridad causados por el paso de 60.000 vehículos diarios por la avenida Pérez Galdós-Giorgeta, solicitando la reforma integral de la zona con un proyecto ganador (Arrels) que incluye solución al túnel y un depósito de aguas pluviales.","La representant de l'Associació de Veïns Abastos-Finca Roja denuncia els problemes de contaminació, soroll i seguretat causats pel pas de 60.000 vehicles diaris per l'avinguda Pérez Galdós-Giorgeta, sol·licitant la reforma integral de la zona amb un projecte guanyador (Arrels) que inclou solució al túnel i un dipòsit d'aigües pluvials."
2023-04-27-003,2023-04-27,2023-04-27,2019-2023,[***],Stop Accidents,stop-accidents,altres,castellano,ciutat,La Seu|Russafa|El Carme,Ciutat Vella|L'Eixample,serveis_publics|drets_i_igualtat|cultura,serveis_publics:seguretat|drets_i_igualtat:drets_humans|cultura:festes,12|23,1201|1200|2300,"La presidenta de Stop Accidentes solicita la institucionalización del Día Mundial en recuerdo de las Víctimas de la Violencia Vial (tercer domingo de noviembre) e instalación de un monumento conmemorativo en un lugar céntrico y emblemático de la ciudad, en honor a su hijo Pablo y todas las víctimas de siniestros viales.","La presidenta de Stop Accidentes sol·licita la institucionalització del Dia Mundial en record de les Víctimes de la Violència Vial (tercer diumenge de novembre) i instal·lació d'un monument commemoratiu en un lloc cèntric i emblemàtic de la ciutat, en homenatge al seu fill Pablo i totes les víctimes de sinistres vials."
2023-04-27-2-003,2023-04-27-2,2023-04-27,2019-2023,[***],Stop Accidents,stop-accidents,altres,castellano,ciutat,La Seu|Russafa|Exposicio,Ciutat Vella|El Pla del Real|L'Eixample,mobilitat|drets_i_igualtat|participacio,mobilitat:transit|drets_i_igualtat:drets_humans|participacio:participacio,10|19|20,1002|1906|2000,"Representante de Stop Accidents solicita la institucionalización del Día Mundial de las Víctimas de la Violencia Vial y la instalación de un monumento en su recuerdo en un lugar céntrico de Valencia, en honor a su hijo fallecido en un accidente de tráfico en 2001.","Representant de Stop Accidents sol·licita la institucionalització del Dia Mundial de les Víctimes de la Violència Vial i la instal·lació d'un monument en el seu record en un lloc cèntric de València, en honor al seu fill mort en un accident de tràfic l'any 2001."
2023-04-27-002,2023-04-27,2023-04-27,2019-2023,[***],CD Apolo i Asociación de Vecinos Afectados del Carril Bici del Tremolar,cd-apolo,esportiu,mixt,multi_barri,Pinedo|Castellar-L'Oliveral,Poblats del Sud,mobilitat|urbanisme|economia,mobilitat:mobilitat_activa|urbanisme:espai_public|economia:agricultura,4|10,1010|1002|400,"Representante del CD Apolo y vecinos del Tremolar expone preocupaciones sobre la seguridad de un carril bici proyectado en la zona, por incompatibilidad con el tráfico agrícola intenso (1.400 hectáreas de arrozal, 200 tractores diarios) y propone un trazo alternativo que evite el centro del barrio.","Representant del CD Apolo i veïns del Tremolar exposa preocupacions sobre la seguretat d'un carril bici projectat en la zona, per incompatibilitat amb el trànsit agrícola intens (1.400 hectàrees d'arròs, 200 tractors diaris) i proposa un traçat alternatiu que evite el centre del barri."
2023-04-27-2-002,2023-04-27-2,2023-04-27,2019-2023,[***],Club Deportivo Apolo / Asociación de Vecinos Afectados del Carril Bici del Tremolar,cd-apolo,esportiu,mixt,barri,El Palmar,Poblats del Sud,mobilitat|economia|serveis_publics,mobilitat:mobilitat_activa|economia:agricultura|serveis_publics:esports,4|10|15,1010|400|1526,"El presidente del Club Apolo y la Asociación de Vecinos Afectados del Carril Bici del Tremolar reclama modificaciones al proyecto del carril bici que atraviesa la barriada, argumentando que su diseño actual crea peligro para ciclistas debido al intenso tráfico agrícola y propone un trazado alternativo.","El president del Club Apolo i l'Associació de Veïns Afectats del Carril Bici del Tremolar reclama modificacions al projecte del carril bici que travessa la barriada, argumentant que el seu disseny actual crea perill per a ciclistes per l'intens tràfic agrícola i proposa un traçat alternatiu."
2023-04-27-001,2023-04-27,2023-04-27,2019-2023,[***],Plataforma Veïnal Penya-roja,plataforma-vecinal-penyaroja,plataforma,castellano,barri,Penya-Roja,Camins al Grau,urbanisme|participacio|serveis_publics,urbanisme:espai_public|urbanisme:habitatge|participacio:participacio|serveis_publics:salut,12|14|20,1403|1401|2000|1200,"La Plataforma Veïnal Penya-roja rechaza las acusaciones de ser marioneta política y defiende su lucha contra la recalificación urbanística que eliminaba suelo dotacional en su barrio, celebrando el acuerdo alcanzado y reclamando nuevas dotaciones públicas como centro de salud y cultural.","La Plataforma Veïnal Penya-roja rebutja les acusacions de ser marioneta política i defensa la seua lluita contra la recalificació urbanística que eliminava sòl dotacional al seu barri, celebrant l'acord assolit i reclamant noves dotacions públiques com centre de salut i centre cultural."
2023-04-27-2-001,2023-04-27-2,2023-04-27,2019-2023,[***],Plataforma Veïnal Penya-roja,plataforma-vecinal-penyaroja,plataforma,castellano,barri,Penya-Roja,Camins al Grau,urbanisme|participacio|serveis_publics,urbanisme:espai_public|urbanisme:habitatge|participacio:participacio|participacio:transparencia|serveis_publics:salut|serveis_publics:educacio,14|20,1403|1401|2000|2015,"La Plataforma Veïnal Penya-roja rechaza las acusaciones de ser marioneta de un partido político y defiende su actuación en un conflicto urbanístico que ganaron en los tribunales, solicitando ahora la anulación de una licencia de discoteca y otras mejoras para el barrio.","La Plataforma Veïnal Penya-roja rebutja les acusacions de ser titella d'un partit polític i defensa la seua actuació en un conflicte urbanístic que van guanyar als tribunals, demanant ara l'anulació d'una llicència de discoteca i altres millores per al barri."
2023-03-30-004,2023-03-30,2023-03-30,2019-2023,[***],SPPLB (Sindicat de Professorat de la Banda Municipal de València),spplb-sindical,sindical,valenciano,ciutat,,,cultura|drets_i_igualtat,cultura:patrimoni_cultural|cultura:associacionisme|drets_i_igualtat:drets_humans,13|20|23,2300|2004|1305,"El sindicato de profesorado de la Banda Municipal de València denuncia la grave crisis que atraviesa la institución desde el anuncio de su traspaso al Palau de la Música en 2021, con pérdida de puestos de trabajo, expedientes disciplinarios, suspensión de conciertos y falta de planificación, exigiendo el cese de la concejala de Cultura Gloria Tello y respeto para la banda.","El sindicat de professorat de la Banda Municipal de València denuncia la greu crisi que travessa la institució des de l'anunci del seu traspàs al Palau de la Música el 2021, amb pèrdua de places de treball, expedients disciplinaris, suspensió de concerts i falta de planificació, exigint la dimissió de la regidora de Cultura Gloria Tello i respecte per a la banda."
2023-03-30-003,2023-03-30,2023-03-30,2019-2023,[***],Associació de Veïns Grau-Port,associacio-veinal-grau-port,av,valenciano,multi_barri,El Grau|Cabanyal-Canyamelar,Poblats Marítims,urbanisme|participacio|economia,urbanisme:espai_public|urbanisme:patrimoni|urbanisme:usos_turistics|participacio:participacio|participacio:processos_participatius|economia:comerc_ocupacio,14|15|20,1401|1403|1526|2000,"La Associació de Veïns Grau-Port subscriu la moció sobre la Marina per a la ciutat i reivindica una gestió pública de la Marina de València amb participació ciutadana, limitant concessions privades i prioritzant usos públics, culturals i cívics sobre activitats turístiques massives que generen gentrificació.","L'Associació de Veïns Grau-Port subscriu la moció sobre la Marina per a la ciutat i reclama una gestió pública de la Marina de València amb participació ciutadana, limitant les concessions privades i prioritzant els usos públics, culturals i cívics enfront de les activitats turístiques massives que generen gentrificació."
2023-03-30-002,2023-03-30,2023-03-30,2019-2023,[***],"Associació de Veïns Grau-Port, Associació de Veïns de la Punta, la Unificadora, les Casetes de la Punta i la Plataforma el Litoral per al Poble",associacio-veinal-grau-port,av,valenciano,multi_barri,La Punta|Natzaret|Pinedo,Poblats Marítims|Poblats del Sud|Quatre Carreres,urbanisme|mobilitat|participacio,urbanisme:espai_public|mobilitat:transit|participacio:participacio|participacio:transparencia,10|14|20,1002|1401|2000|2015,"Representante de asociaciones de vecinos de la Punta y la Plataforma Litoral por el Pueblo denuncia la falta de planificación de accesos a la futura Ciudad Deportiva del Levante UE y solicita que estos pasen por el recinto portuario y no por los barrios del Marítim, demandando transparencia e información pública en el proceso participativo.","Representant d'associacions de veïns de la Punta i la Plataforma Litoral per al Poble denuncia la falta de planificació dels accessos a la futura Ciutat Esportiva del Llevant UE i sol·licita que aquests passin pel recinte portuari i no pels barris del Marítim, demanant transparència i informació pública en el procés participatiu."
2023-03-30-001,2023-03-30,2023-03-30,2019-2023,[***],"Dones Progressistes CV, Moviment Feminista de València, Front Abolicionista del País Valencià, Women's Declaration Internacional",dones-progressistes-moviment-feminista-abolicionista,plataforma,valenciano,ciutat,,,drets_i_igualtat|serveis_publics,drets_i_igualtat:igualtat_de_genere|drets_i_igualtat:drets_humans|serveis_publics:seguretat,2|12|14|19,202|1200|1401|1906,"Representantes del movimiento feminista de Valencia critican duramente el Plan Divérsitas por considerar que vulnera derechos de las mujeres al basarse en conceptos de identidad de género que consideran contradictorios, especialmente preocupadas por propuestas de espacios no segregados por sexo que podría afectar la seguridad de las mujeres.","Representants del moviment feminista de València critiquen durament el Pla Divérsitas per considerar que vulnera drets de les dones al basar-se en conceptes d'identitat de gènere que consideren contradictoris, especialment preocupades per propostes d'espais no segregats per sexe que podria afectar la seguretat de les dones."
2023-02-23-001,2023-02-23,2023-02-23,2019-2023,[***],SOS Racisme PV / Federación Unión Africana España,sos-racisme-unio-africana,ong,mixt,barri,Benimaclet,Benimaclet,drets_i_igualtat|serveis_publics|urbanisme,drets_i_igualtat:interculturalitat_i_antiracisme|drets_i_igualtat:drets_humans|serveis_publics:serveis_socials|urbanisme:habitatge,9|13|14|19,1406|1300|900|1906,"Representante de la Federación Unión Africana España reclama la declaración de emergencia habitacional del asentamiento de la antigua fábrica El Prado en avenida de Cataluña, donde han muerto cuatro personas y hay otra enferma, exigiendo responsabilidad individual de los concejales.","Representant de la Federació Unió Africana Espanya reclama la declaració d'emergència habitacional de l'assentament de l'antiga fàbrica El Prado en avinguda de Catalunya, on han mort quatre persones i n'hi ha una altra enferma, exigint responsabilitat individual dels regidors."
2023-01-26-004,2023-01-26,2023-01-26,2019-2023,[***],Associació Cultural Candombé / Movimiento ¡Regularización Ya! / Plataforma Esenciales,asociacion-intercultural-candombe,ong,mixt,ciutat,,,drets_i_igualtat|participacio,drets_i_igualtat:interculturalitat_i_antiracisme|drets_i_igualtat:drets_humans|participacio:participacio|participacio:processos_participatius,9|19|20,900|1906|2000,"Representante de la plataforma Esenciales y movimiento Regularización Ya presenta una iniciativa legislativa popular con más de 700.000 firmas recogidas en la calle para exigir la regularización extraordinaria de más de medio millón de personas migrantes en situación administrativa irregular, solicitando el apoyo del Ayuntamiento de Valencia para fortalecer la demanda ante el Congreso de los Diputados.","Representant de la plataforma Esencials i moviment Regularització Ja! presenta una iniciativa legislativa popular amb més de 700.000 signatures recollides al carrer per exigir la regularització extraordinària de més de mig milió de persones migrants en situació administrativa irregular, sol·licitant el suport de l'Ajuntament de València per reforçar la demanda davant del Congrés dels Diputats."
2023-01-26-003,2023-01-26,2023-01-26,2019-2023,[***],Grup d'Acció Valencianista (GAV),grup-accio-valencianista,altres,valenciano,ciutat,El Mercat,Ciutat Vella,cultura|drets_i_igualtat|urbanisme,cultura:patrimoni_cultural|drets_i_igualtat:drets_humans|urbanisme:espai_public,14|19|23,2300|1401|1906,"El representante del GAV defiende la permanencia de la estatua de Francesc de Vinatea en la plaza del Ayuntamiento como símbolo de la unidad y valentia del pueblo valenciano, destacando su importancia histórica en la defensa de los Fueros.","El representant del GAV defensa la permanència de l'estàtua de Francesc de Vinatea en la plaça de l'Ajuntament com a símbol de la unitat i valentia del poble valencià, destacant la seua importància històrica en la defensa dels Furs."
2023-01-26-002,2023-01-26,2023-01-26,2019-2023,[***],Insigne Capítul de l'Almoina de Sant Jordi de Cavallers del Centenar de la Ploma / Plataforma Salvem Vinatea,insigne-capitul-almoina-sant-jordi,cultural,valenciano,ciutat,El Mercat,Ciutat Vella,cultura|drets_i_igualtat|participacio,cultura:patrimoni_cultural|drets_i_igualtat:drets_humans|participacio:participacio,19|20|23,2300|1906|2000,Representante de la plataforma Salvem Vinatea defiende la preservación de la estatua de Vinatea en la plaza del Ayuntamiento como símbolo de la memoria histórica y la identidad valenciana.,Representant de la plataforma Salvem Vinatea defensa la pervivència de l'estàtua de Vinatea en la plaça de l'Ajuntament com a símbol de la memòria històrica i la identitat valenciana.
2023-01-26-001,2023-01-26,2023-01-26,2019-2023,[***],Plataforma Veïnal Barri Penya-roja,plataforma-vecinal-penyaroja,plataforma,mixt,barri,Penya-Roja,Camins al Grau,urbanisme|serveis_publics|participacio,urbanisme:espai_public|serveis_publics:educacio|serveis_publics:salut|participacio:participacio|participacio:transparencia,3|6|14|20,1403|1401|2000|600|300,"Representante de la Plataforma Veïnal de Penya-roja denuncia que el Tribunal Superior de Justicia ha anulado parcialmente la recalificación urbanística del barrio por segunda vez, exigiendo al gobierno municipal que retire el recurso de reposición, reconozca la sentencia y realice inversiones compensatorias en infraestructuras y servicios básicos para el barrio.","Un representant de la Plataforma Veïnal de Penya-roja denuncia que el Tribunal Superior de Justícia ha anul·lat parcialment la recalificació urbanística del barri per segona vegada, exigint al govern municipal que retire el recurs de reposició, reconega la sentència i realitze inversions compensatòries en infraestructures i serveis bàsics per al barri."
2022-12-22-002,2022-12-22,2022-12-22,2019-2023,[***],Asociación de Vecinos del barrio de San Antonio,asociacion-vecinos-san-antonio-zaidia,av,castellano,barri,Sant Antoni,La Saïdia,urbanisme|economia,urbanisme:patrimoni|urbanisme:usos_turistics|economia:comerc_ocupacio,14|23,1403|2300,Vecinos del barrio denuncian operaciones inmobiliarias especulativas en la calle de Guatla y solicitan la protección de naves históricas y la modificación de calificaciones urbanísticas a dotacionales para evitar una urbanización que beneficiaría principalmente a promotoras.,Veïns del barri denuncien operacions immobiliàries especulatives en el carrer de Guatla i sol·liciten la protecció de naus històriques i la modificació de qualificacions urbanístiques a dotacionals per evitar una urbanització que beneficiaria principalment a promotores.
2022-12-22-1-002,2022-12-22-1,2022-12-22,2019-2023,[***],Veïnats del barri (sense especificar nom d'associació),veinats-barrio,av,castellano,barri,La Petxina,Extramurs,urbanisme|economia,urbanisme:patrimoni|urbanisme:usos_turistics|economia:comerc_ocupacio,14|23,1403|2300,Vecinos del barrio de Guatla protestan por demolición de naves históricas y reclaman cambios urbanísticos para proteger patrimonio BRL amenazado por operación inmobiliaria especulativa.,Veïnats del barri de Guatla protesten per la demolició de naus històriques i reclamen canvis urbanístics per a protegir patrimoni BRL amenaçat per operació immobiliària especulativa.
2022-12-22-001,2022-12-22,2022-12-22,2019-2023,[***],Asociación de Vecinos del barrio de San Antonio,asociacion-vecinos-san-antonio-zaidia,av,castellano,barri,Sant Antoni,La Saïdia,urbanisme|serveis_publics|cultura,urbanisme:espai_public|urbanisme:patrimoni|serveis_publics:educacio|serveis_publics:serveis_socials|serveis_publics:esports|cultura:patrimoni_cultural,13|14|23,1403|1401|2300|1304,"La Asociación de Vecinos del barrio de San Antonio solicita la paralización de la demolición de un complejo industrial en calle Guatla para preservar su patrimonio industrial y convertirlo en dotaciones públicas, argumentando las carencias de servicios en el barrio.","L'Associació de Veïns del barri de Sant Antoni sol·licita la paralització de la demolició d'un complex industrial al carrer Guatla per preservar el seu patrimoni industrial i convertir-lo en dotacions públiques, argumentant les carències de serveis en el barri."
2022-12-22-1-001,2022-12-22-1,2022-12-22,2019-2023,[***],Asociación de Vecinos del barrio de San Antonio,asociacion-vecinos-san-antonio-zaidia,av,castellano,barri,Sant Antoni,La Saïdia,urbanisme|serveis_publics|participacio,urbanisme:espai_public|urbanisme:patrimoni|serveis_publics:educacio|serveis_publics:salut|serveis_publics:serveis_socials|participacio:participacio,14|20,1403|1401|2000,La Asociación de Vecinos del barrio de San Antonio solicita la paralización de la demolición de un complejo industrial en la calle Guatla para preservar su patrimonio industrial y convertirlo en dotaciones públicas de las que carece el barrio.,L'Associació de Veïns del barri de Sant Antoni sol·licita la paralització de la demolició d'un complex industrial al carrer Guatla per preservar el seu patrimoni industrial i convertir-lo en dotacions públiques de les que manca el barri.
2022-11-17-001,2022-11-17,2022-11-17,2019-2023,[***],Associació Gent de Benimaclet,gent-de-benimaclet,av,castellano,barri,Benimaclet,Benimaclet,urbanisme|serveis_publics|medi_ambient,urbanisme:espai_public|serveis_publics:seguretat|medi_ambient:zones_verdes,7|12|14,1403|1201|709,"Vecino de Benimaclet solicita urgentemente la ejecución del PAI (Programa de Actuación Integrada) por problemas graves de insalubridad, inseguridad y ocupaciones ilegales en la zona, que afectan la calidad de vida de los residentes.","Veí de Benimaclet sol·licita urgentment l'execució del PAI (Programa d'Actuació Integrada) per problemes greus d'insalubritat, inseguretat i ocupacions il·legals en la zona, que afecten la qualitat de vida dels residents."
2022-10-31-003,2022-10-31,2022-10-31,2019-2023,"[***], [***]",Associació de Veïns Plataforma Intercultural d'Espanya,asociacion-plataforma-intercultural-espana,plataforma,castellano,ciutat,,,drets_i_igualtat|participacio,drets_i_igualtat:interculturalitat_i_antiracisme|drets_i_igualtat:drets_humans|participacio:participacio,2|9|19,1906|900|201,"La Plataforma Intercultural solicita el rechazo de discursos de odio hacia la población migrante, enfatizando que los migrantes contribuyen al crecimiento social, cultural y económico de la ciudad, y no deben ser criminalizados.","La Plataforma Intercultural sol·licita el rebuig de discursos d'odi cap a la població migrant, destacant que els migrants contribueixen al creixement social, cultural i econòmic de la ciutat, i no han de ser criminalitzats."
2022-10-31-002,2022-10-31,2022-10-31,2019-2023,[***],Associació Mi Tierra CV / Hablamos Español,mi-tierra-cv,av,castellano,ciutat,,,drets_i_igualtat|participacio|serveis_publics,drets_i_igualtat:drets_linguistics|participacio:participacio|serveis_publics:educacio,2|6|14|20,207|602|1401|2000,"Representante de Hablamos Español solicita que el Ayuntamiento de Valencia garantice los trámites municipales en español y respete la cooficialidad lingüística en cartelería, redes sociales y documentación, argumentando que es acorde con la Constitución española y las democracias europeas con lenguas cooficiales.","Representant de Hablamos Español sol·licita que l'Ajuntament de València garantisca els trámits municipals en espanyol i respecte la cooficialitat lingüística en carteleria, xarxes socials i documentació, argumentant que és d'acord amb la Constitució espanyola i les democràcies europees amb llengües cooficials."
2022-10-31-001,2022-10-31,2022-10-31,2019-2023,[***],Asociación de Veíns Plaça de Múrcia / Asociación Vecinal Fuensanta,asociacion-vecinos-fuensanta,av,castellano,barri,Fuensanta,La Saïdia,participacio|medi_ambient|serveis_publics,participacio:participacio|participacio:processos_participatius|participacio:transparencia|medi_ambient:benestar_animal|serveis_publics:seguretat,13|14|20,2000|1305|1401|2015,"El presidente de la Asociación Vecinal Fuensanta expone la frustración por la ineficacia del sistema municipal para resolver problemas del barrio, destacando la plaga de ratas y la necesidad de implicación política directa.","El president de l'Associació Vecinal Fuensanta exposa la frustració per la ineficàcia del sistema municipal per a resoldre problemes del barri, destacant la plaga de rates i la necessitat d'implicació política directa."
2022-10-21-009,2022-10-21,2022-10-21,2019-2023,[***],Associació PSIMA,psima,altres,castellano,ciutat,,,serveis_publics|drets_i_igualtat|persones,serveis_publics:serveis_socials|drets_i_igualtat:drets_humans|persones:joventut,13|19|20,1300|1304|2004|1906,"La psicóloga representa al equipo de Intervención Familiar del Ayuntamiento, solicitando la subrogación de nueve trabajadores al personal municipal tras la remunicipalización del servicio, argumentando que es cuestión de justicia social y laboral para garantizar la continuidad en la atención de menores vulnerables.","La psicòloga representa l'equip d'Intervenció Familiar de l'Ajuntament, sol·licitant la subrogació de nou treballadors al personal municipal després de la remunicipalització del servei, argumentant que es tracta de justícia social i laboral per garantir la continuïtat en l'atenció de menors vulnerables."
2022-10-21-008,2022-10-21,2022-10-21,2019-2023,[***],Associació de Veïns I Veïnes de Natzaret,asociacion-vecinos-nazaret-unido,av,mixt,multi_barri,El Grau|Cabanyal-Canyamelar|Natzaret|La Punta,Poblats Marítims|Quatre Carreres,urbanisme|mobilitat|medi_ambient|serveis_publics|economia|drets_i_igualtat,urbanisme:espai_public|urbanisme:patrimoni|mobilitat:transit|mobilitat:transport_public|medi_ambient:emergencies_climatiques|medi_ambient:zones_verdes|serveis_publics:educacio|serveis_publics:seguretat|economia:comerc_ocupacio|drets_i_igualtat:drets_humans,6|7|10|12|13|14|19,1002|1001|711|1401|1403|600|1201|1302|1906,"La Asociación de Vecinos de Nazaret reclama el soterramiento del tren, la ampliación del Turia, mejoras de infraestructuras urbanas y educativas, y denuncia los riesgos de inundación por cambio climático y la falta de control municipal sobre las obras portuarias.","L'Associació de Veïns de Natzaret reivindica el soterrament del tren, l'ampliació del Jardí del Túria, millores d'infraestructures urbanes i educatives, i denúncia els riscos d'inundació per canvi climàtic i la falta de control municipal sobre les obres portuàries."
2022-10-21-007,2022-10-21,2022-10-21,2019-2023,Blanca Silvestre,Consell de la Joventut de València,consell-joventut-valencia,altres,valenciano,ciutat,,,persones|participacio|economia,persones:joventut|participacio:participacio|participacio:processos_participatius|economia:comerc_ocupacio,5|14|20,500|1400|2000,"Blanca Silvestre, en representación del Consell de la Joventut de València, presenta un diagnóstico de la realidad de la juventud valenciana, caracterizada por incertidumbre, resiliencia y expectativa, denunciando problemas como la dificultad de emancipación, la subida de alquileres y la precariedad laboral. Reclama una mayor participación y visibilidad de la juventud en las decisiones políticas municipales.","Blanca Silvestre, en representació del Consell de la Joventut de València, presenta un diagnòstic de la realitat de la joventut valenciana, caracteritzada per incertesa, resiliència i expectativa, denunciant problemes com la dificulttat d'emancipació, la pujada de lloguers i la precarietat laboral. Reclama una major participació i visibilitat de la joventut en les decisions polítiques municipals."
2022-10-21-006,2022-10-21,2022-10-21,2019-2023,[***],Plataforma Veïnal Barri de Penya-roja,plataforma-vecinal-penyaroja,plataforma,castellano,barri,Penya-Roja,Camins al Grau,medi_ambient|urbanisme|serveis_publics,medi_ambient:zones_verdes|medi_ambient:benestar_animal|urbanisme:espai_public|urbanisme:patrimoni|serveis_publics:salut,7|14,709|705|1401|1403,"La Plataforma Veïnal de Penya-roja denuncia la falta de inversiones en el barrio, problemas en jardinería y limpieza municipal, proliferación de plagas y la necesidad de rehabilitar equipamientos como la alquería del Tenis y las naves de Cros. Reclama al alcalde que demuestre que tienen razón apostando por zonas verdes y proyectos pendientes.","La Plataforma Veïnal de Penya-roja denuncia la manca d'inversions en el barri, problemes en jardineria i neteja municipal, proliferació de plagues i la necessitat de rehabilitar equipaments com l'alqueria del Tenis i les naus de Cros. Reclamen al alcalde que demostre que tenen raó apostant per zones verdes i projectes pendents."
2022-10-21-005,2022-10-21,2022-10-21,2019-2023,[***],Associació de Comerciants del Centre Històric de València,asociacion-comerciantes-centro-historico-valencia,empresa,castellano,barri,La Seu|La Xerea|El Carme|El Pilar|El Mercat|Sant Francesc,Ciutat Vella,economia|serveis_publics|mobilitat|participacio|medi_ambient,economia:comerc_ocupacio|serveis_publics:seguretat|mobilitat:transit|mobilitat:transport_public|participacio:processos_participatius|participacio:transparencia|medi_ambient:contaminacio,7|10|12|15|20,1521|1201|1002|1001|2000|2004|2015|705,"La Asociación de Comerciantes del Centro Histórico aborda problemas de seguridad, vandalismo, tráfico y movilidad en el centro, solicitando mayor presupuesto para IBI bonificado, cámaras de vigilancia, limpieza de grafitis, y evaluación consensuada de políticas de movilidad. También destaca la importancia de la gobernanza responsable y coordinada entre partidos políticos.","L'Associació de Comerciants del Centre Històric aborda problemes de seguretat, vandalisme, trànsit i mobilitat al centre, demanant més pressupost per a IBI bonificat, càmeres de vigilància, neteja de grafitis i avaluació consensuada de polítiques de mobilitat. També destaca la importància d'una governança responsable i coordinada entre partits polítics."
2022-10-21-004,2022-10-21,2022-10-21,2019-2023,[***],Mi Tierra CV,mi-tierra-comunidad-valenciana,altres,castellano,ciutat,La Seu,Ciutat Vella,participacio|economia|mobilitat,participacio:processos_participatius|economia:pressupostos|mobilitat:transit|mobilitat:aparcament,10|14|20,2000|1002|1401,"El representante de Mi Tierra CV realiza un discurso dirigido a los ciudadanos sobre temas de gobierno municipal, criticando la gestión actual y pidiendo cambios en política local, infraestructuras y servicios públicos.","El representant de Mi Tierra CV fa un discurs dirigit als ciutadans sobre temes de govern municipal, criticant la gestió actual i demanant canvis en política local, infraestructures i serveis públics."
2022-10-21-003,2022-10-21,2022-10-21,2019-2023,[***],Associació Zero Incívics,associacio-zero-incivics,av,castellano,barri,Cabanyal-Canyamelar,Poblats Marítims,serveis_publics|drets_i_igualtat,serveis_publics:seguretat|drets_i_igualtat:drets_humans,12|19,1200|1201|1906,"Representante de la Asociación Zero Incívics denuncia siete años de acoso, amenazas y agresiones físicas de parte de vecinos en el Cabanyal, criticando la ineficacia de las medidas municipales de convivencia y la falta de protección a los denunciantes.","Representant de l'Associació Zero Incívics denuncia set anys de assetjament, amenaces i agressions físiques per part de veïns en el Cabanyal, criticant la ineficàcia de les mesures municipals de convivència i la falta de protecció als denunciants."
2022-10-21-002,2022-10-21,2022-10-21,2019-2023,Rafael Soler,Asociación Aceras para Peatones (APPEAT),appeat,av,castellano,ciutat,,,mobilitat|serveis_publics,mobilitat:mobilitat_activa|mobilitat:transit|serveis_publics:seguretat,10|12,1010|1002|1200,"El presidente de la Asociación Aceras para Peatones denuncia la falta de control municipal sobre bicicletas y patinetes que incumplen la ordenanza, poniendo en peligro a los peatones, e insta al Ayuntamiento a tomar medidas como la matriculación de estos vehículos y la actualización de la normativa.","El president de l'Associació Aceres per a Vianants denúncia la falta de control municipal sobre bicicletes i patinets que incomplixen l'ordenança, posant en perill els vianants, i insta l'Ajuntament a adoptar mesures com la matriculació d'estos vehicles i l'actualització de la normativa."
2022-09-29-003,2022-09-29,2022-09-29,2019-2023,[***],Associació de Veïns de la Creu Coberta,associacio-veins-creu-coberta,av,castellano,multi_barri,La Creu Coberta|L'Hort De Senabre|Sant Marcel.Li,Jesús,urbanisme|mobilitat|medi_ambient|serveis_publics|economia|drets_i_igualtat|participacio,urbanisme:espai_public|urbanisme:patrimoni|mobilitat:transit|medi_ambient:contaminacio|medi_ambient:benestar_animal|serveis_publics:seguretat|economia:pressupostos|drets_i_igualtat:interculturalitat_i_antiracisme|participacio:participacio,7|10|12|13|14|20,1002|1401|1200|1304|2000|705|703,"El presidente de la AV Cruz Cubierta denuncia la degradación de las calles San Vicente y zonas aledañas debido a ocupaciones ilegales, acumulación de basura, robos y problemas de seguridad, además de reivindicar mayor inversión en los barrios periféricos frente al centro de la ciudad.","El president de l'AV Creu Coberta denuncia la degradació de les carrers de San Vicente i zones pròximes per ocupacions il·legals, acumulació de deixalles, robatoris i problemes de seguretat, i reclama més inversió en els barris perifèrics enfront del centre de la ciutat."
2022-09-29-002,2022-09-29,2022-09-29,2019-2023,[***],Asociación de Vecinos del Barrio de San Antonio,asociacion-vecinos-san-antonio-zaidia,av,castellano,barri,Sant Antoni,La Saïdia,urbanisme|participacio,urbanisme:patrimoni|urbanisme:usos_turistics|participacio:participacio|participacio:transparencia,14|20,1403|2015|1401,"La asociación de vecinos de San Antonio denuncia la falta de resolución sobre la declaración de bien de relevancia local para las naves de la calle Guatla y la amenaza de derribo por una promotora, solicitando protección patrimonial y expresando preocupación sobre el proyecto del macrohotel David Zapatero.","L'associació de veïns de Sant Antoni denuncia la falta de resolució sobre la declaració de bé de rellevància local per a les naus del carrer Guatla i la amenaça de derribament per part d'una promotora, demanant protecció patrimonial i expressant preocupació sobre el projecte del macrohotel David Zapatero."
2022-09-29-001,2022-09-29,2022-09-29,2019-2023,[***],Asociación de Vecinos del Barrio de San Antonio,asociacion-vecinos-san-antonio-zaidia,av,castellano,barri,Sant Antoni,La Saïdia,urbanisme|serveis_publics|drets_i_igualtat,urbanisme:habitatge|urbanisme:espai_public|serveis_publics:educacio|serveis_publics:salut|serveis_publics:serveis_socials|drets_i_igualtat:drets_humans,14|19|20,1403|1401|1906|2000,"La Asociación de Vecinos del Barrio de San Antonio denuncia la falta de dotaciones públicas en el barrio y se opone a la construcción de un macrohotel de 575 habitaciones en la calle Guatla, denunciando irregularidades en la titularidad del suelo y contradictions en las actuaciones del Ayuntamiento respecto al Plan Estratégico València 2030.","L'Associació de Veïns del Barri de Sant Antoni denuncia la manca de dotacions públiques en el barri i s'oposa a la construcció d'un machotel de 575 habitacions al carrer Guatla, denunciant irregularitats en la titularitat del sòl i contradiccions en les actuacions de l'Ajuntament respecte al Pla Estratègic València 2030."
2022-07-28-003,2022-07-28,2022-07-28,2019-2023,[***],Asociación de Vecinos Marítim-Aiora,asociacion-vecinos-maritim-aiora,av,castellano,multi_barri,El Grau|Aiora,Camins al Grau|Poblats Marítims,serveis_publics|persones|participacio,serveis_publics:esports|persones:gent_major|participacio:participacio,13|15|20,1526|1303|2000,"Miembro de la Asociación de Vecinos Marítim-Aiora reclama la reapertura inmediata de la piscina de Ayora, cerrada hace cinco meses, destacando su importancia para actividades terapéuticas y deportivas, y crítica la falta de gestión del gobierno local.","Membre de l'Associació de Veïns Marítim-Aiora reclama la reapertura immediata de la piscina d'Ayora, tancada fa cinc mesos, destaca la seua importància per a activitats terapèutiques i esportives, i critica la falta de gestió del govern local."
2022-07-28-002,2022-07-28,2022-07-28,2019-2023,[***],Associació de Veïns de la Plaça de Múrcia,associacio-veins-placa-murcia,av,castellano,ciutat,,,serveis_publics|persones|drets_i_igualtat,serveis_publics:salut|persones:gent_major|drets_i_igualtat:drets_humans,3|13|19,300|1303|1906,"Una enfermera del Hospital General Universitario de València, delegada de CSIF, denuncia la grave situación de falta de recursos humanos en el hospital pese a tener la mayor población asignada de la Comunidad Valenciana, solicitando aumento de plantilla, estatutarización e integración en la Conselleria de Sanidad.","Una infermera de l'Hospital General Universitari de València, delegada de CSIF, denuncia la situació greu per falta de recursos humans en el hospital malgrat tindre la major població assignada de la Comunitat Valenciana, sol·licitant augment de plantilla, estatutarització i integració en la Conselleria de Sanitat."
2022-07-28-001,2022-07-28,2022-07-28,2019-2023,[***] i [***],Associació de Veïns del Barri de Penya-roja,plataforma-vecinal-penyaroja,plataforma,castellano,multi_barri,Penya-Roja|El Grau|Cabanyal-Canyamelar|Natzaret|Tres Forques,Camins al Grau|L'Olivereta|Poblats Marítims,urbanisme|mobilitat|medi_ambient,urbanisme:espai_public|mobilitat:transit|medi_ambient:contaminacio,7|10|14,1002|1401|705|1403,"Los vecinos de Penya-roja reclaman urgentemente el soterramiento de las vías del tren mediante la prolongación del túnel de Serrería, criticando el nuevo PAI del Grao por no contemplar esta solución y exigiendo una inversión equivalente a la destinada a otras zonas de la ciudad.","Els veïns de Penya-roja demanen urgentment el soterrament de les vies del tren mitjançant la prolongació del túnel de Serreria, criticant el nou PAI del Grao per no contemplar aquesta solució i exigint una inversió equivalent a la destinada a altres zones de la ciutat."
2022-06-30-002,2022-06-30,2022-06-30,2019-2023,[***],Federació de Mercats Tradicionals d'Abastiments CV (Comfemercat),federacio-mercats-tradicionals-abastiments-cv,empresa,castellano,ciutat,El Mercat|Russafa|Benicalap|Cabanyal-Canyamelar|L'Illa Perduda,Algirós|Benicalap|Ciutat Vella|L'Eixample|Poblats Marítims,economia|urbanisme|participacio,economia:comerc_ocupacio|economia:agricultura|urbanisme:usos_turistics|participacio:participacio,4|14|15,1521|1500|400|1403,"La representante de Comfemercat rechaza la creación de nuevos mercados de venta directa de agricultores, argumentando que generaría competencia desleal hacia los 2.729 vendedores existentes y amenazaría los 8.200 empleos directos del sector, cuando existen 427 paradas vacías que podrían ocuparse en los mercados actuales.","La representant de Comfemercat rebutja la creació de nous mercats de venda directa d'agricultors, argumentant que generaria competència deslleial envers els 2.729 venedors existents i amenaçaria els 8.200 llocs de treball directes del sector, quan existeixen 427 parades buides que podrien ocupar-se als mercats actuals."
2022-06-30-001,2022-06-30,2022-06-30,2019-2023,[***],SPPLB / InterinosVLC por la Fijeza Ya,spplb-sindical,sindical,mixt,ciutat,,,serveis_publics|economia|drets_i_igualtat,serveis_publics:seguretat|economia:comerc_ocupacio|drets_i_igualtat:drets_humans,12|20,2004|1200,"Representantes de la plataforma InterinosVLC solicitan a la corporación municipal que aplique procesos de estabilización real para los 1.892 funcionarios interinos del Ayuntamiento, utilizando el marco legal de la Ley 20/2021 que permite diseñar procesos que valoren la experiencia acumulada, como ya ha hecho la Diputación de Sevilla.","Representants de la plataforma InterinosVLC demanen a la corporació municipal que aplique processos d'estabilització real pels 1.892 funcionaris interins de l'Ajuntament, utilitzant el marc legal de la Llei 20/2021 que permet dissenyar processos que valoren l'experiència acumulada, com ja ha fet la Diputació de Sevilla."
2022-04-28-004,2022-04-28,2022-04-28,2019-2023,[***],AMPA del CP Fernando de los Ríos,ampa-cp-fernando-de-los-ríos,educacio,castellano,ciutat,,,serveis_publics|drets_i_igualtat|participacio,serveis_publics:educacio|drets_i_igualtat:igualtat_de_genere|drets_i_igualtat:interculturalitat_i_antiracisme|participacio:transparencia,6|20,600|602|603|2004|2000,"El AMPA del CP Fernando de los Ríos demanda al Ayuntamiento de València que cubra vacantes de especialistas (música, educación física, orientación psicopedagógica, inglés) y exige explicaciones sobre la gestión de contrataciones, amenazando con solicitar la cesión del centro a la Conselleria de Educación si no se resuelven los problemas de recursos.","L'AMPA del CP Fernando de los Ríos demana a l'Ajuntament de València que cobreix vacant de especialistes (música, educació física, orientació psicopedagògica, anglès) i exigeix explicacions sobre la gestió de contractacions, amenaçant amb sol·licitar la cessió del centre a la Conselleria d'Educació si no es resolen els problemes de recursos."
2022-04-28-003,2022-04-28,2022-04-28,2019-2023,[***] y [***],AMPA del CP Benimaclet,ampa-cp-benimaclet,educacio,castellano,barri,Benimaclet,Benimaclet,serveis_publics|participacio,serveis_publics:educacio|participacio:participacio,6,600|602,El AMPA del Colegio Municipal Benimaclet denuncia la falta de cobertura de la plaza de orientación psicopedagógica desde abril de 2021 y critica que la solución de trasladar recursos de otros centros genera competencia entre escuelas sin resolver el problema real.,L'AMPA del Col·legi Municipal Benimaclet denuncia la manca de cobertura de la plaça d'orientació psicopedagògica desde abril de 2021 i critica que la solució de traslladar recursos d'altres centres genera competència entre escoles sense resoldre el problema real.
2022-04-28-002,2022-04-28,2022-04-28,2019-2023,[***] i [***],Associació de Veïns i Veïnes de Beniferri,associacio-veinats-beniferri,av,castellano,barri,Beniferri,Poblats de l'Oest,serveis_publics|urbanisme|drets_i_igualtat,serveis_publics:esports|urbanisme:espai_public|drets_i_igualtat:drets_humans,13|14|15,1526|1401|1304,"La Asociación de Vecinos de Beniferri solicita explicaciones sobre el retraso en la finalización de la pista multideportes iniciada el 13 de enero y plantea demandas de mejoras como accesibilidad, iluminación, papeleras, bancos y delimitación segura de la zona.","L'Associació de Veïns de Beniferri demana explicacions sobre el retard en l'acabament de la pista multideportiva iniciada el 13 de gener i planteja demandes de millores com accessibilitat, il·luminació, papereres, bancs i delimitació segura de la zona."
2022-04-28-001,2022-04-28,2022-04-28,2019-2023,[***],Federació del Taxi,federacio-taxi,empresa,castellano,ciutat,,,mobilitat|economia|participacio,mobilitat:transit|economia:comerc_ocupacio|participacio:participacio,10|15|20,1002|1526|2000,"Representante de la Federación del Taxi defiende la regulación del sector de taxi frente a las VTC, criticando la actuación de la CNMC y destacando la falta de profesionalidad en los conductores de vehículos de transporte con conductor.","Representant de la Federació del Taxi defensa la regulació del sector del taxi front a les VTC, criticant l'actuació de la CNMC i destacant la falta de professionalitat en els conductors de vehicles de transport amb conductor."
2022-03-31-004,2022-03-31,2022-03-31,2019-2023,[***],Associació Al-Adala València,al-adala-valencia,altres,castellano,ciutat,,,drets_i_igualtat|participacio,drets_i_igualtat:drets_humans|drets_i_igualtat:interculturalitat_i_antiracisme|participacio:participacio,19|20,1906|2000,"La representante de Al-Adala València critica el cambio de posición del Gobierno español sobre el Sáhara Occidental, denunciando la traición a los derechos del pueblo saharaui y reclamando un referéndum de autodeterminación bajo supervisión internacional.","La representant d'Al-Adala València critica el canvi de posició del Govern espanyol sobre el Sàhara Occidental, denunciant la traïció als drets del poble sahrauí i reclamant un referèndum d'autodeterminació sota supervisió internacional."
2022-03-31-003,2022-03-31,2022-03-31,2019-2023,[***],Delegación Saharaui en la Comunidad Valenciana / Dirección del Frente Polisario,delegacion-saharaui-frente-polisario,altres,castellano,no_especificat,,,drets_i_igualtat|participacio,drets_i_igualtat:drets_humans|participacio:participacio,19|20,1906|2000,"Representante del Frente Polisario critica el cambio de postura del Gobierno español sobre el Sahara Occidental, argumentando que la soberanía corresponde exclusivamente al pueblo saharaui y rechazando la solución de autonomía como ocupación ilegal.","Representant del Front Polisario critica el canvi de postura del Govern espanyol sobre el Sàhara Occidental, argumentant que la sobirania correspon exclusivament al poble saharauí i rebutjant la solució d'autonomia com a ocupació il·legal."
2022-03-31-002,2022-03-31,2022-03-31,2019-2023,[***],"Zemmur, Asociación de Saharauis en València",zemmur,av,castellano,ciutat,,,drets_i_igualtat|participacio,drets_i_igualtat:drets_humans|drets_i_igualtat:interculturalitat_i_antiracisme|participacio:participacio,19|20,1906|2000,"Representante de la Asociación de Saharauis en València critica la posición del Gobierno español respecto al Sáhara Occidental, recordando la responsabilidad histórica y jurídica de España como antigua potencia administradora del territorio y pidiendo el reconocimiento del referéndum de autodeterminación del pueblo saharaui.","Representant de l'Associació de Saharauís a València critica la posició del Govern espanyol respecte al Sàhara Occidental, recordant la responsabilitat històrica i jurídica d'Espanya com a antiga potència administradora del territori i demanant el reconeixement del referèndum d'autodeterminació del poble saharaui."
2022-03-31-001,2022-03-31,2022-03-31,2019-2023,[***],Associació Dret a Morir Dignament de la Comunitat Valenciana,dret-a-morir-dignament,ong,valenciano,ciutat,,,drets_i_igualtat|serveis_publics|participacio,drets_i_igualtat:drets_humans|serveis_publics:salut|participacio:participacio,3|19|20,1906|300|2000,"La presidenta de la Asociación Dret a Morir Dignament de la Comunidad Valenciana solicita el apoyo del pleno municipal a una moción sobre el derecho a la muerte digna, pidiendo colaboración para sensibilizar y informar a la ciudadanía sobre la Ley de eutanasia y el Documento de Voluntades Anticipadas.","La presidenta de l'Associació Dret a Morir Dignament de la Comunitat Valenciana sol·licita el recolzament del ple municipal a una moció sobre el dret a la mort digna, demanant col·laboració per a sensibilitzar i informar a la ciutadania sobre la Llei d'eutanàsia i el Document de Voluntats Anticipades."
2022-02-24-002,2022-02-24,2022-02-24,2019-2023,[***],Acció Ecologista-Agró,accio-ecologista-agro,plataforma,valenciano,multi_barri,El Saler|El Palmar,Poblats del Sud|Quatre Carreres,medi_ambient|urbanisme,medi_ambient:zones_verdes|medi_ambient:emergencies_climatiques|medi_ambient:dana_2024|urbanisme:patrimoni,7|14|21,711|700|1403|2100,"Representante de Acció Ecologista-Agró defiende la demolición del hotel Sidi Saler para recuperar ambientalmente el sistema dunar del Parque Natural de la Albufera, considerando que continuar con la estrategia iniciada en los años 70 de desmantelecer infraestructuras obsoletas es clave en el contexto de emergencia climática.","Representant d'Acció Ecologista-Agró defensa la demolició de l'hotel Sidi Saler per recuperar ambientalment el sistema dunar del Parc Natural de l'Albufera, considerant que continuar amb l'estratègia iniciada en els anys 70 de desmantellar infraestructures obsoletes és clau en el context d'emergència climàtica."
2022-02-24-001,2022-02-24,2022-02-24,2019-2023,[***],SPPLB,spplb-sindical,sindical,castellano,ciutat,,,serveis_publics|drets_i_igualtat|participacio,serveis_publics:seguretat|drets_i_igualtat:drets_humans|participacio:transparencia,12|20,2004|1200|1201|2000,"El representante del sindicato SPPLB reclama el cumplimiento del acuerdo de compensación por pandemia de cinco días de descanso para trabajadores municipales de servicios esenciales, cuestionando la interpretación restrictiva del Gobierno sobre quiénes tienen derecho a este beneficio.","El representant del sindicat SPPLB reclama el compliment de l'acord de compensació per pandèmia de cinc dies de descans per a treballadors municipals de serveis essencials, qüestionant la interpretació restrictiva del Govern sobre qui té dret a este benefici."
2022-01-27-003,2022-01-27,2022-01-27,2019-2023,Asunción Pérez Calot,Federació d'Associacions de Veïns de València,favv,av,castellano,ciutat,,,persones|serveis_publics|economia,persones:gent_major|serveis_publics:serveis_socials|economia:comerc_ocupacio,2|13|15,204|1300|1521,"La defensora del Mayor expone la brecha digital que afecta a los mayores y solicita medidas concretas a las entidades bancarias: horarios especiales, envío de información en papel a domicilios y formación básica sobre operaciones bancarias.","La defensora del Major exposa la bretxa digital que afecta els majors i sol·licita mesures concretes a les entitats bancàries: horaris especials, enviament d'informació en paper als domicilis i formació bàsica sobre operacions bancàries."
2022-01-27-002,2022-01-27,2022-01-27,2019-2023,[***],SPPLB (Sindicato Profesional de Policías Locales y Bomberos),spplb-sindical,sindical,castellano,ciutat,,,serveis_publics|drets_i_igualtat|participacio,serveis_publics:seguretat|drets_i_igualtat:drets_humans|participacio:transparencia,12|19|20,1201|1906|2000,"El representante del sindicato de policías locales y bomberos denuncia el incumplimiento de acuerdos con el Ayuntamiento, particularmente los cinco días de compensación prometidos al personal de servicios esenciales durante la pandemia, que han sido sistemáticamente postergados.","El representant del sindicat de policies locals i bombers denuncia l'incompliment dels acords amb l'Ajuntament, particularment els cinc dies de compensació promesos al personal de serveis essencials durant la pandèmia, que han sigut sistemàticament ajornats."
2022-01-27-001,2022-01-27,2022-01-27,2019-2023,[***],Associació de Veïns de Patraix,associacio-veins-patraix,av,mixt,barri,Patraix,Patraix,urbanisme|cultura|mobilitat,urbanisme:patrimoni|urbanisme:espai_public|cultura:patrimoni_cultural|cultura:associacionisme|mobilitat:mobilitat_activa,10|14|23,1403|2300|1010|1401,"El representante de la Asociación de Vecinos de Patraix celebra la aprobación del Plan Especial de Protección del Núcleo Histórico Tradicional de Patraix, considerando que finalmente se repara una deuda histórica con el barrio tras su anexión a la ciudad en 1870, y destaca la importancia de proteger la trama urbana histórica, la acequia de Favara y recuperar el espacio público.","El representant de l'Associació de Veïns de Patraix celebra l'aprovació del Pla Especial de Protecció del Nucli Històric Tradicional de Patraix, considerant que finalment es repara una deute històrica amb el barri després de la seua anexió a la ciutat el 1870, i destaca la importància de protegir la trama urbana històrica, la séquia de Favara i recuperar l'espai públic."
2021-12-23-004,2021-12-23,2021-12-23,2019-2023,[***],"Asociación Por Ti, Mujer",por-ti-mujer,ong,castellano,ciutat,,,drets_i_igualtat|serveis_publics|economia,drets_i_igualtat:drets_humans|drets_i_igualtat:interculturalitat_i_antiracisme|drets_i_igualtat:diversitat|serveis_publics:educacio|serveis_publics:salut|serveis_publics:serveis_socials|economia:comerc_ocupacio,9|13|14|19,1906|900|1300|1302|1409,"La vicepresidenta del Consejo Local de Inmigración de Valencia denuncia la vulneración de derechos humanos de personas inmigrantes en situación irregular, pidiendo políticas migratorias que garanticen acceso a trabajo, sanidad, educación y vivienda, así como la lucha contra el racismo y la xenofobia.","La vicepresidenta del Consell Local d'Immigració de València denúncia la vulneració dels drets humans de les persones immigrants en situació irregular, demanant polítiques migratòries que garantisquen l'accés a treball, sanitat, educació i habitatge, així com la lluita contra el racisme i la xenofòbia."
2021-12-23-002,2021-12-23,2021-12-23,2019-2023,[***],SPPLB-CV (Sindicato de Policías Profesionales de la Localidad),spplb-sindical,sindical,mixt,ciutat,La Malva-Rosa|El Grau,Algirós|Benicalap|Benimaclet|Camins al Grau|Campanar|Ciutat Vella|El Pla del Real|Extramurs|Jesús|L'Eixample|L'Olivereta|La Saïdia|Patraix|Poblats Marítims|Poblats de l'Oest|Poblats del Nord|Poblats del Sud|Quatre Carreres|Rascanya,serveis_publics|drets_i_igualtat|participacio,serveis_publics:seguretat|drets_i_igualtat:drets_humans|participacio:participacio,12|20,1201|1200|2000,"El representante del sindicato SPPLB solicita al Pleno municipal que se oponga a la modificación de la Ley de Seguridad Ciudadana, argumentando que es fundamental para el trabajo policial y advirtiendo que las reformas propuestas debilitarán la capacidad de la Policía Local para prevenir delitos y mantener el orden público.","El representant del sindicat SPPLB sol·licita al Ple municipal que s'oposa a la modificació de la Llei de Seguretat Ciutadana, argumentant que és fonamental per al treball policial i advertint que les reformes proposades debilitaran la capacitat de la Policia Local per a previndre delictes i mantindre l'ordre públic."
2021-12-23-001,2021-12-23,2021-12-23,2019-2023,[***],Federación del Taxi,federacio-taxi,empresa,castellano,ciutat,,,mobilitat|serveis_publics|economia,mobilitat:transit|mobilitat:transport_public|serveis_publics:seguretat|economia:comerc_ocupacio,5|10|12,1002|1000|1201|500,"La Federación del Taxi agradece la modificación de la ordenanza de transporte que diferencia entre servicios de taxi y VTC, destacando la importancia de la sostenibilidad, seguridad y cumplimiento de la proporción de 1 VTC por cada 30 taxis establecida en la LOT.","La Federació del Taxi agraeix la modificació de l'ordenança de transports que diferencia entre serveis de taxi i VTC, destacant la importància de la sostenibilitat, seguretat i cumpliment de la proporció d'1 VTC per cada 30 taxis establerta en la LOT."
2021-11-18-004,2021-11-18,2021-11-18,2019-2023,[***],"Viure Ciutat Vella, Associació Veïnal i de Comerç",viure-ciutat-vella,av,mixt,barri,La Seu|La Xerea|El Carme|El Pilar|El Mercat|Sant Francesc,Ciutat Vella,mobilitat|urbanisme|economia,mobilitat:transit|mobilitat:transport_public|urbanisme:espai_public|economia:comerc_ocupacio,10|14|15,1002|1001|1521|1403,"La asociación vecinal de Ciutat Vella manifiesta su rechazo a la entrada en vigor de las cámaras de vigilancia en el Mercado Central en las fechas previstas, argumentando que las obras aún no están terminadas, falta consenso y se han suprimido accesos sin alternativas de transporte, generando un aislamiento progresivo que amenaza la viabilidad comercial del barrio.","L'associació veïnal de Ciutat Vella manifesta el seu rebuig a l'entrada en vigor de les càmeres de vigilància en el Mercat Central en les dates previstes, argumentant que les obres no estan acabades, falta consens i s'han suprimit accessos sense alternatives de transport, generant un aïllament progressiu que amenaiça la viabilitat comercial del barri."
2021-11-18-003,2021-11-18,2021-11-18,2019-2023,[***],Associació ALBARCA,albarca,altres,valenciano,barri,La Seu|El Mercat,Ciutat Vella,urbanisme|mobilitat|participacio,urbanisme:espai_public|urbanisme:patrimoni|mobilitat:transit|mobilitat:transport_public|mobilitat:aparcament|participacio:participacio|participacio:processos_participatius,10|14|20,1401|1002|1001|2000,La representante de la hostelería del centro histórico rechaza el proceso de instalación de cámaras de control de acceso en Ciutat Vella por falta de participación ciudadana y demanda que se posponga hasta que mejore la situación del transporte y aparcamiento.,La representant de l'hostaleria del centre històric rebutja el procés d'instal·lació de càmeres de control d'accés en Ciutat Vella per falta de participació ciutadana i demana que es pospose fins que millore la situació del transport i aparcament.
2021-11-18-002,2021-11-18,2021-11-18,2019-2023,[***],Associació de Venedors del Mercat Central,associacio-venedors-mercat-central,empresa,mixt,barri,El Mercat,Ciutat Vella,urbanisme|economia|mobilitat,urbanisme:espai_public|economia:comerc_ocupacio|mobilitat:transit,10|14|15,1002|1521|1401,"Representante de la Asociación de Vendedores del Mercado Central solicita comprensión respecto a los problemas de carga y descarga durante las obras de urbanización, siendo necesario establecer accesos alternativos a la calle Calabazas.","El representant de l'Associació de Venedors del Mercat Central demana comprensió pels problemes de càrrega i descàrrega durant les obres d'urbanització, sent necessari establir accés alternatiu a la calle Calabazas."
2021-11-18-001,2021-11-18,2021-11-18,2019-2023,[***],"Agrupació de Falles la Seu-Xerea-el Mercat, Agrupació de Falles del Barrio del Carmen, Agrupación Pilar-Sant Francesc i altres entitats culturals",agrupacions-falles-festes,cultural,castellano,multi_barri,La Seu|La Xerea|El Mercat|El Carme|El Pilar|Sant Francesc,Ciutat Vella,cultura|mobilitat|urbanisme,cultura:festes|cultura:associacionisme|mobilitat:aparcament|urbanisme:espai_public,10|14|15|23,2300|1002|1401|1500,"Representantes de colectivos falleros y entidades culturales de Ciutat Vella expresan su malestar por las dificultades de acceso y falta de aparcamientos que están afectando negativamente a sus actividades altruistas, y solicitan una reunión con el alcalde para dialogar sobre soluciones antes de la implementación de sanciones por cámaras.","Representants de col·lectius fallers i entitats culturals de Ciutat Vella expressen el seu malestar per les dificultats d'accés i la manca d'aparcaments que estan afectant negativament a les seues activitats altruistes, i demanen una reunió amb l'alcalde per dialogar sobre solucions abans de la implementació de sancions per càmeres."
2021-11-11-003,2021-11-11,2021-11-11,2019-2023,[***],Secció Sindical de la UGT-PV de l'Ajuntament de València,ugt-pv-ajuntament-valencia,sindical,mixt,ciutat,,,cultura|drets_i_igualtat|participacio,cultura:patrimoni_cultural|drets_i_igualtat:drets_humans|participacio:transparencia,19|20|23,2300|1906|2000,"Representantes de la Banda Sinfónica Municipal, a través de UGT-PV, manifiestan su rotunda oposición al traspaso de la banda al Palau de la Música decidido por el equipo de gobierno, argumentando falta de transparencia, vulneración de derechos de los funcionarios y riesgo para la institución histórica y cultural.","Representants de la Banda Sinfónica Municipal, a través de UGT-PV, manifesten la seua rotunda oposició al traspàs de la banda al Palau de la Música decidit per l'equip de govern, argumentant falta de transparència, vulneració de drets dels funcionaris i perill per a la institució històrica i cultural."
2021-11-11-002,2021-11-11,2021-11-11,2019-2023,[***],Plataforma Veïnal del Barri de Penya-roja,plataforma-vecinal-penyaroja,plataforma,castellano,barri,Penya-Roja,Camins al Grau,urbanisme|participacio|drets_i_igualtat,urbanisme:habitatge|participacio:transparencia|drets_i_igualtat:drets_humans,14|19|20,1403|2000|1906,"La Plataforma Vecinal del Barri de Penya-roja denuncia negociaciones secretas entre el Ayuntamiento y constructores sobre los terrenos de Tabacalera, reclamando participación en cualquier acuerdo y criticando que se pretenda dar más compensación a una empresa que ya ha obtenido 110 millones de euros.","La Plataforma Veïnal del Barri de Penya-roja denuncia negociacions secretes entre l'Ajuntament i constructores sobre els terrenys de Tabacalera, reclamant participació en qualsevol acord i criticant que es pretén donar més compensació a una empresa que ja ha obtingut 110 milions d'euros."
2021-11-11-001,2021-11-11,2021-11-11,2019-2023,[***],Mi Tierra-Comunidad Valenciana,mi-tierra-comunidad-valenciana,altres,castellano,multi_barri,Penya-Roja|Els Orriols|La Malva-Rosa|La Punta|Ciutat Jardi|Benimaclet,Algirós|Benimaclet|Camins al Grau|Poblats Marítims|Quatre Carreres|Rascanya,participacio|economia|drets_i_igualtat,participacio:transparencia|economia:pressupostos|drets_i_igualtat:drets_linguistics,2|20,2000|2004|2015|207,"Representante de Mi Tierra-Comunidad Valenciana realiza una crítica exhaustiva de la gestión municipal, acusando al Gobierno de ideología sectaria, mala ejecución presupuestaria, negligencia patrimonial y permisividad ante la violencia de izquierdas, mientras advierte a los votantes sobre el futuro electoral de 2023.","Representant de Mi Tierra-Comunidad Valenciana realitza una crítica exhaustiva de la gestió municipal, acusant al Govern d'ideologia sectària, mala execució pressupostària, negligència patrimonial i permissivitat davant la violència d'esquerra, mentre adverteix els votants sobre el futur electoral de 2023."
2021-10-28-001,2021-10-28,2021-10-28,2019-2023,[***],Consell de la Joventut de la Ciutat de València,consell-joventut-valencia,altres,castellano,ciutat,,,persones|participacio|economia,persones:joventut|participacio:participacio|participacio:processos_participatius|economia:comerc_ocupacio,2|5|13|20,204|500|502|1305|2000,"El Consell de la Joventut de València solicita que los jóvenes sean escuchados y líderes en la búsqueda de soluciones a los problemas que les afectan, enfatizando que desean ser protagonistas del presente y no solo el futuro, especialmente tras el impacto de la pandemia.","El Consell de la Joventut de València sol·licita que els joves siguen escoltats i líderes en la recerca de solucions als problemes que els afecten, destacant que desitgen ser protagonistes del present i no només del futur, especialment després de l'impacte de la pandèmia."
2021-09-30-001,2021-09-30,2021-09-30,2019-2023,[***],Associació de Veïns de Penya-roja / Plataforma Vecinal Barrio de Penya-roja,plataforma-vecinal-penyaroja,plataforma,mixt,multi_barri,Penya-Roja|Cabanyal-Canyamelar,Camins al Grau|Poblats Marítims,serveis_publics|urbanisme|drets_i_igualtat,serveis_publics:seguretat|urbanisme:espai_public|drets_i_igualtat:drets_humans,12|14|19,1201|1401|1906,"Representante de Penya-roja denuncia incremento de inseguridad ciudadana, ocupaciones ilegales, botellones masivos y robos, pidiendo patrullas de Policía Local asignadas y aumento de efectivos. Apoya la intervención de Zero Incívics sobre problemas similares en el Cabanyal.","Representant de Penya-roja denúncia l'increment d'inseguretat ciutadana, ocupacions il·legals, botellons massius i robos, demanant patrulles de Policia Local assignades i increment d'efectius. Recolza la intervenció de Zero Incívics sobre problemes similars al Cabanyal."
2021-07-29-001,2021-07-29,2021-07-29,2019-2023,Fernando del Molino Écija,Federació del Taxi,federacio-taxi,empresa,castellano,ciutat,,,mobilitat|economia|participacio,mobilitat:transit|economia:comerc_ocupacio|participacio:participacio,10|15|20,1002|1500|2000,"Representante de la Federación del Taxi agradece la modificación de la ordenanza que regula el servicio de taxi frente a la competencia desleal de las VTC, destacando que devuelve el equilibrio en la ciudad y permite a autónomos mantener sus ingresos frente a multinacionales.","Representant de la Federació del Taxi agraeix la modificació de l'ordenança que regula el servei de taxi davant la competència desleal de les VTC, destacant que devol l'equilibri a la ciutat i permet als autònoms mantindre els seus ingressos davant multinacionals."
2021-07-29-1-001,2021-07-29-1,2021-07-29,2019-2023,Fernando del Molino Écija,Federació del Taxi,federacio-taxi,empresa,castellano,ciutat,,,mobilitat|economia|participacio,mobilitat:transit|economia:comerc_ocupacio|participacio:participacio,10|15|20,1002|1500|2000,"Fernando del Molino, en representación de la Federación del Taxi, agradece la modificación de la ordenanza que permitirá regular mejor el servicio de taxi frente a la competencia desleal de las VTC, defendiendo los derechos de los autónomos y la vocación de servicio público.","Fernando del Molino, representant de la Federació del Taxi, agraïx la modificació de l'ordenança que permetrà regular millor el servei de taxi davant la competència desleal de les VTC, defensant els drets dels autònoms i la vocació de servei públic."
2021-07-29-3-001,2021-07-29-3,2021-07-29,2019-2023,Fernando del Molino Écija,Federació del Taxi,federacio-taxi,empresa,castellano,ciutat,,,mobilitat|economia|participacio,mobilitat:transit|economia:comerc_ocupacio|participacio:participacio,10|15|20,1002|1500|2000,"El representante de la Federación del Taxi agradece la modificación de la ordenanza municipal que regulará la competencia desleal de las VTC, defendiendo el servicio público del taxi como sector estratégico para los autónomos valorando la sostenibilidad de la ciudad.","El representant de la Federació del Taxi agraïx la modificació de l'ordenança municipal que regularà la competència deslleial de les VTC, defensant el servici públic del taxi com a sector estratègic per als autònoms i valorant la sosteniblitat de la ciutat."
2021-06-23-003,2021-06-23,2021-06-23,2019-2023,Cintia Sancanuto Chardí,Associació de Veïns del Palmar i el Perellonet la Devesa del Saler,associacio-veinats-palmar-perellonet-devesa-saler,av,valenciano,multi_barri,El Palmar|El Perellonet|El Saler,Poblats del Sud,serveis_publics|mobilitat|urbanisme,serveis_publics:educacio|serveis_publics:salut|serveis_publics:seguretat|mobilitat:transport_public|mobilitat:transit|mobilitat:aparcament|urbanisme:espai_public,3|6|10|12|14,1001|1002|1200|300|600|1401,"La presidenta de la asociación de vecinos del Palmar y Perellonet denuncia la falta de compromisos del Ayuntamiento con los pueblos del Sur, denunciando la carencia de servicios básicos, la deficiente accesibilidad y la priorización del turismo sobre los derechos de los residentes.","La presidenta de l'associació de veïns del Palmar i el Perellonet denuncia la falta de compromisos de l'Ajuntament amb els pobles del Sud, denunciant la carència de serveis bàsics, l'accesibilitat deficient i la priorització del turisme sobre els drets dels residents."
2021-06-23-002,2021-06-23,2021-06-23,2019-2023,Mª del Pilar Copoví Piera,Associació de Veïns de Pinedo,associacio-veins-pinedo,av,valenciano,multi_barri,Pinedo|El Palmar|El Perellonet|El Saler,Poblats del Sud,medi_ambient|mobilitat|serveis_publics,medi_ambient:zones_verdes|medi_ambient:emergencies_climatiques|mobilitat:transport_public|mobilitat:aparcament|serveis_publics:seguretat,7|10|14,709|711|1002|1001|1401,"La presidenta de la Asociación de Vecinos de Pinedo denuncia la falta de inversión y consideración en espacios naturales, la problemática de la playa de perros, deficiencias en la limpieza, la falta de aparcamiento en los poblados del sur y problemas con el servicio de transporte público de la EMT que prioriza el turismo frente a las necesidades de los residentes.","La presidenta de l'Associació de Veïns de Pinedo denúncia la falta d'inversió i consideració en espais naturals, la problemàtica de la platja de gossos, deficiències en la neteja, la falta d'aparcament en els poblats del sud i problemes amb el servei de transport públic de l'EMT que prioritza el turisme enfront de les necessitats dels residents."
2021-06-23-001,2021-06-23,2021-06-23,2019-2023,Mª Mercedes Gómez Morant,Associació de Veïns de la Devesa del Saler,av-devesa-saler,av,mixt,barri,El Saler,Poblats del Sud,urbanisme|mobilitat|medi_ambient,urbanisme:espai_public|mobilitat:transit|mobilitat:mobilitat_activa|medi_ambient:emergencies_climatiques|medi_ambient:zones_verdes,7|10|14,1002|1001|711|1401,"La Asociación de Vecinos de la Devesa del Saler expone cuatro demandas principales: establecer un perímetro de seguridad contra incendios en el Parque Natural, mejorar la iluminación entre la Casbah y Aparwaks, reasfatlar las vías deterioradas después de 50 años sin mantenimiento, y exigir la ejecución urgente del proyecto de regeneración de las playas del Saler y la Garrofera.","L'Associació de Veïns de la Devesa del Saler presenta quatre demandes principals: establir un perímetro de seguretat contra incendis al Parc Natural, millorar la il·luminació entre la Casbah i Aparwaks, reasfaltada les vies deteriorades després de 50 anys sense manteniment, i exigir l'execució urgent del projecte de regeneració de les platges del Saler i la Garrofera."
2021-04-29-008,2021-04-29,2021-04-29,2019-2023,[***],Federación de Natación de la Comunitat Valenciana,federacio-natacio-cv,esportiu,mixt,ciutat,,,drets_i_igualtat|serveis_publics,drets_i_igualtat:diversitat|drets_i_igualtat:igualtat_de_genere|serveis_publics:esports,2|15,202|1526,"La Federación de Natación de la Comunitat Valenciana presenta un comunicado sobre diversidad e igualdad, comprometiéndose a rechazar actos discriminatorios y a impulsar el respeto al colectivo LGTB+ en el deporte acuático mediante formación y medidas disciplinarias.","La Federació de Natació de la Comunitat Valenciana presenta un comunicat sobre diversitat i igualtat, comprometent-se a rebutjar actes discriminatoris i a impulsar el respecte al col·lectiu LGTB+ en l'esport aquàtic mitjançant formació i mesures disciplinàries."
2021-04-29-007,2021-04-29,2021-04-29,2019-2023,[***],Agrupación de Peñas Valencianista y Aficiones Unidas,penas-valencianista,esportiu,castellano,ciutat,,,drets_i_igualtat|serveis_publics|cultura,drets_i_igualtat:interculturalitat_i_antiracisme|drets_i_igualtat:drets_humans|serveis_publics:esports|cultura:associacionisme,2|15|19|23,202|1526|1906|2300,"El presidente de la Agrupación de Peñas Valencianista y de Aficiones Unidas manifiesta apoyo al acuerdo municipal contra la violencia, racismo y xenofobia en el deporte, solicitando investigaciones sobre incidentes racistas recientes y protocolos de prevención.","El president de l'Agrupació de Penya Valencianista i d'Aficiones Unides mostra suport a l'acord municipal contra la violència, el racisme i la xenofòbia en l'esport, sol·licitant investigacions sobre incidents racistes recents i protocols de prevenció."
2021-04-29-006,2021-04-29,2021-04-29,2019-2023,[***],Federació Unió Africana Espanya / SOS Racisme País Valencià,sos-racisme-unio-africana,ong,valenciano,ciutat,,,drets_i_igualtat|cultura,drets_i_igualtat:interculturalitat_i_antiracisme|drets_i_igualtat:diversitat|drets_i_igualtat:drets_humans|cultura:associacionisme,2|9|19|23,201|1906|900|2300,"Representante de la Federación Unión Africana España rechaza el racismo y la xenofobia en Valencia, apoyando el mensaje del alcalde sobre cohesión social e interculturalismo.","Representant de la Federació Unió Africana Espanya rebutja el racisme i la xenofòbia a València, donant suport al missatge de l'alcalde sobre cohesió social i interculturalisme."
2021-04-29-005,2021-04-29,2021-04-29,2019-2023,[***],Col·lectiu Lambda,col-lectiu-lambda,ong,mixt,ciutat,,,drets_i_igualtat|participacio|cultura,drets_i_igualtat:diversitat|drets_i_igualtat:interculturalitat_i_antiracisme|drets_i_igualtat:drets_humans|participacio:participacio|participacio:transparencia|cultura:associacionisme,2|19|20,201|1906|2000|2015,"El coordinador general de Lambda reclama una declaración institucional de condena de la violencia contra el colectivo LGTB+, criticando la inacción de ciertos grupos políticos y apelando a la unidad democrática frente al odio y el fascismo.","El coordinador general de Lambda reclama una declaració institucional de condemna de la violència contra el col·lectiu LGTB+, criticant la inacció de certs grups polítics i apel·lant a la unitat democràtica front a l'odi i el feixisme."
2021-04-29-004,2021-04-29,2021-04-29,2019-2023,Luis Vañó Gisbert,CERMI-CV,cermi-cv,av,mixt,ciutat,,,drets_i_igualtat|serveis_publics,drets_i_igualtat:diversitat|drets_i_igualtat:drets_humans|serveis_publics:seguretat,2|12|14,201|1200|1401,CERMI-CV solicita la implementación de un programa de formación en trato adecuado a personas con discapacidad dirigido a empleados municipales para eliminar barreras actitudinales y promover inclusión y accesibilidad comunicativa.,CERMI-CV sol·licita la implantació d'un programa de formació en tracte adequat a persones amb discapacitat dirigit a empleats municipals per eliminar barreres actitudinals i promoure inclusió i accessibilitat comunicativa.
2021-04-29-003,2021-04-29,2021-04-29,2019-2023,[***],Metges Sense Fronteres (MSF),metges-sense-fronteres,ong,valenciano,ciutat,,,serveis_publics|drets_i_igualtat|economia,serveis_publics:salut|drets_i_igualtat:drets_humans|economia:pressupostos,3|15|19,300|1906|1500,"Delegada de Médicos Sin Fronteras expone la necesidad de garantizar acceso universal a las vacunas COVID, comparando con el movimiento histórico para democratizar los medicamentos antirretrovirales, y enfatiza que la desigualdad en el acceso a vacunas es injusta y afecta la salud global.","Delegada de Metges Sense Fronteres exposa la necessitat de garantir accés universal a les vacunes COVID, comparant amb el moviment històric per democratitzar els medicaments antiretrovirals, i emfatitza que la desigualtat en l'accés a vacunes és injusta i afecta la salut global."
2021-04-29-002,2021-04-29,2021-04-29,2019-2023,[***],Plataforma Veïnal del Barri de Penya-roja,plataforma-vecinal-penyaroja,plataforma,castellano,barri,Penya-Roja,Camins al Grau,urbanisme|drets_i_igualtat|participacio,urbanisme:habitatge|urbanisme:espai_public|drets_i_igualtat:drets_humans|participacio:transparencia,14|19|20,1403|1401|2000|1906,"La asociación vecinal critica la recalificación urbanística de Tabacalera que no se ajusta a la sentencia del Tribunal Superior de Justicia y denuncia que el gobierno municipal cometió el mismo error que ya había criticado en oposición, además de afectar negativamente al barrio eliminando suelo público de un colegio y jardín.","L'associació vecinal critica la recalificació urbanística de Tabacalera que no s'ajusta a la sentència del Tribunal Superior de Justícia i denuncia que el govern municipal ha comès el mateix error que ja havia criticat en oposició, a més d'afectar negativament al barri eliminant sòl públic d'una escola i jardí."
2021-04-29-001,2021-04-29,2021-04-29,2019-2023,[***],Asociación Salvem Tabacalera,salvem-tabacalera,plataforma,castellano,ciutat,,,urbanisme|drets_i_igualtat|participacio,urbanisme:patrimoni|urbanisme:habitatge|drets_i_igualtat:drets_humans|participacio:transparencia,14|19|20,1403|1401|2000|1906,"Intervención de Salvem Tabacalera denunciando un pelotazo urbanístico en el conjunto de la antigua fábrica de tabacos que fue anulado en 2015, pero ahora se pretende legalizar y beneficiar a los promotores e infractores bajo la falsa ejecución de sentencia.","Intervenció de Salvem Tabacalera denunciant un pelotaç urbanístic en el conjunt de l'antiga fàbrica de tabacs que va ser anul·lat el 2015, però ara es pretén legalitzar i beneficiar als promotors i infractors sota la falsa execució de sentència."
2021-03-25-003,2021-03-25,2021-03-25,2019-2023,[***],Federació d'Associacions de Famílies Nombroses de la Comunitat Valenciana (FANUCOVA),fanucova,av,castellano,ciutat,,,drets_i_igualtat|serveis_publics|urbanisme,drets_i_igualtat:diversitat|serveis_publics:serveis_socials|urbanisme:habitatge,2|14,202|1400|1406,"La representante de FANUCOVA realiza tres puntualizaciones sobre los trámites de familias numerosas y monoparentales, solicita una ley específica de monoparentalidad y pide que se adapten los criterios de metros cuadrados en vivienda a la renta per cápita.","La representant de FANUCOVA fa tres puntualitzacions sobre els tràmits de famílies nombroses i monoparentals, sol·licita una llei específica de monoparentalitat i demana que s'adapten els criteris de metres quadrats en vivienda a la renta per càpita."
2021-03-25-002,2021-03-25,2021-03-25,2019-2023,[***],Federació d'Associacions de Famílies Nombroses de la Comunitat Valenciana (FANUCOVA),fanucova,av,castellano,ciutat,,,persones|economia|serveis_publics,persones:joventut|economia:pressupostos|serveis_publics:educacio,2|5|14|20,204|1400|1406|500|2000,"Representante de FANUCOVA solicita potenciar políticas de natalidad a nivel municipal, incluyendo bonificaciones a familias numerosas, conciliación laboral y medidas para facilitar la independencia de jóvenes, argumentando que la baja natalidad afecta al futuro del sistema de pensiones y de la sociedad.","Representant de FANUCOVA sol·licita potenciar políticas de natalitat a nivell municipal, incloent-hi bonificacions a famílies nombroses, conciliació laboral i mesures per a facilitar la independència de joves, argumentant que la baixa natalitat afecta el futur del sistema de pensions i de la societat."
2021-03-25-001,2021-03-25,2021-03-25,2019-2023,[***],Plataforma Veïnal del Barri de Penya-roja,plataforma-vecinal-penyaroja,plataforma,castellano,barri,Penya-Roja,Camins al Grau,urbanisme|participacio|serveis_publics,urbanisme:espai_public|participacio:processos_participatius|participacio:transparencia|serveis_publics:educacio|serveis_publics:salut|serveis_publics:serveis_socials,10|14|20,1401|2000|1403|1001,"Representante de la Plataforma Veïnal de Penya-roja denuncia la recalificación de suelo público del barrio, argumentando que es ilegal, innecesaria, injusta e impopular. Destaca que el colectivo ha realizado procesos participativos con mayoría de rechazo a la medida y anuncia acciones judiciales.","Representant de la Plataforma Veïnal de Penya-roja denuncia la recalificació de sòl públic del barri, argumentant que és il·legal, innecessària, injusta i impopular. Destaca que el col·lectiu ha realitzat processos participatius amb majoria de rebuig a la mesura i anuncia accions judicials."
2021-02-25-003,2021-02-25,2021-02-25,2019-2023,[***],Plataforma Interin@s en Acción,plataforma-interinas-accion,plataforma,castellano,ciutat,,,economia|serveis_publics|drets_i_igualtat,economia:comerc_ocupacio|serveis_publics:educacio|serveis_publics:salut|serveis_publics:seguretat|drets_i_igualtat:drets_humans,5|12|13|20,2004|1300|500|1200,"La Plataforma Interin@s en Acción solicita estabilidad laboral para el personal temporal con 3 o más años en la administración municipal, presentando diferentes vías legales y agradeciendo el apoyo de todos los grupos políticos para resolver la precariedad laboral.","La Plataforma Interin@s en Acción demana estabilitat laboral per al personal temporal amb 3 o més anys en l'administració municipal, presentant diferents vies legals i agraïnt el suport de tots els grups polítics per a resoldre la precarietat laboral."
2021-02-25-002,2021-02-25,2021-02-25,2019-2023,Sebastián Gómez Lozano,JUPOL (Sindicato Unitario de la Policía Nacional) / Lo Rat Penat,jupol,sindical,castellano,ciutat,,,serveis_publics|drets_i_igualtat|participacio,serveis_publics:seguretat|drets_i_igualtat:drets_humans|participacio:participacio,12|19|20,1201|1906|2000,"El secretario regional de JUPOL presenta un extracto de un manual de grupos Black Bloc sobre tácticas violentas contra la policía, exigiendo el apoyo incondicional de las instituciones y la condena pública a estos grupos criminales, así como la dimisión del alcalde Ribó.","El secretari regional de JUPOL presenta un extracte d'un manual de grups Black Bloc sobre tàctiques violentes contra la policia, exigint el suport incondicional de les institucions i la condemna pública a estos grups criminals, ainsi com la dimissió de l'alcalde Ribó."
2021-02-25-001,2021-02-25,2021-02-25,2019-2023,[***],Associació de Veïns Mont de la Devesa del Saler,av-devesa-saler,av,castellano,barri,El Saler,Poblats del Sud,medi_ambient|participacio|urbanisme,medi_ambient:emergencies_climatiques|participacio:participacio|participacio:transparencia|urbanisme:espai_public,7|12|20,711|2015|1201,"Representante de la Asociación de Vecinos de Devesa del Saler cuestiona la falta de participación ciudadana real en la elaboración del Plan Local de Prevención de Incendios y critica su insuficiencia para mitigar riesgos reales en la zona, señalando incumplimiento de normativa de seguridad en la interfaz urbano-forestal.","Una representant de l'Associació de Veïns de Devesa del Saler qüestiona la falta de participació ciutadana real en l'elaboració del Pla Local de Prevenció d'Incendis i en critica la insuficiència per mitigar riscos reals de la zona, assenyalant incompliment de normativa de seguretat en la interfície urbanoforestal."
2021-01-28-001,2021-01-28,2021-01-28,2019-2023,José Vicente Domínguez,Agrupació Integral de Comerciants sense Establiment,aice,empresa,castellano,ciutat,,,economia|serveis_publics|participacio,economia:comerc_ocupacio|serveis_publics:salut|participacio:participacio,3|15|20,1500|1521|300|2000,"Representante de vendedores ambulantes reclama ayudas económicas inmediatas del Ayuntamiento de Valencia tras el cierre de los mercadillos por COVID-19, denunciando falta de consenso con la Conselleria de Sanidad y agravio comparativo respecto al comercio sedentario.","Representant de venedors ambulants sol·licita ajudes econòmiques immediates de l'Ajuntament de València pel tancament dels mercadillos per COVID-19, denunciant falta de consens amb la Conselleria de Sanitat i agravi comparatiu respecte al comerç sedentari."
2020-12-23-001,2020-12-23,2020-12-23,2019-2023,[***],Associació de Mares i Pares d'Alumnes el Saler,associacio-mares-pares-saler,educacio,castellano,multi_barri,El Saler|El Palmar,Poblats del Sud,serveis_publics|economia|drets_i_igualtat,serveis_publics:educacio|economia:comerc_ocupacio|drets_i_igualtat:drets_humans,6|10|19,602|1002|1906,"Representantes del AMPA del Saler denuncian la falta de acceso a Internet en la zona de la Devesa, lo que impide a 450 alumnos recibir educación telemática durante la pandemia, mientras que otras zonas vecinas ya han recibido cobertura de fibra.","Representants de l'AMPA del Saler denuncien la falta d'accés a Internet en la zona de la Devesa, cosa que impedeix a 450 alumnes rebre educació telemàtica durant la pandèmia, mentre que altres zones veïnes ja han rebut cobertura de fibra."
2020-11-19-002,2020-11-19,2020-11-19,2019-2023,Vicente Romeu Ibáñez,"Associació de Veïns La Unió, de la Punta",associacio-veinal-la-unio-punta,av,valenciano,barri,La Punta,Quatre Carreres,serveis_publics|urbanisme|mobilitat|economia|participacio,serveis_publics:educacio|serveis_publics:salut|serveis_publics:serveis_socials|serveis_publics:seguretat|serveis_publics:esports|urbanisme:espai_public|urbanisme:habitatge|mobilitat:mobilitat_activa|economia:comerc_ocupacio|participacio:transparencia,12|13|14|15|20,1200|1201|1300|1303|1304|1305|1400|1401|1403|1521|2000|2004|2015,"Vicente Romeu expone las carencias históricas de la Punta (pedanía de Valencia), denunciando el abandono municipal, la falta de equipamientos básicos, servicios públicos y la confusión administrativa sobre su adscripción territorial y jurisdicción de seguridad.","Vicente Romeu exposa les carències històriques de la Punta (pedania de València), denunciant l'abandó municipal, la falta d'equipaments bàsics, servicis públics i la confusió administrativa sobre la seua adscripció territorial i jurisdicció de seguretat."
2020-11-19-001,2020-11-19,2020-11-19,2019-2023,Vicente Agustín Morro López,,desconegut,educacio,castellano,ciutat,,,serveis_publics|drets_i_igualtat|participacio,serveis_publics:educacio|drets_i_igualtat:drets_humans|drets_i_igualtat:drets_linguistics|participacio:participacio,2|6|19|20,600|202|1906|2000,"Representante de la Federación Católica de Padres de Alumnos rechaza la LOMLOE por considerar que recorta libertades educativas, elimina el español como lengua vehicular, reduce derechos de las familias y perjudica a los alumnos más vulnerables. Solicita al Ayuntamiento que exija al Gobierno la paralización de la norma.","Representant de la Federació Catòlica de Pares d'Alumnes rebutja la LOMLOE per considerar que retalla llibertats educatives, elimina l'espanyol com a llengua vehicular, redueix drets de les famílies i perjudica als alumnes més vulnerables. Sollicita a l'Ajuntament que exigisca al Govern la paralització de la norma."
2020-10-29-003,2020-10-29,2020-10-29,2019-2023,Liliana Kaczerginski Córdova,Associació de Famílies del CEIP Pare Català,associacio-families-ceip-pare-catala,educacio,castellano,barri,Benimaclet,Benimaclet|Rascanya,drets_i_igualtat|cultura,drets_i_igualtat:diversitat|drets_i_igualtat:interculturalitat_i_antiracisme|drets_i_igualtat:drets_humans|cultura:associacionisme,2|19|23,202|1906|2300,"Liliana Kaczerginski, representante de la Asociación de Familias del CEIP Pare Català, denuncia la marcha fascista y neonazi del 12 de octubre en Benimaclet, reivindicando la diversidad y convivencia del barrio frente al odio y la intolerancia, mientras rechaza debatir con fascistas tras relatar su experiencia como descendiente de víctimas del holocausto.","Liliana Kaczerginski, representant de l'Associació de Famílies del CEIP Pare Català, denuncia la marxa feixista i neonazi del 12 d'octubre a Benimaclet, reivindicant la diversitat i convivència del barri davant de l'odi i la intolerància, mentre rebutja debatir amb feixistes després de relatar la seua experiència com a descendenta de víctimes del holocaust."
2020-10-29-002,2020-10-29,2020-10-29,2019-2023,José Luis Roberto Navarro,Mi Tierra Comunidad Valenciana / España 2000,mi-tierra-comunidad-valenciana,altres,castellano,ciutat,Benimaclet,Benimaclet,drets_i_igualtat|participacio|cultura,drets_i_igualtat:drets_humans|participacio:participacio|cultura:associacionisme,2|19|20,1906|2000|207,"José Luis Roberto Navarro, en representación de España 2000, denuncia una supuesta persecución política basada en falsedades sobre los hechos del 12 de octubre, alegando que se intenta ilegalizar un partido quebrantando principios democráticos y constitucionales fundamentales.","José Luis Roberto Navarro, representant d'Espanya 2000, denúncia una presumpta persecució política basada en falsetats sobre els fets del 12 d'octubre, argumentant que es pretén il·legalitzar un partit vulnerant principis democràtics i constitucionals fonamentals."
2020-10-29-001,2020-10-29,2020-10-29,2019-2023,Fermín Turia,Frente Obrero España / Casa del Pueblo de València,frente-obrero-espanya-casa-poble-valencia,altres,mixt,multi_barri,Patraix,Patraix,serveis_publics|drets_i_igualtat|participacio,serveis_publics:seguretat|drets_i_igualtat:drets_humans|drets_i_igualtat:diversitat|participacio:transparencia,12|13|20,1200|1201|1305|2000,"Fermín Turia, representante del Frente Obrero España, critica la falta de seguridad en instalaciones municipales y denuncia el despido improcedente de un trabajador de REDSA por promover elecciones sindicales, exigiendo al alcalde que se posicione a favor de los derechos de los trabajadores.","Fermín Turia, representant del Frente Obrero España, critica la falta de seguretat en instal·lacions municipals i denuncia l'acomiadament improcedent d'un treballador de REDSA per promoure eleccions sindicals, exigint a l'alcalde que es posicione a favor dels drets dels treballadors."
2020-10-21-006,2020-10-21,2020-10-21,2019-2023,Sendo Klein Martí,Associació Acció Ecologista-Agró / València en Bici,accio-ecologista-agro,plataforma,castellano,ciutat,Natzaret,Poblats Marítims,mobilitat|medi_ambient|urbanisme,mobilitat:mobilitat_activa|mobilitat:transit|medi_ambient:contaminacio|medi_ambient:emergencies_climatiques|urbanisme:espai_public,7|10,1010|1002|705|711,"Representante de Acció Ecologista-Agró/València en Bici demanda un ritmo más acelerado en políticas de movilidad sostenible y recuperación del espacio público, destacando los impactos negativos de la contaminación vehicular y portuaria en la ciudad de Valencia.","Representant d'Acció Ecologista-Agró/València en Bici demana un ritme més accelerat en polítiques de mobilitat sostenible i recuperació de l'espai públic, destacant els impactes negatius de la contaminació vehicular i portuària a la ciutat de València."
2020-10-21-005,2020-10-21,2020-10-21,2019-2023,Carles Vera Gómez,Associació Juvenil València Movement,valencia-movement,cultural,valenciano,ciutat,La Seu|El Grau,Ciutat Vella|Poblats Marítims,cultura|serveis_publics|urbanisme,cultura:associacionisme|serveis_publics:esports|urbanisme:espai_public,14|15|23,2300|1526|1401|1403,"Carles Vera, en representación de diversos colectivos de cultura urbana, deporte urbano y arte, reclama reconocimiento institucional y espacios públicos legítimos para prácticas como parkour, breakdance, slackline y otras disciplinas urbanas, destacando proyectos como la reconversión de la rotonda de Miramar.","Carles Vera, en representació de diversos col·lectius de cultura urbana, esport urbà i art, reclama reconeixement institucional i espais públics legítims per a pràctiques com parkour, breakdance, slackline i altres disciplines urbanes, destacant projectes com la reconversió de la rotonda de Miramar."
2020-10-21-004,2020-10-21,2020-10-21,2019-2023,Jaime Serra Peiró,Banc d'Aliments,banc-aliments,ong,valenciano,ciutat,El Botanic,Extramurs,serveis_publics|economia|drets_i_igualtat,serveis_publics:serveis_socials|economia:comerc_ocupacio|drets_i_igualtat:drets_humans,13|20,1300|1302|2000,"El presidente del Banco de Alimentos de Valencia expresa gratitud por la medalla de oro de la ciudad y relata la historia de la organización desde 2002, destacando que ha distribuido más de 100 toneladas de alimentos a miles de familias, aunque lamenta la pérdida de subvenciones municipales desde 2015 y la cesión de las instalaciones.","El president del Banc d'Aliments de València expressa gratitud per la medalla d'or de la ciutat i relata la història de l'organització des de 2002, destacant que ha repartit més de 100 tones d'aliments a milers de famílies, tot i que lamenta la pèrdua de subvencions municipals des de 2015 i la cessió de les instal·lacions."
2020-10-21-003,2020-10-21,2020-10-21,2019-2023,Rocío Barbeito Lojo,Consell de la Joventut de València,consell-joventut-valencia,altres,castellano,ciutat,,,persones|participacio|economia,persones:joventut|participacio:participacio|participacio:processos_participatius|economia:comerc_ocupacio,2|5|10|15,204|500|1001|1526,"El Consell de la Joventut de València reclama al Pleno respuestas urgentes y ambiciosas ante la crisis sanitaria del coronavirus, que agudiza los problemas estructurales de la juventud valenciana (paro del 30%, temporalidad del 90%, dificultades de emancipación) y destaca la necesidad de que la política municipal aborde la juventud de forma transversal e integral.","El Consell de la Joventut de València exigeix al Ple respostes urgents i ambicioses davant la crisi sanitària del coronavirus, que aguditza els problemes estructurals de la joventut valenciana (atur del 30%, temporalitat del 90%, dificultats d'emancipació) i destaca la necessitat que la política municipal aborde la joventut de forma transversal i integral."
2020-10-21-002,2020-10-21,2020-10-21,2019-2023,Rafael Torres García,Associació de Comerciants del Centre Històric,asociacion-comerciantes-centro-historico-valencia,empresa,castellano,barri,La Seu|La Xerea|El Carme|El Pilar|El Mercat|Sant Francesc,Ciutat Vella,mobilitat|economia|participacio,mobilitat:transport_public|mobilitat:aparcament|economia:comerc_ocupacio|participacio:participacio,10|15|20,1001|1521|2000,"El presidente de la Asociación de Comerciantes del Centro Histórico denuncia la situación económica dramática del centro tras la pandemia y los cambios de movilidad implementados, presentando varias peticiones como mejorar el transporte público, reducir el coste de aparcamientos, realizar estudios económicos colaborativos y lanzar campañas de incentivación al consumo mediante bonos.","El president de l'Associació de Comerciants del Centre Històric denuncia la situació econòmica dramàtica del centre després de la pandèmia i els canvis de mobilitat implementats, presentant diverses peticions com millorar el transport públic, reduir el cost dels aparcaments, realitzar estudis econòmics col·laboratius i llançar campanyes d'incentivació del consum mitjançant bons."
2020-10-21-001,2020-10-21,2020-10-21,2019-2023,José Salvador Tárrega Cervera,Plataforma Veïnal del Barri de Penya-Roja,plataforma-vecinal-penyaroja,plataforma,castellano,barri,Penya-Roja,Camins al Grau,serveis_publics|urbanisme|economia,serveis_publics:educacio|serveis_publics:salut|serveis_publics:esports|urbanisme:espai_public|urbanisme:patrimoni|economia:pressupostos,3|6|14|20,600|300|1400|2000,"José Salvador Tárrega Cervera, en representación de la Plataforma Veïnal del Barri de Penya-Roja, denuncia la falta de inversiones en su barrio pese a ser uno de los más poblados y de mayor tributación fiscal, carencias en servicios básicos como biblioteca pública, sanidad y centros para mayores y jóvenes, y cuestiona la recalificación urbana del barrio apoyándose en una resolución del Síndic de Greuges que le da la razón.","José Salvador Tárrega Cervera, en representació de la Plataforma Veïnal del Barri de Penya-Roja, denuncia la falta d'inversions en el seu barri malgrat ser un dels més poblats i de major tributació fiscal, carències en serveis bàsics com biblioteca pública, sanitat i centres per a majors i joves, i qüestiona la recalificació urbana del barri recolzant-se en una resolució del Síndic de Greuges que li dóna la raó."
2020-06-25-004,2020-06-25,2020-06-25,2019-2023,[***],Fundación por la Justicia,fundacio-justicia,ong,castellano,ciutat,,,drets_i_igualtat|participacio,drets_i_igualtat:drets_humans|participacio:transparencia|participacio:processos_participatius,19|20,1906|2000|2015,"La Fundación por la Justicia apoya la aprobación del Reglamento de Gobierno Abierto del Ayuntamiento de València, considerándolo una herramienta fundamental para combatir la corrupción a través de la transparencia administrativa y la participación ciudadana. Destaca la necesidad de proporcionar recursos adecuados a los funcionarios públicos para implementar con éxito esta iniciativa.","La Fundació per la Justícia recolza l'aprovació del Reglament de Govern Obert de l'Ajuntament de València, considerant-lo una ferramenta fonamental per a combatre la corrupció através de la transparència administrativa i la participació ciutadana. Destaca la necessitat de proporcionar recursos adequats als funcionaris públics per a implementar amb èxit aquesta iniciativa."
2020-06-25-003,2020-06-25,2020-06-25,2019-2023,[***],Associació Mesura / Fundació per la Justícia,plataforma-valencia-aire,plataforma,valenciano,ciutat,,,participacio|medi_ambient|economia,participacio:participacio|participacio:processos_participatius|participacio:transparencia|medi_ambient:emergencies_climatiques|economia:pressupostos,7|14|20,2000|2015|711|1403,"Representantes de Associació Mesura y Fundació per la Justícia proponen crear una mesa de trabajo para mejorar la gestión de datos municipales, conectando la digitalización con participación ciudadana y transparencia, involucrando a las concejalías de participación, transparencia y cambio climático.","Representants d'Associació Mesura i Fundació per la Justícia proposen crear una taula de treball per a millorar la gestió de dades municipals, connectant la digitalització amb la participació ciutadana i transparència, implicant les regidories de participació, transparència i canvi climàtic."
2020-06-25-002,2020-06-25,2020-06-25,2019-2023,[***],"Associació Ciutadania i Comunicació (ACICOM) i Consell de Transparència, Bon Govern i Participació Ciutadana de la Comunitat Valenciana",acicom,altres,valenciano,ciutat,,,participacio|drets_i_igualtat,participacio:transparencia|participacio:processos_participatius|drets_i_igualtat:drets_humans,19|20,2000|2015|1906,"La vicepresidenta de ACICOM y comisionada del Consell de Transparència valora positivamente la aprobación del nuevo Reglamento de Transparencia como referente, destacando la importancia del derecho de la ciudadanía a la información pública y señalando problemas de cumplimiento en los ayuntamientos de la Comunitat Valenciana.","La vicepresidenta d'ACICOM i comissionada del Consell de Transparència valora positivament l'aprovació del nou Reglament de Transparència com a referent, destacant la importància del dret de la ciutadania a la informació pública i assenyalant problemes de compliment en els ajuntaments de la Comunitat Valenciana."
2020-06-25-001,2020-06-25,2020-06-25,2019-2023,[***],Federació d'Associacions de Veïns de València,favv,av,castellano,ciutat,,,participacio|drets_i_igualtat,participacio:participacio|participacio:processos_participatius|participacio:transparencia|drets_i_igualtat:drets_humans,14|20,2000|2015|1401,"La Federación de Asociaciones de Vecinos de València interviene sobre el Reglamento de Gobierno Abierto y Transparencia, solicitando haber sido consultada desde el inicio y destacando los tres pilares del gobierno abierto: transparencia en la gestión de recursos públicos, datos abiertos y participación ciudadana.","La Federació d'Associacions de Veïns de València intervé sobre el Reglament de Govern Obert i Transparència, demanant haver estat consultada des del inici i destacant els tres pilars del govern obert: transparència en la gestió de recursos públics, dades obertes i participació ciutadana."
2020-05-28-003,2020-05-28,2020-05-28,2019-2023,Adrián Alejandro Rodríguez Piña,Federación de Asociaciones de Vecinos de València,favv,av,castellano,ciutat,,,serveis_publics|economia|participacio,serveis_publics:esports|economia:comerc_ocupacio|participacio:participacio,5|13|15,1526|500|1305,"Adrián Rodríguez, en representación de los clubes deportivos de Valencia, expone la grave situación económica de las asociaciones deportivas por la pandemia, con trabajadores en ERTE sin cobrar y capacidad limitada de funcionamiento, pidiendo ayudas directas a través de la moción sobre la Red Social de los Clubes Valencianos.","Adrián Rodríguez, en representació dels clubs esportius de València, exposa la greu situació econòmica de les associacions esportives per la pandèmia, amb treballadors en ERTE sense cobrar i capacitat limitada de funcionament, demanant ajudes directes a través de la moció sobre la Xarxa Social dels Clubs Valencians."
2020-05-28-002,2020-05-28,2020-05-28,2019-2023,Silvia Sánchez Roselló,Associació de Veïns Pavimar,associacio-veins-pavimar,av,castellano,multi_barri,Cabanyal-Canyamelar|La Malva-Rosa|El Grau,Poblats Marítims,urbanisme|participacio|drets_i_igualtat,urbanisme:patrimoni|participacio:processos_participatius|drets_i_igualtat:drets_humans,14|20,1403|2000|1401,Representantes de varios colectivos vecinales del Cabanyal manifiestan su esperanza en las modificaciones del PEC y solicitan la ampliación del plazo de exposición pública para poder organizarse adecuadamente ante las limitaciones de la alerta sanitaria.,Representants de diversos col·lectius veïnals del Cabanyal manifesten la seua esperança en les modificacions del PEC i sol·liciten l'ampliació del termini d'exposició pública per a poder-se organitzar adequadament davant les limitacions de l'alerta sanitària.
2020-05-28-001,2020-05-28,2020-05-28,2019-2023,Félix Estrela Botella,Associació de Veïns del Cabanyal-el Canyamelar,associacio-veinats-cabanyal-canyamelar,av,valenciano,barri,Cabanyal-Canyamelar,Poblats Marítims,urbanisme|serveis_publics|participacio,urbanisme:espai_public|urbanisme:patrimoni|serveis_publics:seguretat|serveis_publics:serveis_socials|participacio:participacio,12|13|14|23,1401|1200|1305|2300,"La Asociación de Vecinos del Cabanyal valora positivamente el Plan del barrio, destacando la aceptación de sus alegaciones sobre alturas, carga turística y catalogación de espacios urbanos, aunque critica la demora y enfatiza la necesidad de acciones sociales y seguridad ciudadana paralelas a las urbanísticas.","L'Associació de Veïns del Cabanyal valora positivament el Pla del barri, destacant l'acceptació de les seues al·legacions sobre altures, càrrega turística i catalogació d'espais urbans, encara que crítica la tardança i emfatitza la necessitat d'accions socials i seguretat ciutadana paral·leles a les urbanístiques."
2020-02-27-004,2020-02-27,2020-02-27,2019-2023,[***],Associació de Comerciants del Centre Històric de València,asociacion-comerciantes-centro-historico-valencia,empresa,castellano,ciutat,La Seu|La Xerea|El Carme|El Pilar|El Mercat|Sant Francesc,Ciutat Vella,mobilitat|participacio|economia,mobilitat:transit|mobilitat:transport_public|participacio:participacio|participacio:transparencia|economia:comerc_ocupacio,10|20,1001|1002|2000|2015,"La Asociación de Comerciantes del Centro Histórico solicita paralizar los cambios en las líneas de EMT previstos para el 23 de marzo, exigiendo transparencia, acceso a los estudios técnicos y un proceso participativo que permita consensuar las modificaciones con la ciudadanía.","L'Associació de Comerciants del Centre Històric demana paralitzar els canvis en les línies de l'EMT previstos per al 23 de març, exigint transparència, accés als estudis tècnics i un procés participatiu que permeta consensuar les modificacions amb la ciutadania."
2020-02-27-003,2020-02-27,2020-02-27,2019-2023,[***],Associació de Venedors del Mercat Central,associacio-venedors-mercat-central,empresa,castellano,barri,La Seu|La Xerea|El Carme|El Pilar|El Mercat|Sant Francesc,Ciutat Vella,mobilitat|economia|urbanisme,mobilitat:transport_public|economia:comerc_ocupacio|urbanisme:espai_public,10|15,1001|1500|1521,"La Associació de Venedors del Mercat Central expressa preocupació per la reforma dels trajectes de l'EMT, demanant que s'ature el projecte previst per al 23 de març i que es cree una Mesa de Mobilitat real per a buscar consens entre tots els agents del centre històric.","La Asociación de Vendedores del Mercado Central expresa preocupación por la reforma de los trayectos de la EMT, pidiendo que se paralice el proyecto previsto para el 23 de marzo y que se cree una Mesa de Movilidad real para buscar consenso entre todos los agentes del centro histórico."
2020-02-27-002,2020-02-27,2020-02-27,2019-2023,[***],Plataforma de la Plaça Músic López Chávarri,plataforma-plaça-music-lopez-chavarri,plataforma,mixt,barri,El Carme,Ciutat Vella,urbanisme|medi_ambient,urbanisme:espai_public|urbanisme:patrimoni|medi_ambient:zones_verdes|medi_ambient:emergencies_climatiques,7|10|14,1401|709|1403|1002,"La Plataforma de la Plaça Músic López Chávarri reclama que se cambie el uso del suelo de SQR (equipamiento residencial) a zona verde, argumentando que el barrio del Carmen carece de espacios abiertos y que 1.484 vecinos se oponen a la construcción de un edificio en una plaza consolidada hace más de 20 años.","La Plataforma de la Plaça Músic López Chávarri reclama que es canvie l'ús del sòl de SQR (equipament residencial) a zona verda, argumentant que el barri del Carmen manca d'espais oberts i que 1.484 veïns s'oposen a la construcció d'un edifici en una plaça consolidada fa més de 20 anys."
2020-02-27-001,2020-02-27,2020-02-27,2019-2023,[***],Plataforma de Vecinos de Penya-roja,plataforma-vecinal-penyaroja,plataforma,castellano,multi_barri,Penya-Roja|La Gran Via|Torrefiel,Camins al Grau|L'Eixample|Rascanya,urbanisme|participacio,urbanisme:espai_public|participacio:participacio,14|20,1401|1403|2000,"La Plataforma de Vecinos de Penya-roja denuncia la recalificación ilegal de solares públicos en varios barrios (Penya-roja, Músico López Chávarri, Torrecalap) para construir edificios y viviendas de lujo a favor de constructores privados, criticando la actitud de la Concejalía de Urbanismo.","La Plataforma de Veïns de Penya-roja denúncia la recalificació il·legal de terrenys públics en diversos barris (Penya-roja, Músico López Chávarri, Torrecalap) per a construir edificis i habitatges de luxe a favor de constructors privats, criticant l'actitud de la Concejalía d'Urbanisme."
2019-11-14-002,2019-11-14,2019-11-14,2019-2023,[***],Associació Tyrius El Palmar,tyrius-el-palmar,cultural,valenciano,multi_barri,El Palmar|El Saler|El Perellonet,Poblats del Sud,mobilitat|medi_ambient|serveis_publics,mobilitat:transit|medi_ambient:zones_verdes|serveis_publics:educacio|serveis_publics:salut|serveis_publics:seguretat,3|6|7|10|14,1002|709|600|300|1401,"Vecina del Palmar denuncia la deficiencia de servicios básicos (educación, sanidad, transporte público, suministros) en los Pueblos del Sur y la falta de consulta y participación ciudadana en el Programa de Paisaje y las medidas de pacificación de la CV-500, que amenaza el acceso a derechos y medios de vida de la comunidad autóctona del Albufera.","Veïna del Palmar denúncia la deficiència de serveis bàsics (educació, sanitat, transport públic, subministraments) als Pobles del Sud i la manca de consulta i participació ciutadana en el Programa de Paisatge i les mesures de pacificació de la CV-500, que amenacen l'accés a drets i mitjans de vida de la comunitat autòctona de l'Albufera."
2019-11-14-001,2019-11-14,2019-11-14,2019-2023,[***],Societat Civil Valenciana,sociedad-civil-valenciana,altres,castellano,multi_barri,El Saler|El Palmar|El Perellonet|El Grau|Cabanyal-Canyamelar|La Malva-Rosa|Natzaret,Poblats Marítims|Poblats del Sud,urbanisme|medi_ambient|participacio,urbanisme:espai_public|medi_ambient:zones_verdes|medi_ambient:emergencies_climatiques|participacio:participacio|participacio:processos_participatius,7|14|20,1401|709|711|2000,"Representante de Societat Civil Valenciana critica la falta de participación ciudadana en el Programa de Paisaje de la Albufera y denuncia que se iniciaron obras mientras estaba abierto el período de alegaciones. Cuestiona las prioridades del ayuntamiento, señalando problemas reales como la contaminación del agua y la falta de mantenimiento del parque.","Representant de Societat Civil Valenciana critica la manca de participació ciutadana en el Programa de Paisatge de l'Albufera i denuncia que es van iniciar obres mentre estava obert el període d'al·legacions. Qüestiona les prioritats de l'ajuntament, assenyalant problemes reals com la contaminació de l'aigua i la manca de manteniment del parc."
2019-09-26-005,2019-09-26,2019-09-26,2019-2023,[***],Associació de Veïns del Cabanyal-el Canyamelar / Grup Zero Incívics,associacio-veinats-cabanyal-canyamelar,av,valenciano,barri,Cabanyal-Canyamelar,Poblats Marítims,serveis_publics|urbanisme|drets_i_igualtat,serveis_publics:seguretat|urbanisme:espai_public|drets_i_igualtat:igualtat_de_genere,2|12|13|14,1200|1201|1401|202|204|1304,"Portavoz del grupo Zero Incívics del barrio Cabanyal-el Canyamelar presenta carta solicitada en agosto sin respuesta sobre problemas graves de convivencia, incivismo, drogas, asedios sexuales, ocupaciones ilegales y deficiente actuación policial que afectan especialmente a mayores y población vulnerable.","Portaveu del grup Zero Incívics del barri Cabanyal-el Canyamelar presenta carta sol·licitada en agost sense resposta sobre greus problemes de convivència, incivisme, drogues, assetjaments sexuals, ocupacions il·legals i insuficient actuació policial que afecten especialment gent major i població vulnerable."
2019-09-26-004,2019-09-26,2019-09-26,2019-2023,[***],Associació de Venedors del Mercat Central,associacio-venedors-mercat-central,empresa,mixt,barri,El Mercat,Ciutat Vella,economia|urbanisme|serveis_publics,economia:comerc_ocupacio|urbanisme:espai_public|serveis_publics:seguretat,15|20,1500|1521|2000,"El portavoz de la Asociación de Vendedores del Mercado Central solicita al Ayuntamiento que continúe con el modelo de autogestión mediante una concesión de servicio público, argumentando que el cambio de gestión a partir del 1 de enero comportaría la pérdida de servicios y la decadencia de un mercado de referencia en Europa.","El portaveu de l'Associació de Venedors del Mercat Central sollicita a l'Ajuntament que continue amb el model d'autogestió mitjançant una concessió de servei públic, argumentant que el canvi de gestió a partir del 1 de gener comportaria la pèrdua de serveis i la decadència d'un mercat de referència a Europa."
2019-09-26-003,2019-09-26,2019-09-26,2019-2023,[***],Federació de Famílies Nombroses de la Comunitat Valenciana,federacio-families-nombroses-cv,av,castellano,ciutat,,,economia|drets_i_igualtat|persones,economia:pressupostos|drets_i_igualtat:drets_humans|persones:joventut,2|14,1400|1406|202,"Representante de la Federación de Famílias Numerosas denuncia la injusticia del IBI consolidado en 2016, que establece discriminaciones entre familias numerosas según el valor catastral de sus viviendas, y propone discutir un sistema de bonificaciones basado en metros cuadrados por habitante.","Representant de la Federació de Famílies Nombroses denuncia la injustícia de l'IBI consolida el 2016, que establix discriminacions entre famílies nombroses segons el valor cadastral de les seus viviendes, i proposa discutir un sistema de bonificacions basat en metres quadrats per habitant."
2019-09-26-002,2019-09-26,2019-09-26,2019-2023,[***],Federació Empresarial d'Hostaleria de València (FEHV),fehv,empresa,castellano,ciutat,,,economia|serveis_publics|mobilitat,economia:pressupostos|economia:comerc_ocupacio|serveis_publics:seguretat|mobilitat:mobilitat_activa,10|12|15,1500|1521|1200|1201|1010,"El representante de la Federación Empresarial de Hostelería solicita una política fiscal más equilibrada, señalando que el sector ha soportado continuas subidas de impuestos desde 2008 y que los márgenes de ganancia son muy ajustados, especialmente en el centro de la ciudad. Pide diálogo y participación en el proceso de aprobación de ordenanzas para evitar afectar desproporcionadamente a un sector que genera empleo significativo.","El representant de la Federació Empresarial d'Hostaleria sol·licita una política fiscal més equilibrada, assenyalant que el sector ha suportat contínues pujades d'impostos des del 2008 i que els marges de guany són molt justos, especialment en el centre de la ciutat. Demana diàleg i participació en el procés d'aprovació d'ordenances per a evitar afectar desproporcionadament a un sector que genera ocupació significativa."
2019-09-26-001,2019-09-26,2019-09-26,2019-2023,[***],Federació de Famílies Nombroses de la Comunitat Valenciana,federacio-families-nombroses-cv,av,castellano,ciutat,,,economia|drets_i_igualtat|serveis_publics,economia:pressupostos|drets_i_igualtat:drets_humans|drets_i_igualtat:igualtat_de_genere|serveis_publics:educacio|serveis_publics:serveis_socials,2|14|19|20,1406|202|1906|2000,"La Federación de Familias Numerosas solicita bonificaciones en el agua e IBI para familias numerosas, argumentando que estas deben recibir un trato específico según la Constitución, siendo penalizadas actualmente por las propuestas de modificación de tasas.","La Federació de Famílies Nombroses sol·licita bonificacions en l'aigua i l'IBI per a famílies nombroses, argumentant que aquestes han de rebre un tracte específic segons la Constitució, sendo penalitzades actualment per les propostes de modificació de taxes."
2019-04-25-003,2019-04-25,2019-04-25,2015-2019,[***],Comissió Promotora del Nou Municipi de Benimàmet,comissio-promotora-nou-municipi-benimamet,plataforma,mixt,barri,Benimamet,Poblats de l'Oest,participacio|urbanisme,participacio:participacio|participacio:processos_participatius|participacio:transparencia|urbanisme:espai_public,14|20,2000|1403|1401,"Representante de la Comisión Promotora del Nuevo Municipio de Benimàmet solicita al alcalde que actúe de oficio para constituir la entidad local menor, argumentando que cumplen con los requisitos legales y llevan 22 años colaborando con la comunidad.","El representant de la Comissió Promotora del Nou Municipi de Benimàmet demana a l'alcalde que actue de ofici per a constituir l'entitat local menor, argumentant que complixen amb els requisits legals i porten 22 anys col·laborant amb la comunitat."
2019-04-25-002,2019-04-25,2019-04-25,2015-2019,[***],Associació Cultural Plaça de la Tenda,placa-de-la-tenda,cultural,castellano,barri,Benimamet|Beniferri,Poblats de l'Oest,participacio|urbanisme|economia,participacio:participacio|participacio:processos_participatius|urbanisme:espai_public|economia:comerc_ocupacio,13|14|20,2000|1403|1300|2015,Representante de la Asociación Cultural Plaça de la Tenda agradece los trabajos realizados en Benimàmet y solicita impulsar su conversión en Entidad Local Menor para poder atender de forma más directa y eficaz los problemas de esta pedanía.,El representant de l'Associació Cultural Plaça de la Tenda agraïx les actuacions fetes a Benimàmet i demana impulsar la seua conversió en Entitat Local Menor per a poder atendre de forma més directa i eficaç els problemes d'esta pedania.
2019-04-25-001,2019-04-25,2019-04-25,2015-2019,[***],Associació de Veïns de Benimàmet,associacio-veins-benimamet,av,mixt,barri,Benimamet,Poblats de l'Oest,participacio|urbanisme,participacio:participacio|participacio:processos_participatius|urbanisme:espai_public,14|20,2000|1401,La Asociación de Vecinos de Benimàmet solicita apoyo unánime para constituir una Entidad Local Menor con entidad jurídica tras el rechazo del Tribunal Supremo a la independencia municipal. Destaca el apoyo de todos los partidos políticos al proceso.,L'Associació de Veïns de Benimàmet demana suport unànime per a constituir una Entitat Local Menor amb entitat jurídica després del rebuig del Tribunal Suprem a la independència municipal. Destaca el suport de tots els partits polítics al procés.
2019-03-28-001,2019-03-28,2019-03-28,2015-2019,Rafael Villalba Rubio,Acció Ecologista-Agró,accio-ecologista-agro,plataforma,castellano,ciutat,,,mobilitat|medi_ambient|drets_i_igualtat,mobilitat:transport_public|medi_ambient:emergencies_climatiques|drets_i_igualtat:drets_humans,7|10|13,1001|711|1304,"Intervención de Acció Ecologista-Agró denunciando el deterioro del servicio de Cercanías de Renfe en Valencia y presentando cuatro propuestas de mejora incluyendo inversión estatal, reducción de precios y promoción del transporte ferroviario.","Intervenció d'Acció Ecologista-Agró denunciant el deteriorament del servei de Rodalies de Renfe a València i presentant quatre propostes de millora incloent inversió estatal, reducció de preus i promoció del transport ferroviari."
2019-02-28-007,2019-02-28,2019-02-28,2015-2019,Empar Puchades Giner,Associació Per l'horta / Plataforma ciutadana Horta és futur-No a la ZAL,per-l-horta,av,valenciano,multi_barri,El Palmar|El Saler|El Grau,Poblats Marítims|Poblats del Sud,urbanisme|medi_ambient|economia,urbanisme:patrimoni|urbanisme:espai_public|medi_ambient:emergencies_climatiques|economia:agricultura,7|14|21,1403|711|2100,"Empar Puchades de la plataforma Horta és futur reclama la paralización cautelar del Plan Especial de la Zona de Actividades Logísticas del Puerto de Valencia hasta la resolución del contencioso administrativo, argumentando que contiene defectos procedimentales graves y afecta al modelo territorial de la ciudad.","Empar Puchades de la plataforma Horta és futur demana la paralització cautelar del Pla Especial de la Zona d'Activitats Logístiques del Port de València fins la resolució del contenciós administratiu, argumentant que té defectes procedimentals greus i afecta el model territorial de la ciutat."
2019-02-28-006,2019-02-28,2019-02-28,2015-2019,Irene Genovés i Luis Berto Bernal,AMPA Colegio Nuestra Señora de Loreto,ampa-colegio-nuestra-señora-loreto,educacio,castellano,multi_barri,Russafa|El Pla Del Remei,L'Eixample,mobilitat|serveis_publics|urbanisme,mobilitat:transit|mobilitat:zbe|serveis_publics:educacio|serveis_publics:seguretat|urbanisme:espai_public,6|10|12,1002|1010|600|1200,"El AMPA del Colegio Nuestra Señora de Loreto denuncia que la creación de un carril bus de 70 metros en la calle Jacinto Benavente ha transformado la entrada del colegio en una zona caótica e insegura, requiriendo ahora la presencia de hasta 8 agentes de policía diarios para evitar atropellos de los 600 niños que utilizan esa puerta.","L'AMPA del Colegio Nuestra Señora de Loreto denuncia que la creació d'un carril bus de 70 metres al carrer Jacinto Benavente ha convertit l'entrada del col·legi en una zona caòtica i insegura, requerint ara la presència de fins a 8 agents de policia diaris per a evitar atropellaments dels 600 xiquets que utilitzen eixa porta."
2019-02-28-005,2019-02-28,2019-02-28,2015-2019,Ignacio Collado Gonzálvez i Adelina Cabrera Navarro,Associació de Veïns de Natzaret / Xarxa de Col·lectius Entrebarris,associacio-veins-natzaret-xarxa-col-lectius-entrebarris,av,valenciano,multi_barri,Marxalenes|Cabanyal-Canyamelar|Natzaret,La Saïdia|Poblats Marítims,urbanisme|drets_i_igualtat|serveis_publics,urbanisme:habitatge|drets_i_igualtat:drets_humans|serveis_publics:educacio|serveis_publics:salut,3|6|14|19,1400|1406|1906|600|300,"Representantes de Entrebarris y la Asociación de Vecinos de Natzaret critican duramente una moción del PP sobre defensa de la propiedad privada, argumentando que vulnera derechos constitucionales fundamentales como el derecho a la vivienda y denunciando la crisis habitacional con 192 desalojos diarios en España.","Representants d'Entrebarris i l'Associació de Veïns de Natzaret critiquen durament una moció del PP sobre defensa de la propietat privada, argumentant que vulnera drets constitucionals fonamentals com el dret a l'habitatge i denunciant la crisi habitacional amb 192 desnonaments diaris a Espanya."
2019-02-28-004,2019-02-28,2019-02-28,2015-2019,Sol Sánchez Herrero,Associació de Veïns La Isla,associacio-veinal-la-isla,av,castellano,ciutat,,,serveis_publics|economia|drets_i_igualtat,serveis_publics:salut|economia:pressupostos|drets_i_igualtat:drets_humans,3|13|15|20,300|1302|1525|2000,"Sol Sánchez Herrero, en representación de afectados por iDental, denuncia ante el pleno de València el fraude masivo de la clínica dental iDental que ha afectado a 78.000 personas en la Comunitat Valenciana, solicitando ayuda presupuestaria urgente, peritajes, apoyo psicológico y espacios de atención para los damnificados.","Sol Sánchez Herrero, en representació dels afectats per iDental, denuncia davant el ple de València el frau massiu de la clínica dental iDental que ha afectat 78.000 persones a la Comunitat Valenciana, sol·licitant ajuda pressupostària urgent, peritatges, suport psicològic i espais d'atenció pels damnificats."
2019-02-28-003,2019-02-28,2019-02-28,2015-2019,José Vicente Domínguez Colomer,Agrupació Integral de Comerciants (AICE),aice,empresa,castellano,ciutat,,,economia|serveis_publics|urbanisme,economia:comerc_ocupacio|serveis_publics:seguretat|urbanisme:espai_public,12|15,1500|1521|1200|1201,"El presidente de la Asociación Integral de Comerciantes (AICE) solicita atención a los problemas del sector de mercadillos tras la aprobación de nuevas ordenanzas, demandando mayor presencia policial, control de ventas ilegales y una plantilla adecuada de inspectores en los mercados.","El president de l'Associació Integral de Comerciants (AICE) sol·licita atenció als problemes del sector de mercadillos després de l'aprovació de noves ordenances, demanant major presència policial, control de vendes il·legals i una plantilla adequada d'inspectors en els mercats."
2019-02-28-002,2019-02-28,2019-02-28,2015-2019,J. Salvador Tárrega Cervera,Associació Integral de Comerciants Sense Establiment (AICSE),aicse,av,castellano,barri,Penya-Roja,Camins al Grau,urbanisme|economia|participacio,urbanisme:espai_public|urbanisme:habitatge|economia:comerc_ocupacio|participacio:participacio,14|15|20,1403|1401|1521|2000,"El Sr. Tárrega Cervera, en representación de AICSE, se opone a la cesión de suelo dotacional público en Penya-roja a un constructor privado para construir viviendas de lujo, argumentando que es ilegal, innecesaria e injusta, y pide al gobierno municipal que defienda el uso público de este terreno.","El Sr. Tárrega Cervera, en representació de l'AICSE, s'oposa a la cessió de sòl dotacional públic a Penya-roja a un constructor privat per a construir habitatges de luxe, argumentant que és ilegal, innecessari i injust, i demana al govern municipal que defenda l'ús públic d'este terreny."
2019-02-28-001,2019-02-28,2019-02-28,2015-2019,Susana Espada Pérez,Sociedad Civil Valenciana,sociedad-civil-valenciana,altres,castellano,multi_barri,Penya-Roja|Tres Forques,Camins al Grau|L'Olivereta,urbanisme|participacio|economia,urbanisme:patrimoni|urbanisme:espai_public|participacio:transparencia|economia:pressupostos,14|20|23,2300|2015|1403|1401,"Sociedad Civil Valenciana denuncia la falta de protección del patrimonio industrial de Tabacalera, los errores en la reclasificación urbanística y el incumplimiento de acuerdos sobre equipamientos en Penya-roja y Tres de abril, exigiendo que no se carguen los errores municipales a los vecinos.","Societat Civil Valenciana denuncia la falta de protecció del patrimoni industrial de Tabacalera, els errors en la reclassificació urbanística i l'incompliment d'acords sobre equipaments a Penya-roja i Tres d'abril, exigint que no es carreguen els errors municipals als veïns."
2019-01-31-004,2019-01-31,2019-01-31,2015-2019,Antonio Cassola Cortadellas,Associació de Veïns i Amics del Carme,associacio-veinats-carme,av,mixt,barri,,Ciutat Vella,urbanisme|mobilitat|participacio,urbanisme:espai_public|urbanisme:habitatge|urbanisme:usos_turistics|mobilitat:mobilitat_activa|participacio:participacio|participacio:transparencia,10|14|15|20,1401|1526|1002|2015,"La Asociación de Vecinos del Carme solicita la creación urgente de un Observatorio del Ocio y Turismo para analizar los impactos del turismo masivo en vivienda, espacio público y movilidad en la ciudad de València.","L'Associació de Veïns del Carme sol·licita la creació urgent d'un Observatori de l'Oci i el Turisme per a analitzar els impactes del turisme massiu en habitatge, espai públic i mobilitat a la ciutat de València."
2019-01-31-003,2019-01-31,2019-01-31,2015-2019,Alfredo Alfonso Pérez,FCUD Benicalap (Unión Deportiva Benicalap),fcud-benicalap,esportiu,castellano,barri,Benicalap,Benicalap,serveis_publics|urbanisme,serveis_publics:esports|urbanisme:espai_public,7|15,1526|709,"El presidente de la Unión Deportiva Benicalap expone los problemas de mantenimiento e infraestructura del polideportivo de la zona, incluyendo deficiencias en el riego, deterioro de frontones, pistas de tenis en mal estado, calderas obsoletas y falta de vestuarios para atender a los 225 niños afiliados.","El president de la Unió Deportiva Benicalap exposa els problemes de manteniment i infraestructura del poliesportiu de la zona, incloent deficiències en el reg, deteriorament dels frontós, pistes de tenis en mal estat, calderes obsoletes i falta de vestuaris per a atendre els 225 xiquets afiliats."
2019-01-31-002,2019-01-31,2019-01-31,2015-2019,Daniel Herrero Ginovart,Associació de Veïns de la Font de Sant Lluís,associacio-veins-font-sant-lluis,av,castellano,barri,La Fonteta S.Lluis,Quatre Carreres,serveis_publics|urbanisme,serveis_publics:esports|urbanisme:espai_public,14|15,1526|1401,"El presidente de la Asociación de Vecinos de la Devesa-Fuente de San Luis expone los principales problemas del barrio, destacando el mal estado de las instalaciones del pabellón polideportivo, con vestuarios sin reformar, problemas de inundaciones y deficiencias generales en el mantenimiento.","El president de l'Associació de Veïns de la Devesa-Fuente de San Luis exposa els principals problemes del barri, destacant el mal estat de les instal·lacions del pavelló poliesportiu, amb vestidors sense reformar, problemes d'inundacions i deficiències generals en el manteniment."
2019-01-31-001,2019-01-31,2019-01-31,2015-2019,Amparo Obiol Saiz,Associació Cabanyal Reviu,cabanyal-reviu,plataforma,valenciano,barri,Cabanyal-Canyamelar,Poblats Marítims,urbanisme|drets_i_igualtat,urbanisme:habitatge|urbanisme:espai_public|urbanisme:usos_turistics|drets_i_igualtat:drets_humans,14|15,1400|1401|1526|1403,"Amparo Obiol Saiz, en representación de la Asociación Cabanyal Reviu, presenta críticas al Plan Especial del Cabanyal respecto a la falta de soluciones habitacionales para residentes del Bloc Portuaris, la turistificación del barrio, el diseño urbanístico que no respeta la trama tradicional y la pérdida de espacios sociales y colectivos.","Amparo Obiol Saiz, en representació de l'Associació Cabanyal Reviu, presenta crítiques al Pla Especial del Cabanyal respecte a la manca de solucions habitacionals per als residents del Bloc Portuaris, la turistificació del barri, el disseny urbanístic que no respecta la trama tradicional i la pèrdua d'espais socials i col·lectius."
2018-12-20-004,2018-12-20,2018-12-20,2015-2019,Ángela Mª Nzambi Balale,Associació Intercultural Candombe,asociacion-intercultural-candombe,ong,mixt,ciutat,,,drets_i_igualtat|serveis_publics,drets_i_igualtat:drets_humans|drets_i_igualtat:interculturalitat_i_antiracisme|serveis_publics:seguretat,9|12|19,1906|900|1201|1203,"Ángela Nzambi, miembro del Consejo Local de Inmigración e Interculturalidad, denuncia las violaciones de derechos de personas migrantes y refugiadas en Valencia, incluyendo trabajo irregular, abusos y discriminación policial, y apela a la responsabilidad política para garantizar dignidad e inclusión.","Ángela Nzambi, membre del Consell Local d'Immigració i Interculturalitat, denuncia les violacions de drets de persones migrants i refugiades a València, incloent-hi treball irregular, abusos i discriminació policial, i demana responsabilitat política per garantir dignitat i inclusió."
2018-12-20-003,2018-12-20,2018-12-20,2015-2019,Rafael Garrote Cuñat,Germandat de Sant Antoni Abat,germandat-sant-antoni-abat,cultural,valenciano,barri,Sant Antoni,La Saïdia,cultura|economia|medi_ambient,cultura:festes|cultura:patrimoni_cultural|economia:comerc_ocupacio|medi_ambient:benestar_animal,4|15|23,2300|1526|400,"El presidente de la Germandat de Sant Antoni Abat expresa apoyo a la moción para declarar la Festividad de Sant Antoni como Bien de Interés Cultural y Turístico Provincial, resaltando su importancia histórica y su significado como la segunda mayor concentración de caballos en España.","El president de la Germandat de Sant Antoni Abat expressa suport a la moció per a declarar la Festivitat de Sant Antoni com a Bé d'Interés Cultural i Turístic Provincial, ressaltant la seua importància històrica i el seu significat com a segona major concentració de cavalls d'Espanya."
2018-12-20-002,2018-12-20,2018-12-20,2015-2019,Alma Sarabia Aquino,Psicòlegs sense Fronteres,psicolegs-sense-fronteres,ong,mixt,ciutat,,,drets_i_igualtat|economia|participacio,drets_i_igualtat:igualtat_de_genere|drets_i_igualtat:drets_humans|economia:comerc_ocupacio|participacio:transparencia,2|5|19|20,202|500|1906|2000,Trabajadoras del hogar y cuidados solicitan la ratificación del Convenio 189 de la OIT para equiparar sus derechos laborales y acabar con la discriminación en sus condiciones de trabajo y protección social.,Treballadores de la llar i de les cures sol·liciten la ratificació del Conveni 189 de l'OIT per a equiparar els seus drets laborals i acabar amb la discriminació en les seues condicions de treball i protecció social.
2018-11-15-002,2018-11-15,2018-11-15,2015-2019,José Vicente Barrachina Gallego,Associació de Veïns de Benimàmet,associacio-veins-benimamet,av,valenciano,barri,Benimamet|Beniferri,Poblats de l'Oest,participacio|urbanisme|serveis_publics,participacio:participacio|participacio:processos_participatius|urbanisme:espai_public|serveis_publics:salut|serveis_publics:esports,10|14|20,2000|1401|1003,"Representante de la Asociación de Vecinos de Benimàmet solicita apoyo para crear una entidad local menor que proporcione mayor autonomía, participación directa en decisiones y competencias para mejorar los servicios de la pedanía.","Representant de l'Associació de Veïns de Benimàmet demana suport per a crear una entitat local menor que done més autonomia, participació directa en decisions i competències per a millorar els serveis de la pedania."
2018-11-15-001,2018-11-15,2018-11-15,2015-2019,Blas García Barrachina,Comissió Promotora Nou Municipi de Benimàmet,comissio-promotora-nou-municipi-benimamet,plataforma,castellano,barri,Benimamet,Poblats de l'Oest,participacio|serveis_publics|economia,participacio:participacio|participacio:processos_participatius|participacio:transparencia|serveis_publics:seguretat|serveis_publics:serveis_socials|economia:comerc_ocupacio,13|20,2000|1300|1302|1305|2004,"El presidente de la Comisión Promotora de Benimàmet solicita la conversión de la pedanía en entidad local menor jurídica propia, denunciando irregularidades administrativas en el proceso iniciado en 1996 y argumentando que la población padece insuficiencia de servicios municipales.","El president de la Comissió Promotora de Benimàmet sol·licita la conversió de la pedania en entitat local menor jurídica pròpia, denunciant irregularitats administratives en el procés iniciat el 1996 i argumentant que la població pateix insuficiència de serveis municipals."
2018-10-25-001,2018-10-25,2018-10-25,2015-2019,[***],SOS Racisme País Valencià,sos-racisme-pais-valencia,ong,mixt,ciutat,,,drets_i_igualtat|economia|participacio,drets_i_igualtat:interculturalitat_i_antiracisme|drets_i_igualtat:drets_humans|economia:comerc_ocupacio|participacio:participacio,9|15|19|20,900|1500|1521|2000|1906,"Representante de SOS Racisme País Valencià defiende el Plan de Inmigración 2019-2020, destaca las políticas inclusivas del Ayuntamiento y argumenta que los manteros no perjudican al comercio tradicional, sino que son víctimas de exclusión social e institucional.","Representant de SOS Racisme País Valencià defensa el Pla d'Immigració 2019-2020, destaca les polítiques inclusives de l'Ajuntament i argumenta que els manteros no perjudiquen al comerç tradicional, sinó que són víctimes d'exclusió social i institucional."
2018-10-17-009,2018-10-17,2018-10-17,2015-2019,[***],Vecinos del barrio de Ayora / AV de Marítim-Ayora,av-maritim-ayora,av,castellano,barri,Aiora,Camins al Grau,urbanisme|serveis_publics|drets_i_igualtat,urbanisme:espai_public|serveis_publics:seguretat|drets_i_igualtat:interculturalitat_i_antiracisme,12|14|19,1401|1200|1906,"Los vecinos del barrio de Ayora denuncian la falta de transparencia y las condiciones de seguridad inadecuadas del edificio de la plaza Javier Goerlich destinado a centro de acogida de inmigrantes, criticando que el proyecto se realizó sin información previa y generando conflictividad en el barrio.","Els veïns del barri d'Ayora denuncien la manca de transparència i les condicions de seguretat inadequades de l'edifici de la plaça Javier Goerlich destinat a centre d'acollida d'immigrants, criticant que el projecte es va realitzar sense informació prèvia i generant conflictivitat en el barri."
2018-10-17-008,2018-10-17,2018-10-17,2015-2019,[***],Associació de Veïns i Veïns de Marítim-Aiora,av-maritim-ayora,av,mixt,barri,La Malva-Rosa|Aiora,Camins al Grau|Poblats Marítims,participacio|serveis_publics|urbanisme,participacio:participacio|participacio:processos_participatius|serveis_publics:seguretat|serveis_publics:serveis_socials|serveis_publics:salut|serveis_publics:educacio|urbanisme:espai_public,12|13|14|20,1401|1300|1200|2000,"La Asociación de Vecinos de Marítim-Aiora valora la escucha municipal y nuevos espacios públicos en Malvarrosa, pero denuncia la degradación del barrio por marginalidad e inseguridad, proponiendo reformas para aumentar la participación ciudadana en las Juntas Municipales de Distrito.","L'Associació de Veïns de Marítim-Aiora valora l'escolta municipal i nous espais públics a la Malvarrosa, però denuncia la degradació del barri per marginalitat i inseguretat, proposant reformes per a augmentar la participació ciutadana en les Juntes Municipals de Districte."
2018-10-17-007,2018-10-17,2018-10-17,2015-2019,J[***],CERMI CV,cermi-cv,av,castellano,ciutat,,,drets_i_igualtat|urbanisme|mobilitat,drets_i_igualtat:drets_humans|urbanisme:espai_public|mobilitat:transit,2|10|14|19,205|1401|1002|1906,"El CERMI CV reclama al Ayuntamiento de València la implementación efectiva de la accesibilidad universal como condición transversal de toda su gestión, especialmente en movilidad urbana y acceso a espacios públicos para personas con discapacidad.","El CERMI CV exigeix a l'Ajuntament de València que implemente l'accessibilitat universal com a condició transversal de tota la seua gestió, especialment en mobilitat urbana i accés a espais públics per a persones amb discapacitat."
2018-10-17-006,2018-10-17,2018-10-17,2015-2019,[***],Federación y movimiento vecinal,favv,av,castellano,multi_barri,Cabanyal-Canyamelar|La Malva-Rosa|El Carme|La Llum,Algirós|Benicalap|Benimaclet|Camins al Grau|Ciutat Vella|El Pla del Real|Extramurs|Jesús|L'Eixample|L'Olivereta|La Saïdia|Patraix|Poblats Marítims|Poblats de l'Oest|Poblats del Nord|Poblats del Sud|Quatre Carreres|Rascanya,participacio|mobilitat|urbanisme|serveis_publics|medi_ambient,participacio:participacio|participacio:processos_participatius|participacio:transparencia|mobilitat:transport_public|mobilitat:mobilitat_activa|mobilitat:transit|urbanisme:espai_public|urbanisme:usos_turistics|serveis_publics:seguretat|medi_ambient:contaminacio|medi_ambient:zones_verdes,7|10|12|14|15|20,2000|1001|1002|1010|1400|1526|703|705|709|1203,"El movimiento vecinal reitera la falta de soluciones en temas de transporte público, participación ciudadana, ocupación ilegal de viviendas, terrazas ilegales y contaminación acústica, demandando mayor democratización en presupuestos participativos y verdadera descentralización en las juntas municipales.","El moviment veïnal reitera la falta de solucions en temes de transport públic, participació ciutadana, ocupació il·legal d'habitatges, terrasses il·legals i contaminació acústica, demanant més democratització en pressupostos participatius i verdadera descentralització en les juntes municipals."
2018-10-17-005,2018-10-17,2018-10-17,2015-2019,[***],Associació de Veïns del Cabanyal-Canyamelar,associacio-veins-cabanyal-canyamelar,av,valenciano,barri,Cabanyal-Canyamelar,Poblats Marítims,urbanisme|serveis_publics|persones,urbanisme:patrimoni|serveis_publics:serveis_socials|persones:gent_major,13|14,1403|1303|1401,"El representante de la asociación de vecinos del Cabanyal-Canyamelar critica la inactividad municipal en la rehabilitación de viviendas públicas y el patrimonio histórico, y denuncia la falta de atención de servicios sociales a mayores vulnerables de la zona.","El representant de l'associació de veïns del Cabanyal-Canyamelar critica la inactivitat municipal en la rehabilitació de viviendes públiques i el patrimoni històric, i denuncia la falta d'atenció de serveis socials als majors vulnerables de la zona."
2018-10-17-004,2018-10-17,2018-10-17,2015-2019,[***],Plataforma Salvem el Cabanyal,plataforma-salvem-cabanyal,plataforma,valenciano,barri,Cabanyal-Canyamelar,Poblats Marítims,urbanisme|serveis_publics|drets_i_igualtat,urbanisme:patrimoni|urbanisme:habitatge|serveis_publics:seguretat|serveis_publics:serveis_socials|drets_i_igualtat:drets_humans,12|13|14|19,1403|1201|1300|1906,"La Plataforma Salvem el Cabanyal hace un balance de los tres años transcurridos desde el compromiso firmado con el Gobierno, denunciando retrasos en rehabilitación, falta de atención social a mayores, gentrificación, y problemas graves de seguridad por venta de drogas en el barrio histórico.","La Plataforma Salvem el Cabanyal fa un balanç dels tres anys transcorreguts des del compromís firmat amb el Govern, denunciant retards en rehabilitació, falta d'atenció social als majors, gentrificació, i problemes greus de seguretat per venda de droga en el barri històric."
2018-10-17-003,2018-10-17,2018-10-17,2015-2019,[***],València Acull,valencia-acull,ong,valenciano,multi_barri,Els Orriols|Torrefiel|Sant Llorens,Rascanya,urbanisme|drets_i_igualtat|serveis_publics,urbanisme:habitatge|drets_i_igualtat:interculturalitat_i_antiracisme|drets_i_igualtat:drets_humans|serveis_publics:serveis_socials,2|14|19,1400|1406|1409|201|1906,"Valencia Acull denuncia la crisis de vivienda en la ciudad de Valencia, con precios en aumento alarmante y requisitos de acceso endurecidos que afectan especialmente a personas migrantes, solicitando medidas de protección, ampliación de vivienda pública y centros de acogida.","València Acull denúncia la crisi de vivenda a la ciutat amb preus en augment alarmant i requisits d'accés endurecits que afecten especialment les persones migrants, demanant mesures de protecció, ampliació de vivenda pública i centres d'acollida."
2018-10-17-002,2018-10-17,2018-10-17,2015-2019,[***],Associació València Acull,valencia-acull,ong,mixt,multi_barri,Carpesa,Poblats Marítims|Poblats del Nord,cultura|drets_i_igualtat|economia,cultura:festes|drets_i_igualtat:drets_linguistics|economia:pressupostos,2|10|15|23,2300|207|1000|1526,"Crítica al gobierno municipal por prohibiciones de tradiciones populares como el toro embolado, denunciando falta de inversión en pedanías, imposición de criterios personales del alcalde y violación de libertades ciudadanas respecto a educación y movilidad.","Crítica al govern municipal per prohibicions de tradicions populars com el toro embolicat, denunciant falta d'inversió en les pedanies, imposició de criteris personals de l'alcalde i violació de llibertats ciutadanes respecte a educació i mobilitat."
2018-10-17-001,2018-10-17,2018-10-17,2015-2019,[***],Poetas Unidos de València,poetas-unidos-valencia,cultural,castellano,multi_barri,,,medi_ambient|serveis_publics|cultura|persones,medi_ambient:zones_verdes|serveis_publics:esports|cultura:associacionisme|persones:gent_major,2|7|13|23,709|2300|1305|204,"La interviniente, representante de una asociación cultural de personas mayores, reclama atención municipal para los problemas de mantenimiento de jardines, limpieza de calles y financiación de subvenciones, criticando la falta de respuesta del alcalde a sus peticiones y la desigual trato a los ciudadanos.","La intervinient, representant d'una associació cultural de persones majors, demana atenció municipal per als problemes de manteniment de jardins, neteja de carrers i finançament de subvencions, criticant la falta de resposta de l'alcalde a les seues peticions i el tracte desigual als ciutadans."
2018-09-27-002,2018-09-27,2018-09-27,2015-2019,Carlos Santana Queremón,UGT (Unión General de Trabajadores) - Sección Sindical de Mercavalencia,ugt-mercavalencia,sindical,mixt,ciutat,,,economia|drets_i_igualtat|participacio,economia:comerc_ocupacio|drets_i_igualtat:drets_humans|participacio:participacio,15|19|20,1521|1906|2000,"Representante de UGT denuncia el uso de falsas cooperativas en Mercavalencia para contratar trabajadores como autónomos, incumpliendo resoluciones de Inspección de Trabajo y causando fraude de millones de euros. Exige al Ayuntamiento que acate la legalidad y garantice derechos laborales dignos para los trabajadores.","Representant d'UGT denuncia l'ús de falses cooperatives a Mercavalència per a contractar treballadors com autònoms, incomplint resolucions d'Inspecció de Treball i causant frau de milions d'euros. Exigeix a l'Ajuntament que acate la legalitat i garantisca drets laborals dignos per als treballadors."
2018-09-27-001,2018-09-27,2018-09-27,2015-2019,Enrique Asensi Martín,Associació de Cooperació i Estratègia d'Educació (ACOEC) i Coordinadora Valenciana de ONGD,acoec,educacio,castellano,ciutat,,,participacio|economia|drets_i_igualtat,participacio:processos_participatius|economia:comerc_ocupacio|drets_i_igualtat:drets_humans,13|19|20,1906|2000|1305,"La Coordinadora Valenciana de ONGD, representando 91 organizaciones, valora positivamente la aprobación del Plan de Cooperación Internacional para el Desarrollo 2019-2022 y la Estrategia de Educación para la Ciudadanía Global, destacando el proceso participativo inédito y solicitando unanimidad en su aprobación para mejorar derechos y condiciones de vida.","La Coordinadora Valenciana de ONGD, que representa 91 organitzacions, valora positivament l'aprovació del Plan de Cooperació Internacional per al Desenvolupament 2019-2022 i l'Estratègia d'Educació per a la Ciutadania Global, destacant el procés participatiu inèdit i sol·licitant unanimitat en la seua aprovació."
2018-07-26-004,2018-07-26,2018-07-26,2015-2019,Rafael Pardo Gabaldón,Asociación de Trabajadores Autónomos (ATA),asociacion-trabajadores-autonomos,sindical,castellano,ciutat,El Grau,Poblats Marítims,economia|drets_i_igualtat|serveis_publics,economia:comerc_ocupacio|drets_i_igualtat:drets_humans|serveis_publics:seguretat,5|12|15,500|1200|1521,"Rafael Pardo, en representación de ATA, expresa la posición de la organización sobre los falsos autónomos en relación con el caso de Mercavalencia, denunciando esta práctica como ilegal y solicitando que el Ayuntamiento corrija la situación.","Rafael Pardo, en representació d'ATA, expressa la posició de l'organització sobre els falsos autònoms en relació amb el cas de Mercavalència, denunciant aquesta pràctica com a il·legal i sol·licitant que l'Ajuntament corregisca la situació."
2018-07-26-003,2018-07-26,2018-07-26,2015-2019,Fidel Navarro Toledo,Agrupació Integral de Comercians sense Establiment (AICSE) / Cooperativa de trabajo asociado Workman,aicse-workman,empresa,castellano,ciutat,El Grau,Poblats Marítims,economia|drets_i_igualtat|serveis_publics,economia:comerc_ocupacio|drets_i_igualtat:drets_humans|serveis_publics:seguretat,15|19|20,1521|1906|2000,"Representantes de la cooperativa Workman defienden su legalidad y legitimidad como cooperativa de trabajo asociado registrada, rechazando acusaciones de ser falsos autónomos o irregulares, y cuestionan las denuncias sindicales y la actuación municipal sin haber visitado la realidad en Mercavalencia.","Representants de la cooperativa Workman defenen la seua legalitat i legitimitat com a cooperativa de treball associat registrada, rebutjant acusacions de ser falsos autònoms o irregulars, i qüestionen les denúncies sindicals i l'actuació municipal sense haver visitat la realitat a Mercavalencia."
2018-07-26-002,2018-07-26,2018-07-26,2015-2019,Mª José Sanmartín Tarín,Societat Valenciana Protectora d'Animals i Plantes / AnimaNaturalis,svpap,ong,castellano,ciutat,,,medi_ambient|cultura|drets_i_igualtat,medi_ambient:benestar_animal|cultura:festes|drets_i_igualtat:drets_humans,4|19|23,404|2300|1906,"Representante de AnimaNaturalis pide la prohibición de los toros embolados, denunciando que son maltrato animal probado científicamente, y apela al cambio social y a la evolución de las tradiciones hacia prácticas más respetuosas con los animales.","Representant d'AnimaNaturalis demana la prohibició dels bous embolats, denunciant que són maltractament animal comprovat científicament, i apel·la al canvi social i a l'evolució de les tradicions cap a pràctiques més respectuoses amb els animals."
2018-06-28-002,2018-06-28,2018-06-28,2015-2019,[***],Unió de Consumidors de València / Secció Sindical d'UGT,unio-consumidors-valencia,av,valenciano,ciutat,,,economia|drets_i_igualtat|serveis_publics,economia:comerc_ocupacio|drets_i_igualtat:drets_humans|serveis_publics:seguretat,5|15|19,1521|1906|500,"Representante sindical de UGT denuncia las condiciones laborales precarias de los trabajadores de Mercavalencia bajo la forma de cooperativas, considerados falsos autónomos, y exige que se cumplan las resoluciones administrativas para regularizar su situación laboral.","Representant sindical d'UGT denuncia les condicions laborals precàries dels treballadors de Mercavalència sous la forma de cooperatives, considerats falsos autònoms, i exigix que es complisquen les resolucions administratives per a regularitzar la seua situació laboral."
2018-06-28-001,2018-06-28,2018-06-28,2015-2019,[***],Associació Mares i Pares del CEIP Àngel de la Guarda,mares-pares-ceip-angel-guarda,educacio,valenciano,barri,La Raiosa,Jesús,serveis_publics|urbanisme|mobilitat,serveis_publics:educacio|urbanisme:espai_public|urbanisme:habitatge|mobilitat:transit,6|10|14,602|1403|1002|1401,"El presidente del AMPA del colegio Sant Àngel de la Guarda denuncia los retrasos en la construcción del nuevo centro educativo desde 2015, señalando que los 310 alumnos están en ubicación provisional sin servicios básicos, y reclama la ejecución urgente del Plan Edificant para mejorar la educación pública y revitalizar el barrio de La Raiosa.","El president de l'AMPA del col·legi Sant Àngel de la Guarda denuncia els retards en la construcció del nou centre educatiu des de 2015, assenyalant que els 310 alumnes estan en ubicació provisional sense serveis bàsics, i reclama l'execució urgent del Pla Edificant per a millorar l'educació pública i revitalitzar el barri de la Raiosa."
2018-05-31-003,2018-05-31,2018-05-31,2015-2019,Alfonso Cortés,Associació de Veïns de Malilla,associacio-veins-malilla,av,mixt,barri,Malilla,Quatre Carreres,serveis_publics|urbanisme|participacio,serveis_publics:salut|urbanisme:habitatge|participacio:transparencia,3|14|20,300|1403|2000,"La Asociación de Vecinos de Malilla denuncia los retrasos reiterados en la construcción del centro de salud, que debería haberse completado hace años, y critica la falta de comunicación y transparencia del equipo de gobierno municipal.","L'Associació de Veïns de Malilla denuncia els retards reiterats en la construcció del centre de salut, que hauria de s'haver completat fa anys, i critica la falta de comunicació i transparència de l'equip de govern municipal."
2018-05-31-002,2018-05-31,2018-05-31,2015-2019,Anna Batlle i Marco,Associació Cultural la Demanà,la-demana,cultural,valenciano,barri,El Saler,Poblats del Sud,serveis_publics|medi_ambient|cultura,serveis_publics:esports|medi_ambient:zones_verdes|cultura:patrimoni_cultural|cultura:associacionisme,7|14|15|23,1526|709|2300|1401,"La portavoz de las asociaciones del Saler presenta las necesidades históricas del barrio, especialmente la cesión del Barco de Estibadores para actividades deportivas, de divulgación ambiental y culturales, destacando el consenso de todo el pueblo.","La portaveu de les associacions del Saler presenta les necessitats històriques del barri, especialment la cessió del Barco d'Estibadors per a activitats esportives, de divulgació ambiental i culturals, destacant el consens de tot el poble."
2018-05-31-001,2018-05-31,2018-05-31,2015-2019,José Vicente Barrachina Gallego,Associació de Veïns de Benimàmet,associacio-veins-benimamet,av,mixt,barri,Benimamet,Poblats de l'Oest,medi_ambient|serveis_publics,medi_ambient:benestar_animal|serveis_publics:seguretat,4|7,404|711,"La Asociación de Vecinos de Benimàmet solicita una solución de emergencia para la saturación de la protectora de animales, que genera ruidos y problemas de convivencia en el barrio, además de afectar al bienestar de los animales.","L'Associació de Veïns de Benimàmet sol·licita una solució d'emergència per a la saturació de la protectora d'animals, que genera sorolls i problemes de convivència al barri, a més d'afectar el benestar dels animals."
2018-04-26-005,2018-04-26,2018-04-26,2015-2019,José Vicente Morales,Club de Futbol Benicalap (UD Benicalap),ud-benicalap,esportiu,castellano,barri,Benicalap,Benicalap,serveis_publics|urbanisme,serveis_publics:esports|urbanisme:espai_public,14|15,1526|1401,"El representante del Club de Futbol Benicalap reclama la urgente reparación del campo de césped deteriorado desde hace dos años, que afecta a la capacidad de los niños para jugar y competir, denunciando falta de coordinación entre departamentos municipales.","El representant del Club de Futbol Benicalap reclama la urgent reparació del camp de gespa deteriorat fa dos anys, que afecta la capacitat dels xiquets per a jugar i competir, denunciant falta de coordinació entre departaments municipals."
2018-04-26-004,2018-04-26,2018-04-26,2015-2019,Ramón Arqués Grau,Associació de Veïns i Veïnes de Natzaret,asociacion-vecinos-nazaret-unido,av,valenciano,barri,Natzaret,Poblats Marítims,participacio|serveis_publics|economia,participacio:participacio|participacio:processos_participatius|serveis_publics:educacio|serveis_publics:esports|economia:comerc_ocupacio,6|13|15|20,2000|1300|600|1526,"El presidente de la Asociación de Vecinos de Nazaret reclama la aprobación urgente de la Estrategia Integral Participativa del barrio, resultado de un diagnóstico participativo realizado con más de cien personas, y advierte sobre los riesgos de no implementar las propuestas ciudadanas.","El president de l'Associació de Veïns de Natzaret reclama l'aprovació urgent de l'Estratègia Integral Participativa del barri, fruit d'un diagnòstic participatiu realitzat amb més de cent persones, i adverteix sobre els riscos de no implementar les propostes ciutadanes."
2018-04-26-003,2018-04-26,2018-04-26,2015-2019,Antonio Pérez Martínez,Associació de Veïns de Benimaclet,associacio-veinal-benimaclet,av,valenciano,multi_barri,Benimaclet|Els Orriols|Natzaret,Benimaclet|Poblats Marítims|Rascanya,urbanisme|participacio|cultura,urbanisme:espai_public|participacio:participacio|participacio:processos_participatius|cultura:patrimoni_cultural|cultura:associacionisme,14|20|23,2000|1401|1403|2300,"El representante de la Asociación de Vecinos de Benimaclet expresa su apoyo a la Estrategia Integral de Benimaclet y reclama el respaldo de todos los partidos políticos para un proyecto que integra la cultura del huerto, la innovación urbanística y la convivencia ciudadana.","El representant de l'Associació de Veïns de Benimaclet manifesta suport a l'Estratègia Integral de Benimaclet i sol·licita el recolzament de tots els partits polítics per a un projecte que integra la cultura de l'horta, la innovació urbanística i la convivència ciutadana."
2018-04-26-002,2018-04-26,2018-04-26,2015-2019,Inmaculada Rosa Soto Ortega,Federació de Serveis a la Ciutadania de CCOO País Valencià,federacio-serveis-ciutadania-ccoo,sindical,castellano,ciutat,,,serveis_publics|drets_i_igualtat|participacio,serveis_publics:esports|drets_i_igualtat:drets_humans|participacio:transparencia,12|13|20,1200|2004|2000|1305,"Representante sindical de CCOO expresa el rechazo de la mayoría de la plantilla de la FDM al convenio que será ratificado, argumentando que es restrictivo de derechos, genera perjuicios económicos y fue negociado sin transparencia ni participación real de los trabajadores.","Representant sindical de CCOO expressa el rebuig de la majoria de la plantilla de la FDM al conveni que serà ratificat, argumentant que és restrictiu de drets, genera perjudicis econòmics i va ser negociat sense transparència ni participació real dels treballadors."
2018-04-26-001,2018-04-26,2018-04-26,2015-2019,Francisco Dasí González,Associació de Venedors del Mercat Central,associacio-venedors-mercat-central,empresa,castellano,barri,El Mercat,Ciutat Vella,economia|urbanisme|drets_i_igualtat,economia:comerc_ocupacio|urbanisme:espai_public|drets_i_igualtat:drets_humans,14|15,1500|1521|1401,"El presidente de la Asociación de Vendedores del Mercado Central valora la aprobación de las nuevas ordenanzas municipales de mercados, aunque señala que solo se han atendido 10 de más de 60 alegaciones presentadas, y solicita que se regulen aspectos como el consumo de productos, el acceso de grupos y la exención de tasas por continuidad empresarial.","El president de l'Associació de Venedors del Mercat Central valora l'aprovació de les noves ordenances municipals de mercats, aunque assenyala que només s'han atesat 10 de més de 60 al·legacions presentades, i sol·licita que es regulen aspectes com el consum de productes, l'accés de grups i l'exempció de taxes per continuïtat empresarial."
2018-03-28-001,2018-03-28,2018-03-28,2015-2019,Juan Ángel Velasco Barrios,Federació d'oci i Turisme de la Comunitat Valenciana (FOTUR),fotur,empresa,castellano,ciutat,,,cultura|economia|participacio,cultura:festes|economia:comerc_ocupacio|participacio:processos_participatius,15|20|23,2300|1500|2000,"Representante de FOTUR solicita mayor control sobre venta de alcohol en la calle, horarios más equitativos para establecimientos y una mesa de trabajo empresarial para las Fallas 2019, criticando la competencia desleal de chiringuitos ambulantes y el botellón.","Representant de FOTUR sol·licita major control sobre la venda d'alcohol al carrer, horaris més equitatius per als establiments i una taula de treball empresarial per a les Falles 2019, criticant la competència desleal dels chiringuitos ambulants i el botelló."
2018-02-22-002,2018-02-22,2018-02-22,2015-2019,Ricardo Selfa Ibáñez,Asociación Cultural Vía Vicentius Valentiae,via-vicentius-valentiae,cultural,mixt,barri,La Roqueta,Extramurs,urbanisme|cultura|economia,urbanisme:patrimoni|cultura:patrimoni_cultural|cultura:associacionisme|economia:comerc_ocupacio,14|15|23,2300|1526|1403,"Propuesta de desarrollar un proyecto de peregrinación basado en la memoria de Sant Vicent de la Roda, con epicentro en la Roqueta, replicando el modelo del Camino de Santiago para potenciar el patrimonio histórico, cultural y turístico de Valencia.","Proposta de desenvolupar un projecte de peregrinació basat en la memòria de Sant Vicent de la Roda, amb epicentre en la Roqueta, replicant el model del Camí de Sant Jaume per a potenciar el patrimoni històric, cultural i turístic de València."
2018-02-22-001,2018-02-22,2018-02-22,2015-2019,Francisca Llosa Clausich,Associació València Cultural - Via Augusta i Camí de Sant Vicent Màrtir,valencia-cultural,cultural,mixt,multi_barri,La Roqueta,Extramurs,cultura|urbanisme|economia,cultura:patrimoni_cultural|cultura:associacionisme|urbanisme:patrimoni|economia:comerc_ocupacio,14|15|23,2300|1401|1526,"La presidenta de València Cultural presenta las demandas de 50 entidades culturales respecto a la restauración del Monasterio de la Roqueta, solicitando excavaciones arqueológicas exhaustivas, señalización del Camino de San Vicente y participación en las decisiones sobre usos futuros del edificio.","La presidenta de València Cultural presenta les demandes de 50 entitats culturals respecte a la restauració del Monestir de la Roqueta, sol·licitant excavacions arqueològiques exhaustives, senyalització del Camí de Sant Vicent i participació en les decisions sobre els usos futurs de l'edifici."
2017-12-21-006,2017-12-21,2017-12-21,2015-2019,Papa Baya,SOS Racisme,sos-racisme-pais-valencia,ong,valenciano,ciutat,,,drets_i_igualtat|serveis_publics|urbanisme,drets_i_igualtat:interculturalitat_i_antiracisme|drets_i_igualtat:drets_humans|serveis_publics:salut|serveis_publics:serveis_socials|urbanisme:habitatge,3|9|13|14|19,1906|1401|1406|300|1300|900,"Papa Baya de SOS Racisme reivindica la inclusión social de personas en situación de exclusión, el derecho universal a la salud y vivienda, así como medidas contra la deportación de migrantes, destacando buenas prácticas implementadas en Valencia.","Papa Baya de SOS Racisme reivindica la inclusió social de persones en situació d'exclusió, el dret universal a la salut i vivenda, així com mesures contra la deportació de migrants, destacant bones pràctiques implementades a València."
2017-12-21-005,2017-12-21,2017-12-21,2015-2019,Juana Latorre Mansanet,Club de Ajedrez de Benicalap / FSIE (sindicato independiente de enseñanza),club-ajedrez-benicalap,esportiu,castellano,ciutat,Benicalap,Benicalap,serveis_publics|economia|participacio,serveis_publics:educacio|economia:comerc_ocupacio|participacio:participacio,5|6|15|20,602|500|1521|2000,"FSIE expone sus preocupaciones sobre las escuelas infantiles de iniciativa social, criticando los planes de expansión de escuelas públicas por su ineficiencia e impacto en el empleo, y solicita mantener el cheque escolar y agilizar los pagos municipales.","FSIE exposa les seues preocupacions sobre les escoles infantils d'iniciativa social, criticant els plans d'expansió d'escoles públiques per la seua ineficiència i impacte en l'ocupació, i sol·licita mantindre el xec escolar i agilitar els pagaments municipals."
2017-12-21-004,2017-12-21,2017-12-21,2015-2019,José Francisco Sales Marqués,Associació Valenciana d'Agricultors (AVA-ASAJA),ava-asaja,altres,valenciano,multi_barri,Patraix|Sant Isidre|Vara De Quart|Safranar|Favara|Pinedo|El Palmar|El Perellonet,Patraix|Poblats del Sud,economia|urbanisme|participacio,economia:agricultura|urbanisme:usos_turistics|participacio:processos_participatius,4|14|15|20,400|1403|1521|2000,"El representante de AVA-ASAJA critica la propuesta de ley sobre protección de la huerta como restrictiva y sin consideración a los agricultores, solicitando diálogo, medidas de rentabilidad agraria y presupuesto antes de cualquier normativa.","El representant d'AVA-ASAJA critica la proposta de llei sobre protecció de l'horta com a restrictiva i sense consideració als agricultors, sol·licitant diàleg, mesures de rendibilitat agrària i pressupost abans de qualsevol normativa."
2017-12-21-003,2017-12-21,2017-12-21,2015-2019,Sergio Navarro Navarro,Associació Valenciana d'Agricultors (AVA-ASAJA),ava-asaja,altres,castellano,multi_barri,El Grau|Cabanyal-Canyamelar|La Malva-Rosa|Betero|Natzaret,Poblats Marítims,economia|medi_ambient|urbanisme,economia:agricultura|medi_ambient:contaminacio|urbanisme:patrimoni,4|7|21,400|700|705|2100,El representante de AVA-ASAJA expone el malestar del sector arrocero de la Comunitat Valenciana por las limitaciones impuestas en el Parque Natural de la Albufera y solicita que se rectifiquen las declaraciones que atribuyen la contaminación en València a la quema de paja de arroz cuando esta no estaba ocurriendo.,El representant d'AVA-ASAJA exposa el malestar del sector arrosser de la Comunitat Valenciana per les limitacions imposades al Parc Natural de l'Albufera i sol·licita que es rectifiquen les declaracions que atribuïxen la contaminació a València a la cremació de palla d'arròs quan esta no estava ocorrent.
2017-12-21-002,2017-12-21,2017-12-21,2015-2019,Julia Martínez Gil,Associació de Comerciants del Centre Històric de València,asociacion-comerciantes-centro-historico-valencia,empresa,castellano,barri,La Seu|La Xerea|El Carme|El Pilar|El Mercat|Sant Francesc,Ciutat Vella,serveis_publics|economia|urbanisme,serveis_publics:seguretat|economia:comerc_ocupacio|urbanisme:espai_public,12|14|15,1201|1521|1401,"La Asociación de Comerciantes del Centro Histórico solicita al Ayuntamiento que dote de medios suficientes a la Unidad 1 de Seguridad Ciudadana, cree una brigada para controlar la venta ambulante, instale cámaras de vigilancia en la vía pública y coloque maceteros en la acera de Hernán Cortés para evitar que sea utilizada como calzada.","L'Associació de Comerciants del Centre Històric sol·licita a l'Ajuntament que done mitjans suficients a la Unitat 1 de Seguretat Ciutadana, cree una brigada per controlar la venda ambulant, instal·le càmeres de vigilància en la via pública i col·loque macetes en l'acera de Hernán Cortés per evitar que siga utilitzada com a calçada."
2017-12-21-001,2017-12-21,2017-12-21,2015-2019,Juan Carlos Gelabert Aparicio,Federació d'Empresaris d'Hostaleria de València,fehv,empresa,castellano,multi_barri,El Carme|Russafa|Cabanyal-Canyamelar,Ciutat Vella|L'Eixample|Poblats Marítims,urbanisme|economia,urbanisme:espai_public|urbanisme:usos_turistics|economia:comerc_ocupacio,14|15,1401|1521|1526,"La Federación de Empresarios de Hostelería solicita ampliar el límite de terrazas de 1,95 m a 2,50 m en el centro de la ciudad para evitar pérdidas económicas en 32 establecimientos afectados, argumentando que esto supone la pérdida de millones en facturación y puestos de trabajo.","La Federació d'Empresaris d'Hostaleria sol·licita ampliar el límit de terrasses de 1,95 m a 2,50 m al centre de la ciutat per a evitar pèrdues econòmiques en 32 establiments afectats, argumentant que això suposa la pèrdua de milions en facturació i llocs de treball."
2017-11-16-004,2017-11-16,2017-11-16,2015-2019,Diego Infante Cervera,Asociación de Hostelería y Ocio de Russafa / Asociación de Vecinos de Russafa-Gran Vía,asociacion-hosteleria-ocio-russafa,empresa,castellano,barri,Russafa|La Gran Via,L'Eixample,serveis_publics|urbanisme|participacio,serveis_publics:seguretat|urbanisme:usos_turistics|participacio:participacio,12|14|15,1201|1526|1403,"Diego Infante, presidente de la Asociación de Hostelería y Ocio de Russafa, solicita mayor presencia policial activa en el barrio y contundencia contra locales que incumplen normativas, además de denuncia contra las prácticas del Sr. Grezzi.","Diego Infante, president de l'Associació de Hosteleria i Oci de Russafa, sol·licita major presència policial activa al barri i contundència contra locals que incompleixen normatives, a més de denúncia contra les pràctiques del Sr. Grezzi."
2017-11-16-003,2017-11-16,2017-11-16,2015-2019,Juan Manuel Mondéjar Sánchez,COCEMFE (Federación de Asociaciones de Personas con Discapacidad Física y Orgánica de la Provincia de Valencia),cocemfe,av,castellano,ciutat,,,drets_i_igualtat|urbanisme|serveis_publics,drets_i_igualtat:drets_humans|urbanisme:espai_public|serveis_publics:seguretat,2|14|19,205|1401|1906,"COCEMFE reclama la aplicación efectiva de leyes de accesibilidad universal en Valencia, denunciando que las barreras arquitectónicas y de servicios vulneran los derechos de las personas con discapacidad. Propone una estrategia municipal integral de accesibilidad que beneficie a toda la ciudadanía.","COCEMFE demanda l'aplicació efectiva de les lleis d'accessibilitat universal a València, denunciant que les barreres arquitectòniques i de serveis vulneren els drets de les persones amb discapacitat. Proposa una estratègia municipal integral d'accessibilitat que beneficie tota la ciutadania."
2017-11-16-002,2017-11-16,2017-11-16,2015-2019,Vanessa Marí,CERMI-CV,cermi-cv,av,castellano,ciutat,,,drets_i_igualtat|serveis_publics|participacio,drets_i_igualtat:drets_humans|serveis_publics:serveis_socials|participacio:participacio,2|13|14|20,205|1401|1304|2000,"CERMI-CV reclama al Ayuntamiento de València la incorporación transversal de políticas de accesibilidad e inclusión en todos los servicios, equipamientos y espacios públicos municipales, cumpliendo con la normativa de accesibilidad universal establecida para el 4 de diciembre de 2017.","CERMI-CV reclama a l'Ajuntament de València la incorporació transversal de polítiques d'accessibilitat i inclusió en tots els serveis, equipaments i espais públics municipals, complint amb la normativa d'accessibilitat universal establida per al 4 de desembre de 2017."
2017-10-26-001,2017-10-26,2017-10-26,2015-2019,[***],Associació Per l'Horta,per-l-horta,av,valenciano,multi_districte,El Grau|Cabanyal-Canyamelar|La Malva-Rosa|Natzaret,Algirós|Benicalap|Benimaclet|Camins al Grau|Campanar|Ciutat Vella|El Pla del Real|Extramurs|Jesús|L'Eixample|L'Olivereta|La Saïdia|Patraix|Poblats Marítims|Poblats de l'Oest|Poblats del Nord|Poblats del Sud|Quatre Carreres|Rascanya,mobilitat|medi_ambient|participacio,mobilitat:transit|medi_ambient:zones_verdes|participacio:participacio,7|10|20,1002|700|2000,"Representante de asociaciones ciudadanas solicita la paralización del proyecto de ampliación a tres carriles de la V-21, denunciando la destrucción de 80.000 m² de huerta productiva y los impactos negativos en movilidad y medio ambiente.","Representant d'associacions ciutadanes sol·licita la paralització del projecte d'ampliació a tres carrils de la V-21, denunciant la destrucció de 80.000 m² d'horta productiva i els impactes negatius en mobilitat i medi ambient."
2017-09-28-003,2017-09-28,2017-09-28,2015-2019,Pedro García Rabasa,CCOO,ccoo-pv,sindical,castellano,ciutat,,,persones|economia|drets_i_igualtat,persones:gent_major|economia:pressupostos|drets_i_igualtat:drets_humans,13|20,1303|2000,"El representante de CCOO expone la necesidad de mejorar las pensiones, señalando que el 20% de las contributivas y el 100% de las no contributivas están por debajo del umbral de pobreza, y solicita apoyo para las movilizaciones y marchas previstas en defensa de pensiones suficientes.","El representant de CCOO exposa la necessitat de millorar les pensions, assenyalant que el 20% de les contributives i el 100% de les no contributives estan per sota del llindar de pobresa, i sol·licita suport per a les mobilitzacions i marxes previstes en defensa de pensions suficients."
2017-09-28-002,2017-09-28,2017-09-28,2015-2019,[***],Associació de Jubilats d'UGT i de CCOO,associacio-jubilats-ugt-ccoo,sindical,castellano,ciutat,,,persones|economia|drets_i_igualtat,persones:gent_major|economia:pressupostos|drets_i_igualtat:drets_humans,2|13|20,204|1300|2000,"UGT presenta una moción en defensa de las pensiones, demandando el mantenimiento del poder adquisitivo, el equilibrio financiero del sistema público de pensiones y la derogación de la reforma de pensiones de 2013.","UGT presenta una moció en defensa de les pensions, demanant el manteniment del poder adquisitiu, l'equilibri financer del sistema públic de pensions i la derogació de la reforma de pensions de 2013."
2017-09-28-001,2017-09-28,2017-09-28,2015-2019,Juan Julián Verger Mora,Associació de Veïns Parc Central-Iturbi,associacio-veins-parc-central-iturbi,av,castellano,barri,La Raiosa,Jesús,urbanisme|serveis_publics|participacio,urbanisme:espai_public|serveis_publics:educacio|serveis_publics:esports|participacio:participacio,6|14|15,602|1401|1526,"El representante de la asociación de vecinos critica el retraso en la construcción del nuevo colegio Santo Ángel de la Guarda y la falta de infraestructuras deportivas y urbanas en el barrio de La Raiosa, señalando la inacción del Ayuntamiento en gestiones con SEPES y la Conselleria de Educación.","El representant de l'associació de veïns critica el retard en la construcció del nou col·legi Santo Ángel de la Guarda i la falta d'infraestructures esportives i urbanes en el barri de La Raiosa, assenyalant la inacció de l'Ajuntament en gestions amb SEPES i la Conselleria d'Educació."
2017-09-20-014,2017-09-20,2017-09-20,2015-2019,Fani Boronat Chofre,Col·lectiu Lambda,col-lectiu-lambda,ong,valenciano,ciutat,,,drets_i_igualtat|serveis_publics|economia,drets_i_igualtat:diversitat|drets_i_igualtat:igualtat_de_genere|drets_i_igualtat:drets_humans|serveis_publics:educacio|economia:comerc_ocupacio,2|5|6|15|19,202|600|500|1526|1906,"Fani Boronat, en representación del Colectivo Lambda, valora positivamente las medidas implementadas por el Ayuntamiento de Valencia en materia LGTB, aunque considera que son insuficientes tras décadas de abandono institucional, e insta a continuar con políticas coordinadas para lograr la plena normalización de la diversidad sexual y de género.","Fani Boronat, en representació del Col·lectiu Lambda, valora positivament les mesures implementades per l'Ajuntament de València en matèria LGTB, però considera que són insuficients après dècades d'abandó institucional, i insta a continuar amb polítiques coordinades per a aconseguir la plena normalització de la diversitat sexual i de gènere."
2017-09-20-013,2017-09-20,2017-09-20,2015-2019,Papa Balla Ndong,SOS Racisme País Valencià,sos-racisme-pais-valencia,ong,mixt,multi_barri,Natzaret|Els Orriols|Torrefiel,Poblats Marítims|Rascanya,drets_i_igualtat|serveis_publics|mobilitat,drets_i_igualtat:diversitat|drets_i_igualtat:interculturalitat_i_antiracisme|serveis_publics:educacio|serveis_publics:serveis_socials|serveis_publics:seguretat|mobilitat:mobilitat_activa,6|9|10|13|20,900|1300|602|1010|2004,"Papa Balla Ndong, de SOS Racisme País Valencià, demanda mejora de servicios sociales y educativos en barrios como Natzaret, Orriols y Torrefiel, mayor participación de inmigrantes en asociaciones ciudadanas, solución al problema del padrón y formación en interculturalidad para funcionarios municipales.","Papa Balla Ndong, de SOS Racisme País Valencià, demanda millora de serveis socials i educatius en barris com Natzaret, Orriols i Torrefiel, major participació de migrants en associacions ciutadanes, solució al problema del padró i formació en interculturalitat per a funcionaris municipals."
2017-09-20-012,2017-09-20,2017-09-20,2015-2019,Trini Blanch Marín,Assemblea de Cooperació per la Pau,assemblea-cooperacio-pau,plataforma,valenciano,ciutat,,,participacio|economia|drets_i_igualtat,participacio:processos_participatius|participacio:transparencia|economia:pressupostos|drets_i_igualtat:drets_humans,13|19|20,2000|1906|2015|1300,"Trini Blanch Marín, de la Assemblea de Cooperació per la Pau, destaca positivamente el nuevo Consell de Cooperació de Valencia y solicita al Ayuntamiento que continúe avanzando en agilización administrativa y aumentar presupuesto de cooperación internacional al 0,7%, para convertir la ciudad en un ejemplo de solidaridad.","Trini Blanch Marín, de l'Assemblea de Cooperació per la Pau, destaca positivament el nou Consell de Cooperació de València i sol·licita a l'Ajuntament que continue avançant en agilització administrativa i augmentar el pressupost de cooperació internacional al 0,7%, per a convertir la ciutat en un exemple de solidaritat."
2017-09-20-011,2017-09-20,2017-09-20,2015-2019,Carmen Juan Jorques,"FESORD, CV (Federació de Persones Sordes de la Comunitat Valenciana)",fesord-cv,ong,valenciano,ciutat,,,drets_i_igualtat|serveis_publics|cultura,drets_i_igualtat:drets_linguistics|drets_i_igualtat:diversitat|serveis_publics:serveis_socials|cultura:patrimoni_cultural,2|14|23,207|1401|2300,"La Federación de Personas Sordas de la Comunidad Valenciana solicita que se continúe garantizando la accesibilidad mediante lengua de signos e intérpretes en todos los ámbitos de la ciudad, agradeciendo los servicios ya disponibles en el OMAD y en actos institucionales.","La Federació de Persones Sordes de la Comunitat Valenciana demana que continue garantint-se l'accessibilitat mitjanant llengua de signes i intèrprets en tots els àmbits de la ciutat, agraint els serveis ja disponibles a l'OMAD i en actes institucionals."
2017-09-20-010,2017-09-20,2017-09-20,2015-2019,Mª José Broseta Serrano,Federación de Asociaciones de Vecinos,favv,av,castellano,multi_barri,Cabanyal-Canyamelar|Els Orriols|Benicalap,Algirós|Benicalap|Benimaclet|Camins al Grau|Campanar|Ciutat Vella|El Pla del Real|Extramurs|Jesús|L'Eixample|L'Olivereta|La Saïdia|Patraix|Poblats Marítims|Poblats de l'Oest|Poblats del Nord|Poblats del Sud|Quatre Carreres|Rascanya,participacio|mobilitat|urbanisme,participacio:participacio|participacio:processos_participatius|participacio:transparencia|mobilitat:transport_public|mobilitat:mobilitat_activa|urbanisme:habitatge|urbanisme:usos_turistics,7|10|14|15|20|23,2000|2004|1001|1010|1400|1401|1526|703|709|2300,"La Federación de Asociaciones de Vecinos expone el estancamiento en participación ciudadana, presupuestos participativos, movilidad y servicios urbanos, destacando problemas en transporte, ocupación ilegal de viviendas, gestión de residuos y servicios culturales.","La Federació d'Associacions de Veïns denuncia l'aturada en participació ciutadana, pressupostos participatius, mobilitat i serveis urbans, destacant problemes en transport, ocupació il·legal d'habitatges, gestió de residus i serveis culturals."
2017-09-20-009,2017-09-20,2017-09-20,2015-2019,Luís Vaño Gisbert,Associació d'Hemofília de la Comunitat Valenciana i CERMI CV (Comité d'entitats representants de persones amb discapacitat de la Comunitat Valenciana),associacio-hemofilia-cv,ong,valenciano,ciutat,,,drets_i_igualtat|serveis_publics,drets_i_igualtat:drets_humans|drets_i_igualtat:diversitat|serveis_publics:seguretat,2|14|19,205|1401|1906,"El Sr. Vaño Gisbert, en representación del CERMI CV, reclama que la accesibilidad universal sea eje de las políticas públicas de discapacidad, considerando su ausencia como una violación de derechos humanos, e informa sobre la campaña 'Horizonte Accesibilidad' del 4 de diciembre de 2017.","El Sr. Vaño Gisbert, en representació del CERMI CV, reclama que l'accessibilitat universal siga eix de les polítiques públiques de discapacitat, considerant la seua absència com una violació de drets humans, i informa sobre la campanya 'Horitzó Accessibilitat' del 4 de desembre de 2017."
2017-09-20-008,2017-09-20,2017-09-20,2015-2019,Javier Canales,Centre de Recursos Just Ramírez / Per l'Horta,centre-recursos-just-ramirez,altres,valenciano,multi_barri,El Grau|Cabanyal-Canyamelar,Poblats Marítims,mobilitat|medi_ambient|urbanisme,mobilitat:transit|medi_ambient:zones_verdes|urbanisme:patrimoni,7|10|14,1002|709|1403,"Javier Canales, en representación de Per l'Horta, reclama la paralización del proyecto de ampliación de la V-21, que destruiría 80.000 m² de huerta y seguiría un modelo de movilidad insostenible basado en el automóvil privado. Critica que el proyecto carece de demanda ciudadana, cuenta con la oposición municipal y contradice los objetivos de sostenibilidad del Ayuntamiento.","Javier Canales, en representació de Per l'Horta, reclama l'aturament del projecte d'ampliació de la V-21, que destruiria 80.000 m² d'horta i seguiria un model de mobilitat insostenible basat en l'automòbil privat. Critica que el projecte no té demanda ciutadana, compta amb l'oposició municipal i contradiu els objectius de sostenibilitat de l'Ajuntament."
2017-09-20-007,2017-09-20,2017-09-20,2015-2019,Matilde Ramos García,Associació de Veïnes i Veïns de Castellar-l'Oliverar,associacio-veinal-castellar-oliverar,av,mixt,multi_barri,Castellar-L'Oliveral|El Palmar,Poblats del Sud,urbanisme|participacio|medi_ambient,urbanisme:espai_public|participacio:participacio|participacio:processos_participatius|medi_ambient:zones_verdes|medi_ambient:emergencies_climatiques,7|10|14|20,1401|700|2000|1010,"La Asociación de Vecinos de Castellar-l'Oliverar reclama medidas efectivas para restaurar el territorio de la Horta Sud, históricamente maltratado por infraestructuras, y demanda la implementación del Acuerdo del Palmar para mayor participación democrática.","L'Associació de Veïns de Castellar-l'Oliverar reclama mesures efectives per a restaurar el territori de l'Horta Sud, històricament malmès per infraestructures, i demanda l'aplicació de l'Acord del Palmar per a major participació democràtica."
2017-09-20-006,2017-09-20,2017-09-20,2015-2019,Pedro Antonio Delgado Osa,Associació de Veïns de Nou Moles,associacio-veins-nou-moles,av,castellano,barri,Nou Moles,L'Olivereta,serveis_publics|mobilitat|medi_ambient,serveis_publics:esports|serveis_publics:seguretat|mobilitat:transport_public|mobilitat:aparcament|medi_ambient:zones_verdes,7|10|12,1001|1002|1201|709,"La Asociación de Vecinos de Nou Moles expone las deficiencias del barrio, incluyendo obras paradas del polideportivo, reducción de autobuses, cierre del parque de bomberos, disminución de policía de barrio y falta de mantenimiento de espacios públicos.","L'Associació de Veïns de Nou Moles exposa les deficiències del barri, incloent-hi obres paralitzades del poliesportiu, reducció d'autobusos, tancament del parc de bombers, disminució de policia de barri i falta de manteniment d'espais públics."
2017-09-20-005,2017-09-20,2017-09-20,2015-2019,Charo Moreno,Associació de Veïns del Cabanyal-el Canyamelar i Plataforma Salvem el Cabanyal,associacio-veinats-cabanyal-canyamelar,av,castellano,barri,Cabanyal-Canyamelar,Poblats Marítims,serveis_publics|urbanisme|participacio,serveis_publics:seguretat|serveis_publics:serveis_socials|urbanisme:habitatge|participacio:participacio,12|13|14|20,1201|1300|1400|2000,"Charo Moreno, en representación de la Asociación de Vecinos y la Plataforma Salvem el Cabanyal, denuncia la grave problemática social del barrio Cabanyal-Canyamelar, incluyendo ruina de casas, tráfico de drogas y falta de acción coordinada del Ayuntamiento, y reclama soluciones inmediatas en seguridad y servicios sociales.","Charo Moreno, en representació de l'Associació de Veïns i la Plataforma Salvem el Cabanyal, denuncia la greu problemàtica social del barri Cabanyal-Canyamelar, incloent-hi ruïna de cases, tràfic de drogues i falta d'acció coordinada de l'Ajuntament, i reclama solucions immediates en seguretat i serveis socials."
2017-09-20-004,2017-09-20,2017-09-20,2015-2019,Adelaida Milla,Associació de Veïns Polo y Peyrolón-Poetes Units,associacio-veins-polo-peyrolon-poetes-units,av,castellano,barri,Polo y Peyrolón|Russafa,Campanar|L'Eixample,serveis_publics|urbanisme|mobilitat|economia,serveis_publics:seguretat|urbanisme:espai_public|mobilitat:transport_public|economia:pressupostos,7|10|14|20,2000|1001|709|1401,"Adelaida Milla, representante de dos asociaciones de vecinos, critica la falta de atención del alcalde hacia su barrio, la negativa a reunirse, y denuncia problemas de limpieza, mantenimiento de jardines, contaminación acústica y deficiencias en transporte público.","Adelaida Milla, representant de dos associacions de veïns, critica la manca d'atenció de l'alcalde cap al seu barri, la negativa a reunir-se, i denuncia problemes de neteja, manteniment de jardins, contaminació acústica i deficiències en transport públic."
2017-09-20-003,2017-09-20,2017-09-20,2015-2019,José Luís Gaspar Martí,Associació de Veïns de Sant Vicent de Paul i adjacents,associacio-veins-sant-vicent-paul-adjacents,av,castellano,multi_barri,Els Orriols|Ciutat Fallera,Benicalap|Rascanya,medi_ambient|serveis_publics|economia,medi_ambient:zones_verdes|serveis_publics:esports|economia:pressupostos,7|12|15,709|1200|1526,"Vecino critica la gestión municipal señalando déficits en mantenimiento de espacios públicos, incrementos de impuestos, impagos a asociaciones festeras y mal estado de instalaciones deportivas en Nou Benicalap.","Veí critica la gestió municipal assenyalant dèficits en manteniment d'espais públics, increments d'impostos, impagaments a associacions festerus i mal estat d'instal·lacions esportives a Nou Benicalap."
2017-09-20-002,2017-09-20,2017-09-20,2015-2019,Julia Martínez,Associació de Comerciants del Centre Històric de València,asociacion-comerciantes-centro-historico-valencia,empresa,castellano,barri,La Seu|La Xerea|El Carme|El Pilar|El Mercat|Sant Francesc,Ciutat Vella,economia|urbanisme|serveis_publics,economia:comerc_ocupacio|urbanisme:patrimoni|urbanisme:usos_turistics|serveis_publics:seguretat,12|14|15,1521|1526|1200|1401,"La Asociación de Comerciantes del Centro Histórico presenta seis demandas principales: fomento del respeto normativo, instalación de cámaras de seguridad, plan contra la turismofobia, protección del patrimonio comercial, planificación estratégica participativa y coordinación interdepartamental.","L'Associació de Comerciants del Centre Històric presenta sis demandes principals: foment del respecte normatiu, instal·lació de càmeres de seguretat, pla contra la turismofòbia, protecció del patrimoni comercial, planificació estratègica participativa i coordinació interdepartamental."
2017-09-20-001,2017-09-20,2017-09-20,2015-2019,Ramón Arques Grau,Associació de Veïns i Veïnes de Natzaret,asociacion-vecinos-nazaret-unido,av,valenciano,barri,Natzaret,Poblats Marítims,urbanisme|mobilitat|participacio,urbanisme:espai_public|urbanisme:habitatge|mobilitat:transport_public|participacio:participacio|participacio:processos_participatius,10|14|20,1401|1406|1001|2000,"La Asociación de Vecinos de Natzaret reclama un plan integral para eliminar las barreras físicas y sociales del barrio, incluyendo la recuperación del Parque de Desembocadura y la línea T-2, criticando que el proceso iniciado por el Ayuntamiento carece de compromisos públicos concretos.","L'Associació de Veïns de Natzaret demana un pla integral per a eliminar les barreres físiques i socials del barri, incloent la recuperació del Parc de Desembocadura i la línia T-2, criticant que el procés iniciat per l'Ajuntament manca de compromisos públics concrets."
2017-07-27-004,2017-07-27,2017-07-27,2015-2019,Evaristo Soto,Federació d'Associacions de Veïns de València,favv,av,castellano,ciutat,,,serveis_publics|persones|drets_i_igualtat,serveis_publics:salut|persones:gent_major|drets_i_igualtat:drets_humans,3|13|19,300|1303|1906,"El Sr. Soto solicita que el Ayuntamiento apoye a la Generalitat en un recurso sobre copago de medicamentos para pensionistas mayores, destacando que miles de personas mayores en la ciudad no tienen ingresos suficientes para medicinas y manutención.","El Sr. Soto sol·licita que l'Ajuntament aposte per a la Generalitat en un recurs sobre copago de medicaments per a pensionistes majors, destacant que milers de persones majors a la ciutat no tienen ingressos suficients per a medicaments i manteniment."
2017-07-27-003,2017-07-27,2017-07-27,2015-2019,José Luis Almela,Federació d'Associacions de Veïns de València,favv,av,valenciano,ciutat,,,serveis_publics|drets_i_igualtat,serveis_publics:salut|drets_i_igualtat:drets_humans,3|19,300|1906,"José Luis Almela expresa su apoyo a una moción sobre subvenciones de medicamentos farmacéuticos y ortoprotésicos, argumentando que no se puede permitir que las personas tengan que elegir entre comer o medicarse.","José Luis Almela expressa el seu suport a una moció sobre subvencions de medicaments farmacèutics i ortoprotètics, argumentant que no es pot permetre que les persones hagen d'elegir entre menjar o medicar-se."
2017-07-27-002,2017-07-27,2017-07-27,2015-2019,Elisa Alonso Pujadas,Societat Valenciana Protectora d'Animals i Plantes,svpap,ong,castellano,ciutat,,,medi_ambient|cultura|drets_i_igualtat,medi_ambient:benestar_animal|cultura:festes|drets_i_igualtat:drets_humans,4|7|19|23,404|711|1906|2300,"La Dra. Elisa Alonso Pujadas, como veterinaria representando a la Sociedad Valenciana Protectora de Animales y Plantas, presenta argumentos científicos basados en las cinco libertades del bienestar animal para oponerme a los festejos taurinos, solicitando mantener el acuerdo municipal que eliminó los bous al carrer de Valencia.","La Dra. Elisa Alonso Pujadas, com a veterinària representant la Societat Valenciana Protectora d'Animals i Plantes, presenta arguments científics basats en les cinc llicencies del benestar animal per a oposar-se als festejos taurins, sol·licitant mantindre l'acord municipal que va eliminar els bous al carrer de València."
2017-07-27-001,2017-07-27,2017-07-27,2015-2019,Carmen Moll López,Anima Naturalis (cedida la paraula per Joves amb Iniciativa del Poble Valencià-Iniciativa Jove),anima-naturalis,ong,valenciano,ciutat,El Saler,Poblats del Sud,medi_ambient|cultura|drets_i_igualtat,medi_ambient:benestar_animal|cultura:festes|drets_i_igualtat:drets_humans,4|19|23,404|2300|1906,"Carmen Moll López, en representación de Anima Naturalis, defiende el mantenimiento de la prohibición del bou embolat y el bou amb corda, argumentando que existen formas alternativas de celebrar fiestas sin crueldad animal ni riesgo para las personas, e insta al ayuntamiento a no dar marcha atrás en esta decisión progresista.","Carmen Moll López, en representació d'Anima Naturalis, defensa el manteniment de la prohibició del bou embolat i el bou amb corda, argumentant que existixen formes alternatives de celebrar festes sense crueltat animal ni risc per a les persones, i insta l'ajuntament a no donar marxa arrere en aquesta decisió progressista."
2017-05-25-003,2017-05-25,2017-05-25,2015-2019,Alicia Leonarte,Associació Catòlica de Pares La Puríssima,asociacion-catolica-pares-purisima,educacio,castellano,ciutat,,,serveis_publics|drets_i_igualtat|economia,serveis_publics:educacio|drets_i_igualtat:drets_humans|economia:pressupostos,6|14|20,600|1400|2000,"Representante de la Asociación de Padres de La Purísima expresa la preocupación de cientos de familias valencianas por la clausura de unidades concertadas, que genera inseguridad en los adolescentes y sus familias, pidiendo apoyo al alcalde para defender la libertad de enseñanza.","Representant de l'Associació de Pares de La Puríssima expressa la preocupació de centenars de famílies valencianes pel tancament d'unitats concertades, que genera inseguretat en els adolescents i les seves famílies, demanant suport a l'alcalde per a defensar la llibertat d'ensenyança."
2017-05-25-002,2017-05-25,2017-05-25,2015-2019,Matías Alonso,Associació de Veïns de Torrefiel,associacio-veins-torrefiel,av,castellano,barri,Torrefiel,Rascanya,drets_i_igualtat|cultura|participacio,drets_i_igualtat:drets_humans|drets_i_igualtat:interculturalitat_i_antiracisme|cultura:patrimoni_cultural|participacio:participacio,19|20|23,1906|2300|2000,"Representante de la Asociación de Vecinos de Torrefiel agradece los cambios de nombres de calles que repararan la memoria histórica de la zona norte de Valencia, particularmente la dedicatoria a Félix del Río y Just Ramírez, solicitando que futuras nominaciones se basen en méritos cívicos, culturales y democráticos.","Representant de l'Associació de Veïns de Torrefiel agraeix els canvis de noms de carrers que repararan la memòria històrica de la zona nord de València, particularment la dedicatòria a Félix del Río i Just Ramírez, sol·licitant que les futures nominacions es basen en mèrits cívics, culturals i democràtics."
2017-05-25-001,2017-05-25,2017-05-25,2015-2019,Salvador Moncayo Granados,Associació Acció Ecologista Agró / Plataforma Ciudadana Tanquem Cofrents,accio-ecologista-agro,plataforma,castellano,no_especificat,,,medi_ambient|participacio,medi_ambient:emergencies_climatiques|participacio:participacio,7|15,711|1526,"La Asociación Acció Ecologista-Agró, representante de la Plataforma Ciudadana Tanquem Cofrents, expresa su oposición al nuevo almacén nuclear de Cofrentes, argumentando que las energías renovables son una alternativa viable y que varios países europeos ya están abandonando la energía nuclear.","L'Associació Acció Ecologista-Agró, representant de la Plataforma Ciutadana Tanquem Cofrents, expressa la seua oposició al nou magatzem nuclear de Cofrents, argumentant que les energies renovables són una alternativa viable i que diversos països europeus ja estan abandonant l'energia nuclear."
2017-04-27-004,2017-04-27,2017-04-27,2015-2019,Fernando del Molino Écija i Iban Alcalá Boix,Associació Stop Accidents,stop-accidents,altres,castellano,ciutat,,,mobilitat|drets_i_igualtat|serveis_publics,mobilitat:transit|mobilitat:transport_public|drets_i_igualtat:drets_humans|serveis_publics:seguretat,10|20,1002|1001|2000,"Fernando del Molino y Iban Alcalá, en representación de Stop Accidents (con cesión del taxi y apoyo del comité de empresa de la EMT), defienden la prohibición de aparcar en el carril bus por motivos de seguridad y accesibilidad, especialmente para personas con movilidad reducida, y reclaman aplicar la Ley de Seguridad Vial.","Fernando del Molino i Iban Alcalá, en representació de Stop Accidents (amb cessió del taxi i suport del comité d'empresa de l'EMT), defenen la prohibició d'aparcar al carril bus per motius de seguretat i accessibilitat, especialment per a persones amb mobilitat reduïda, i reclamen aplicar la Llei de Seguretat Vial."
2017-04-27-003,2017-04-27,2017-04-27,2015-2019,David Izquierdo,Federación de Hostelería,federacio-hosteleria,empresa,castellano,barri,,Ciutat Vella,mobilitat|economia|participacio,mobilitat:aparcament|mobilitat:transit|economia:comerc_ocupacio|participacio:processos_participatius,10|15|20,1002|1500|2000,"David Izquierdo, en nombre de la Federación de Hostelería, critica al concejal Grezzi por falta de consenso en la eliminación del aparcamiento en carril bus, señalando ausencia de informes objetivos y graves impactos económicos para hostelería y ocio nocturno, solicitando paralización de la medida.","David Izquierdo, en nom de la Federació de Laboreja, critica al regidor Grezzi per manca de consens en l'eliminació de l'aparcament en carril autobús, assenyalant absència d'informes objectius i greus impactes econòmics per a hostaleria i oci nocturn, sol·licitant paralització de la mesura."
2017-04-27-002,2017-04-27,2017-04-27,2015-2019,Lluís Mira i Borderia,Associació de Veïns i Comerciants Amics del Carme,associacio-veinats-carme,av,valenciano,barri,El Carme,Ciutat Vella,mobilitat|urbanisme|drets_i_igualtat,mobilitat:transit|mobilitat:aparcament|mobilitat:mobilitat_activa|urbanisme:espai_public|drets_i_igualtat:drets_humans,10|14|19,1002|1010|1401|1906,"El representante de la Asociación de Vecinos y Comerciantes Amigos del Carme expresa su conformidad con el Plan de Movilidad Urbana Sostenible y respalda la eliminación del permiso de estacionamiento en el carril bus, demandando además otras medidas para mejorar la habitabilidad del barrio del Carme.","El representant de l'Associació de Veïns i Comerciants Amics del Carme manifesta la seua conformitat amb el Pla de Mobilitat Urbana Sostenible i respalda l'eliminació del permís d'estacionament en el carril bus, demanant a més altres mesures per a millorar l'habitabilitat del barri del Carme."
2017-04-27-001,2017-04-27,2017-04-27,2015-2019,Mª Dolores Borrero Álamo,Associació de Veïns l'Amistat,associacio-veinats-amistat,av,castellano,ciutat,L'Amistat,Algirós,mobilitat|drets_i_igualtat|serveis_publics,mobilitat:aparcament|mobilitat:transport_public|mobilitat:mobilitat_activa|drets_i_igualtat:drets_humans|serveis_publics:seguretat,10|13|19,1002|1304|1906,"Una persona ciega miembro de la Asociación de Vecinos l'Amistat apoya la medida de prohibición de aparcamiento en carril bus por mejorar significativamente la accesibilidad y seguridad de personas con discapacidad, e insta a la ciudadanía a ejercer solidaridad.","Una persona cega membre de l'Associació de Veïns l'Amistat recolza la mesura de prohibició d'aparcament en carril bus per millorar la seguretat i accessibilitat de les persones amb discapacitat, e insta la ciutadania a exercir solidaritat."
2017-03-30-003,2017-03-30,2017-03-30,2015-2019,Raúl Rubio,Asociación de Mestres Campaners,asociacion-mestres-campaners,cultural,castellano,ciutat,,,cultura|drets_i_igualtat,cultura:patrimoni_cultural|drets_i_igualtat:drets_linguistics,2|23,2300|207,La Asociación de Mestres Campaners agradece al Pleno municipal el apoyo unánime a su propuesta de protección integral del toque tradicional manual de campanas como Bien de Interés Cultural.,L'Associació de Mestres Campaners agraïx al Ple municipal el suport unànime a la seua proposta de protecció integral del toque tradicional manual de campanes com a Bé d'Interés Cultural.
2017-03-30-002,2017-03-30,2017-03-30,2015-2019,Lucila Aragó Carrión,Plataforma Valenciana de Apoyo a la Querella Argentina,plataforma-valenciana-apoyo-querella-argentina,plataforma,castellano,ciutat,,,drets_i_igualtat|cultura|participacio,drets_i_igualtat:drets_humans|cultura:patrimoni_cultural|participacio:participacio,19|20,1906|2000,"La Plataforma Valenciana de Apoyo a la Querella Argentina agradece la moción del equipo de gobierno sobre la querella argentina en Buenos Aires, que investiga los crímenes de la dictadura franquista, reclamando justicia, verdad y reparación para las víctimas.","La Plataforma Valenciana de Apoyo a la Querella Argentina agraïx la moció del equip de govern sobre la querella argentina a Buenos Aires, que investiga els crims de la dictadura franquista, reclamant justícia, veritat i reparació per a les víctimes."
2017-03-30-001,2017-03-30,2017-03-30,2015-2019,Óscar Martínez González,Coordinadora Solidària de l'Estiba del Port de València,coordinadora-estiba-port-valencia,sindical,castellano,ciutat,El Grau,Poblats Marítims,economia|drets_i_igualtat|serveis_publics,economia:comerc_ocupacio|drets_i_igualtat:drets_humans|serveis_publics:seguretat,15|19|20,1500|1906|2000,"Los estibadores del puerto de Valencia critican la extralimitación del ministro de Fomento en la reforma de la estiba, argumentando que va más allá de lo requerido por la sentencia del Tribunal de Justicia de la Unión Europea, y piden apoyo para garantizar sus empleos.","Els estibadors del port de València critiquen l'extralimitació del ministre de Foment en la reforma de l'estiba, argumentant que va més allà del requerit per la sentència del Tribunal de Justícia de la Unió Europea, i demanen suport per garantir els seus llocs de treball."
2017-02-23-002,2017-02-23,2017-02-23,2015-2019,Vicente A. Morro López,AMPA Col·legi Sagrada Família,ampa-col·legi-sagrada-familia,educacio,castellano,ciutat,Benimaclet,Benimaclet,serveis_publics|drets_i_igualtat|participacio,serveis_publics:educacio|drets_i_igualtat:drets_humans|participacio:participacio,6|19|20,600|2015|1906,"Padre y miembro de varias asociaciones de padres solicita al Ayuntamiento que apoye el mantenimiento de los conciertos educativos en bachillerato y formación profesional, invocando derechos constitucionales y la importancia de la libertad de elección en educación.","Pare i membre de diverses associacions de pares sol·licita a l'Ajuntament que recolze el manteniment dels concierts educatius en batxillerat i formació professional, invocant drets constitucionals i la importància de la llibertat d'elecció en educació."
2017-02-23-001,2017-02-23,2017-02-23,2015-2019,Julio Antonio Moltó Belenguer,Associació de Veïns i Veïnes de Natzaret,asociacion-vecinos-nazaret-unido,av,castellano,multi_barri,Natzaret|El Grau|Morvedre,La Saïdia|Poblats Marítims,urbanisme|medi_ambient|economia,urbanisme:espai_public|urbanisme:patrimoni|medi_ambient:contaminacio|medi_ambient:zones_verdes|economia:pressupostos|economia:comerc_ocupacio,7|13|14,1401|705|1403|1302,"La Asociación de Vecinos de Natzaret expresa su satisfacción por las bases de acuerdo para el Parque de Desembocadura y solicita el apoyo unánime del Pleno, además de la declaración de Natzaret como Área de Rehabilitación y Reforma Urbana para acceder a fondos europeos.","L'Associació de Veïns de Natzaret expressa la seua satisfacció per les bases d'acord per al Parc de Desembocadura i sol·licita el suport unànime del Ple, així com la declaració de Natzaret com a Àrea de Rehabilitació i Reforma Urbana per accedir a fons europeus."
2017-01-26-002,2017-01-26,2017-01-26,2015-2019,[***],Associació València Laica-Europa Laica / Federació d'Associacions de Veïns de València,valencia-laica,ong,mixt,ciutat,,,drets_i_igualtat|participacio,drets_i_igualtat:drets_humans|drets_i_igualtat:diversitat|participacio:participacio,2|20,201|207|2000,Representante de la Asociación Valencia Laica defiende la laicidad en las instituciones municipales como única forma de garantizar la libertad de conciencia y la igualdad de representación de todas las creencias e ideologías.,Representant de l'Associació València Laica defensa la laïcitat en les institucions municipals com a única manera de garantir la llibertat de consciència i la igualtat de representació de totes les creences i ideologies.
2017-01-26-001,2017-01-26,2017-01-26,2015-2019,[***],Associació Gaviota Poblado Sud Perellonet / Plataforma Veïnal en Defensa de la CV500,gaviota-poblado-sud-perellonet,av,valenciano,multi_barri,El Perellonet|El Palmar|El Saler|La Torre,Poblats del Sud,mobilitat|medi_ambient|participacio,mobilitat:transit|medi_ambient:emergencies_climatiques|participacio:participacio,7|10|20,1002|711|2000,"Representante vecinal del Perellonet denuncia las medidas de restricción de circulación en la CV-500, argumentando que afectan a 50.000 residentes y usuarios de esta vía y solicita sentido común a los políticos para que escuchen al pueblo.","Representant veïnal del Perellonet denúncia les mesures de restricció de circulació en la CV-500, argumentant que afecten 50.000 veïns i usuaris d'esta via i demana sentit comú als polítics perquè escolten el poble."
2016-12-22-002,2016-12-22,2016-12-22,2015-2019,[***],Associació de Veïns i Veïnes de Nou Moles / Asociación de Vecinos de Tres Forques y Nou Moles,associacio-veins-nou-moles,av,castellano,multi_barri,Nou Moles|Tres Forques|Campanar|Les Tendetes|El Calvari|Sant Pau|Marxalenes|Morvedre|Trinitat,Campanar|L'Olivereta|La Saïdia,serveis_publics|economia|persones,serveis_publics:seguretat|economia:pressupostos|persones:gent_major,12|20,1201|2000,"La presidenta de la Asociación de Vecinos de Nou Moles demanda la reapertura del Parque Oeste de Bomberos, cerrado hace dos años, señalando que los siete barrios del distrito carecen de cobertura adecuada ante emergencias con tiempos de respuesta inaceptables de 15 minutos.","La presidenta de l'Associació de Veïns de Nou Moles exigeix la reapertura del Parc Oest de Bombers, tancat fa dos anys, assenyalant que els set barris del districte carecen de cobertura adequada davant emergències amb temps de resposta inacceptables de 15 minuts."
2016-12-22-001,2016-12-22,2016-12-22,2015-2019,Jesús Montesinos,"Associació de Veïns de Torrefiel, sindicats CCOO, UGT i CSIF",associacio-veins-torrefiel,av,mixt,ciutat,Torrefiel,Rascanya,drets_i_igualtat|economia|serveis_publics,drets_i_igualtat:igualtat_de_genere|drets_i_igualtat:drets_humans|economia:comerc_ocupacio|serveis_publics:seguretat,2|5|15|20,202|500|1521|2000,"Jesús Montesinos, en representación de trabajadores de contratas municipales de jardinería y sindicatos, denuncia incumplimientos legales y discriminación salarial contra mujeres, especialmente el despido de una trabajadora tras excedencia maternal, exigiendo la intervención del Ayuntamiento.","Jesús Montesinos, en representació de treballadores de contratas municipals de jardineria i sindicats, denuncia incompliments legals i discriminació salarial contra dones, especialment l'acomiadament d'una treballadora tras excedència maternal, exigint la intervenció de l'Ajuntament."
2016-12-01-001,2016-12-01,2016-12-01,2015-2019,[***],Plataforma Salvem el Cabanyal-el Canyamelar-Cap de França,plataforma-salvem-cabanyal,plataforma,valenciano,barri,Cabanyal-Canyamelar,Poblats Marítims,urbanisme|serveis_publics|participacio,urbanisme:patrimoni|serveis_publics:seguretat|participacio:participacio,12|14|20,1401|1203|2000,La Plataforma Salvem el Cabanyal expresa su apoyo a los esfuerzos de recuperación del barrio y solicita acciones urgentes contra la venta de drogas y un plan de rehabilitación para las 450-500 viviendas municipales.,La Plataforma Salvem el Cabanyal expressa el seu suport als esforços de recuperació del barri i sol·licita accions urgents contra la venda de droga i un pla de rehabilitació per a les 450-500 vivendes municipals.
2016-11-17-002,2016-11-17,2016-11-17,2015-2019,[***],Associació Víctimes del Metro 3 de Juliol / Associació Integra2mundo,associacio-victimes-metro-3-juliol,av,mixt,no_especificat,,,drets_i_igualtat|serveis_publics|participacio,drets_i_igualtat:drets_humans|serveis_publics:seguretat|participacio:participacio,12|19|20,1906|1201|2000,"Representante de la Asociación de Víctimas del Metro de Valencia apoya la lucha de las víctimas del accidente del AVE de Santiago, denunciando negligencias, ocultaciones y falta de independencia en las investigaciones, solicitando la depuración de responsabilidades políticas y judiciales.","Representant de l'Associació de Víctimes del Metro de València recolza la lluita de les víctimes de l'accident de l'AVE de Santiago, denunciant negligències, ocultacions i falta d'independència en les investigacions, i demanant la depuració de responsabilitats polítiques i judicials."
2016-11-17-001,2016-11-17,2016-11-17,2015-2019,[***],Associació de Veïns i Veïnes del Barri dels Orriols-Rascanya,associacio-veinats-orriols-rascanya,av,mixt,barri,Els Orriols,Rascanya,urbanisme|mobilitat|serveis_publics|economia|participacio,urbanisme:habitatge|urbanisme:espai_public|mobilitat:transit|mobilitat:mobilitat_activa|serveis_publics:serveis_socials|serveis_publics:educacio|economia:comerc_ocupacio|participacio:participacio|participacio:transparencia,10|13|14|15|20,1400|1001|1300|1500|2000,"La presidenta de la Asociación de Veïns dels Orriols-Rascanya reclama un Plan Integral para el barrio que incluya rehabilitación integral, viviendas sociales, refuerzo de servicios sociales y medidas de empleo, expresando frustración por la falta de respuesta a sus demandas.","La presidenta de l'Associació de Veïns dels Orriols-Rascanya reclama un Pla Integral per al barri que incloga rehabilitació integral, vivendes socials, reforçament de serveis socials i mesures d'ocupació, expressant frustració per la falta de resposta a les seues demandes."
2016-10-27-001,2016-10-27,2016-10-27,2015-2019,[***],Intermón Oxfam,intermon-oxfam,ong,valenciano,ciutat,,,economia|drets_i_igualtat|participacio,economia:pressupostos|drets_i_igualtat:drets_humans|participacio:processos_participatius,15|19|20,1500|1906|2000,"Representante de Intermón Oxfam solicita al Pleno municipal que apruebe una moción para declarar a Valencia como zona libre de paraísos fiscales, implementando criterios éticos en la contratación pública que discriminen a empresas con filiales en paraísos fiscales.","Representant d'Intermón Oxfam sol·licita al Ple municipal que aprove una moció per declarar a València com a zona lliure de paradisos fiscals, implementant criteris ètics en la contractació pública que discriminen empreses amb filials en paradisos fiscals."
2016-09-20-001,2016-09-20,2016-09-20,2015-2019,[***],Associació de Comerciants del Centre Històric de València,asociacion-comerciantes-centro-historico-valencia,empresa,castellano,ciutat,La Seu|La Xerea|El Carme|El Pilar|El Mercat|Sant Francesc,Ciutat Vella,economia|urbanisme|mobilitat,economia:comerc_ocupacio|urbanisme:espai_public|mobilitat:transit,10|14|15,1500|1521|1002|1401,"Los comerciantes del Centro Histórico de Valencia reclaman una estrategia comercial diferenciadora, conexiones urbanísticas adecuadas, seguridad y limpieza en los itinerarios comerciales, coordinación entre turismo y comercio, y una reducción de la presión fiscal sobre las microempresas.","Els comerciants del Centre Històric de València reclamen una estratègia comercial diferenciadora, connexions urbanístiques adequades, seguretat i neteja en els itineraris comercials, coordinació entre turisme i comerç, i una reducció de la pressió fiscal sobre les microempreses."
2016-06-30-006,2016-06-30,2016-06-30,2015-2019,[***],Col·lectivo Animalista Independiente,colectivo-animalista-independiente,av,castellano,ciutat,,,medi_ambient|cultura|drets_i_igualtat,medi_ambient:benestar_animal|cultura:festes|drets_i_igualtat:drets_humans,4|15|19|23,404|1526|1906|2300,"Representante del Colectivo Animalista Independiente felicita al gobierno por eliminar el toro embolado y denuncia la tortura animal como sadismo inaceptable en una sociedad moderna, comprometiéndose a continuar hasta su abolición.","Representant del Col·lectiu Animalista Independient felicita al govern per eliminar el toro embolat i denúncia la tortura animal com sadisme inacceptable en una societat moderna, comprometent-se a continuar fins a la seua abolició."
2016-06-30-005,2016-06-30,2016-06-30,2015-2019,[***],Penya Taurina els Cabuts,penya-taurina-cabuts,cultural,valenciano,ciutat,,,cultura|economia|medi_ambient,cultura:festes|economia:agricultura|medi_ambient:benestar_animal,0|15,4|23|1526,Ganadero en representación de la Penya Taurina els Cabuts defiende la práctica de los bous al carrer refutando acusaciones sobre maltrato animal y argumentando que las explotaciones dependen de las fiestas populares para su viabilidad económica.,Ramader en representació de la Penya Taurina els Cabuts defensa la pràctica dels bous al carrer refutant acusacions sobre maltractament animal i argumentant que les explotacions depenen de les festes populars per a la seua viabilitat econòmica.
2016-06-30-004,2016-06-30,2016-06-30,2015-2019,Vicente Nogueroles,Federació de Penyes de Bous al Carrer,federacio-penyes-bous-carrer,cultural,valenciano,ciutat,,,cultura|drets_i_igualtat|medi_ambient,cultura:festes|drets_i_igualtat:drets_humans|medi_ambient:benestar_animal,4|19|23,2300|1906|400,"El presidente de la Federación de Peñas de Toros al Carrer reclama respeto por la tradición taurina, defiende que sus 4.500 peñas no maltratam a los animales con apoyo veterinario, y pide diálogo al alcalde Ribó.","El president de la Federació de Penyes de Bous al Carrer reclama respecte per la tradició taurina, defensa que les seues 4.500 penyes no maltracten animals amb suport veterinari, i demana diàleg a l'alcalde Ribó."
2016-06-30-003,2016-06-30,2016-06-30,2015-2019,[***],Societat Valenciana Protectora d'Animals i Plantes (SVPAP),svpap,ong,mixt,ciutat,,,medi_ambient|cultura|drets_i_igualtat,medi_ambient:benestar_animal|cultura:festes|drets_i_igualtat:drets_humans,4|19|23,404|2300|1906,Representante de la SVPAP denuncia la violencia contra los animales en fiestas populares como los bous al carrer y reclama su abolición por considerarlas incompatibles con una sociedad civilizada.,Representant de la SVPAP denuncia la violència contra els animals en festes populars com els bous al carrer i reclama la seua abolició per considerar-les incompatibles amb una societat civilitzada.
2016-06-30-002,2016-06-30,2016-06-30,2015-2019,[***],Associació Cultural Penya Taurina el Carpesano,penya-taurina-el-carpesano,cultural,valenciano,multi_barri,Carpesa|Borboto,Poblats del Nord,cultura|drets_i_igualtat|medi_ambient,cultura:festes|drets_i_igualtat:drets_humans|medi_ambient:benestar_animal,4|19|23,2300|1906|400,"El presidente de la Penya Taurina el Carpesano critica la prohibición del bou embolat sin diálogo previo con los colectivos festivos de las pedanías, denunciando falta de comunicación y discriminación entre pueblos, y solicita consenso y alternativas.","El president de la Penya Taurina el Carpesano critica la prohibició del bou embolat sense diàleg previ amb els col·lectius festius de les pedanies, denunciant falta de comunicació i discriminació entre pobles, i solicita consens i alternatives."
2016-06-30-001,2016-06-30,2016-06-30,2015-2019,[***],Associació de Comerciants i Professionals del carrer d'Alboraia i adjacents,associacio-comerciants-professionals-alboraia,empresa,mixt,multi_barri,El Botanic|Els Orriols|Patraix,Extramurs|Patraix|Rascanya,mobilitat|persones|economia,mobilitat:transport_public|persones:gent_major|economia:comerc_ocupacio,10|13|15,1001|1303|1521,"Representante de comerciantes y vecinos de Alboraia se opone a cambios en las líneas de tranvía 11 y 8, argumentando que crearían peligro para ancianos y personas con movilidad reducida tras 16 años de funcionamiento satisfactorio. Pide al gobierno que recapacite y destine recursos a atención de dependencia.","Representant de comerciants i veïns d'Alboraia s'oposa als canvis en les línies de tramvia 11 i 8, argumentant que crearrien perill per als ancians i persones amb mobilitat reduïda després de 16 anys de funcionament satisfactori. Demana al govern que recapacite i destine recursos a atenció de dependència."
2016-05-26-001,2016-05-26,2016-05-26,2015-2019,[***],Federació de Centres d'Ensenyament (FECEVAL),feceval,educacio,valenciano,ciutat,,,serveis_publics|economia|drets_i_igualtat,serveis_publics:educacio|economia:pressupostos|economia:comerc_ocupacio|drets_i_igualtat:drets_humans,6|15|20,600|602|1521|2000,"La Federación de Centros de Enseñanza (FECEVAL) se opone al programa experimental de aulas de 2 años en centros públicos de primaria, argumentando falta de necesidad, inadecuación pedagógica y vulneración de la competencia, solicitando que el Ayuntamiento no amplíe esta oferta pública.","La Federació de Centres d'Ensenyament (FECEVAL) s'oposa al programa experimental d'aules de 2 anys en centres públics de primària, argumentant manca de necessitat, inadequació pedagògica i vulneració de la competència, sol·licitant que l'Ajuntament no amplíe aquesta oferta pública."
2016-04-28-002,2016-04-28,2016-04-28,2015-2019,[***],Associació Valenciana de Consumidors i Usuaris,avc-consumidors-usuaris,ong,valenciano,ciutat,,,economia|serveis_publics|drets_i_igualtat,economia:agricultura|serveis_publics:seguretat|serveis_publics:salut|drets_i_igualtat:drets_humans,4|12|15,400|403|1201|1525|1521,"La Asociación Valenciana de Consumidores y Usuarios denuncia los robos sistemáticos en el campo valenciano (64.000 euros diarios) y pide la implicación del Ayuntamiento, fuerzas de seguridad y servicios de sanidad para combatir el comercio ilegal de productos agrarios robados y recuperar las 65.000 hectáreas abandonadas.","L'Associació Valenciana de Consumidors i Usuaris denúncia els robos sistemàtics al camp valencià (64.000 euros diaris) i demana la implicació de l'Ajuntament, forces de seguretat i serveis de sanitat per a combatre el comerç il·legal de productes agraris robats i recuperar les 65.000 hectàrees abandonades."
2016-04-28-001,2016-04-28,2016-04-28,2015-2019,[***],Sporting Benimaclet / Asociación de Comerciantes de Benimaclet,sporting-benimaclet,esportiu,castellano,barri,Benimaclet,Benimaclet,serveis_publics|urbanisme|economia,serveis_publics:esports|urbanisme:espai_public|economia:comerc_ocupacio,5|14|15,1526|1401|500,"El Sporting Benimaclet solicita la construcción de un campo de fútbol en el barrio tras esperar 18 años, argumentando que es fundamental para retener a los menores en el club y que Benimaclet merece contar con esta infraestructura deportiva como otros distritos de la ciudad.","El Sporting Benimaclet sol·licita la construcció d'un camp de futbol en el barri després d'esperar 18 anys, argumentant que és fonamental per a retindre als menors en el club i que Benimaclet mereix comptar amb aquesta infraestructura esportiva com altres districtes de la ciutat."
2016-03-31-001,2016-03-31,2016-03-31,2015-2019,[***],Associació de Víctimes del Terrorisme de la Comunitat Valenciana (AVTCV),associacio-victimes-terrorisme-comunitat-valenciana,av,mixt,ciutat,,,drets_i_igualtat|participacio,drets_i_igualtat:drets_humans|participacio:participacio,19|20,1906|2000,"El presidente de la AVTCV apoya la moción de reconocimiento memorial de víctimas del terrorismo, destacando que la asociación representa a 221 socios afectados y reclama dignidad y memoria para las víctimas.","El president de l'AVTCV recolza la moció de reconeixement memorial de víctimes del terrorisme, destacant que l'associació representa 221 socis afectats i reclama dignitat i memòria per a les víctimes."
2016-01-28-003,2016-01-28,2016-01-28,2015-2019,[***],Associació Intercultural Candombe,asociacion-intercultural-candombe,ong,castellano,ciutat,,,drets_i_igualtat|participacio,drets_i_igualtat:drets_humans|drets_i_igualtat:interculturalitat_i_antiracisme|participacio:participacio,19|20,1906|1925|2000,Representante de la Asociación Intercultural Candombe agradece la aprobación de la moción de apoyo al proceso de paz en Colombia y destaca la importancia de la solidaridad internacional con los defensores de derechos humanos colombianos.,Representant de l'Associació Intercultural Candombe agraïx l'aprovació de la moció de suport al procés de pau a Colòmbia i destaca la importància de la solidaritat internacional amb els defensors de drets humans colombians.
2016-01-28-002,2016-01-28,2016-01-28,2015-2019,[***],LAMBDA,lambda,av,castellano,ciutat,,,drets_i_igualtat|serveis_publics|participacio,drets_i_igualtat:diversitat|drets_i_igualtat:igualtat_de_genere|drets_i_igualtat:drets_humans|serveis_publics:educacio|participacio:participacio,2|6|20,202|602|2000,Representantes de colectivos LGTBI solicitan a los partidos políticos una actitud proactiva conjunta para avanzar en la Ley Integral de Transexualidad autonómica y en protocolos de protección de menores trans en ámbitos escolares como medida contra la discriminación y transfobia.,Representants de col·lectius LGTBI demanen als partits polítics una actitud proactiva conjunta per a avançar en la Llei Integral de Transexualitat autonòmica i en protocols de protecció de menors trans en àmbits escolars com a mesura contra la discriminació i transfòbia.
2016-01-28-001,2016-01-28,2016-01-28,2015-2019,[***],Associació de Veïns i Veïnes de Rovella-Font de Sant Lluís,associacio-veinats-rovella-font-sant-lluis,av,castellano,barri,Na Rovella,Quatre Carreres,medi_ambient|cultura,medi_ambient:zones_verdes|medi_ambient:emergencies_climatiques|cultura:patrimoni_cultural,7|23,709|711|2300,"La Asociación de Vecinos Rovella-Fuente de San Luis protesta contra la tala de moreras en la calle Ebanista Caselles, presentando más de 1.000 firmas de vecinos opuestos y argumentando que los árboles sanos son importantes para el medio ambiente, el patrimonio histórico y el turismo sostenible de Valencia.","L'Associació de Veïns Rovella-Font de Sant Lluís protesta contra la tala de morera en el carrer Ebanista Caselles, presentant més de 1.000 signatures de veïns contraris i argumentant que els arbres sans són importants per al medi ambient, el patrimoni històric i el turisme sostenible de València."
2015-12-23-001,2015-12-23,2015-12-23,2015-2019,[***],Plataforma Salvem el Cabanyal,plataforma-salvem-cabanyal,plataforma,valenciano,barri,Cabanyal-Canyamelar,Poblats Marítims,urbanisme|participacio|serveis_publics,urbanisme:espai_public|urbanisme:habitatge|participacio:participacio|participacio:processos_participatius|serveis_publics:serveis_socials,13|14|20,1403|1401|2000|1302,"La Plataforma Salvem el Cabanyal felicita al equipo de gobierno por la presentación de la Estrategia Integrada de Desarrollo Urbano Sostenible y valora el proceso participativo inclusivo seguido, aunque insta a ver resultados concretos para la población vulnerable del barrio durante 2016.","La Plataforma Salvem el Cabanyal felicita l'equip de govern per la presentació de l'Estratègia Integrada de Desenvolupament Urbà Sostenible i valora el procés participatiu inclusiu seguit, tot i que insta a veure resultats concrets per a la població vulnerable del barri durant 2016."
2015-11-20-001,2015-11-20,2015-11-20,2015-2019,[***],Associació Intercultural Candombe / Campaña por el Cierre de los Centros de Internamiento de Extranjeros,asociacion-intercultural-candombe,ong,castellano,ciutat,El Carme,Ciutat Vella,drets_i_igualtat|participacio,drets_i_igualtat:drets_humans|drets_i_igualtat:interculturalitat_i_antiracisme|participacio:participacio,9|12|19|20,1906|1200|900|2000,"Representante de la Campaña por el Cierre de los Centros de Internamiento de Extranjeros denuncia la situación en el CIE de Zapadores y exige su cierre inmediato, detallando las violaciones de derechos humanos y las malas condiciones de vida de las personas internas.","Representant de la Campanya pel Tancament dels Centres d'Internament d'Estrangers denuncia la situació al CIE de Zapadores i exigix el seu tancament immediat, detallant les violacions de drets humans i les males condicions de vida de les persones internes."
2015-07-30-001,2015-07-30,2015-07-30,2015-2019,[***],Plataforma Salvem el Cabanyal,plataforma-salvem-cabanyal,plataforma,valenciano,barri,Cabanyal-Canyamelar,Poblats Marítims,urbanisme|economia|drets_i_igualtat,urbanisme:patrimoni|urbanisme:espai_public|economia:comerc_ocupacio|drets_i_igualtat:drets_humans,14|15|19,1403|1521|1906,"Representantes de cinco asociaciones del barrio del Cabanyal celebran la derogación del PEPRI después de 17 años de resistencia, denunciando las políticas del anterior gobierno que causaron especulación y degradación del barrio.","Representants de cinc associacions del barri del Cabanyal celebren la derogació del PEPRI després de 17 anys de resistència, denunciant les polítiques del govern anterior que van causar especulació i degradació del barri."
2015-04-24-004,2015-04-24,2015-04-24,2011-2015,[***],"Associació de Veïns, Cultural i de Consumidors de Patraix",associacio-veinats-cultural-consumidors-patraix,av,mixt,barri,Patraix,Patraix,urbanisme|cultura|economia,urbanisme:patrimoni|urbanisme:espai_public|cultura:patrimoni_cultural|cultura:associacionisme|economia:comerc_ocupacio,14|15|23,1401|2300|1500,El presidente de la Asociación de Vecinos de Patraix reclama la ejecución del plan de rehabilitación del casco histórico aprobado en 1993 y propone convertir el barrio obrero de Ramón de Castro en un barrio artesanal con vocación comercial y cultural para preservar el patrimonio histórico de este antiguo municipio.,El president de l'Associació de Veïns de Patraix reclama l'execució del pla de rehabilitació del casc històric aprovat en 1993 i proposa convertir el barri obrer de Ramón de Castro en un barri artesanal amb vocació comercial i cultural per a preservar el patrimoni històric d'aquest antic municipi.
2015-04-24-003,2015-04-24,2015-04-24,2011-2015,[***],Associació de Veïns i de Veïnes Grau-Port,associacio-veinats-grau-port,av,valenciano,multi_barri,El Grau|Natzaret|Cabanyal-Canyamelar|La Malva-Rosa,Poblats Marítims,urbanisme|participacio|serveis_publics,urbanisme:espai_public|urbanisme:patrimoni|urbanisme:usos_turistics|participacio:participacio|participacio:transparencia|serveis_publics:educacio|serveis_publics:esports,10|14|20|23,1401|2300|2015|1010,"La Asociación de Vecinos Grau-Port, en nombre de la Plataforma El Litoral por el Pueblo, denuncia la privatización sistemática del espacio público en la dársena histórica del puerto y se opone a la construcción de un hotel de lujo, exigiendo participación ciudadana, revisión del Plan Especial y priorización de servicios públicos básicos para los barrios marítimos.","L'Associació de Veïns Grau-Port, en nom de la Plataforma El Litoral per al Poble, denuncia la privatització sistemàtica de l'espai públic a la dàrsena històrica del port i s'oposa a la construcció d'un hotel de luxe, exigint participació ciutadana, revisió del Pla Especial i priorització de serveis públics bàsics als barris marítims."
2015-04-24-002,2015-04-24,2015-04-24,2011-2015,[***],Asociación de Vecinos de Favara,asociacion-vecinos-favara,av,castellano,barri,Favara|Patraix,Patraix,medi_ambient|serveis_publics|urbanisme,medi_ambient:contaminacio|serveis_publics:seguretat|urbanisme:espai_public,7|14,705|1401,"Vecinos de Favara solicitan apoyo de todos los grupos políticos para una moción de desmantelamiento e cierre inmediato de la subestación eléctrica de Patraix y su traslado a otra ubicación, tras 10 años de conflicto por los riesgos de incendio y accidentes documentados.","Veïns de Favara sol·liciten suport de tots els grups polítics per a una moció de desmanellament i tancament immediat de la subestació elèctrica de Patraix i el seu trasllat a una altra ubicació, després de 10 anys de conflicte pels riscos d'incendi i accidents documentats."
2015-04-24-001,2015-04-24,2015-04-24,2011-2015,[***],FAPA-València,fapa-valencia-federacio-ampa,educacio,castellano,ciutat,,,serveis_publics|economia,serveis_publics:educacio|economia:pressupostos,6|14,600|1403,"FAPA-València denuncia la planificación educativa 2015-2016 que suprime unidades de infantil y primaria, favoreciendo la educación privada y afectando negativamente a la educación pública en múltiples centros escolares de la ciudad.","FAPA-València denuncia la planificació educativa 2015-2016 que suprimeix unitats de infant i primària, afavorint l'educació privada i afectant negativament a l'educació pública en múltiples centres escolars de la ciutat."
2015-02-27-001,2015-02-27,2015-02-27,2011-2015,[***],Asociación de Vecinos de Benimaclet,associacio-veinal-benimaclet,av,valenciano,barri,Benimaclet,Benimaclet,urbanisme|mobilitat|medi_ambient|economia|participacio,urbanisme:habitatge|urbanisme:patrimoni|mobilitat:transit|mobilitat:transport_public|medi_ambient:emergencies_climatiques|medi_ambient:zones_verdes|economia:comerc_ocupacio|participacio:participacio|participacio:processos_participatius,7|10|14|15,1401|1010|709|1521,"La Asociación de Vecinos de Benimaclet solicita la paralización de la Revisión Simplificada del Plan General de Ordenación Urbana de Valencia, argumentando falta de participación ciudadana, incoherencias ambientales y la amenaza que representa para la huerta tradicional del barrio.","L'Associació de Veïns de Benimaclet sol·licita la paralització de la Revisió Simplificada del Pla General d'Ordenació Urbana de València, argumentant manca de participació ciutadana, incoherències ambientals i la amenaça que representa per a l'horta tradicional del barri."
2015-01-30-001,2015-01-30,2015-01-30,2011-2015,[***],Associació d'Aturats i Aturades d'Orriols-Torrefiel,associacio-aturats-orriols-torrefiel,av,castellano,barri,Els Orriols|Torrefiel,Rascanya,mobilitat|economia|serveis_publics,mobilitat:transport_public|economia:comerc_ocupacio|serveis_publics:serveis_socials,5|10|13,1001|500|1300,"Representante de la Associació d'Aturats i Aturades d'Orriols-Torrefiel presenta una propuesta con cuatro mil firmas para crear un bono de transporte público gratuito destinado a desempleados y trabajadores precarios, sugiriendo que los políticos financien esta medida reduciendo sus propios complementos de transporte.","Representant de l'Associació d'Aturats i Aturades d'Orriols-Torrefiel presenta una proposta amb quatre mil signatures per a crear un bono de transport públic gratuït destinat a desocupats i treballadors precaris, suggerint que els polítics financen aquesta mesura reduint els seus propis complements de transport."
2014-12-26-003,2014-12-26,2014-12-26,2011-2015,[***],Sindicat d'Actors i Actrius Valencians / Mesa Sectorial del Audiovisual Valenciano,sindicat-actors-audiovisual,sindical,mixt,ciutat,,,cultura|economia|serveis_publics,cultura:patrimoni_cultural|cultura:associacionisme|economia:comerc_ocupacio|serveis_publics:educacio,15|23,2300|1500|1526,"La Mesa Sectorial del Audiovisual Valenciano reclama un cambio de política audiovisual municipal y la creación de una Film Commission, tras el desastre laboral provocado por el cierre de la televisión municipal y RTVV que dejó al 92% de profesionales del sector en desempleo, instando a las administraciones a facilitar la producción audiovisual como motor de crecimiento económico y cultural.","La Mesa Sectorial de l'Audiovisual Valenciá reclama un canvi de política audiovisual municipal i la creació d'una Film Commission, després del desastre laboral provocat pel tancament de la televisió municipal i RTVV que va deixar el 92% de professionals del sector en desocupació, instant les administracions a facilitar la producció audiovisual com a motor de creixement econòmic i cultural."
2014-12-26-002,2014-12-26,2014-12-26,2011-2015,[***],Asociación Intercultural Candombe / Campaña por el Cierre de los CIE,asociacion-intercultural-candombe,ong,castellano,ciutat,,,drets_i_igualtat|urbanisme|serveis_publics,drets_i_igualtat:drets_humans|drets_i_igualtat:interculturalitat_i_antiracisme|urbanisme:habitatge|serveis_publics:salut,3|14|19,1906|1400|300,"Representantes de la Campaña por el Cierre de los CIE reclaman el cierre del centro de internamiento de Zapadores y la flexibilización del acceso al padrón para personas migrantes sin recursos, argumentando que su exclusión vulnera derechos fundamentales como la sanidad y fragmenta la ciudadanía.","Representants de la Campanya pel Tancament dels CIE reclamen el tancament del centre d'internament de Zapadores i la flexibilització de l'accés al padró per a persones migrants sense recursos, argumentant que la seua exclusió vulnera drets fonamentals com la sanitat i fragmenta la ciutadania."
2014-12-26-001,2014-12-26,2014-12-26,2011-2015,[***],"Associació de Veïns, Cultural i de Consumidors Patraix",associacio-veinats-cultural-consumidors-patraix,av,mixt,barri,Patraix,Patraix,urbanisme|serveis_publics|participacio,urbanisme:espai_public|serveis_publics:educacio|participacio:processos_participatius,6|14|20,1401|600|2000,"La Asociación de Vecinos de Patraix reclama la ejecución de un centro cívico financiado con cien millones de pesetas aportados en 2003 según el Convenio Urbanístico del PAI PRR-9, con apoyo de 36 entidades y 4.000 firmas, denunciando un déficit de servicios públicos en el barrio.","L'Associació de Veïns de Patraix reclama l'execució d'un centre cívic finançat amb cent milions de pessetes aportats el 2003 segons el Conveni Urbanístic del PAI PRR-9, amb suport de 36 entitats i 4.000 firmes, denunciant un dèficit de serveis públics al barri."
2014-11-21-001,2014-11-21,2014-11-21,2011-2015,[***],Comisiones Obreras (CC.OO.) - Administración Local,ccoo-pv,sindical,castellano,ciutat,,,serveis_publics|economia|participacio,serveis_publics:seguretat|economia:comerc_ocupacio|participacio:transparencia,15|20,2000|1521,"CC.OO. reclama mayor transparencia en los procesos de selección del empleo público mediante sorteo de tribunales, pruebas informatizadas, anonimato garantizado y publicidad de criterios de valoración para evitar el enchufismo.","CC.OO. demanda major transparència en els processos de selecció de l'ocupació pública mitjançant sorteig de tribunals, proves informatitzades, anonimitat garantida i publicitat de criteris de valoració per a evitar l'amiguisme."
2014-10-31-003,2014-10-31,2014-10-31,2011-2015,[***],AA.VV. Sant Marcel·lí,aavv-sant-marcelí,av,mixt,barri,Sant Marcel·lí,Jesús,cultura|participacio|serveis_publics,cultura:festes|participacio:participacio|participacio:processos_participatius|serveis_publics:esports,15|23,2300|1526,"Asociación de vecinos de Sant Marcel·lí solicita que sus fiestas, celebradas ininterrumpidamente desde 1977, sean reconocidas oficialmente como Fiestas Tradicionales de València y pide apoyo municipal mediante permisos ágiles, servicios municipales y subvenciones para su continuidad.","L'associació veïnal de Sant Marcel·lí sol·licita que les seues festes, celebrades de forma ininterrompuda des de 1977, siguen reconegudes oficialment com a Festes Tradicionals de València i demana recolzament municipal mitjançant permisos àgils, serveis municipals i subvencions per a la seua continuïtat."
2014-10-31-002,2014-10-31,2014-10-31,2011-2015,[***],AA.VV. Benimàmet,aavv-benimàmet,av,castellano,barri,Benimàmet,Poblats de l'Oest,mobilitat|urbanisme|medi_ambient,mobilitat:mobilitat_activa|urbanisme:espai_public|medi_ambient:zones_verdes,7|10|14,1010|1401|709,"La Asociación de Vecinos de Benimàmet reclama la creación de un parque lineal aprovechando el soterramiento de vías, en lugar del vial que propone la administración, argumentando que favorecería la movilidad sostenible, la seguridad infantil y mantendría el carácter tranquilo del barrio.","L'Associació de Veïns de Benimàmet reclama la creació d'un parc lineal aprofitant l'enterrament de vies, en lloc del vial que proposa l'administració, argumentant que favoreix la mobilitat sostenible, la seguretat infantil i mantindria el caràcter tranquil del barri."
2014-10-31-001,2014-10-31,2014-10-31,2011-2015,[***],Unión de Consumidores de Valencia,unio-consumidors-valencia,av,castellano,ciutat,,,serveis_publics|drets_i_igualtat|economia,serveis_publics:serveis_socials|drets_i_igualtat:drets_humans|economia:comerc_ocupacio,5|13,1304|1302|500,"Representante de la Unión de Consumidores solicita al Ayuntamiento que inste a la Generalitat a no recurrir la sentencia sobre copago en centros ocupacionales y a derogar el Decreto 113/2013, denunciando el impacto económico devastador en personas con discapacidad y sus familias.","Representant de la Unió de Consumidors sol·licita a l'Ajuntament que inste a la Generalitat a no recórrer la sentència sobre copagament en centres ocupacionals i a derogar el Decret 113/2013, denunciant l'impacte econòmic devastador en persones amb discapacitat i les seues famílies."
2014-09-26-004,2014-09-26,2014-09-26,2011-2015,[***],Asociación de Vecinos de Benimaclet,associacio-veinal-benimaclet,av,castellano,barri,Benimaclet,Benimaclet,serveis_publics|drets_i_igualtat|persones,serveis_publics:educacio|drets_i_igualtat:igualtat_de_genere|persones:joventut,6|14,600|602|1401,La Asociación de Vecinos de Benimaclet reclama la no supresión de la unidad de educación infantil del Colegio Municipal de Benimaclet y denuncia la política municipal de desmantelamiento de la educación pública a través de cesión de suelos a centros privados y conciertos educativos.,L'Associació de Veïns de Benimaclet reclama la no supressió de la unitat d'educació infantil del Col·legi Municipal de Benimaclet i denuncia la política municipal de desmantellament de l'educació pública mitjançant cessió de sòls a centres privats i concerts educatius.
2014-09-26-003,2014-09-26,2014-09-26,2011-2015,[***],Associació de Veïns i Veïnes de Natzaret,asociacion-vecinos-nazaret-unido,av,valenciano,barri,Natzaret,Poblats Marítims,urbanisme|mobilitat|medi_ambient,urbanisme:espai_public|urbanisme:habitatge|urbanisme:patrimoni|mobilitat:mobilitat_activa|medi_ambient:zones_verdes,7|10|14,1401|1010|709,"El representante de la Asociación de Vecinos de Natzaret expone cinco puntos clave para la mejora del barrio: mantener límites convenidos con el puerto, crear paseos peatonales y carriles bici, promover vivienda pública, crear zonas verdes y recuperar la relación con el mar. Reclama el cumplimiento del Convenio de 1986 con el Puerto y propone completar el Jardín del Túria hasta Natzaret como solución más legítima para conectar la ciudad con el frente marítimo.","El representant de l'Associació de Veïns de Natzaret presenta cinc punts per a la millora del barri: mantenir els límits convinguts amb el port, crear passejos per a vianants i carrils bici, promocionar vivenda pública, crear zones verdes i recuperar la relació amb el mar. Reclama el compliment del Conveni de 1986 amb el Port i proposa completar el Jardí del Túria fins a Natzaret com a solució més legítima per a connectar la ciutat amb el front marítim."
2014-09-26-002,2014-09-26,2014-09-26,2011-2015,Juan Carlos Galindo,"Associació de Veïns, Cultural i de Consumidors Patraix / ASEBLAC",associacio-veinats-cultural-consumidors-patraix,av,castellano,ciutat,Patraix,Patraix,drets_i_igualtat|participacio|serveis_publics,drets_i_igualtat:drets_humans|participacio:participacio|serveis_publics:seguretat,12|19|20,1906|2000|1200,"Juan Carlos Galindo, presidente de ASEBLAC, propone la implementación de modelos preventivos de delitos en las administraciones públicas para combatir la corrupción, ofreciendo la colaboración de su asociación de expertos.","Juan Carlos Galindo, president d'ASEBLAC, proposa la implementació de models preventius de delictes en les administracions públiques per a combatre la corrupció, oferint la col·laboració de la seua associació d'experts."
2014-09-26-001,2014-09-26,2014-09-26,2011-2015,[***],Asociación de Vecinos de Favara / AMPA del CEIP Eliseo Vidal,asociacion-vecinos-favara,av,castellano,barri,Patraix,Patraix,serveis_publics|urbanisme|economia,serveis_publics:educacio|urbanisme:habitatge|economia:pressupostos,6|14,602|1401|1403,"El AMPA del CEIP Eliseo Vidal denuncia el incumplimiento de la promesa de construcción del IES Nou Patraix desde hace más de siete años, rechaza la privatización educativa mediante CIS y solicita la retirada de cesión de suelo público a empresas privadas.","El AMPA del CEIP Eliseo Vidal denuncia l'incompliment de la promesa de construcció de l'IES Nou Patraix des de fa més de set anys, rebutja la privatització educativa mitjançant CIS i demana la retirada de cessió de sòl públic a empreses privades."
2014-07-25-001,2014-07-25,2014-07-25,2011-2015,[***],Asociación de Vecinos Pavimar,associacio-veins-pavimar,av,mixt,barri,Cabanyal-Canyamelar,Poblats Marítims,urbanisme|cultura|drets_i_igualtat,urbanisme:patrimoni|urbanisme:espai_public|cultura:patrimoni_cultural|cultura:associacionisme|drets_i_igualtat:drets_humans,14|19|23,1401|2300|1906,"La Asociación de Vecinos Pavimar denuncia los planes de destrucción de los edificios históricos del Cabanyal, último conjunto de pescadores de Valencia, y defiende la preservación del patrimonio y la forma de vida tradicional de sus habitantes que ha perdurado durante generaciones.","L'Associació de Veïns Pavimar denúncia els plans de destrucció dels edificis històrics del Cabanyal, últim conjunt de pescadors de València, i defensa la preservació del patrimoni i la forma de vida tradicional dels seus habitants que ha perdurat durant generacions."
2014-06-27-002,2014-06-27,2014-06-27,2011-2015,[***],Asociación Amics de la Malva,amics-malva,cultural,castellano,ciutat,,,mobilitat|economia|serveis_publics,mobilitat:transport_public|economia:comerc_ocupacio|serveis_publics:seguretat,10|12|13,1001|1304|1201,"Representante de la Asociación Amics de la Malva denuncia la crítica situación de los trabajadores de EMT Valencia por la reducción de personal, servicios y salarios, reclamando un convenio justo y la intervención del Ayuntamiento para obtener financiación adecuada del Contrato-Programa.","Representant de l'Associació Amics de la Malva denúncia la situació crítica dels treballadors de l'EMT València per la reducció de personal, serveis i salaris, reclamant un conveni just i l'intervenció de l'Ajuntament per obtindre finançament adequat del Contracte-Programa."
2014-06-27-001,2014-06-27,2014-06-27,2011-2015,[***],"Lambda, col·lectiu de lesbianes, gais, transsexuals i bisexuals",lambda,av,valenciano,ciutat,,,drets_i_igualtat|urbanisme|cultura,drets_i_igualtat:diversitat|drets_i_igualtat:interculturalitat_i_antiracisme|drets_i_igualtat:drets_humans|urbanisme:espai_public|cultura:festes,2|14|23,202|1401|2300,"Lambda, colectivo LGTBI, solicita que la celebración del Orgullo Lèsbic, Gai, Transsexual i Bisexual tenga consideración de interés especial en la Ordenanza de ocupación del espacio público municipal, reclamando mayor colaboración del Ayuntamiento en la promoción de estos eventos que llevan organizando más de 20 años.","Lambda, col·lectiu LGTBI, demana que la celebració de l'Orgull Lèsbic, Gai, Transsexual i Bisexual tinga consideració d'interés especial en l'Ordenança d'ocupació de l'espai públic municipal, reclamant major col·laboració de l'Ajuntament en la promoció d'estos actes que porten organitzant més de 20 anys."
2014-04-25-002,2014-04-25,2014-04-25,2011-2015,[***],AMPA del CEIP Cavite / FAPA-València,ampa-ceip-cavite,educacio,mixt,barri,Patraix,Patraix,serveis_publics|urbanisme|participacio,serveis_publics:educacio|urbanisme:espai_public|participacio:participacio|participacio:processos_participatius,6|14|20,602|1401|2000,"FAPA-València denuncia el déficit de infraestructuras en colegios públicos e insta al Ayuntamiento a no ceder suelo público para centros privados, demandando mayor apoyo a la educación pública y una participación real de la comunidad educativa.","FAPA-València denuncia el **dèficit d'infraestructures** en col·legis públics i insta l'Ajuntament a no cedir sòl públic per a centres privats, demanant major aposta per l'escola pública i participació real de la comunitat educativa."
2014-04-25-001,2014-04-25,2014-04-25,2011-2015,[***],Asociación de Vecinos de Benimàmet,asociacion-vecinos-benimamet,av,castellano,barri,Benimamet,Poblats de l'Oest,urbanisme|mobilitat|participacio,urbanisme:espai_public|mobilitat:transit|mobilitat:aparcament|participacio:participacio|participacio:processos_participatius,10|14|20,1401|1002|2015,"La Asociación de Vecinos de Benimàmet rechaza el proyecto de parque lineal aprobado por la Concejalía de Urbanismo por incluir un eje viario que divide el barrio en lugar del parque verde consensuado, solicitando un proyecto que integre todo Benimàmet desde Canterería a Carolinas sin carretera de paso.","L'Associació de Veïns de Benimàmet rebutja el projecte de parc lineal aprovat per la Concejalía d'Urbanisme per incloure un eix viari que divideix el barri en lloc del parc verd consensuat, demanant un projecte que integre tot Benimàmet des de Canterería a Carolines sense carretera de pas."
2014-03-28-001,2014-03-28,2014-03-28,2011-2015,[***],AMPA del CP Blasco Ibáñez,ampa-cp-blasco-ibáñez,educacio,castellano,barri,La Malva-Rosa,Poblats Marítims,serveis_publics|urbanisme|economia,serveis_publics:educacio|urbanisme:espai_public|economia:pressupostos,6|14,602|1401|1403,"Madre y activista de la Coordinadora de Educación Malva-rosa denuncia que el distrito único escolar supone una agresión neoliberal contra la educación pública, causando desaparición de unidades y colegios, y perjudicando especialmente a barrios obreros con alumnado vulnerable.","Mare i activista de la Coordinadora d'Educació Malva-rosa denuncia que el districte únic escolar és una agressió neoliberal contra l'educació pública, causant desaparició d'unitats i col·legis, i perjudicant especialment als barris obrers amb alumnat vulnerable."
2014-02-28-003,2014-02-28,2014-02-28,2011-2015,[***],Asociación de Vecinos de Marxalenes,asociacion-vecinos-marxalenes,av,valenciano,barri,Marxalenes,La Saïdia,urbanisme|serveis_publics|participacio,urbanisme:patrimoni|urbanisme:espai_public|serveis_publics:serveis_socials|serveis_publics:salut|participacio:processos_participatius,13|14|20|23,1401|1303|2300|2001,"La Asociación de Vecinos de Marxalenes solicita al Ayuntamiento la expropiación o permuta de la fábrica Bombes Gens arruinada para rehabilitarla, proteger su patrimonio y dotar al barrio de servicios básicos como un centro de día para mayores y discapacitados, así como el traslado del centro de salud.","L'Associació de Veïns de Marxalenes sol·licita a l'Ajuntament l'expropiació o permuta de la fàbrica Bombes Gens en ruïnes per a rehabilitar-la, protegir el seu patrimoni i dotar el barri de serveis bàsics com un centre de dia per a persones majors i discapacitades, així com el trasllat del centre de salut."
2014-02-28-002,2014-02-28,2014-02-28,2011-2015,[***],AMPA CEIP Rafael Altamira,ampa-ceip-rafael-altamira,educacio,valenciano,barri,La Llum,L'Olivereta,serveis_publics|urbanisme|participacio,serveis_publics:educacio|serveis_publics:seguretat|urbanisme:espai_public|participacio:participacio,6|14,602|606|1401,"La AMPA del CEIP Rafael Altamira presenta una demanda de ampliación urgente del colegio ubicado en el barrio de La Llum, destacando que las aulas de infantil incumplen la normativa de seguridad al estar en la primera planta y exponen a los menores a riesgos. Solicita la construcción de nuevas aulas en un espacio adyacente ya clasificado como escolar.","L'AMPA del CEIP Rafael Altamira presenta una demanda d'ampliació urgent del col·legi ubicat en el barri de la Llum, ressaltant que les aules d'infantil incomplixen la normativa de seguretat per estar a la primera planta i exposen els menors a riscos. Sol·licita la construcció de noves aules en un espai adjacent ja classificat com a escolar."
2014-02-28-001,2014-02-28,2014-02-28,2011-2015,[***],Federación de Asociaciones de Vecinos de Valencia,favv,av,mixt,ciutat,,,drets_i_igualtat|participacio,drets_i_igualtat:drets_humans|participacio:participacio,19|20,1906|2000,"Una familia de víctimas de la represión franquista solicita al Ayuntamiento de Valencia autorización para exhumar y trasladar los restos de su padre, Teófilo Alcorisa, asesinado en 1947 y enterrado en el Cementerio Civil, tras esperar casi cinco años sin respuesta.","Una família de víctimes de la repressió franquista sol·licita a l'Ajuntament de València autorització per exhumar i traslladar les restes del seu pare, Teòfil Alcorisa, assassinat el 1947 i enterrat al Cementeri Civil, després d'esperar gairebé cinc anys sense resposta."
2014-01-31-002,2014-01-31,2014-01-31,2011-2015,[***],"Associació de Veïns, Cultura i de Consumidors Patraix",associacio-veinats-cultural-consumidors-patraix,av,valenciano,ciutat,Patraix,Patraix,urbanisme|drets_i_igualtat|serveis_publics,urbanisme:habitatge|drets_i_igualtat:drets_humans|serveis_publics:serveis_socials,14,1400|1406|1401,"Representante de la Asociación de Vecinos de Patraix presenta un proyecto colectivo pidiendo al Ayuntamiento un plan de choque contra los desahucios, incluyendo aumento del parque social de vivienda, registro de inmuebles vacíos de bancos y fondos públicos, y creación de registros de demandantes de vivienda social.","Representant de l'Associació de Veïns de Patraix presenta un projecte col·lectiu demanant a l'Ajuntament un pla de xoc contra els desnonaments, incloent augment del parc social d'habitatge, registre d'immobles buits de bancs i fons públics, i creació de registres de demandants d'habitatge social."
2014-01-31-001,2014-01-31,2014-01-31,2011-2015,[***],Asociación Familiar y Profesional de Integración del Discapacitado Psíquico Alba,alba-discapacidad-psiquica,ong,castellano,ciutat,El Carme,Ciutat Vella,serveis_publics|economia|drets_i_igualtat,serveis_publics:serveis_socials|economia:pressupostos|drets_i_igualtat:drets_humans,13|14|20,1304|1303|1406|2000,"Madre de una persona con discapacidad intelectual solicita al consistorio que interceda ante la Generalitat Valenciana para paralizar la imposición de un copago que considera excesivo, no transparente y que vulnera derechos establecidos en la Ley de Dependencia, afectando gravemente a familias con rentas bajas y a la continuidad de servicios esenciales en centros ocupacionales.","Una mare d'una persona amb discapacitat intel·lectual sol·licita al consistori que intercedisca davant la Generalitat Valenciana per a paralitzar la imposició d'un copagament que considera excessiu, poc transparent i que vulnera drets establits en la Llei de Dependència, afectant greument a famílies amb rendes baixes i a la continuïtat de serveis essencials en centres ocupacionals."
2013-12-27-002,2013-12-27,2013-12-27,2011-2015,[***],Federación de Asociaciones de Vecinos de Valencia,favv,av,castellano,ciutat,,,participacio|serveis_publics|economia,participacio:participacio|participacio:processos_participatius|participacio:transparencia|serveis_publics:seguretat|serveis_publics:serveis_socials|economia:comerc_ocupacio,5|13|14|20,2000|1300|1401|500,"La Federación de Asociaciones de Vecinos de Valencia reclama una verdadera democracia participativa a través de las Juntas Municipales, exigiendo la aplicación objetiva de los reglamentos existentes, el fortalecimiento del tejido asociativo, presupuestos más participativos y una mayor descentralización de competencias municipales.","La Federació d'Associacions de Veïns de València reclama una veritable democràcia participativa a través de les Juntes Municipals, exigint l'aplicació objectiva dels reglaments existents, el reforçament del teixit associatiu, pressupostos més participatius i una major descentralització de competències municipals."
2013-12-27-001,2013-12-27,2013-12-27,2011-2015,[***],Federación de Asociaciones de Vecinos de Valencia,favv,av,castellano,ciutat,,,economia|participacio|drets_i_igualtat,economia:pressupostos|participacio:participacio|participacio:processos_participatius|participacio:transparencia|drets_i_igualtat:drets_humans,13|14|20,2000|1305|1401,"La Federación de Asociaciones de Vecinos de Valencia reclama la restitución de una partida presupuestaria para fomento del asociacionismo y participación ciudadana, suprimida hace tres años, argumentando que la participación ciudadana es estratégica para la transformación social y debe impulsarse desde todos los ámbitos de la administración.","La Federació d'Associacions de Veïns de València reclama la restitució d'una partida pressupostària per a fomento del associacionisme i participació ciutadana, suprimida fa tres anys, argumentant que la participació ciutadana és estratègica per a la transformació social i ha d'impulsar-se des de tots els àmbits de l'administració."
2013-11-22-003,2013-11-22,2013-11-22,2011-2015,[***],Associació d'Amics de la Malva / Escola Valenciana,associacio-amics-malva,cultural,valenciano,ciutat,La Malva-Rosa,Poblats Marítims,drets_i_igualtat|serveis_publics|cultura,drets_i_igualtat:drets_linguistics|serveis_publics:educacio|cultura:patrimoni_cultural,2|6|23,207|602|2300,"Representante de Escola Valenciana demanda 30 acciones para la normalización y aplicación efectiva de la Ley de Uso y Enseñanza del Valenciano en los ámbitos político, administrativo, social, cultural y educativo, destacando que la ley lleva 30 años sin ser adecuadamente implementada.","Representant d'Escola Valenciana sol·licita 30 accions per a la normalització i aplicació efectiva de la Llei d'Ús i Ensenyament del Valencià en els àmbits polític, administratiu, social, cultural i educatiu, destacant que la llei porta 30 anys sense ser adequadament implementada."
2013-11-22-002,2013-11-22,2013-11-22,2011-2015,D. [***],Actors i Actrius Professionals Valencians,actors-actrius-professionals-valencians,cultural,valenciano,ciutat,,,cultura|economia|drets_i_igualtat,cultura:patrimoni_cultural|cultura:associacionisme|economia:comerc_ocupacio|drets_i_igualtat:drets_humans,15|19|23,2300|1500|1906,"Representante de actores profesionales valencianos denuncia el cierre de RTVV como un golpe devastador para el sector audiovisual, que afecta a miles de profesionales y empresas, y demanda la intervención del ayuntamiento para encontrar una solución dialogada.","Representant d'actors professionals valencians denuncia el tancament de RTVV com un colp devastador pel sector audiovisual que afecta milers de professionals i empreses, i demana la intervenció de l'ajuntament per a trobar una solució dialogada."
2013-11-22-001,2013-11-22,2013-11-22,2011-2015,[***],Salvem el Cabanyal,salvem-el-cabanyal,plataforma,valenciano,barri,Cabanyal-Canyamelar,Poblats Marítims,urbanisme|participacio|drets_i_igualtat,urbanisme:patrimoni|urbanisme:espai_public|participacio:participacio|participacio:processos_participatius|drets_i_igualtat:drets_humans,14|19|20,1401|1906|2000,La Plataforma Salvem el Cabanyal reivindicó la protección del barrio histórico y demandó un proceso real de diálogo y consenso con todas las administraciones tras la retirada del recurso de inconstitucionalidad contra las leyes de protección del Cabanyal.,La Plataforma Salvem el Cabanyal reivindicà la protecció del barri històric i demanà un procés real de diàleg i consens amb totes les administracions després de la retirada del recurs d'inconstitucionalitat contra les lleis de protecció del Cabanyal.
2013-10-25-001,2013-10-25,2013-10-25,2011-2015,[***],Asociación de Vecinos de Marxalenes,asociacion-vecinos-marxalenes,av,castellano,barri,Marxalenes,La Saïdia,urbanisme|serveis_publics|medi_ambient,urbanisme:espai_public|urbanisme:patrimoni|serveis_publics:seguretat|medi_ambient:contaminacio,7|10|14|23,1401|2300|705|1002,"Vecino de la calle Vuelta del Ruiseñor solicita al Ayuntamiento mejoras en esta vía pública declarada Bien de Interés Cultural, que carece de infraestructuras básicas, padece solares abandonados y un muro que ensombrece el entorno, aprovechando la reforma del Museo de Bellas Artes.","Veí del carrer Volta del Rossinyol sol·licita a l'Ajuntament millores en aquesta via pública declarada Bé d'Interés Cultural, que careix d'infraestructures bàsiques, pateix solars abandonats i un mur que fa sombra al voltant, aprofitant la reforma del Museu de Belles Arts."
2013-10-23-001,2013-10-23,2013-10-23,2011-2015,[***],FAPA-Valencia,fapa-valencia-federacio-ampa,educacio,castellano,ciutat,,,participacio|serveis_publics,participacio:participacio|participacio:processos_participatius|serveis_publics:educacio,6|20,600|2000,"La presidenta de FAPA-Valencia denuncia la falta de colaboración municipal y estatal con las AMPA en los procesos electorales de consejos escolares, critica que la LOMCE reduce la participación democrática de padres a un papel consultivo, y reclama mayor implicación de la administración en la democratización de estos órganos de participación educativa.","La presidenta de FAPA-Valencia denuncia la manca de col·laboració municipal i estatal amb les AMPA en els processos electorals de consells escolars, critica que la LOMCE reduïx la participació democràtica de pares a un paper consultiu, i reclama major implicació de l'administració en la democratització d'aquests òrgans de participació educativa."
2013-09-27-003,2013-09-27,2013-09-27,2011-2015,[***],Asociación Intercultural Candombe / Campaña por el Cierre de los Centros de Internamiento para Extranjeros (CIE),asociacion-intercultural-candombe,ong,castellano,ciutat,,,drets_i_igualtat|serveis_publics,drets_i_igualtat:interculturalitat_i_antiracisme|drets_i_igualtat:drets_humans|serveis_publics:seguretat,2|12|19,1906|1200|201,"Representante de la Campaña por el Cierre de los CIE denuncia los malos tratos, torturas y violaciones sistemáticas de derechos humanos en el Centro de Internamiento para Extranjeros de la calle Zapadores de Valencia, exigiendo su cierre incondicional por ser una práctica discriminatoria y xenófoba que viola derechos fundamentales.","Representant de la Campanya pel Tancament dels CIE denuncia els maltractaments, tortures i violacions sistemàtiques de drets humans en el Centre d'Internament per a Estrangers del carrer dels Sapadors de València, exigint el seu tancament incondicional per ser una pràctica discriminatòria i xenòfoba que viola drets fonamentals."
2013-09-27-002,2013-09-27,2013-09-27,2011-2015,D. ******,Asociación de Vecinos de Natzaret,asociacion-vecinos-nazaret-unido,av,castellano,barri,Natzaret,Poblats Marítims,urbanisme|participacio|medi_ambient,urbanisme:espai_public|urbanisme:usos_turistics|participacio:participacio|participacio:processos_participatius|participacio:transparencia|medi_ambient:contaminacio|medi_ambient:zones_verdes,7|10|14|20,1401|1010|705|2015,"Representante de la Asociación de Vecinos de Natzaret reclama al Ayuntamiento el cumplimiento del Convenio de 1986 con el Puerto, denunciando incumplimientos en medidas de protección del barrio y exigiendo participación ciudadana real en los procesos de planificación urbanística de la Marina y la frontera portuaria.","Representant de l'Associació de Veïns de Natzaret reclama a l'Ajuntament el compliment del Conveni de 1986 amb el Port, denunciant incompliments en mesures de protecció del barri i exigint participació ciutadana real en els processos de planificació urbanística de la Marina i la frontera portuària."
2013-09-27-001,2013-09-27,2013-09-27,2011-2015,[***],FAPA-Valencia (Federació d'Ampa de València),fapa-valencia-federacio-ampa,educacio,mixt,ciutat,,,serveis_publics|economia|drets_i_igualtat,serveis_publics:educacio|economia:pressupostos|drets_i_igualtat:drets_humans,6,600|603,"La secretaria general de FAPA-Valencia denuncia que la aprobación del distrito único de escolarización favorece la educación concertada, genera desigualdades, cierre de unidades escolares, y exige soluciones ante la situación del CEIP Ciudad de Bolonia con amianto y los recortes presupuestarios del 70% en educación pública.","La secretària general de FAPA-Valencia denuncia que l'aprovació del districte únic d'escolarització afavoreix l'educació concertada, genera desigualtats, tancament d'unitats escolars, i exigix solucions davant la situació del CEIP Ciutat de Bolonya amb amiant i els retalls pressupostaris del 70% en educació pública."
2013-07-26-002,2013-07-26,2013-07-26,2011-2015,[***],Asociación de Vecinos de Favara,asociacion-vecinos-favara,av,castellano,multi_barri,Patraix|Favara|Sant Marcelí|Sant Isidre,Jesús|Patraix,medi_ambient|mobilitat|drets_i_igualtat,medi_ambient:contaminacio|medi_ambient:emergencies_climatiques|mobilitat:transit|drets_i_igualtat:drets_humans,7|10|19,705|1001|1906,"La Asociación de Vecinos de Favara denuncia el impacto sobre la salud derivado del tráfico aéreo excesivo sobre zonas residenciales de Patraix, Favara y barrios del sur, por ruido y contaminación, solicitando que el Ayuntamiento impulse comisiones de trabajo con Aena para cambiar las rutas aéreas.","L'Associació de Veïns de Favara denuncia l'impacte sobre la salut del tràfic aeri excessiu sobre zones residencials de Patraix, Favara i barris del sud, per soroll i contaminació, demanant que l'Ajuntament impulse comissions de treball amb Aena per a canviar les rutes aèries."
2013-07-26-001,2013-07-26,2013-07-26,2011-2015,[***],Federación de Asociaciones de Vecinos de Valencia,favv,av,castellano,barri,Velluters,,urbanisme|serveis_publics|participacio,urbanisme:espai_public|serveis_publics:serveis_socials|serveis_publics:seguretat|participacio:participacio|participacio:processos_participatius,13|14|20,1401|1300|2000,"La Federación de Asociaciones de Vecinos de Valencia critica la aprobación de la Ordenanza sobre prostitución por carecer de consenso y participación ciudadana, argumentando que es puramente punitiva y no aborda los aspectos sociales y de reinserción necesarios para resolver el problema.","La Federació d'Associacions de Veïns de València critica l'aprovació de l'Ordenança sobre prostitució per manca de consens i participació ciutadana, argumentant que és purament punitiva i no aborda els aspectes socials i de reinserció necessaris per resoldre el problema."
2013-06-28-004,2013-06-28,2013-06-28,2011-2015,[***],Asociación de Vecinos de Benimaclet,associacio-veinal-benimaclet,av,castellano,ciutat,Benimaclet,Benimaclet,persones|economia|serveis_publics,persones:gent_major|economia:pressupostos|serveis_publics:serveis_socials,13|20,1303|1300|2000,"Representante de la Asociación de Vecinos de Benimaclet denuncia la congelación y revalorización insuficiente de las pensiones, que ha causado una pérdida de poder adquisitivo del 15% aproximadamente, afectando especialmente a los pensionistas más pobres y solicitando al pleno que apoye una moción para trasladarla al gobierno central.","Representant de l'Associació de Veïns de Benimaclet denuncia la congelació i revalorització insuficient de les pensions, que ha provocat una pèrdua de poder adquisitiu del 15% aproximadament, afectant especialment als pensionistes més pobres i sol·licitant al ple que done suport a una moció per a traslladar-la al govern central."
2013-06-28-003,2013-06-28,2013-06-28,2011-2015,D. [***],Associació de Veïns i Cultural Cercle Obert de Benicalap / Plataforma Auditoria Ciutadana del Deute,associacio-veinats-cercle-obert-benicalap,av,mixt,ciutat,Benicalap,Benicalap,economia|drets_i_igualtat|participacio,economia:pressupostos|drets_i_igualtat:drets_humans|participacio:participacio|participacio:processos_participatius,13|20,2000|1300|2004,"La Plataforma Auditoria Ciudadana del Deuda presenta una moción para establecer una auditoría ciudadana del deuda municipal y recuperar la soberanía popular, rechazando el pago de deudas consideradas ilegítimas y demandando un cambio en el modelo económico y social.","La Plataforma Auditoria Ciutadana del Deute presenta una moció per a establir una auditoria ciutadana del deute municipal i recuperar la sobirania popular, rebutjant el pagament de deutes considerats il·legítims i exigint un canvi en el model econòmic i social."
2013-06-28-002,2013-06-28,2013-06-28,2011-2015,[***],"Asociación de Galeristas de Arte Contemporáneo de la Comunidad Valenciana / Valenciana de Críticos de Arte / Asociación de Artistas Visuales de Alicante, Castellón y Valencia / Plataforma Valenciana por la Cultura",asociacion-galeristas-arte-contemporaneo,cultural,castellano,ciutat,,,economia|cultura|drets_i_igualtat,economia:comerc_ocupacio|cultura:patrimoni_cultural|drets_i_igualtat:drets_humans,15|19|23,1500|2300|1906,"Representantes del sector cultural valenciano solicitan al Ayuntamiento medidas correctoras contra el incremento del IVA al 21% aplicado a bienes y servicios culturales, que consideran inconstitucional por limitar el acceso a la cultura y perjudicar la economía del sector.","Els representants del sector cultural valencià demanen a l'Ajuntament mesures correctores contra l'increment de l'IVA al 21% aplicat a béns i serveis culturals, que consideren inconstitucional per limitar l'accés a la cultura i perjudicar l'economia del sector."
2013-06-28-001,2013-06-28,2013-06-28,2011-2015,[***],Asociación de Vecinos y Amigos de la Malva,asociacion-vecinos-malvarrosa,av,castellano,barri,La Malva-Rosa,Poblats Marítims,urbanisme|medi_ambient|serveis_publics,urbanisme:espai_public|medi_ambient:zones_verdes|serveis_publics:esports,7|14|15,1401|709|1526,"Representante de la Asociación de Vecinos de la Malva-Rosa denuncia la degradación de espacios públicos sin urbanizar (mal denominados plazas) y la falta de equipamientos y servicios en el barrio, reclamando un plan de actuación urbanística integral para mejorar la calidad de vida de los vecinos.","La representant de l'Associació de Veïns de la Malva-Rosa denuncia la degradació d'espais públics sense urbanitzar (mal anomenats places) i la manca d'equipaments i serveis en el barri, reclamant un pla d'actuació urbanística integral per a millorar la qualitat de vida dels veïns."
2013-05-31-003,2013-05-31,2013-05-31,2011-2015,[***],Asociación de Vecinos de la Malvarrosa,asociacion-vecinos-malvarrosa,av,castellano,multi_barri,La Malva-Rosa|El Grau|Cabanyal-Canyamelar|Natzaret,Poblats Marítims,urbanisme|mobilitat|medi_ambient,urbanisme:usos_turistics|urbanisme:espai_public|mobilitat:transit|medi_ambient:contaminacio,7|10|14|15,1401|1002|705|1521,"Asociación de Vecinos de la Malvarrosa denuncia los proyectos de desarrollo del Puerto y dársena de Valencia, especialmente el Acceso Norte mediante túnel subterráneo, por beneficiar solo a sectores ricos marginando las necesidades reales de los barrios marítimos: empleo, educación pública, servicios sociales e instalaciones para la periferia.","L'Associació de Veïns de la Malva-rosa denuncia els projectes de desenvolupament del Port i dàrsena de València, especialment l'Accés Nord mitjançant túnel subterrani, per beneficiar només a sectors rics marginant les necessitats reals dels barris marítims: ocupació, educació pública, serveis socials i instal·lacions per a la perifèria."
2013-05-31-002,2013-05-31,2013-05-31,2011-2015,[***],Asociación de Vecinos de Creu Coberta,asociacion-vecinos-creu-coberta,av,valenciano,multi_barri,Creu Coberta|Senabre|Sant Marcel.Li|Favara,Jesús|Patraix,serveis_publics|drets_i_igualtat|participacio,serveis_publics:educacio|drets_i_igualtat:drets_humans|participacio:participacio,6|14|20,600|1401|2000,"Representante de la Asociación de Vecinos de Creu Coberta en nombre de la Coordinadora de Enseñanza de los distritos de Jesús y Patraix demanda claridad sobre con quién ha consultado el gobierno municipal antes de tomar decisiones sobre la cesión de suelo público para educación, destacando que han contactado con numerosas entidades y que se debe cumplir primero la construcción del Institut Nou Patraix.","Representant de l'Associació de Veïns de Creu Coberta en nom de la Coordinadora d'Ensenyança dels districtes de Jesús i Patraix reclama claredat sobre amb qui ha consultat el govern municipal abans de tomar decisions sobre la cessió de sòl públic per a educació, destacant que han contactat amb nombroses entitats i que cal cumplir primer la construcció de l'Institut Nou Patraix."
2013-05-31-001,2013-05-31,2013-05-31,2011-2015,[***],AMPA CEIP Torrefiel,ampa-ceip-torrefiel,educacio,castellano,barri,Torrefiel,Rascanya,serveis_publics|urbanisme,serveis_publics:educacio|urbanisme:espai_public,6|14,602|1401,"El AMPA del CEIP Torrefiel denuncia las múltiples deficiencias estructurales y de seguridad en el colegio de 52 años, solicitando obras urgentes que afectan a niños de 3 a 12 años.","L'AMPA del CEIP Torrefiel denuncia les múltiples deficiències estructurals i de seguretat en l'escola de 52 anys, sol·licitant obres urgents que afecten a xiquets de 3 a 12 anys."
2013-04-26-001,2013-04-26,2013-04-26,2011-2015,[***],Col·lectiu Lambda,col-lectiu-lambda,ong,castellano,ciutat,,,drets_i_igualtat|serveis_publics|economia,drets_i_igualtat:drets_humans|drets_i_igualtat:diversitat|serveis_publics:serveis_socials|economia:comerc_ocupacio,13|19,1906|1302|1305,"Representante del Col·lectiu Lambda critica la Ordenanza de regulación del trabajo sexual en espacios públicos, argumentando que criminaliza a trabajadoras sexuales, favorece a las mafias y propone alternativas de reinserción laboral y protección social.","Representant del Col·lectiu Lambda critica l'Ordenança de regulació del treball sexual en espais públics, argumentant que criminalitza a treballadores sexuals, afavoreix a les màfies i proposa alternatives de reinserció laboral i protecció social."
2013-03-26-002,2013-03-26,2013-03-26,2011-2015,[***],Federación de Asociaciones de Familias y Personas con Enfermedades Mentales,federacio-associacions-malalties-mentals,av,castellano,ciutat,,,serveis_publics|drets_i_igualtat,serveis_publics:salut|serveis_publics:serveis_socials|drets_i_igualtat:drets_humans,13,1304|1303,"Denuncia de la supresión de exenciones de copago farmacéutico para más de 100.000 personas discapacitadas en Valencia, eliminadas por la Ley Presupuestaria de la Generalitat, lo que obliga a pagar entre el 40-60% de medicinas y prótesis esenciales, solicitando al Ayuntamiento que presione para restablecer las tarjetas SIP de exención.","Denúncia de la supressió d'exencions de copagament farmacèutic per a més de 100.000 persones discapacitades a València, eliminades per la Llei Pressupostària de la Generalitat, el que obliga a pagar entre el 40-60% de medicaments i pròtesis essencials, sol·licitant a l'Ajuntament que pressione per a restablir les targetes SIP d'exempció."
2013-03-26-001,2013-03-26,2013-03-26,2011-2015,[***],Acció Ecologista-Agró / Valencia en Bici,accio-ecologista-agro,plataforma,castellano,ciutat,,,mobilitat|medi_ambient|economia,mobilitat:mobilitat_activa|medi_ambient:contaminacio|economia:comerc_ocupacio,7|10|15,1010|705|1526,"Valencia en Bici apoya la moción conjunta de los tres grupos de oposición contra la obligatoriedad del casco para ciclistas y la segregación de la bicicleta a la derecha, argumentando que estas medidas son contraproducentes, ilegales y perjudiciales para el turismo y la viabilidad de Valenbisi, y propone en su lugar pacificar el tráfico y fomentar la mobilidad sostenible.","Acció Ecologista-Agró / Valencia en Bici recolza la moció conjunta dels tres grups d'oposició contra l'obligatorietat del casc per a ciclistes i la segregació de la bicicleta a la dreta, argumentant que aquestes mesures són contraproduents, il·legals i perjudicials per al turisme i la viabilitat de Valenbici, i proposa pacificar el trànsit i fomentar la mobilitat sostenible."
2013-02-22-001,2013-02-22,2013-02-22,2011-2015,[***],Asociación de Vecinos de Benimàmet,asociacion-vecinos-benimamet,av,castellano,barri,Benimamet,Poblats de l'Oest,urbanisme|mobilitat|medi_ambient,urbanisme:espai_public|mobilitat:transit|mobilitat:aparcament|medi_ambient:zones_verdes,7|10|14,1401|1002|709,La Asociación de Vecinos de Benimàmet solicita una entrevista con la Alcaldesa para rechazar el proyecto de nueva carretera en los terrenos del enterramiento de las vías del metro y defender la construcción de un auténtico parque lineal verde con servicios esenciales consensuados con los vecinos.,L'Associació de Veïns de Benimàmet sol·licita una entrevista amb l'Alcaldesa per rebutjar el projecte de nova carretera als terrenys del soterrament de les vies del metro i defensar la construcció d'un autèntic parc lineal verd amb serveis essencials consensuats amb els veïns.
2012-12-28-004,2012-12-28,2012-12-28,2011-2015,[***],Asociación Valenciana del Circo / Observatori Valencià d'Arts Escèniques,asociacion-valenciana-circo,cultural,valenciano,barri,Cabanyal-Canyamelar,Poblats Marítims,cultura|economia|participacio,cultura:festes|cultura:patrimoni_cultural|cultura:associacionisme|economia:comerc_ocupacio|participacio:participacio,15|20|23,2300|1521|2000,"La Asociación Valenciana del Circo, representada por el Observatorio Valenciano de Artes Escénicas, solicita urgentemente la regeneración de programas de apoyo al sector escénico, la convocatoria de ayudas para compañías teatrales y salas, el desbloqueo del Teatro el Musical del Cabanyal y la restitución del Festival VEO, alertando sobre la grave situación del sector agravada por el aumento del IVA cultural.","L'Asociació Valenciana del Circ, representada per l'Observatori Valencià d'Arts Escèniques, sol·licita urgentment la regeneració de programes de suport al sector escènic, la convocatòria d'ajudes per a companyies teatrals i sales, el desbloqueig del Teatre el Musical del Cabanyal i la restitució del Festival VEO, alertant sobre la situació greu del sector agreujada per la pujada de l'IVA cultural."
2012-12-28-003,2012-12-28,2012-12-28,2011-2015,[***],Asociación Proted,asociacion-proted,ong,castellano,ciutat,,,persones|cultura|economia,persones:gent_major|cultura:associacionisme|economia:pressupostos,13|20|23,1303|2300|2000,"Representante de la Asociación Proted solicita al Ayuntamiento apoyo económico para las aulas de la tercera edad de Valencia, que han perdido la financiación de la Conselleria tras 28 años de colaboración, afectando a 1.300 personas y amenazando con el cierre de estos centros de participación cultural.","Representant de l'Associació Proted sol·licita a l'Ajuntament suport econòmic per a les aules de la tercera edat de València, que han perdut la financiació de la Conselleria després de 28 anys de col·laboració, afectant a 1.300 persones i amenaçant amb el tancament d'aquests centres de participació cultural."
2012-12-28-002,2012-12-28,2012-12-28,2011-2015,[***],Asociación de Vecinos del Carmen,asociacion-vecinos-carmen,av,castellano,ciutat,El Carme,Ciutat Vella,urbanisme|economia|serveis_publics,urbanisme:habitatge|economia:comerc_ocupacio|serveis_publics:serveis_socials,14,1400|1406|1401,"Inquilinos de viviendas de Aumsa solicitan reducción del 25% en alquileres, administración única por Aumsa, mayor transparencia en costes, obligación municipal de reparar defectos de construcción sin cargar costes a arrendatarios, y revisión a la baja de impuestos repercutidos.","Els inquilins de vivendes d'Aumsa demanen una reducció del 25% en els lloguers, administració única per Aumsa, major transparència en costos, obligació municipal de reparar defectes de construcció sense carregacions als arrendataris, i revisió a la baixa dels impostos repercutits."
2012-12-28-001,2012-12-28,2012-12-28,2011-2015,[***],AMPA CP Cervantes,ampa-cp-cervantes,educacio,valenciano,ciutat,,,serveis_publics|urbanisme|mobilitat,serveis_publics:educacio|serveis_publics:seguretat|urbanisme:espai_public|mobilitat:transit,6|10|14,602|1401|1002,"El AMPA del Cervantes expone las deficiencias de infraestructuras, servicios y seguridad de su centro, destacando problemas de limpieza, temperaturas extremas, riesgo de inundaciones, caídas de techos y solicita mayor cooperación municipal en seguridad vial.","L'AMPA del Cervantes exposa les deficiències d'infraestructures, serveis i seguretat del seu centre, destacant problemes de neteja, temperatures extremes, risc d'inundacions, caigudes de cels rasos i demana major cooperació municipal en seguretat viària."
2012-11-23-001,2012-11-23,2012-11-23,2011-2015,[***],Ampa del CEIP 103,ampa-ceip-103,educacio,castellano,multi_barri,Ciutat De Les Arts I De Les Ciencies,Quatre Carreres,serveis_publics|urbanisme,serveis_publics:educacio|urbanisme:habitatge,6|14,600|602|1401,"Representante del Ampa del CEIP 103 denuncia las deficientes condiciones de las instalaciones provisionales donde estudian más de 300 niños desde 2008: contenedores sin seguridad ni privacidad, valla insuficiente, problemas de sanejamiento, falta de limpieza de solares adyacentes, y demora en la construcción del colegio prometido en 2010.","Representant de l'Ampa del CEIP 103 denúncia les deficients condicions de les instal·lacions provisionals on estudien més de 300 xiquets des de 2008: contenidors sense seguretat ni privacitat, valla insuficient, problemes de sanejament, falta de neteja de solars adyacents, i demora en la construcció del col·legi promès en 2010."
2012-06-29-002,2012-06-29,2012-06-29,2011-2015,[***],Asociación de Vecinos de Malilla,associacio-veins-malilla,av,castellano,barri,Malilla,Quatre Carreres,serveis_publics|urbanisme|participacio,serveis_publics:educacio|serveis_publics:salut|serveis_publics:esports|urbanisme:espai_public|participacio:participacio,3|6|10|14,600|300|1401|1010,"Representante de la Asociación de Vecinos de Malilla expone las reivindicaciones históricas del barrio: obras del polideportivo inacabadas, promesas incumplidas de un centro de salud, falta de construcción de colegios, provisionalidad de 33 años de una escuela municipal y falta de accesibilidad en la pasarela de Amparo Iturbi.","Representant de l'Associació de Veïns de Malilla exposa les reivindicacions històriques del barri: obres del poliesportiu inacabades, promeses incomplides d'un centre de salut, falta de construcció de col·legis, provisionalitat de 33 anys d'una escola municipal i manca d'accessibilitat en la passarel·la d'Amparo Iturbi."
2012-06-29-001,2012-06-29,2012-06-29,2011-2015,[***],"Asociación de Vecinos, Cultural y de Consumidores de Patraix",asociacion-vecinos-patraix,av,mixt,multi_barri,Patraix|Favara|Sant Marcel·lí|La Torre|Sant Vicent Ferrer,Jesús|Patraix|Poblats del Sud,serveis_publics,serveis_publics:educacio,6,600|602,"La Asociación de Vecinos de Patraix, en representación de una coordinadora de centros educativos de los distritos de Patraix-Jesús, solicita al pleno municipal apoyo unánime para una moción que inste a la Consellería de Educación a la construcción inmediata del IES Nou Patraix, una infraestructura necesaria desde 1996 que debe ser de gestión pública.","L'Associació de Veïns de Patraix, en representació d'una coordinadora de centres educatius dels districtes de Patraix-Jesús, sol·licita al ple municipal suport unànime per a una moció que inste a la Conselleria d'Educació a la construcció immediata de l'IES Nou Patraix, una infraestructura necessària des de 1996 que ha de ser de gestió pública."
2012-05-25-001,2012-05-25,2012-05-25,2011-2015,[***],Col·lectiu Lambda,col-lectiu-lambda,ong,valenciano,ciutat,,,drets_i_igualtat|persones|serveis_publics,drets_i_igualtat:diversitat|drets_i_igualtat:interculturalitat_i_antiracisme|persones:joventut|serveis_publics:seguretat,2|13,202|205|1304,"El Col·lectiu Lambda demana vot a favor d'una moció sobre protecció del col·lectiu LGTBI, destacant la discriminació, violència i suïcidis que pateix aquest col·lectiu tant a nivell mundial com a Espanya, i reclamant l'implicació clara de les administracions públiques.","El Col·lectiu Lambda demana vot a favor d'una moció sobre protecció del col·lectiu LGTBI, destacant la discriminació, violència i suïcidis que pateix aquest col·lectiu tant a nivell mundial com a Espanya, i reclamant la implicació clara de les administracions públiques."
2012-04-27-001,2012-04-27,2012-04-27,2011-2015,[***],Federación de Asociaciones de Vecinos de Valencia,favv,av,castellano,ciutat,,,mobilitat|participacio|economia,mobilitat:transport_public|participacio:participacio|economia:comerc_ocupacio,10|14|20,1001|1403|2000,"La Federación de Asociaciones de Vecinos de Valencia defiende los servicios públicos de transporte urbano (EMT) frente a procesos de externalización y privatización, reclamando un transporte de titularidad pública, de calidad, accesible y financiado mediante contrato-programa entre administraciones.","La Federació d'Associacions de Veïns de València defensa els serveis públics de transport urbà (EMT) enfront de processos d'externalització i privatització, reclamant un transport de titularitat pública, de qualitat, accessible i finançat mitjançant contracte-programa entre administracions."
2012-01-27-001,2012-01-27,2012-01-27,2011-2015,[***],Asociación de Vecinos del Cabanyal-Canyamelar,associacio-veins-cabanyal-canyamelar,av,castellano,barri,Cabanyal-Canyamelar,Poblats Marítims,urbanisme|participacio|drets_i_igualtat,urbanisme:patrimoni|urbanisme:usos_turistics|participacio:participacio|participacio:processos_participatius|drets_i_igualtat:drets_humans,14|19|20,1401|1906|2000,"Representante de la Asociación de Vecinos del Cabanyal-Canyamelar denuncia el proyecto de prolongación de la avenida Blasco Ibáñez como deficitario, innecesario y expoliador, argumentando que instituciones nacionales e internacionales se oponen, mientras critica la política municipal de enfrentamiento que ha degradado el barrio.","Representant de l'Associació de Veïns del Cabanyal-Canyamelar denuncia el projecte de prolongació de l'avinguda Blasco Ibáñez com a deficitari, innecessari i expolitador, argumentant que institucions nacionals i internacionals s'hi oposen, mentre critica la política municipal de confrontació que ha degradat el barri."
2011-12-30-002,2011-12-30,2011-12-30,2011-2015,"Dª [***], presidenta de FAPA Valencia",FAPA Valencia / AMPA del Instituto Benimàmet / Plataforma en Defensa de l'Ensenyament Públic,plataforma-educacion-publica-valencia,plataforma,mixt,ciutat,Benimaclet,Benimaclet,urbanisme|serveis_publics|drets_i_igualtat,urbanisme:habitatge|serveis_publics:educacio|drets_i_igualtat:drets_humans,6|14,600|1401|1406,"Representante de FAPA Valencia solicita al Pleno rechazar la cesión de suelo público municipal a empresas privadas para construir centros escolares concertados, defendiendo la escuela pública como garantía de igualdad de oportunidades y denunciando los casi 1.000 barracones existentes.","Representant de FAPA Valencia sol·licita al Ple rebutjar la cessió de sòl públic municipal a empreses privades per a construir centres escolars concertats, defensant l'escola pública com a garantia d'igualtat d'oportunitats i denunciant els quasi 1.000 barracons existents."
2011-12-30-001,2011-12-30,2011-12-30,2011-2015,Antonio Pla Piera,Federación de Asociaciones de Vecinos de Valencia,favv,av,castellano,ciutat,Cabanyal-Canyamelar,Poblats Marítims,economia|urbanisme|participacio,economia:pressupostos|urbanisme:habitatge|urbanisme:patrimoni|participacio:participacio,13|14|20,2000|1400|1305,"La Federación de Asociaciones de Vecinos de Valencia solicita al Ayuntamiento que en el Presupuesto 2012 se destinen partidas a inversiones en dotaciones y equipamientos pendientes de ejecución, se rechace el incremento de tarifas de EMT y Fundación Deportiva, se destinen recursos a rehabilitación en Cabanyal-Canyamelar y bienestar social, y se restablezcan las subvenciones a entidades vecinales que han sido suprimidas.","La Federació d'Associacions de Veïns de València demana a l'Ajuntament que en el Pressupost 2012 es destinen partides a inversions en dotacions i equipaments pendents d'execució, es rebutge l'increment de tarifes d'EMT i Fundació Deportiva, es destinen recursos a rehabilitació al Cabanyal-Canyamelar i benestar social, i es restablisquen les subvencions a entitats veïnals que han sigut suprimides."
2011-11-25-001,2011-11-25,2011-11-25,2011-2015,[***],"Acció Ecologista-Agró, València en Bici",accio-ecologista-agro,plataforma,mixt,ciutat,,,mobilitat|medi_ambient|economia,mobilitat:mobilitat_activa|mobilitat:transport_public|medi_ambient:emergencies_climatiques|medi_ambient:contaminacio|economia:comerc_ocupacio,7|10|15,1001|1010|705|1526,"Acció Ecologista-Agró y València en Bici solicitan la elaboración de un Plan de Movilidad Urbana Sostenible y un Plan Director de la Bicicleta con medidas concretas para fomentar el uso de la bicicleta como transporte fundamental, mejorar la seguridad vial y generar beneficios económicos, turísticos y ambientales en la ciudad.","Acció Ecologista-Agró i València en Bici demanen l'elaboració d'un Pla de Mobilitat Urbana Sostenible i un Pla Director de la Bicicleta amb mesures concretes per a fomentar l'ús de la bicicleta com a transport fonamental, millorar la seguretat vial i generar beneficis econòmics, turístics i ambientals en la ciutat."
2011-10-28-003,2011-10-28,2011-10-28,2011-2015,[***],Asociación Valenciana de Amistad con Cuba José Martí,asociacion-valenciana-amistad-cuba-jose-marti,ong,castellano,ciutat,,,drets_i_igualtat|participacio|cultura,drets_i_igualtat:drets_humans|participacio:participacio|cultura:associacionisme,13|19,1906|1305,"La Asociación Valenciana de Amistad con Cuba solicita al Pleno que apruebe una resolución de solidaridad con Los Cinco cubanos encarcelados injustamente en EE.UU., destacando su tarea de prevención del terrorismo y denunciando violaciones de derechos humanos en su detención.","L'Associació Valenciana d'Amistat amb Cuba sol·licita al Ple l'aprovació d'una resolució de solidaritat amb Els Cinc cubans injustament encarcelats als EE.UU., destacant la seua tasca de prevenció del terrorisme i denunciant violacions de drets humans en la seua detenció."
2011-10-28-002,2011-10-28,2011-10-28,2011-2015,[***],Associació de Veïns de Benimaclet,associacio-veinal-benimaclet,av,mixt,barri,Benimaclet,Benimaclet,medi_ambient|urbanisme|participacio,medi_ambient:zones_verdes|urbanisme:espai_public|participacio:participacio,7|14|20,709|1401|2000,"La Associació de Veïns de Benimaclet solicita al Ayuntamiento que apruebe una moción para recuperar un espacio del PAI Benimaclet Este destinado a huertos urbanos ecológicos, enfrentándose a la oposición del BBVA, propietario del terreno, y pidiendo una cesión anticipada con reserva de aprovechamiento.","L'Associació de Veïns de Benimaclet sol·licita a l'Ajuntament que aprove una moció per a recuperar un espai del PAI Benimaclet Est destinat a hortes urbanes ecològiques, enfrontant-se a l'oposició del BBVA, propietari del terreny, i demandant una cessió anticipada amb reserva d'aprofitament."
2011-10-28-001,2011-10-28,2011-10-28,2011-2015,[***],Associació de Veïns i Veïnes de Natzaret,asociacion-vecinos-nazaret-unido,av,castellano,barri,Natzaret,Poblats Marítims,medi_ambient|urbanisme|economia,medi_ambient:contaminacio|urbanisme:usos_turistics|economia:comerc_ocupacio,7|14|15,705|1401|1500,"La Asociación de Vecinos de Natzaret reclama el cumplimiento del compromiso electoral de 1999 sobre el traslado de la fábrica de aceite Bunge Ibérica y demanda al Ayuntamiento que inste a la Conselleria a revocar la autorización ambiental integrada, ya que la empresa lleva más de tres años sin presentar el informe de impacto ambiental requerido y mantiene las instalaciones en estado de abandono.","L'Associació de Veïns de Natzaret reclama el compliment del compromís electoral de 1999 sobre el trasllat de la fàbrica d'oli Bunge Ibérica i demana a l'Ajuntament que inste la Conselleria a revocar l'autorització ambiental integrada, ja que l'empresa fa més de tres anys que no presenta l'informe d'impacte ambiental requerit i manté les instal·lacions en estat d'abandó."
2011-09-30-004,2011-09-30,2011-09-30,2011-2015,[***],Col·lectiu Lambda,col-lectiu-lambda,ong,castellano,ciutat,,,drets_i_igualtat|serveis_publics|urbanisme,drets_i_igualtat:diversitat|drets_i_igualtat:drets_humans|serveis_publics:serveis_socials|urbanisme:espai_public,2|13|14,201|1300|1401,"Representante del Col·lectiu Lambda presenta una carta de mujeres transexuales trabajadoras sexuales que se oponen a una ordenanza que las criminaliza, reclamando participación en el debate y diálogo para encontrar soluciones que respeten sus derechos.","Representant del Col·lectiu Lambda presenta una carta de dones transexuals treballadores sexuals que s'oposen a una ordenança que les criminalitza, reclamant participació en el debat i diàleg per a trobar solucions que respecten els seus drets."
2011-09-30-003,2011-09-30,2011-09-30,2011-2015,D. [***],Asociación de Vecinos del Distrito 26 de Castellar-Oliveral,asociacion-vecinos-castellar-oliveral,av,castellano,barri,Castellar-L'Oliveral,Poblats del Sud,urbanisme|medi_ambient|participacio,urbanisme:usos_turistics|medi_ambient:zones_verdes|participacio:transparencia,14|20|21,1401|2100|2015,"Vecino de Castellar-Oliveral denuncia el incumplimiento del traslado de contenedores de Spanish Depot Service desde hace 13 años tras expiración de licencia, e interpela sobre el cumplimiento de obligaciones económicas y restitución de terrenos.","Veí de Castellar-L'Oliveral denuncia l'incompliment del trasllat de contenidors de Spanish Depot Service des de fa 13 anys després de l'expiració de la llicència, i interpel·la sobre el compliment d'obligacions econòmiques i restitució de terrenys."
2011-09-30-002,2011-09-30,2011-09-30,2011-2015,[***],Col·lectiu Lambda,col-lectiu-lambda,ong,valenciano,ciutat,,,drets_i_igualtat,drets_i_igualtat:diversitat|drets_i_igualtat:drets_humans|drets_i_igualtat:interculturalitat_i_antiracisme,2|19,202|1906,"El Col·lectiu Lambda pide al Ayuntamiento que inste al Partido Popular a retirar el recurso de inconstitucionalidad contra la Ley de matrimonio entre personas del mismo sexo, denunciando la discriminación legal que representa esta acción y reclamando igualdad de derechos sin pasos atrás.","El Col·lectiu Lambda demana a l'Ajuntament que instiga el Partit Popular a retirar el recurs de inconstitucionalitat contra la Llei del matrimoni entre persones del mateix sexe, denunciant la discriminació legal que representa aquesta acció i reclamant igualtat de drets sense passos enrere."
2011-09-30-001,2011-09-30,2011-09-30,2011-2015,[***],Plataforma per Russafa,plataforma-russafa,plataforma,castellano,barri,Russafa,L'Eixample,serveis_publics|urbanisme|participacio,serveis_publics:educacio|urbanisme:espai_public|participacio:processos_participatius,6|14|20,602|1401|2000,"La Plataforma per Russafa reclama la construcción de un colegio público en la calle Puerto Rico tras diez años de espera, solicitando el compromiso municipal para asegurar los presupuestos autonómicos y el certificado de disponibilidad del suelo.","La Plataforma per Russafa reclama la construcció d'un col·legi públic al carrer Puerto Rico després de deu anys d'espera, demanant el compromís municipal per a assegurar els pressupostos autonòmics i el certificat de disponibilitat del sòl."
2011-07-29-004,2011-07-29,2011-07-29,2011-2015,Mª José Navarro Vercher,Federación de Asociaciones de Padres de Alumnos de Valencia,federacio-associacions-pares-alumnes-valencia,educacio,mixt,multi_districte,Campanar,Campanar,serveis_publics|urbanisme|drets_i_igualtat,serveis_publics:educacio|urbanisme:habitatge|drets_i_igualtat:drets_linguistics,6|14,602|1401,"Federación de Padres de Valencia denuncia la falta crónica de plazas en centros públicos de infantil y primaria, especialmente grave en distritos como Campanar, y reclama una planificación territorial correcta con construcción de nuevos centros públicos en lugar de aumentar plazas concertadas.","La Federació de Pares de València denúncia la falta crònica de places en centres públics d'infantil i primària, especialment greu en districtes com Campanar, i reclama una planificació territorial correcta amb construcció de nous centres públics en lloc d'augmentar places concertades."
2011-07-29-003,2011-07-29,2011-07-29,2011-2015,Antonio Pla Piera,"Asociación de Vecinos, Cultural y de Consumidores de Patraix",asociacion-vecinos-patraix,av,castellano,barri,Patraix,Jesús|Patraix,participacio|mobilitat|drets_i_igualtat,participacio:participacio|participacio:transparencia|mobilitat:transport_public|drets_i_igualtat:drets_humans,10|14|19,1001|1401|1906,"La Asociación de Vecinos de Patraix reclama que se revierta el cambio de nombre de la estación de metro Jesús por Joaquín Sorolla, solicitando además una declaración de apoyo a las víctimas del accidente del 3 de julio y la instalación de un monolito conmemorativo.","L'Associació de Veïns de Patraix reclama que es reverta el canvi de nom de l'estació de metro Jesús per Joaquín Sorolla, sol·licitant a més una declaració de suport a les víctimes de l'accident del 3 de juliol i la instal·lació d'un monòlit conmemorativo."
2011-07-29-002,2011-07-29,2011-07-29,2011-2015,Pilar Luján Navarro,Comisión Cívica para el Retorno del Hospital La Fe a Campanar,comision-civica-hospital-la-fe,plataforma,castellano,multi_barri,Campanar|Les Tendetes|Benicalap|Marxalenes|Els Orriols,Benicalap|Campanar|La Saïdia|Rascanya,serveis_publics|mobilitat|economia,serveis_publics:salut|mobilitat:transport_public|economia:comerc_ocupacio,3|10|15,322|1001|1500,"La Comisión Cívica denuncia que el traslado del Hospital La Fe de Campanar a Malilla afecta a 345.000 personas, obligándolas a viajes de más de una hora, con deficiencias en transporte público, infraestructuras y servicios hospitalarios, especialmente el área materno-infantil, y demanda que el Ayuntamiento gestione ante la Conselleria de Sanitat la devolución de instalaciones hospitalarias adecuadas al barrio.","La Comissió Cívica denuncia que el trasllat de l'Hospital La Fe de Campanar a Malilla afecta 345.000 persones, obligant-les a viatges de més d'una hora, amb deficiències en transport públic, infraestructures i serveis hospitalaris, especialment l'àrea maternal-infantil, i demanda que l'Ajuntament gestione davant la Conselleria de Sanitat la devolució d'instal·lacions hospitalàries adequades al barri."
2011-07-29-001,2011-07-29,2011-07-29,2011-2015,Laura Font Pérez,"Coordinadora d'Alumnes, Pares i Professors per l'Ensenyament en Valencià (CAPPEPV) i Escola Valenciana",coordinadora-ensenyament-valencia,educacio,valenciano,ciutat,,,drets_i_igualtat|cultura|serveis_publics,drets_i_igualtat:drets_linguistics|cultura:patrimoni_cultural|serveis_publics:educacio,2|6,600|207,"Laura Font Pérez, en representación de CAPPEPV y Escola Valenciana, defiende la enseñanza del valenciano en las escuelas y rechaza el borrador de decreto sobre plurilingüismo, pidiendo su retirada y la apertura de un diálogo con las instituciones educativas.","Laura Font Pérez, en representació de CAPPEPV i Escola Valenciana, defensa l'ensenyament del valencià a les escoles i rebutja l'esborrany de decret sobre plurilingüisme, demanant la retirada i l'obertura d'un diàleg amb les institucions educatives."
2011-03-25-001,2011-03-25,2011-03-25,desconegut,[***],"Associció de Veïns, Cultural i de Consumidors de Patraix",associacio-veinats-cultural-consumidors-patraix,av,castellano,barri,Patraix,Patraix,serveis_publics|participacio,serveis_publics:educacio|participacio:participacio,6,600|602,"Representante de la Associció de Veïns de Patraix reclama la construcción del IES Patraix prometido hace 4 años, denunciando el incumplimiento administrativo y los altos índices de fracaso escolar en la Comunitat Valenciana, pidiendo al Ayuntamiento que exija a la Generalitat el cumplimiento y la dimisión del conseller de Educación.","Representant de l'Associció de Veïns de Patraix reclama la construcció del IES Patraix promès fa 4 anys, denunciant l'incompliment administratiu i els alts índexs de fracàs escolar a la Comunitat Valenciana, demanant a l'Ajuntament que exigisca a la Generalitat el compliment i la dimissió del conseller d'Educació."
2011-02-25-001,2011-02-25,2011-02-25,desconegut,Virginia Daroca Benito,AMPA del CP Giner de los Ríos,ampa-cp-giner-de-los-ríos,educacio,castellano,barri,Campanar,Campanar,serveis_publics|urbanisme,serveis_publics:educacio|urbanisme:habitatge,6|14,600|1403,"Virginia Daroca Benito, presidenta del AMPA del CP Giner de los Ríos, denuncia el lamentable estado de las instalaciones del colegio y la masificación causada por el crecimiento demográfico de Campanar, solicitando la ejecución del proyecto de reforma paralizado hace cinco años y la construcción de nuevos centros escolares en la zona.","Virginia Daroca Benito, presidenta de l'AMPA del CP Giner de los Ríos, denuncia l'estat deplorabil de les instal·lacions del col·legi i la massificació causada pel creixement demogràfic de Campanar, sol·licitant l'execució del projecte de reforma paralitzat fa cinc anys i la construcció de nous centres escolars a la zona."
