id;Edicion;Id_Propuesta;Titulo;Codigo_Ambito_Referencia;Ambito_Referencia;Tipo_Proponente;Numero_Apoyos;Pasa_Fase_Apoyos;Pasa_Fase_Viabilidad;Numero_Votos;Seleccionada;Presupuesto_euros;Mision_Climatica;Fecha creacion;Fecha_Baja
47;1;2015-00057;Urbanitzacio pio xii-diego miron-pare domenech;4;Campanar;Persona Fisica;NA;No aplicable;SI;75;SI;30750;No aplicable;2023-04-27;NA
55;1;2015-00067;NA;9;Jesus;Persona Fisica;NA;No aplicable;NO;0;NO;NA;No aplicable;2023-04-27;NA
57;1;2015-00069;NA;11;Poblats Maritims;Persona Fisica;NA;No aplicable;NO;0;NO;NA;No aplicable;2023-04-27;NA
95;1;2015-00123;NA;3;Extramurs;Persona Juridica;NA;No aplicable;NO;0;NO;NA;No aplicable;2023-04-27;NA
117;1;2015-00152;NA;6;el Pla del Real;Persona Fisica;NA;No aplicable;NO;0;NO;NA;No aplicable;2023-04-27;NA
160;1;2015-00197;NA;8;Patraix;Persona Juridica;NA;No aplicable;NO;0;NO;NA;No aplicable;2023-04-27;NA
13;1;2015-00015;NA;6;el Pla del Real;Persona Fisica;NA;No aplicable;NO;0;NO;NA;No aplicable;2023-04-27;NA
15;1;2015-00017;NA;16;Benicalap;Persona Fisica;NA;No aplicable;NO;0;NO;NA;No aplicable;2023-04-27;NA
44;1;2015-00053;NA;13;Algiros;Persona Fisica;NA;No aplicable;SI;8;NO;NA;No aplicable;2023-04-27;NA
63;1;2015-00084;NA;3;Extramurs;Persona Fisica;NA;No aplicable;NO;0;NO;NA;No aplicable;2023-04-27;NA
65;1;2015-00088;NA;4;Campanar;Persona Fisica;NA;No aplicable;NO;0;NO;NA;No aplicable;2023-04-27;NA
116;1;2015-00151;Mejora de infraestructuras de señalizacion;5;la Saidia;Persona Fisica;NA;No aplicable;SI;31;SI;21598;No aplicable;2023-04-27;NA
158;1;2015-00195;NA;10;Quatre Carreres;Persona Fisica;NA;No aplicable;NO;0;NO;NA;No aplicable;2023-04-27;NA
192;1;2015-00234;NA;6;el Pla del Real;Persona Fisica;NA;No aplicable;NO;0;NO;NA;No aplicable;2023-04-27;NA
193;1;2015-00235;NA;14;Benimaclet;Persona Fisica;NA;No aplicable;SI;19;NO;NA;No aplicable;2023-04-27;NA
206;1;2015-00250;NA;2;l'Eixample;Persona Juridica;NA;No aplicable;NO;0;NO;NA;No aplicable;2023-04-27;NA
224;1;2015-00269;NA;11;Poblats Maritims;Persona Fisica;NA;No aplicable;NO;0;NO;NA;No aplicable;2023-04-27;NA
225;1;2015-00270;NA;1;Ciutat Vella;Persona Fisica;NA;No aplicable;SI;22;NO;NA;No aplicable;2023-04-27;NA
265;1;2015-00315;NA;11;Poblats Maritims;Persona Fisica;NA;No aplicable;NO;0;NO;NA;No aplicable;2023-04-27;NA
281;1;2015-00337;NA;4;Campanar;Persona Fisica;NA;No aplicable;NO;0;NO;NA;No aplicable;2023-04-27;NA
283;1;2015-00339;Repavimentar calle mariano de cavia nº 36;8;Patraix;Persona Fisica;NA;No aplicable;SI;11;SI;4700;No aplicable;2023-04-27;NA
285;1;2015-00341;NA;12;Camins al Grau;Persona Fisica;NA;No aplicable;NO;0;NO;NA;No aplicable;2023-04-27;NA
298;1;2015-00355;NA;14;Benimaclet;Persona Fisica;NA;No aplicable;NO;0;NO;NA;No aplicable;2023-04-27;NA
379;1;2015-00444;NA;8;Patraix;Persona Fisica;NA;No aplicable;NO;0;NO;NA;No aplicable;2023-04-27;NA
395;1;2015-00460;Iluminacion aceras calle san vicente martir;9;Jesus;Persona Fisica;NA;No aplicable;SI;217;SI;79090;No aplicable;2023-04-27;NA
422;1;2015-00493;NA;9;Jesus;Persona Fisica;NA;No aplicable;NO;0;NO;NA;No aplicable;2023-04-27;NA
436;1;2015-00515;Urbanizacion de la zona verde y peatonal situada entre las calles, transformador- jose poeta albi y carlos climent gonzalez;16;Benicalap;Persona Fisica;NA;No aplicable;SI;67;SI;120000;No aplicable;2023-04-27;NA
439;1;2015-00523;NA;4;Campanar;Persona Juridica;NA;No aplicable;NO;0;NO;NA;No aplicable;2023-04-27;NA
451;1;2015-00536;NA;11;Poblats Maritims;Persona Juridica;NA;No aplicable;NO;0;NO;NA;No aplicable;2023-04-27;NA
495;1;2015-00593;NA;19;Pobles del Sud;Persona Juridica;NA;No aplicable;NO;0;NO;NA;No aplicable;2023-04-27;NA
520;1;2016-00015;NA;15;Rascanya;Persona Juridica;NA;No aplicable;SI;11;NO;NA;No aplicable;2023-04-27;NA
540;1;2016-00035;NA;7;l'Olivereta;Persona Juridica;NA;No aplicable;SI;30;NO;NA;No aplicable;2023-04-27;NA
545;1;2016-00040;NA;2;l'Eixample;Persona Juridica;NA;No aplicable;SI;4;NO;NA;No aplicable;2023-04-27;NA
549;1;2016-00044;NA;6;el Pla del Real;Persona Juridica;NA;No aplicable;SI;6;NO;NA;No aplicable;2023-04-27;NA
554;1;2016-00049;Propuesta ayuntamiento. Acondicionamiento de solar en calle hermanos rivas para aparcamiento;7;l'Olivereta;Persona Juridica;NA;No aplicable;SI;52;SI;80000;No aplicable;2023-04-27;NA
555;1;2016-00050;NA;2;l'Eixample;Persona Juridica;NA;No aplicable;SI;25;NO;NA;No aplicable;2023-04-27;NA
568;1;2016-00063;NA;18;Pobles de l'Oest;Persona Juridica;NA;No aplicable;SI;3;NO;NA;No aplicable;2023-04-27;NA
610;1;2016-00106;NA;19;Pobles del Sud;Persona Juridica;NA;No aplicable;SI;6;NO;NA;No aplicable;2023-04-27;NA
625;2;6;Apertura C/ Padre Viñas a la Ronda Norte (Hermanos Machado);15;Rascanya;Particular;45;SI;SI;211;SI;12000;No aplicable;2023-04-27;NA
641;2;22;Urbanizacion Avenida Constitucion;15;Rascanya;Particular;2;NO;NO;0;NO;NA;No aplicable;2023-04-27;NA
655;2;36;Crear una xarxa de panells d'informacio on se publiciten esdeveniments culturals;1;Ciutat Vella;Particular;16;NO;NO;0;NO;NA;No aplicable;2023-04-27;NA
681;2;62;Habilitar un pipican en calle Casilda Castellvi;7;l'Olivereta;Particular;3;NO;NO;0;NO;NA;No aplicable;2023-04-27;NA
712;2;93;Zona de juegos infantiles y aparatos gimnasia en GV Marques del Turia;2;l'Eixample;Particular;73;SI;NO;0;NO;NA;No aplicable;2023-04-27;NA
781;2;162;Ampliacion del espacio peatonal en Av Primado reig.;14;Benimaclet;Particular;19;NO;NO;0;NO;NA;No aplicable;2023-04-27;NA
850;2;231;Escuela infantil municipal;1;Ciutat Vella;Particular;14;NO;NO;0;NO;NA;No aplicable;2023-04-27;NA
851;2;232;Crear espacios para proporcionar ocio saludable adolescentes entre 12-16 años;6;el Pla del Real;Particular;2;NO;NO;0;NO;NA;No aplicable;2023-04-27;NA
857;2;238;Urbanizacion de la C/ Joaquin Navarro.;9;Jesus;Particular;9;NO;NO;0;NO;NA;No aplicable;2023-04-27;NA
880;2;261;Habilitar todas las calles y zonas peatonales en sociopolis;19;Pobles del Sud;Particular;6;NO;NO;0;NO;NA;No aplicable;2023-04-27;NA
885;2;266;Construir una nueva pista de atletismo en el cauce del turia;12;Camins al Grau;Particular;38;SI;NO;0;NO;NA;No aplicable;2023-04-27;NA
932;2;313;C.P. CERVANTES RELLENOS HUECOS ALCORQUES Y COLOCACIoN BARRERA DE SEGURIDAD;3;Extramurs;Particular;45;SI;NO;0;NO;NA;No aplicable;2023-04-27;NA
1023;2;404;Sant isidre. Acabar parque continuo al club deportivo Zafranar .;8;Patraix;Particular;5;NO;NO;0;NO;NA;No aplicable;2023-04-27;NA
1025;2;406;Actuar sobre la interseccion entre las c/Jose Soto Mico,c/ Rafael Lapesa Melgar;9;Jesus;Representante GT;5;SI;NO;0;NO;NA;No aplicable;2023-04-27;NA
1076;2;457;Carril bici Cardenal Benlloch;13;Algiros;Particular;1;NO;NO;0;NO;NA;No aplicable;2023-04-27;NA
1116;2;497;Parque inclusivo para personas con y sin capacidades diferentes;3;Extramurs;Particular;2;NO;NO;0;NO;NA;No aplicable;2023-04-27;NA
1132;2;513;NUEVA ILUMINACION CALLE ALEMANY;15;Rascanya;Particular;2;NO;NO;0;NO;NA;No aplicable;2023-04-27;NA
1178;2;559;Valla de seguridad para el colegio;7;l'Olivereta;Particular;18;NO;NO;0;NO;NA;No aplicable;2023-04-27;NA
1192;2;573;Acondicionar solar calle Marina Baixa;4;Campanar;Particular;7;NO;NO;0;NO;NA;No aplicable;2023-04-27;NA
1198;2;579;Arbolado en la Calle Turia, entre calle Quart y Paseo de la Petxina;2;l'Eixample;Particular;2;NO;NO;0;NO;NA;No aplicable;2023-04-27;NA
1225;3;1015;CENTRE DE RECUPERACIo DE GATS DEL CARRER;Toda la ciudad;Toda la ciudad;Ayuntamiento;1155;SI;SI;2178;NO;881000;No aplicable;2023-04-27;NA
1235;3;1026;ENSANCHAMIENTO ACERA Y CARRIL BICI EN PASSEIG DE LA CIUTADELLA;Toda la ciudad;Toda la ciudad;Particular;13;NO;NO;0;NO;NA;No aplicable;2023-04-27;NA
1244;3;1035;MAS PAPELERAS EN EL SALER;Toda la ciudad;Toda la ciudad;Particular;19;NO;NO;0;NO;NA;No aplicable;2023-04-27;NA
1245;3;1036;REHABILITACIoN ALQUERiAS ORRIOLS;Toda la ciudad;Toda la ciudad;Particular;111;SI;SI;1102;NO;520000;No aplicable;2023-04-27;NA
1256;3;1047;HUERTOS URBANOS EN BENIMAMET;Toda la ciudad;Toda la ciudad;Particular;60;NO;NO;0;NO;NA;No aplicable;2023-04-27;NA
1276;3;1069;INSONORIZACIoN CON REALFALTADO NUENO Y ESPECIAL AV. AUSIAS MARCH;Toda la ciudad;Toda la ciudad;Particular;8;NO;NO;0;NO;NA;No aplicable;2023-04-27;NA
1286;3;1079;CIRCUITO PEATONAL-RUNNING EN CASTELLAR-OLIVERAL;Toda la ciudad;Toda la ciudad;Particular;100;SI;NO;0;NO;NA;No aplicable;2023-04-27;NA
1360;3;1153;CONVERTIR L'AVINGUDA DEL PORT EN UNA RAMBLA PEATONAL ( DES DE  AV.SERRERIA );Toda la ciudad;Toda la ciudad;Particular;11;NO;NO;0;NO;NA;No aplicable;2023-04-27;NA
1383;3;1176;NUEVO CENTRO SALUD MALILLA;Toda la ciudad;Toda la ciudad;Particular;208;SI;NO;0;NO;NA;No aplicable;2023-04-27;NA
1405;3;1198;COMISARIA EN BENIMAMET;Toda la ciudad;Toda la ciudad;Particular;203;SI;NO;0;NO;NA;No aplicable;2023-04-27;NA
1409;3;1202;RESIDENCIA Y CENTRO DE DiA PARA PERSONAS DEPENDIENTES;Toda la ciudad;Toda la ciudad;Particular;30;NO;NO;0;NO;NA;No aplicable;2023-04-27;NA
1431;3;1224;CREAR UNA LiNEA DE AUTOBuS QUE COMUNIQUE AMISTAD CON LA CIUDAD DE LAS CIENCIAS.;Toda la ciudad;Toda la ciudad;Particular;7;NO;NO;0;NO;NA;No aplicable;2023-04-27;NA
1443;3;1236;LIMPIEZA DE ALCANTARILLADO, PLAYAS, PARQUES Y OTROS.;Toda la ciudad;Toda la ciudad;Particular;2;NO;NO;0;NO;NA;No aplicable;2023-04-27;NA
1572;3;1368;ADAPTAR PARADAS AUTOBuS EMT A PERSONAS MAYORES, CON SILLA DE RUEDAS, MULETAS...;Toda la ciudad;Toda la ciudad;Particular;23;NO;NO;0;NO;NA;No aplicable;2023-04-27;NA
1630;3;1426;PISCINA DESCUBIERTA PARA BENIMAMET;Toda la ciudad;Toda la ciudad;Particular;5;NO;NO;0;NO;NA;No aplicable;2023-04-27;NA
1634;3;1430;"QUE LOS AUTOBUSES DE LA EMT ENTREN EN EL RECINTO DE ""LA FE"" MALILLA";Toda la ciudad;Toda la ciudad;Particular;12;NO;NO;0;NO;NA;No aplicable;2023-04-27;NA
1656;3;1452;SOTERRAMIENTO DE LAS ViAS DEL TREN DEL FINAL DE LA AV FRANCIA;Toda la ciudad;Toda la ciudad;Particular;4;NO;NO;0;NO;NA;No aplicable;2023-04-27;NA
1665;3;1461;LA MANZANA PERDIDA DE RUZAFA- REMODELACION;Toda la ciudad;Toda la ciudad;Particular;6;NO;NO;0;NO;NA;No aplicable;2023-04-27;NA
1723;3;1519;AMPLIACIoN DE PEQUEÑA ZONA VERDE  EN TORREFIEL;Toda la ciudad;Toda la ciudad;Particular;1;NO;NO;0;NO;NA;No aplicable;2023-04-27;NA
1740;3;1536;HABILITAR ZONAS PROTEGIDAS PARA GATOS (ESCONDITES DE OBRA, CASAS DE MADERA);Toda la ciudad;Toda la ciudad;Particular;3;NO;NO;0;NO;NA;No aplicable;2023-04-27;NA
1757;3;1553;CUBRIR PISCINA DEL PARQUE OESTE CON CUBIERTA  MoVIL QUE PERMITA USO TODO EL AÑO;Toda la ciudad;Toda la ciudad;Particular;3;NO;NO;0;NO;NA;No aplicable;2023-04-27;NA
1764;3;1560;RENOVAR EL PARC DEL CARRER EIVISSA;Toda la ciudad;Toda la ciudad;Particular;7;NO;NO;0;NO;NA;No aplicable;2023-04-27;NA
1816;4;2045;RE-ASFALTAT DE L'ACCeS DE VIVERS PEL CARRER GENERAL ELIO.;6;el Pla del Real;Particular;4;NO;NO;0;NO;NA;No aplicable;2023-04-27;NA
1875;4;2104;PISCINA EN LA ZONA MALVARROSA;11;Poblats Maritims;Particular;39;SI;NO;0;NO;NA;No aplicable;2023-04-27;NA
1893;4;2122;CONSTRUCCIoN  DE UN PARQUE EN LAS INMEDIACIONES DEL COLEGIO 103;12;Camins al Grau;Representante GT;0;SI;NO;0;NO;NA;No aplicable;2023-04-27;NA
1908;4;2137;SEÑALIZACIoN CARRER D'EIVISSA Y CREACION BICI CARRIL CON AV. DE LES BALEARS;12;Camins al Grau;Particular;4;NO;NO;0;NO;NA;No aplicable;2023-04-27;NA
2001;4;2230;ARBOLADA Y CICLOCALLE EN LA CALLE CASTELLoN;2;l'Eixample;Particular;22;NO;NO;0;NO;NA;No aplicable;2023-04-27;NA
2041;4;2270;ILUMINACIoN;17;4;Particular;10;NO;NO;0;NO;NA;No aplicable;2023-04-27;NA
2056;4;2285;HABILITAR DOS ESPACIOS ABANDONADOS EN CALLE CULLERA(EXTREMO FERIA VALENCIA).;18;1;Particular;3;NO;NO;0;NO;NA;No aplicable;2023-04-27;NA
2075;4;2304;PISTA MULTIDEPORTE Y MESAS DE PING-PONG EN EL PARQUE LINEAL DE BENIMAMET;18;1;Particular;69;SI;SI;243;SI;124555;No aplicable;2023-04-27;NA
2089;4;2318;INICIATIVES SOLIDaRIES;20;No consta;Particular;0;NO;NO;0;NO;NA;No aplicable;2023-04-27;NA
2139;4;2368;AL CORQUES Y BANCOS EN FON SANTA Y NOU MOLES;7;l'Olivereta;Representante GT;0;SI;SI;84;SI;200870;No aplicable;2023-04-27;NA
2149;4;2378;PARC DE LES IL·LUCIONS;15;Rascanya;Representante GT;0;SI;SI;110;NO;245000;No aplicable;2023-04-27;NA
2150;4;2379;ALIVIAR EL CALOR DEL PAVIMENTO EN LA ALAMEDA MEDIANTE UN CANAL DE AGUA;6;el Pla del Real;Particular;32;SI;NO;0;NO;NA;No aplicable;2023-04-27;NA
2161;4;2390;ARREGLAR LA TANCA DEL CAMP D'ESPORTS  JUNTO ESCOLETA MUNICIPAL MASSARROJOS;17;6;Particular;8;NO;NO;0;NO;NA;No aplicable;2023-04-27;NA
2171;4;2400;MATERIAL: ESCENARIO;19;7;Particular;20;SI;SI;149;SI;12000;No aplicable;2023-04-27;NA
2192;4;2421;BIBLIOTECA MUNICIPAL;19;3;Particular;32;SI;NO;0;NO;NA;No aplicable;2023-04-27;NA
2213;4;2442;NI UN COLUMPIO EN EL ENSANCHE. PONGAMOS UNO AL MENOS.;2;l'Eixample;Particular;71;SI;SI;134;NO;125000;No aplicable;2023-04-27;NA
2231;4;2460;RUTA POR EL PATRIMONIO INDUSTRIAL DEL GRAU;11;Poblats Maritims;Particular;47;SI;SI;457;SI;18000;No aplicable;2023-04-27;NA
2254;4;2483;HOSPITAL VETERINARIO PUBLICO GRATUITO Y DE CALIDAD;10;Quatre Carreres;Particular;110;SI;NO;0;NO;NA;No aplicable;2023-04-27;NA
2275;4;2504;REMODELACIoN Y MEJORAS PARQUE PLAZA PEDAGOGA RAQUEL PAYa;10;Quatre Carreres;Particular;21;NO;NO;0;NO;NA;No aplicable;2023-04-27;NA
2277;4;2506;MEJORA DE LOS ACCESOS A LOS DOS COLEGIOS DE PLA DEL REMEI;2;l'Eixample;Representante GT;0;SI;SI;21;NO;360928;No aplicable;2023-04-27;NA
2326;5;3014;UNITATS COMPOSTADORES EN HORTS URBANS I ALTRES ESPAIS LLIURES;Toda la ciudad;Toda la ciudad;Ayuntamiento;133;NO;NO;0;NO;NA;No aplicable;2023-04-27;NA
2356;5;3044;REHABILITACIoN ALQUERiA ALBORS (ORRIOLS);Toda la ciudad;Toda la ciudad;Particular;47;NO;NO;0;NO;NA;No aplicable;2023-04-27;NA
2370;5;3058;Cruce Jaquin Ballester Padre Ferris;Toda la ciudad;Toda la ciudad;Particular;7;NO;NO;0;NO;NA;No aplicable;2023-04-27;NA
2454;5;3142;Colocacion de paneles acusticos en la salida del metro del Empalme;Toda la ciudad;Toda la ciudad;Particular;23;NO;NO;0;NO;NA;No aplicable;2023-04-27;NA
2480;5;3168;AMPLIACIoN ZONA INFANTIL EN C/ FONTANARES;Toda la ciudad;Toda la ciudad;Particular;130;SI;SI;1060;NO;400000;No aplicable;2023-04-27;NA
2505;5;3193;Peatonalizar Calle Maria Auxiliadora del numero 1 al 19;Toda la ciudad;Toda la ciudad;Particular;5;NO;NO;0;NO;NA;No aplicable;2023-04-27;NA
2532;5;3220;Construccion de una casa de la cultura en El Barrio San Isidro;Toda la ciudad;Toda la ciudad;Particular;31;NO;NO;0;NO;NA;No aplicable;2023-04-27;NA
2555;5;3243;1a fase del parc del carrer Ador, a Castellar-l´Oliveral;Toda la ciudad;Toda la ciudad;Particular;107;SI;SI;458;NO;500000;No aplicable;2023-04-27;NA
2570;5;3258;Ejecucion Inmediata de la Ampliacion del Parque de Benicalap y Paneles Acusticos;Toda la ciudad;Toda la ciudad;Particular;111;SI;SI;1125;NO;732824;No aplicable;2023-04-27;NA
2580;5;3268;RUTA BOTaNICA POR EL PARQUE DE LA RAMBLETA;Toda la ciudad;Toda la ciudad;Particular;30;NO;NO;0;NO;NA;No aplicable;2023-04-27;NA
2630;5;3318;TRAMO II DEL JARDiN DEL TURIA -ZONA DE SOCIALIZACIoN PARA PERROS;Toda la ciudad;Toda la ciudad;Particular;12;NO;NO;0;NO;NA;No aplicable;2023-04-27;NA
2633;5;3321;Fuente avenida marconi;Toda la ciudad;Toda la ciudad;Particular;3;NO;NO;0;NO;NA;No aplicable;2023-04-27;NA
2651;5;3339;Manteniment de les sequies del Palmar;Toda la ciudad;Toda la ciudad;Particular;116;SI;NO;0;NO;NA;No aplicable;2023-04-27;NA
2672;5;3360;Reacondicionamiento carril bici Juan Llorens - Bon ordre;Toda la ciudad;Toda la ciudad;Particular;5;NO;NO;0;NO;NA;No aplicable;2023-04-27;NA
2687;5;3375;ACONDICIONAMENT DEL SoL A L'ENTORN DEL PARC INFANTIL FRONT A LA BENEFICIeNCIA;Toda la ciudad;Toda la ciudad;Particular;116;SI;NO;0;NO;NA;No aplicable;2023-04-27;NA
2740;5;3428;CAMPO DE FUTBOL 11 EN BENIMAMET;Toda la ciudad;Toda la ciudad;Particular;42;NO;NO;0;NO;NA;No aplicable;2023-04-27;NA
2750;5;3438;Badenes velocidad en calle parroco Miguel tarin;Toda la ciudad;Toda la ciudad;Particular;1;NO;NO;0;NO;NA;No aplicable;2023-04-27;NA
2764;5;3452;Rehabilitacion y adecuacion de la pasarela y edificio de La Casa del Agua.;Toda la ciudad;Toda la ciudad;Particular;25;NO;NO;0;NO;NA;No aplicable;2023-04-27;NA
2803;5;3491;Calle hermanos Rivas;Toda la ciudad;Toda la ciudad;Particular;1;NO;NO;0;NO;NA;No aplicable;2023-04-27;NA
2808;5;3496;Poner bajo tierra los contenedores de ZONA AVDA FUENTE SAN LUIS Y MALILLA;Toda la ciudad;Toda la ciudad;Particular;55;NO;NO;0;NO;NA;No aplicable;2023-04-27;NA
2836;5;3524;Rails a les escales del riu per pujar/baixar bicicletes i patinets;Toda la ciudad;Toda la ciudad;Particular;5;NO;NO;0;NO;NA;No aplicable;2023-04-27;NA
2876;5;3565;Instalar Ascensor en el aparcamiento de Concesion Municipal Regne de Valencia.;Toda la ciudad;Toda la ciudad;Particular;4;NO;NO;0;NO;NA;No aplicable;2023-04-27;NA
2911;5;3600;Hochey hierba;Toda la ciudad;Toda la ciudad;Particular;147;SI;SI;1160;NO;250000;No aplicable;2023-04-27;NA
2925;5;3614;Nou moles fuensanta;Toda la ciudad;Toda la ciudad;Particular;9;NO;NO;0;NO;NA;No aplicable;2023-04-27;NA
2932;5;3621;PON LA PLAZA DE PATRAIX BONITA;Toda la ciudad;Toda la ciudad;Particular;29;NO;NO;0;NO;NA;No aplicable;2023-04-27;NA
2991;6;4047;COLEGIO CERVANTES AMPLIACIoN ACERAS EN CALLES PERE BONFIL Y PADRE MANJoN;3;Extramurs;Particular;93;SI;SI;189;NO;90000;No aplicable;2023-04-27;NA
3046;6;4102;Colocacion bancos en Pintor Joan de Ribera Berenguer;10;Quatre Carreres;Particular;19;NO;NO;0;NO;NA;No aplicable;2023-04-27;NA
3071;6;4127;PLAN DE VERTEBRACIoN CILCISTA LA SAiDIA: SANT ANTONI - MORVEDRE;5;la Saidia;Particular;122;SI;SI;114;NO;416000;No aplicable;2023-04-27;NA
3076;6;4132;CARRIL BICI AVENIDA JACINTO BENAVENTE - EVITAR CHOQUES SALIDAS RiO;2;l'Eixample;Particular;40;SI;SI;125;NO;308000;No aplicable;2023-04-27;NA
3097;6;4153;CONEXIoN SEGURA PARA PEATONES CON VALENCIA POR EL CAMINO VIEJO DE PATERNA;18;1;Particular;85;SI;NO;0;NO;NA;No aplicable;2023-04-27;NA
3125;6;4181;Parque socializacion canina Benimaclet Norte;14;Benimaclet;Particular;30;SI;NO;0;NO;NA;No aplicable;2023-04-27;NA
3133;6;4189;SUSTITUCION MURO JARDIN DE AYORA;12;Camins al Grau;Particular;49;SI;NO;0;NO;NA;No aplicable;2023-04-27;NA
3137;6;4193;Crear plazas de aparcamiento;15;Rascanya;Particular;55;SI;NO;0;NO;NA;No aplicable;2023-04-27;NA
3145;6;4201;ACCESO A CALLE JUAN RAMON JIMENEZ DESDE JOAQUIN BENCLLOCH (ACCESO GARAJES);10;Quatre Carreres;Particular;19;NO;NO;0;NO;NA;No aplicable;2023-04-27;NA
3197;6;4253;Nueva señal de trafico;8;Patraix;Particular;17;NO;NO;0;NO;NA;No aplicable;2023-04-27;NA
3234;6;4290;Dar utilidad a los solares abandonados y reducir las plagas;1;Ciutat Vella;Particular;75;SI;NO;0;NO;NA;No aplicable;2023-04-27;NA
3236;6;4292;PARC DE CONNEXIo CAPÇALERA-RIU NOU;4;Campanar;Particular;76;SI;NO;0;NO;NA;No aplicable;2023-04-27;NA
3331;6;4387;Asfalto fonoabsorbente en las calzadas con varios carriles;12;Camins al Grau;Particular;31;SI;NO;0;NO;NA;No aplicable;2023-04-27;NA
3334;6;4390;CUEVAS DE BENIMAMET: LOS 5 BARRIOS SEÑALIZADOS;18;1;Particular;6;NO;NO;0;NO;NA;No aplicable;2023-04-27;NA
3356;6;4412;WC en la Pinada del Saler zona lago y mirador de la Albufera;19;4;Particular;18;SI;NO;0;NO;NA;No aplicable;2023-04-27;NA
3386;6;4442;Parc en platja d'aparcament entre Avingudes Blasco Ibañez i Serradora;11;Poblats Maritims;Particular;36;SI;NO;0;NO;NA;No aplicable;2023-04-27;NA
3407;6;4463;Canchas de basket en Malilla;10;Quatre Carreres;Particular;63;SI;SI;277;SI;80000;No aplicable;2023-04-27;NA
3435;6;4491;Reurbanitzacio Avinguda Jesus Morante Borras;10;Quatre Carreres;Particular;10;NO;NO;0;NO;NA;No aplicable;2023-04-27;NA
3445;6;4501;Alumbrado modernista y eficiente en el pueblo;18;2;Particular;7;NO;NO;0;NO;NA;No aplicable;2023-04-27;NA
3571;6;4628;Alumbrado parque;19;6;Particular;19;SI;SI;21;SI;10064;No aplicable;2023-04-27;NA
3617;6;4674;Mejorar el entorno de la Plaza del Patriarca - Palacio Marques de Dos Aguas;1;Ciutat Vella;Particular;5;NO;NO;0;NO;NA;No aplicable;2023-04-27;NA
3778;6;4838;APARCABICIS SEGUROS PARA LA MOVILIDAD SOSTENIBLE EN EL MARITIMO;11;Poblats Maritims;Particular;31;SI;NO;0;NO;NA;No aplicable;2023-04-27;NA
3785;6;4845;Iluminacion de la Calle Diogenes Lopez Mecho;14;Benimaclet;Particular;30;SI;SI;119;NO;92000;No aplicable;2023-04-27;NA
3791;6;4851;Acondicionar el carrer Castello de l´Albufera;19;2;Particular;55;SI;SI;65;NO;61000;No aplicable;2023-04-27;NA
3801;6;4861;Acondicionar el carrer Figuereta;19;2;Particular;55;SI;SI;69;NO;116697;No aplicable;2023-04-27;NA
3820;6;4881;Restauracion de la zona recreativa y deportiva del chaparral;7;l'Olivereta;Particular;30;SI;SI;188;NO;40000;No aplicable;2023-04-27;NA
3823;6;4884;Aparcamiento coches;17;4;Particular;5;NO;NO;0;NO;NA;No aplicable;2023-04-27;NA
3828;6;4889;Instalar farolas en calle Micer Masco;6;el Pla del Real;Particular;39;SI;SI;321;SI;16000;No aplicable;2023-04-27;NA
3874;6;4936;Mesas de Pimpon para la nueva plaza del Pintor Segrelles;3;Extramurs;Particular;10;NO;NO;0;NO;NA;No aplicable;2023-04-27;NA
3879;6;4941;Creacion de una Zona de Bajas Emisiones en Ciutat Vella;1;Ciutat Vella;Particular;68;SI;NO;0;NO;NA;No aplicable;2023-04-27;NA
3892;6;4954;Piscina coberta al Poliesportiu de Benimaclet;14;Benimaclet;Particular;76;SI;NO;0;NO;NA;No aplicable;2023-04-27;NA
3901;6;4963;Vallar zona ajardinada;9;Jesus;Particular;6;NO;NO;0;NO;NA;No aplicable;2023-04-27;NA
3910;6;4972;Medidas correctoras estacionamiento vehiculos en zona peatonal Av Francia13-15;12;Camins al Grau;Particular;33;SI;NO;0;NO;NA;No aplicable;2023-04-27;NA
3936;6;4998;ARREGLAR la calle SANTA CRUZ DE TENERIFE: Carril bici + Mediana + Semaforo/Paso;7;l'Olivereta;Particular;35;SI;SI;45;NO;319000;No aplicable;2023-04-27;NA
3953;6;5015;CENTRO MUNICIPAL DE JUVENTUD CIUTAT VELLA;1;Ciutat Vella;Particular;10;NO;NO;0;NO;NA;No aplicable;2023-04-27;NA
3972;6;5034;Recuperar aceras para los peatones en c/ Doctor Oloriz,12 al 18 (altura FEVEC);5;la Saidia;Particular;9;NO;NO;0;NO;NA;No aplicable;2023-04-27;NA
4005;6;5067;Valla para impedir el atajo al cruzar paso de peatones;12;Camins al Grau;Particular;2;NO;NO;0;NO;NA;No aplicable;2023-04-27;NA
4035;6;5097;Ejecucion del proyecto de ajardinamiento de la plaza de Siete Aguas;12;Camins al Grau;Representante GT;0;SI;SI;163;NO;362000;No aplicable;2023-04-27;NA
4111;6;5173;Cambio de alumbrado en San Isidro;8;Patraix;Particular;4;NO;NO;0;NO;NA;No aplicable;2023-04-27;NA
4131;6;5193;Avenida Constitucion norte, mas pasos de cebra y pacificacion del transito;17;2;Particular;4;NO;NO;0;NO;NA;No aplicable;2023-04-27;NA
4161;6;5223;EMBELLECIMIENTO DEL NuCLEO HISToRICO DE EL PALMAR;19;5;Ayuntamiento en rep. GT;0;SI;NO;0;NO;NA;No aplicable;2023-04-27;NA
4176;6;5238;Peatonalizar la calle Peris Brell;12;Camins al Grau;Particular;2;NO;NO;0;NO;NA;No aplicable;2023-04-27;NA
4196;6;5258;CENTRO DE ATENCIoN SOCIAL;2;l'Eixample;Particular;6;NO;NO;0;NO;NA;No aplicable;2023-04-27;NA
4198;6;5260;Pavimentar de azulejo valenciano un camino de viveros;6;el Pla del Real;Particular;1;NO;NO;0;NO;NA;No aplicable;2023-04-27;NA
4228;6;5290;Condicionament de l'asfaltat de la plaça Sant Benet i adjacents/ Acondicionamiento del asfaltado de la plaza San Benet y adyacentes.;17;5;Ayuntamiento de oficio;0;SI;SI;1;SI;8220;No aplicable;2023-04-27;NA
4244;7;5306;Incrementar la limpieza de aceras del barrio de Benimaclet;14;Benimaclet;Particular;43;SI;NO;0;NO;NA;No aplicable;2023-04-27;NA
4292;7;5354;POR UNA CIUTAT VELLA BIEN CUIDADA Y AGRADABLE;1;Ciutat Vella;Particular;17;NO;NO;0;NO;NA;No aplicable;2023-04-27;NA
4335;7;5397;MEJORA DE LA PLAZA DE LES PENYETES;18;1;Particular;7;NO;NO;0;NO;NA;No aplicable;2023-04-27;NA
4409;7;5471;Lavabos publicos;4;Campanar;Particular;21;NO;NO;0;NO;NA;No aplicable;2023-04-27;NA
4435;7;5497;AMPLIACION CENTRO MUNICIPAL MAYORES SAN ISIDRO;8;Patraix;Representante GT;0;SI;SI;298;NO;150000;Sin etiqueta;2023-04-27;NA
4472;7;5534;Rebajar cota carril bici entre carrer Carcaixent y Cuenca;9;Jesus;Particular;3;NO;NO;0;NO;NA;No aplicable;2023-04-27;NA
4479;7;5541;Pergola en Sociopolis;19;8;Particular;15;SI;NO;0;NO;NA;No aplicable;2023-04-27;NA
4514;7;5576;"Carrer de Pelai: ""El Passeig de la Pilota Valenciana""";3;Extramurs;Particular;59;SI;NO;0;NO;40600;No aplicable;2023-04-27;NA
4628;7;5690;Doble fila y peatonalizacion entorno Mestalla;13;Algiros;Particular;4;NO;NO;0;NO;NA;No aplicable;2023-04-27;NA
4630;7;5692;Continuar zona ajardinada en descampado de Jose Andreu Alabarta;8;Patraix;Particular;32;SI;NO;0;NO;NA;No aplicable;2023-04-27;NA
4662;7;5724;Finalitzar urbanitzacio de Fra Juniper Serra;8;Patraix;Particular;7;NO;NO;0;NO;NA;No aplicable;2023-04-27;NA
4696;7;5758;Poner mas juegos en Plaza Sor Guillermina;10;Quatre Carreres;Particular;11;NO;NO;0;NO;NA;No aplicable;2023-04-27;NA
4703;7;5765;Renovacion del alumbrado en el tramo final de la Calle Santos Justo y Pastor;13;Algiros;Particular;17;NO;NO;0;NO;NA;No aplicable;2023-04-27;NA
4746;7;5808;Arboles o maceteros en Cura Femenia;2;l'Eixample;Particular;6;NO;NO;0;NO;NA;No aplicable;2023-04-27;NA
4747;7;5809;Paso de peatones cruce Platero Suarez y Ministro Luis Mayans;5;la Saidia;Particular;34;SI;NO;0;NO;NA;No aplicable;2023-04-27;NA
4755;7;5817;Parque junto campos de futbol de Avda militar Amado granell mesado;10;Quatre Carreres;Particular;55;SI;NO;0;NO;NA;No aplicable;2023-04-27;NA
4775;7;5837;Soterrar contenedores Avda. Primero de Mayo;9;Jesus;Particular;7;NO;NO;0;NO;NA;No aplicable;2023-04-27;NA
4784;7;5846;Urbanizar tramo calle Pintor Stolz: ensanchar aceras y plantar arboles;7;l'Olivereta;Particular;26;NO;NO;0;NO;NA;No aplicable;2023-04-27;NA
4794;7;5856;Parque Infantil en la Plaza De San Pedro Poveda 46014;8;Patraix;Particular;4;NO;NO;0;NO;NA;No aplicable;2023-04-27;NA
4820;7;5882;AMPLIACION ACERA CALLE GENERAL GIL DOLZ;6;el Pla del Real;Particular;43;SI;NO;0;NO;NA;No aplicable;2023-04-27;NA
4835;7;5897;Residus i Control Contaminacio acustica;6;el Pla del Real;Particular;16;NO;NO;0;NO;NA;No aplicable;2023-04-27;NA
4842;7;5904;INSTALAR ARBOLADO EN CONDE DE LUMIARES;15;Rascanya;Particular;4;NO;NO;0;NO;NA;No aplicable;2023-04-27;NA
4850;7;5912;Parking C/ciutat de Mislata;7;l'Olivereta;Particular;42;SI;NO;0;NO;NA;No aplicable;2023-04-27;NA
4870;7;5932;Falta de iluminacion;5;la Saidia;Particular;35;SI;SI;554;SI;45000;Sin etiqueta;2023-04-27;NA
4907;7;5969;Huerto Urbano;1;Ciutat Vella;Particular;24;NO;NO;0;NO;NA;No aplicable;2023-04-27;NA
4925;7;5987;Polideportivo solar Calle Lebon-Tomas de Montañana;12;Camins al Grau;Particular;36;SI;SI;687;SI;100000;Con etiqueta;2023-04-27;NA
4938;7;6000;Reapertura parcial/total de la circulacion de la c/ Torrente;8;Patraix;Particular;4;NO;NO;0;NO;NA;No aplicable;2023-04-27;NA
4957;7;6019;REFORMA PARQUE VALTURIA EN BARRIO CAMI REAL;9;Jesus;Particular;34;SI;SI;162;NO;350000;Sin etiqueta;2023-04-27;NA
4964;7;6026;App per a trobar estacionament al barri del Botanic;3;Extramurs;Particular;5;NO;NO;0;NO;NA;No aplicable;2023-04-27;NA
5016;7;6078;Millorar les zones verdes entre Germans Maristes i angel Villena;10;Quatre Carreres;Particular;20;NO;NO;0;NO;NA;No aplicable;2023-04-27;NA
5051;7;6113;Eliminacion Ruido Producido por Rejillas ventilacion meteo en calzada;14;Benimaclet;Particular;14;NO;NO;0;NO;NA;No aplicable;2023-04-27;NA
5094;7;6156;ABRIR AL TRaFICO VICENTE ZARAGOZA  DE ROTONDA DEL MIRADOR A DIoGENES LOPEZ MENCH;14;Benimaclet;Particular;90;SI;NO;0;NO;NA;No aplicable;2023-04-27;NA
5103;7;6165;Cambio de direccion calle Carcagente y Uruguay;9;Jesus;Particular;2;NO;NO;0;NO;NA;No aplicable;2023-04-27;NA
5175;7;6237;Cambiar plazas parking ORA en Cirilo Amoros a plazas exclusivas para residentes;2;l'Eixample;Particular;14;NO;NO;0;NO;NA;No aplicable;2023-04-27;NA
5184;7;6246;ASFALTADO DE LOS ENTRADORES PEATONALES DEL PARQUE LINEAL QUE CRUZAN EL CARRIL BI;18;1;Particular;9;NO;NO;0;NO;NA;No aplicable;2023-04-27;NA
5212;7;6274;SOTERRAMENT DE TOTS ELS CONTENIDORS DE FEM;6;el Pla del Real;Particular;30;SI;NO;0;NO;NA;No aplicable;2023-04-27;NA
5263;7;6325;Goteras alqueria Carena y parte vallado.;16;Benicalap;Representante GT;0;SI;SI;190;NO;100000;Sin etiqueta;2023-04-27;NA
5269;7;6331;Reforma del parque de la Plaza Raquel Paya - C/Fuente La Higuera;10;Quatre Carreres;Particular;9;NO;NO;0;NO;NA;No aplicable;2023-04-27;NA
5293;7;6355;Control de excrementos caninos en caminos y vias de la huerta;17;6;Particular;6;NO;NO;0;NO;NA;No aplicable;2023-04-27;NA
5319;7;6381;REORDENACIoN DEL VIARIO EN LAS CALLES APARICIO ALBIÑANA Y MONESTIR DE POBLET;4;Campanar;Particular;30;SI;SI;241;SI;106135;Con etiqueta;2023-04-27;NA
5345;7;6407;Avenida Gaspar Aguilar. Cambiar a sentido circulacion unico y carril bici.;9;Jesus;Particular;5;NO;NO;0;NO;NA;No aplicable;2023-04-27;NA
5368;7;6430;Bolardos para poder transitar por la acera de Literato Gabriel Miro;3;Extramurs;Particular;32;SI;NO;0;NO;NA;No aplicable;2023-04-27;NA
5385;7;6447;Punts negres carril bici;11;Poblats Maritims;Particular;8;NO;NO;0;NO;NA;No aplicable;2023-04-27;NA
5434;7;6496;Creacion de polideportivo municipal En Corts. Desmantelar CIE Sapadors;10;Quatre Carreres;Particular;30;SI;NO;0;NO;NA;No aplicable;2023-04-27;NA
5449;7;6511;PARQUE DE BARRAS-CALISTENIA EN EL PARC CENTRAL;2;l'Eixample;Particular;6;NO;NO;0;NO;NA;No aplicable;2023-04-27;NA
5487;7;6549;Parking Torrefiel;15;Rascanya;Particular;35;SI;NO;0;NO;NA;No aplicable;2023-04-27;NA
5525;7;6587;AMPLIACIoN CEMENTERIO DE BENIMaMET;18;1;Representante GT;0;SI;SI;18;NO;630000;Sin etiqueta;2023-04-27;NA
5537;7;6599;Nuevo parque infantil junto a Plaza Actor Enrique Rambal;13;Algiros;Particular;31;SI;NO;0;NO;NA;No aplicable;2023-04-27;NA
5555;7;6617;Asfalto Fonoabsorbente para Bulevar Sur;9;Jesus;Particular;4;NO;NO;0;NO;NA;No aplicable;2023-04-27;NA
5612;7;6674;Sincronizacion semaforos Amado Granell Mesado;10;Quatre Carreres;Particular;15;NO;NO;0;NO;NA;No aplicable;2023-04-27;NA
5614;7;6676;Eje saludable Parc Central - Jardi del Turia;2;l'Eixample;Particular;56;SI;SI;517;SI;18000;Sin etiqueta;2023-04-27;NA
5643;7;6705;Calle Alta fin de semana para disfrute , calle peatonal;1;Ciutat Vella;Particular;32;SI;NO;0;NO;NA;No aplicable;2023-04-27;NA
5657;7;6719;Peatonalizar callejon Historiadora Silvia Romeu;13;Algiros;Particular;31;SI;SI;39;NO;159000;Sin etiqueta;2023-04-27;NA
5677;7;6739;Rehabilitacion Barrio Virgen de los Desamparados Antella n.1, 2 y 3.;7;l'Olivereta;Particular;12;NO;NO;0;NO;NA;No aplicable;2023-04-27;NA
5708;7;6770;Colocacion espejo (poca visibilidad) cruce Blasco Ibañez (Hospital Clinico);6;el Pla del Real;Particular;5;NO;NO;0;NO;NA;No aplicable;2023-04-27;NA
5710;7;6772;MEJORA ACCESOS PEATONALES PUENTE SOBRE EL NUEVO CAUCE DEL TURIA JOSe SOTO MICo –;8;Patraix;Particular;10;NO;NO;0;NO;NA;No aplicable;2023-04-27;NA
5714;7;6776;Repavimentacion y pintado del carril bici de la entrada sur de El Saler.;19;4;Particular;15;SI;SI;45;NO;20700;Sin etiqueta;2023-04-27;NA
5724;7;6786;Bulevar verde en el ultimo tramo del Paseo de la Alameda;12;Camins al Grau;Particular;10;NO;NO;0;NO;NA;No aplicable;2023-04-27;NA
5733;7;6795;Zona de Chorros de Agua para niñ@s en Ciutat Vella;1;Ciutat Vella;Particular;35;SI;NO;0;NO;NA;No aplicable;2023-04-27;NA
5761;7;6823;RECUPERAR EL ANTIGUO ABREVADERO COMO ZONA LuDICA;18;1;Particular;27;SI;SI;222;SI;50000;Sin etiqueta;2023-04-27;NA
20;1;2015-00023;NA;8;Patraix;Persona Fisica;0;No aplicable;NO;0;NO;NA;No aplicable;2023-04-27;NA
25;1;2015-00031;NA;3;Extramurs;Persona Fisica;0;No aplicable;NO;0;NO;NA;No aplicable;2023-04-27;NA
30;1;2015-00036;NA;2;l'Eixample;Persona Fisica;0;No aplicable;NO;0;NO;NA;No aplicable;2023-04-27;NA
74;1;2015-00097;NA;5;la Saidia;Persona Fisica;0;No aplicable;NO;0;NO;NA;No aplicable;2023-04-27;NA
86;1;2015-00114;NA;15;Rascanya;Persona Juridica;0;No aplicable;NO;0;NO;NA;No aplicable;2023-04-27;NA
129;1;2015-00166;NA;14;Benimaclet;Persona Fisica;0;No aplicable;NO;0;NO;NA;No aplicable;2023-04-27;NA
131;1;2015-00168;NA;4;Campanar;Persona Fisica;0;No aplicable;SI;42;NO;NA;No aplicable;2023-04-27;NA
161;1;2015-00198;Mejora de infraestructuras de señalizacion. Ramon de perellos;8;Patraix;Persona Fisica;0;No aplicable;SI;58;SI;1200;No aplicable;2023-04-27;NA
176;1;2015-00218;NA;7;l'Olivereta;Persona Fisica;0;No aplicable;NO;0;NO;NA;No aplicable;2023-04-27;NA
180;1;2015-00222;NA;14;Benimaclet;Persona Fisica;0;No aplicable;SI;34;NO;NA;No aplicable;2023-04-27;NA
201;1;2015-00245;Limitacio acces vehicles al barri del carme;1;Ciutat Vella;Persona Fisica;0;No aplicable;SI;121;SI;148433;No aplicable;2023-04-27;NA
256;1;2015-00306;NA;10;Quatre Carreres;Persona Fisica;0;No aplicable;NO;0;NO;NA;No aplicable;2023-04-27;NA
258;1;2015-00308;NA;11;Poblats Maritims;Persona Fisica;0;No aplicable;NO;0;NO;NA;No aplicable;2023-04-27;NA
271;1;2015-00325;NA;15;Rascanya;Persona Fisica;0;No aplicable;NO;0;NO;NA;No aplicable;2023-04-27;NA
308;1;2015-00367;NA;11;Poblats Maritims;Persona Fisica;0;No aplicable;NO;0;NO;NA;No aplicable;2023-04-27;NA
315;1;2015-00375;NA;4;Campanar;Persona Fisica;0;No aplicable;NO;0;NO;NA;No aplicable;2023-04-27;NA
324;1;2015-00385;NA;1;Ciutat Vella;Persona Fisica;0;No aplicable;NO;0;NO;NA;No aplicable;2023-04-27;NA
330;1;2015-00391;Mejora de infraestructuras de señalizacion en el barrio de malilla;10;Quatre Carreres;Persona Fisica;0;No aplicable;SI;76;SI;4600;No aplicable;2023-04-27;NA
369;1;2015-00432;NA;3;Extramurs;Persona Fisica;0;No aplicable;NO;0;NO;NA;No aplicable;2023-04-27;NA
380;1;2015-00445;NA;8;Patraix;Persona Juridica;0;No aplicable;NO;0;NO;NA;No aplicable;2023-04-27;NA
412;1;2015-00481;NA;15;Rascanya;Persona Juridica;0;No aplicable;NO;0;NO;NA;No aplicable;2023-04-27;NA
432;1;2015-00511;NA;19;Pobles del Sud;Persona Juridica;0;No aplicable;NO;0;NO;NA;No aplicable;2023-04-27;NA
481;1;2015-00574;NA;9;Jesus;Persona Fisica;0;No aplicable;SI;68;NO;NA;No aplicable;2023-04-27;NA
486;1;2015-00580;NA;11;Poblats Maritims;Persona Fisica;0;No aplicable;SI;117;NO;NA;No aplicable;2023-04-27;NA
521;1;2016-00016;Propuesta ayuntamiento. Proyecto acondicionamiento experimental solares municipales en distrito municipal rascanya.;15;Rascanya;Persona Juridica;0;No aplicable;SI;34;SI;60000;No aplicable;2023-04-27;NA
525;1;2016-00020;Propuesta ayuntamiento. Remodelacion instalacion deportiva elemental torrefiel;15;Rascanya;Persona Juridica;0;No aplicable;SI;19;SI;60000;No aplicable;2023-04-27;NA
538;1;2016-00033;NA;7;l'Olivereta;Persona Juridica;0;No aplicable;SI;8;NO;NA;No aplicable;2023-04-27;NA
557;1;2016-00052;NA;15;Rascanya;Persona Juridica;0;No aplicable;SI;14;NO;NA;No aplicable;2023-04-27;NA
561;1;2016-00056;Propuesta ayuntamiento. Rebajes de pasos de peatones en diversas calles de benimamet;18;Pobles de l'Oest;Persona Juridica;0;No aplicable;SI;15;SI;103042;No aplicable;2023-04-27;NA
587;1;2016-00083;Propuesta ayuntamiento. Mejora del aparcamiento de bicicletas;2;l'Eixample;Persona Juridica;0;No aplicable;SI;15;SI;2000;No aplicable;2023-04-27;NA
646;2;27;Peatonalitzacio del Carrer Nador;5;la Saidia;Particular;31;SI;SI;51;NO;230000;No aplicable;2023-04-27;NA
729;2;110;Urbanitzar carrer Xavier Casp;11;Poblats Maritims;Particular;0;NO;NO;0;NO;NA;No aplicable;2023-04-27;NA
754;2;135;Zona azul/naranja CALLE SAN JACINTO (1-18) para eliminar la mafia de gorrillas;3;Extramurs;Particular;2;NO;NO;0;NO;NA;No aplicable;2023-04-27;NA
768;2;149;REHABILITAR EL TINGLADO Nº 2 DE LA MARINA REAL JUANCARLOS I, PUERTO DE VALENCIA;11;Poblats Maritims;Particular;24;NO;NO;0;NO;NA;No aplicable;2023-04-27;NA
799;2;180;Arbolado y adecentado de la zona de La Raiosa;9;Jesus;Particular;3;NO;NO;0;NO;NA;No aplicable;2023-04-27;NA
818;2;199;SEMaFOROS EN CRUCE CAMi CABANYAL-JOSE MARiA DE HARO;11;Poblats Maritims;Particular;11;NO;NO;0;NO;NA;No aplicable;2023-04-27;NA
820;2;201;Desinsectacion general en barrio de Campanar y Sant Pau, y desratizacion.;4;Campanar;Particular;12;NO;NO;0;NO;NA;No aplicable;2023-04-27;NA
915;2;296;Poliesportiu, a Castellar-L’Oliveral.;19;Pobles del Sud;Particular;124;SI;SI;106;NO;280000;No aplicable;2023-04-27;NA
939;2;320;mas aparcamientos y eliminacion gorrillas del Hospital la Salud y limpieza mejor;13;Algiros;Particular;1;NO;NO;0;NO;NA;No aplicable;2023-04-27;NA
940;2;321;INSTALACIoN ACERA FIJA EN CURVA ACTUAL DE BOLARDOS FRENTE CENTRO DiA PERIFERIA;10;Quatre Carreres;Representante GT;8;SI;SI;190;SI;40708;No aplicable;2023-04-27;NA
964;2;345;Instalacion de bancos en calles Ibiza y Rodrigo de Pertegas nº48;12;Camins al Grau;Representante GT;1;SI;SI;222;SI;9100;No aplicable;2023-04-27;NA
984;2;365;Espacio LUDICO ambiental para families,descampado General LLorens/Fdrco. alcacer;16;Benicalap;Particular;5;NO;NO;0;NO;NA;No aplicable;2023-04-27;NA
1004;2;385;Realizacion parque solar calle Benetusser;18;Pobles de l'Oest;Particular;29;NO;NO;0;NO;NA;No aplicable;2023-04-27;NA
1010;2;391;AMPLIACION DEL JARDIN DE AYORA EN LA EXPLANADA DE LA ESTACIoN DE  METRO;12;Camins al Grau;Representante GT;9;SI;NO;0;NO;NA;No aplicable;2023-04-27;NA
1037;2;418;DOTAR DE ILUMNINACIoN LAS PISTAS DEPORTIVAS DEL CEIP CIUDAD DE BOLONIA;8;Patraix;Particular;66;SI;NO;0;NO;NA;No aplicable;2023-04-27;NA
1054;2;435;ADQUISICIo DE MATERIAL INVENTARIABLE PER A CULTURA I FESTES;17;Pobles del Nord;Representante GT;28;SI;NO;0;NO;NA;No aplicable;2023-04-27;NA
1067;2;448;CENTRO CIVICO CAMPANAR;4;Campanar;Representante GT;69;SI;NO;0;NO;NA;No aplicable;2023-04-27;NA
1095;2;476;Parada EMT Ciudad Gran Turia;8;Patraix;Particular;1;NO;NO;0;NO;NA;No aplicable;2023-04-27;NA
1103;2;484;Sanear pavimentos de pistas polideportivas al lado del Palau Velodromo Luis Puig;18;Pobles de l'Oest;Particular;5;NO;NO;0;NO;NA;No aplicable;2023-04-27;NA
1175;2;556;cambio luminarias en la pedania de beniferri;18;Pobles de l'Oest;Particular;2;NO;NO;0;NO;NA;No aplicable;2023-04-27;NA
1185;2;566;Instalacion de paso cebra para acceder al centro  de salud Ambrosio Huici;10;Quatre Carreres;Particular;4;NO;NO;0;NO;NA;No aplicable;2023-04-27;NA
1191;2;572;Asfalto curva calle doctor buen /coronacion (Zona cuevas);18;Pobles de l'Oest;Particular;0;NO;NO;0;NO;NA;No aplicable;2023-04-27;NA
1197;2;578;Construccion de un espacio de talleres colaborativos para los oficios artesanale;1;Ciutat Vella;Particular;29;NO;NO;0;NO;NA;No aplicable;2023-04-27;NA
1254;3;1045;CALMAR VALENCIA : CONTROL TELEMaTICO LIMITADORES DECIBELIOS DE DISCOTECAS, PUBS.;Toda la ciudad;Toda la ciudad;Particular;337;SI;NO;0;NO;NA;No aplicable;2023-04-27;NA
1259;3;1050;MEJORA DE LA ACERA DE BOTaNICO CAVANILLES (PUERTA DE VIVEROS A BLASCO IBAÑEZ);Toda la ciudad;Toda la ciudad;Particular;9;NO;NO;0;NO;NA;No aplicable;2023-04-27;NA
1292;3;1085;REMODELACIoN DE LAS ROTONDAS ADJUNTAS AL PAI DE QUATRE CARRERES;Toda la ciudad;Toda la ciudad;Particular;5;NO;NO;0;NO;NA;No aplicable;2023-04-27;NA
1308;3;1101;CONSTRUCCIoN DE PABELLONES EN EL SOLAR ENTRE LA CALLE TOMaS DE MONTAÑANA Y LEBoN;Toda la ciudad;Toda la ciudad;Particular;268;SI;SI;498;NO;2500000;No aplicable;2023-04-27;NA
1334;3;1127;CONSTRUCCIoN DEL CARRIL BICI EN LA AVENIDA CARDENAL BENLLOCH - EDUARDO BOSCa;Toda la ciudad;Toda la ciudad;Particular;10;NO;NO;0;NO;NA;No aplicable;2023-04-27;NA
1384;3;1177;ELIMINAR EL MINI GOLF DEL PARQUE DE MULTIJUEGOS DEL PALACIO DE CONGRESOS;Toda la ciudad;Toda la ciudad;Particular;1;NO;NO;0;NO;NA;No aplicable;2023-04-27;NA
1401;3;1194;CREACION DE UN AREA DE ESPARCIMIENTO PARA PERROS EN ZONA WAKSMAN;Toda la ciudad;Toda la ciudad;Particular;9;NO;NO;0;NO;NA;No aplicable;2023-04-27;NA
1476;3;1269;PARQUE DE DESEMBOCADURA DEL TURIA EN VALENCIA;Toda la ciudad;Toda la ciudad;Particular;322;SI;NO;0;NO;NA;No aplicable;2023-04-27;NA
1482;3;1275;CENTRO CULTURAL Y DEPORTIVO PARA BARRIOS SANT FRANCESC I EIXAMPLE;Toda la ciudad;Toda la ciudad;Particular;8;NO;NO;0;NO;NA;No aplicable;2023-04-27;NA
1487;3;1280;DEJAR D ENGAÑAR Y REFORMAR EL CABAÑAL;Toda la ciudad;Toda la ciudad;Particular;4;NO;NO;0;NO;NA;No aplicable;2023-04-27;NA
1557;3;1351;"MEJORAR EL RECICLAJE EN TODOS LOS BARRIOS. PROPUESTA DE ""ISLAS ECOLOGICAS"".";Toda la ciudad;Toda la ciudad;Particular;4;NO;NO;0;NO;NA;No aplicable;2023-04-27;NA
1608;3;1404;VOLVER AL ANTERIOR RECORRIDO DE LA LINEA 8 DE LA EMT;Toda la ciudad;Toda la ciudad;Particular;2;NO;NO;0;NO;NA;No aplicable;2023-04-27;NA
1639;3;1435;RECUPERACIoN DEL ACCESO DIRECTO ENTRE BENIMaMET Y PATERNA;Toda la ciudad;Toda la ciudad;Particular;3;NO;NO;0;NO;NA;No aplicable;2023-04-27;NA
1670;3;1466;SOLUCIONAR ATASCOS EN ROTONDAS RONDA NORTE - JUAN XXIII - V30;Toda la ciudad;Toda la ciudad;Particular;7;NO;NO;0;NO;NA;No aplicable;2023-04-27;NA
1720;3;1516;CANCHAS PARA NIÑOS Y NO TAN NIÑOS;Toda la ciudad;Toda la ciudad;Particular;1;NO;NO;0;NO;NA;No aplicable;2023-04-27;NA
1735;3;1531;LiNEA 9 DE LA EMT LLEGUE HASTA EL CAMPUS DE TARONJERS;Toda la ciudad;Toda la ciudad;Particular;1;NO;NO;0;NO;NA;No aplicable;2023-04-27;NA
1748;3;1544;CARRIL BICI AVINGUDA REGNE DE VALeNCIA;Toda la ciudad;Toda la ciudad;Particular;1;NO;NO;0;NO;NA;No aplicable;2023-04-27;NA
1793;4;2022;BAIXAR CARRIL BICI C/ REUS A LA CALÇADA;5;la Saidia;Particular;93;SI;SI;213;NO;100000;No aplicable;2023-04-27;NA
1801;4;2030;REMODELACIoN PARQUE C/ASTURIAS-C/ANDReS MANCEBO;12;Camins al Grau;Particular;10;NO;NO;0;NO;NA;No aplicable;2023-04-27;NA
1809;4;2038;PARQUE DE HUERTA SANT MIQUEL DELS REIS;15;Rascanya;Particular;70;SI;SI;303;SI;264573;No aplicable;2023-04-27;NA
1881;4;2110;AMPLIACIoN DEL CARRIL BICI POR TODA VALENCIA;20;No consta;Particular;3;NO;NO;0;NO;NA;No aplicable;2023-04-27;NA
1885;4;2114;CUIDADO PARQUE DE LA RAMBLETA;9;Jesus;Particular;57;SI;NO;0;NO;NA;No aplicable;2023-04-27;NA
1962;4;2191;MILLORA SISTEMA MEGAFONIA MASSARROJOS;17;6;Particular;32;SI;SI;85;SI;12000;No aplicable;2023-04-27;NA
1963;4;2192;AUMENTO PLAZAS DE APARCAMIENTO, ZONA 30 Y CICLOCALLES EN MONTOLIVET;10;Quatre Carreres;Particular;20;NO;NO;0;NO;NA;No aplicable;2023-04-27;NA
2006;4;2235;CUBIERTA-TOLDO GIGANTE PARA EL ANFITEATRO DEL PARQUE DE BENICALAP;16;Benicalap;Representante GT;0;SI;NO;0;NO;NA;No aplicable;2023-04-27;NA
2031;4;2260;FONT LuDICA;18;1;Particular;22;SI;SI;85;NO;160000;No aplicable;2023-04-27;NA
2054;4;2283;CUBIERTAS EN LA  IDE DE CAMPANAR CALLE SANTA PAULA MONTAL;4;Campanar;Representante GT;0;SI;SI;40;NO;200000;No aplicable;2023-04-27;NA
2085;4;2314;INSTALACIoN DE MaS CONTENEDORES DE RECICLAJE;16;Benicalap;Particular;17;NO;NO;0;NO;NA;No aplicable;2023-04-27;NA
2096;4;2325;PROPOSTA PER A MILLORAR ACCeS DEFICIENT I PERILLoS D'ENTRADA PEDANiA MAUELLA;17;5;Representante GT;0;SI;NO;0;NO;NA;No aplicable;2023-04-27;NA
2128;4;2357;MILLORA DEL TRaNSIT INTERIOR AL NUCLI DE POBLACIo CIRCULACIo PEL PERiMETRE;19;5;Particular;6;NO;NO;0;NO;NA;No aplicable;2023-04-27;NA
2217;4;2446;TANCAT PER A GOSSOS PENiSCOLA-ALFAUIR;15;Rascanya;Particular;39;SI;SI;139;NO;270000;No aplicable;2023-04-27;NA
2241;4;2470;RUIDO DE AVIONES Y CONTAMINACIoN DEL AIRE;8;Patraix;Particular;119;SI;SI;769;SI;140360;No aplicable;2023-04-27;NA
2242;4;2471;ESTACIoN DE MEDICIoN Y PANEL INFORMATIVO DE LA CALIDAD AIRE EN MERCADO RUZAFA;2;l'Eixample;Particular;13;NO;NO;0;NO;NA;No aplicable;2023-04-27;NA
2336;5;3024;RENOVACIo D'ENLLUMENAT PuBLIC EN DIFERENTS BARRIS DE LA CIUTAT;Toda la ciudad;Toda la ciudad;Ayuntamiento;130;NO;NO;0;NO;NA;No aplicable;2023-04-27;NA
2382;5;3070;Recuperar fluidez del trafico rediseñando los carriles bici problematicos;Toda la ciudad;Toda la ciudad;Particular;137;SI;SI;3984;SI;10000;No aplicable;2023-04-27;NA
2399;5;3087;De Benimamet a Valencia andando o en bici;Toda la ciudad;Toda la ciudad;Particular;222;SI;NO;0;NO;NA;No aplicable;2023-04-27;NA
2453;5;3141;RESALTOS EN CALLE LA SERRELLA;Toda la ciudad;Toda la ciudad;Particular;7;NO;NO;0;NO;NA;No aplicable;2023-04-27;NA
2503;5;3191;Fer un altre conservatori de musica;Toda la ciudad;Toda la ciudad;Particular;17;NO;NO;0;NO;NA;No aplicable;2023-04-27;NA
2510;5;3198;Mercado Municipal en el barrio de Malilla;Toda la ciudad;Toda la ciudad;Particular;161;SI;NO;0;NO;NA;No aplicable;2023-04-27;NA
2520;5;3208;PASEO DE PINEDO;Toda la ciudad;Toda la ciudad;Particular;43;NO;NO;0;NO;NA;No aplicable;2023-04-27;NA
2564;5;3252;REORDENACIoN VIARIA DE LA CALLE TRAFALGAR ENTRE LOS NuMEROS 25 Y 47;Toda la ciudad;Toda la ciudad;Particular;117;SI;SI;798;NO;175000;No aplicable;2023-04-27;NA
2567;5;3255;RENOVACIoN COLECCIoN INFANTIL Y JUVENIL DE LA BIBLIOTECA MARiA MOLINER Y TOMaS V;Toda la ciudad;Toda la ciudad;Particular;138;SI;SI;3084;SI;12000;No aplicable;2023-04-27;NA
2586;5;3274;Kiosko y parque en lmediana de Blasco Ibañez a la altura de la plaza de Honduras;Toda la ciudad;Toda la ciudad;Particular;25;NO;NO;0;NO;NA;No aplicable;2023-04-27;NA
2592;5;3280;AMPLIACIoN COMEDOR ESCOLAR COLEGIO PUBLICO MAX AUB;Toda la ciudad;Toda la ciudad;Particular;103;SI;NO;0;NO;NA;No aplicable;2023-04-27;NA
2617;5;3305;#Nou103Solar: Pergolas Fotovoltaicas y Confort Alumnado;Toda la ciudad;Toda la ciudad;Particular;88;NO;NO;0;NO;NA;No aplicable;2023-04-27;NA
2621;5;3309;Arboles en las aceras que miran al Sur;Toda la ciudad;Toda la ciudad;Particular;17;NO;NO;0;NO;NA;No aplicable;2023-04-27;NA
2623;5;3311;Fomentar la habitabilidad de Ciutat Vella;Toda la ciudad;Toda la ciudad;Particular;37;NO;NO;0;NO;NA;No aplicable;2023-04-27;NA
2629;5;3317;jardineras en calle jaca (tramo entre calle alboraya y almassora);Toda la ciudad;Toda la ciudad;Particular;6;NO;NO;0;NO;NA;No aplicable;2023-04-27;NA
2652;5;3340;CARRIL BICI AVDA CAMPANAR;Toda la ciudad;Toda la ciudad;Particular;35;NO;NO;0;NO;NA;No aplicable;2023-04-27;NA
2653;5;3341;Cubierta corredera parque Juan Bautista Pastor (Borboto);Toda la ciudad;Toda la ciudad;Particular;19;NO;NO;0;NO;NA;No aplicable;2023-04-27;NA
2662;5;3350;Canvi de faroles de El Palmar;Toda la ciudad;Toda la ciudad;Particular;28;NO;NO;0;NO;NA;No aplicable;2023-04-27;NA
2666;5;3354;Poner parking para bicicletas en los colegios publicos;Toda la ciudad;Toda la ciudad;Particular;21;NO;NO;0;NO;NA;No aplicable;2023-04-27;NA
2697;5;3385;Parking descampado Carrer Doctor Perez Feliu - Segona Republica;Toda la ciudad;Toda la ciudad;Particular;4;NO;NO;0;NO;NA;No aplicable;2023-04-27;NA
2714;5;3402;CAMBIAR ALUMBRADO PUENTES MONUMENTALES y PAROTET;Toda la ciudad;Toda la ciudad;Particular;11;NO;NO;0;NO;NA;No aplicable;2023-04-27;NA
2758;5;3446;Paso de peatones de Viveros al puente del Real;Toda la ciudad;Toda la ciudad;Particular;8;NO;NO;0;NO;NA;No aplicable;2023-04-27;NA
2835;5;3523;ILUMINACIoN ENTRADA PINEDO V-30;Toda la ciudad;Toda la ciudad;Particular;20;NO;NO;0;NO;NA;No aplicable;2023-04-27;NA
2860;5;3548;Mas seguridad en los colegios de Eixample y Ruzafa / Russafa;Toda la ciudad;Toda la ciudad;Particular;13;NO;NO;0;NO;NA;No aplicable;2023-04-27;NA
2886;5;3575;Renovacion de asfaltado y aceras de la calle Vicent Gallart en el Cabañal;Toda la ciudad;Toda la ciudad;Particular;2;NO;NO;0;NO;NA;No aplicable;2023-04-27;NA
2892;5;3581;Connexio Carpesa amb Valencia, Borbo i Benifaraig;Toda la ciudad;Toda la ciudad;Particular;101;SI;NO;0;NO;NA;No aplicable;2023-04-27;NA
2894;5;3583;RECUPERACIo DEL SoL DEL PAI DE BENIMACLET;Toda la ciudad;Toda la ciudad;Particular;217;SI;NO;0;NO;NA;No aplicable;2023-04-27;NA
2913;5;3602;Creacion de abono cultural con tarifa plana;Toda la ciudad;Toda la ciudad;Particular;8;NO;NO;0;NO;NA;No aplicable;2023-04-27;NA
2949;6;4005;Reforma de calle y construccion de carril bici en C/ Isabel la Catolica;2;l'Eixample;Particular;75;SI;NO;0;NO;NA;No aplicable;2023-04-27;NA
2952;6;4008;Parque Lineal de Primera;18;1;Particular;66;SI;NO;0;NO;NA;No aplicable;2023-04-27;NA
2979;6;4035;REMODELACIoN DEL PARQUE DE NINO BRAVO EN LAS CALLES LeRIDA, SAGUNTO Y PEPITA;5;la Saidia;Particular;169;SI;SI;498;SI;190000;No aplicable;2023-04-27;NA
3062;6;4118;Instal·lacio d'un cartell informatiu a La Punta;10;Quatre Carreres;Particular;6;NO;NO;0;NO;NA;No aplicable;2023-04-27;NA
3108;6;4164;Regularitzacio PAI Maestro Aguilar - Mercat Russafa;2;l'Eixample;Particular;48;SI;NO;0;NO;NA;No aplicable;2023-04-27;NA
3112;6;4168;Transformar l’Alqueria Marti de Benimaclet en un centre cultural;14;Benimaclet;Particular;146;SI;NO;0;NO;NA;No aplicable;2023-04-27;NA
3156;6;4212;Ampliacion del centro de salud;18;1;Particular;65;SI;NO;0;NO;NA;No aplicable;2023-04-27;NA
3167;6;4223;Cubierta para climatizar piscina;19;5;Particular;20;SI;NO;0;NO;NA;No aplicable;2023-04-27;NA
3202;6;4258;Mejora del acceso a la Ciudad Fallera y a Benicalap desde la Ronda Norte;16;Benicalap;Particular;92;SI;NO;0;NO;NA;No aplicable;2023-04-27;NA
3211;6;4267;Finalizar parque Jose Maria de Haro/Cami del Cabanyal;11;Poblats Maritims;Particular;45;SI;NO;0;NO;NA;No aplicable;2023-04-27;NA
3306;6;4362;URBANIZAR APARCAMIENTOS  Y CUBOS DE BASURA EN CALLE ALBAIDA,CHERA,AYORA Y ZONA;8;Patraix;Particular;9;NO;NO;0;NO;NA;No aplicable;2023-04-27;NA
3370;6;4426;CONTROL Y TRATAMIENTO GENERALIZADO DE CUCARACHAS Y PLAGAS;2;l'Eixample;Particular;87;SI;NO;0;NO;NA;No aplicable;2023-04-27;NA
3372;6;4428;? GIMNASIO DE BARRAS ?</;16;Benicalap;Particular;42;SI;SI;347;SI;60000;No aplicable;2023-04-27;NA
3452;6;4508;El campo de minas del Tuset;16;Benicalap;Particular;61;SI;NO;0;NO;NA;No aplicable;2023-04-27;NA
3453;6;4509;Homogeneizar aceras y mobiliario urbano de Ruben Dario;13;Algiros;Particular;37;SI;NO;0;NO;NA;No aplicable;2023-04-27;NA
3470;6;4527;GORRILLAS POR AJARDINAMIENTO;4;Campanar;Particular;26;NO;NO;0;NO;NA;No aplicable;2023-04-27;NA
3474;6;4531;JARDiN BOTaNICO DE LAS ESPECIES DEL MEDITERRaNEO EN PENYAROJA;12;Camins al Grau;Particular;153;SI;NO;0;NO;NA;No aplicable;2023-04-27;NA
3514;6;4571;Paseo peatonal desde la Plaza de Sor Guillermina hasta la calle Rafael Contreras;10;Quatre Carreres;Particular;36;SI;SI;34;NO;328000;No aplicable;2023-04-27;NA
3548;6;4605;Instalacion Contenedor de Pilas Usadas;7;l'Olivereta;Particular;7;NO;NO;0;NO;NA;No aplicable;2023-04-27;NA
3577;6;4634;EQUIPACIoN MoDULO DE ATLETISMO;11;Poblats Maritims;Particular;88;SI;SI;451;SI;92000;No aplicable;2023-04-27;NA
3622;6;4679;Fibra optica, entrada digna al camino de Moncada desde ronda  Nort;17;2;Particular;6;NO;NO;0;NO;NA;No aplicable;2023-04-27;NA
3627;6;4684;Connexio dels Pobles del Sud amb Quatre Carreres;10;Quatre Carreres;Particular;21;NO;NO;0;NO;NA;No aplicable;2023-04-27;NA
3628;6;4685;Biopiscina en la parte trasera de la nueva alcaldia;17;4;Particular;4;NO;NO;0;NO;NA;No aplicable;2023-04-27;NA
3665;6;4723;MOU-TE, CAPACITACIoN I OCI;15;Rascanya;Particular;96;SI;NO;0;NO;NA;No aplicable;2023-04-27;NA
3674;6;4732;Carril bici Avinguda Catalunya;14;Benimaclet;Particular;40;SI;NO;0;NO;NA;No aplicable;2023-04-27;NA
3745;6;4805;"Adecuacion provisional solar Hermanos Fabrilo ""crear aparcamientos""";5;la Saidia;Particular;36;SI;NO;0;NO;NA;No aplicable;2023-04-27;NA
3759;6;4819;REURBANIZACION CALLES EDUARDO BOSCA/CARDENAL BENLLOCH;11;Poblats Maritims;Particular;8;NO;NO;0;NO;NA;No aplicable;2023-04-27;NA
3846;6;4907;Asfalto insonorizante en Ronda Norte;14;Benimaclet;Particular;35;SI;NO;0;NO;NA;No aplicable;2023-04-27;NA
3857;6;4918;Carrillo bici desde avenida Ruiz y comes hasta avenida Antonio ferrandis;19;2;Particular;61;SI;NO;0;NO;NA;No aplicable;2023-04-27;NA
3865;6;4926;Mantenimiento y reparacion pista deportiva y parque;10;Quatre Carreres;Particular;6;NO;NO;0;NO;NA;No aplicable;2023-04-27;NA
3916;6;4978;NUEVO parque para los mas PEQUES en TRES FORQUES con EMILIO LLUCH;8;Patraix;Particular;47;SI;SI;355;NO;150000;No aplicable;2023-04-27;NA
3974;6;5036;Carril bici que conecte Serreria, Tarongers y la playa con la huerta y Alboraia;11;Poblats Maritims;Particular;68;SI;SI;197;NO;453000;No aplicable;2023-04-27;NA
3983;6;5045;Urbanitzacio i condicionament Plaça Libertador Simon Bolivar Malva-rosa (AVV);11;Poblats Maritims;Particular;41;SI;SI;133;NO;270000;No aplicable;2023-04-27;NA
4034;6;5096;Aglomeracion de coches colegio Padre Catala;14;Benimaclet;Particular;14;NO;NO;0;NO;NA;No aplicable;2023-04-27;NA
4108;6;5170;Construccion area de socializacion de perros en Patraix;8;Patraix;Particular;30;SI;SI;242;NO;90000;No aplicable;2023-04-27;NA
4120;6;5182;Seguridad peatonal para puente Aragon;6;el Pla del Real;Particular;8;NO;NO;0;NO;NA;No aplicable;2023-04-27;NA
4141;6;5203;Cambio parada EMT para garanatizar entradas y salidas con seguridad;2;l'Eixample;Particular;75;SI;NO;0;NO;NA;No aplicable;2023-04-27;NA
4162;6;5224;ORDENACIoN DEL APARCAMIENTO EN EL PUEBLO DE EL SALER;19;4;Ayuntamiento en rep. GT;0;SI;NO;0;NO;NA;No aplicable;2023-04-27;NA
4187;6;5249;ELIMINACION DE LAS PASARELAS DE AUSIAS MARCH;10;Quatre Carreres;Particular;4;NO;NO;0;NO;NA;No aplicable;2023-04-27;NA
4188;6;5250;MEJOR CONEXIoN EN BENIMACLET Y MENOS GASOLINERAS;14;Benimaclet;Particular;2;NO;NO;0;NO;NA;No aplicable;2023-04-27;NA
4226;6;5288;Millora dels caixers principals de les sequies de Francs, Marjals i Extremals;10;Quatre Carreres;Particular;57;SI;SI;99;NO;200000;No aplicable;2023-04-27;NA
4232;7;5294;USAR SOLARES VACiOS;10;Quatre Carreres;Particular;87;SI;SI;710;SI;120000;Sin etiqueta;2023-04-27;NA
4257;7;5319;Arreglo parcelas municipales en calle Marie Curie, 13;5;la Saidia;Particular;3;NO;NO;0;NO;NA;No aplicable;2023-04-27;NA
4286;7;5348;Urbanizacion plaza Nicolas Ferrer i Julve;10;Quatre Carreres;Particular;2;NO;NO;0;NO;NA;No aplicable;2023-04-27;NA
4302;7;5364;Vallar els ports;19;5;Particular;18;SI;NO;0;NO;NA;No aplicable;2023-04-27;NA
4381;7;5443;Policia local barrio;10;Quatre Carreres;Particular;14;NO;NO;0;NO;NA;No aplicable;2023-04-27;NA
4384;7;5446;NUEVO PASO DE PEATONES EN C/BLANQUERiAS A LA ALTURA DE LA C/PADRE HUeRFANOS;1;Ciutat Vella;Representante GT;0;SI;NO;0;NO;NA;No aplicable;2023-04-27;NA
4392;7;5454;? PARQUE DE BARRAS-CALISTENIA EN EL RiO (tramo Olivereta);7;l'Olivereta;Particular;32;SI;SI;140;NO;100000;Sin etiqueta;2023-04-27;NA
4431;7;5493;Reconeixement a la CLASSE TREBALLADORA pel seu compromis durant la pandemia;5;la Saidia;Particular;9;NO;NO;0;NO;NA;No aplicable;2023-04-27;NA
4452;7;5514;CARRIL BICI I DE VIANANTS DE CARPESA A VALeNCIA (afegir 1.28km als 160 existent);17;3;Particular;43;SI;NO;0;NO;NA;No aplicable;2023-04-27;NA
4456;7;5518;Vicente Zaragoza - boulevard peatonal con plataforma unica;14;Benimaclet;Particular;41;SI;NO;0;NO;NA;No aplicable;2023-04-27;NA
4465;7;5527;Parking de tierra;19;1;Particular;5;NO;NO;0;NO;NA;No aplicable;2023-04-27;NA
4485;7;5547;Crear linea EMT que conecte con Hospital Peset y Monteolivete;8;Patraix;Particular;19;NO;NO;0;NO;NA;No aplicable;2023-04-27;NA
4518;7;5580;AUMENTAR LA FRECUENCIA DE LA LiNEA 26 EMT CAMi DE MONTCADA;16;Benicalap;Particular;34;SI;NO;0;NO;NA;No aplicable;2023-04-27;NA
4520;7;5582;Propuesta  parque canino zon maritimo;11;Poblats Maritims;Particular;17;NO;NO;0;NO;NA;No aplicable;2023-04-27;NA
4542;7;5604;Bajar altura jardines Dr. Lluch;11;Poblats Maritims;Particular;0;NO;NO;0;NO;NA;No aplicable;2023-04-27;NA
4571;7;5633;Pipican;14;Benimaclet;Particular;12;NO;NO;0;NO;NA;No aplicable;2023-04-27;NA
4598;7;5660;REDUCIR RUIDO CON ASFALTO FONOABSORBENTE CARDENAL BENLLOCH;13;Algiros;Particular;30;SI;SI;126;NO;453094;Sin etiqueta;2023-04-27;NA
4609;7;5671;Plantar arboles en la calle Motilla de Palancar;15;Rascanya;Particular;8;NO;NO;0;NO;NA;No aplicable;2023-04-27;NA
4619;7;5681;AJARDINAMIENTO;7;l'Olivereta;Particular;5;NO;NO;0;NO;NA;No aplicable;2023-04-27;NA
4723;7;5785;Farolas decorativas manzana protegida en Torrefiel;15;Rascanya;Particular;13;NO;NO;0;NO;NA;No aplicable;2023-04-27;NA
4764;7;5826;Sustituir semaforos ambar parpadeante para evitar accidentes;13;Algiros;Particular;6;NO;NO;0;NO;NA;No aplicable;2023-04-27;NA
4781;7;5843;Mas iluminacion en calle Musico Hipolito Martinez y Prudenci Alcon y Mateu;14;Benimaclet;Particular;13;NO;NO;0;NO;NA;No aplicable;2023-04-27;NA
4824;7;5886;Circuito canino agility;19;8;Particular;15;SI;SI;6;NO;45000;Sin etiqueta;2023-04-27;NA
4840;7;5902;Redistribucion zonas verdes Actor Antonio Ferrandis;10;Quatre Carreres;Particular;67;SI;SI;457;SI;271806;Con etiqueta;2023-04-27;NA
4880;7;5942;Parque con equipamiento deportivo de alta intensidad en Germans Fabrilo;5;la Saidia;Particular;6;NO;NO;0;NO;NA;No aplicable;2023-04-27;NA
4881;7;5943;Crear zonas  caninas en Avda. Blasco Ibañez y pasos peatonales para corredores.;13;Algiros;Particular;15;NO;NO;0;NO;NA;No aplicable;2023-04-27;NA
4903;7;5965;via peatonal en zona deportiva Quatre Carreres;10;Quatre Carreres;Particular;34;SI;NO;0;NO;NA;No aplicable;2023-04-27;NA
4905;7;5967;FUENTES AGUA FILTRADA Y REFRIGERADA JUNTO A COLEGIOS BARRI SANT ANTONI;5;la Saidia;Particular;33;SI;SI;324;NO;47720;Sin etiqueta;2023-04-27;NA
4939;7;6001;REORDENAR AV. CONSTITUCION;5;la Saidia;Particular;43;SI;NO;0;NO;NA;No aplicable;2023-04-27;NA
4953;7;6015;Creacion de un local para disfrute vecinal con salas multiusos;19;7;Particular;7;NO;NO;0;NO;NA;No aplicable;2023-04-27;NA
4975;7;6037;Uso publico del solar Av Pio XII 50;4;Campanar;Particular;7;NO;NO;0;NO;NA;No aplicable;2023-04-27;NA
4994;7;6056;Adecuar Barrio Gas Lebon;12;Camins al Grau;Particular;11;NO;NO;0;NO;NA;No aplicable;2023-04-27;NA
4999;7;6061;Reordenar espacios de acera, carril bici y aparcamiento en Beato Nicolas Factor;8;Patraix;Particular;2;NO;NO;0;NO;NA;No aplicable;2023-04-27;NA
5023;7;6085;CUEVAS DE BENIMAMET EN LA MEMORIA;18;1;Particular;18;SI;SI;192;SI;10000;Con etiqueta;2023-04-27;NA
5027;7;6089;Acera accesible para personas con discapacidad en la C/ Entrada de Ponce;10;Quatre Carreres;Particular;24;NO;NO;0;NO;NA;No aplicable;2023-04-27;NA
5055;7;6117;Zona de socializacion canina;18;2;Representante GT;0;SI;NO;0;NO;NA;No aplicable;2023-04-27;NA
5085;7;6147;Reinventar cabinas telefonicas;1;Ciutat Vella;Particular;2;NO;NO;0;NO;NA;No aplicable;2023-04-27;NA
5122;7;6184;Alumbrado Inexistente, Aislamiento de un barrio, Linea 28 con problemas..;16;Benicalap;Particular;35;SI;SI;547;SI;176851;Sin etiqueta;2023-04-27;NA
5235;7;6297;MEJORAS EN CARRIL BICI;12;Camins al Grau;Representante GT;0;SI;SI;151;NO;300000;Sin etiqueta;2023-04-27;NA
5251;7;6313;Instalacion de pantallas acusticas en la carretera del Saler.;10;Quatre Carreres;Particular;3;NO;NO;0;NO;NA;No aplicable;2023-04-27;NA
5261;7;6323;Soterrar contenedores Avenida Burjassot;16;Benicalap;Particular;12;NO;NO;0;NO;NA;No aplicable;2023-04-27;NA
5330;7;6392;Ampliacion Centro Municipal de Juventud Ciutat Vella;1;Ciutat Vella;Particular;35;SI;SI;120;NO;157000;Sin etiqueta;2023-04-27;NA
5343;7;6405;Libros nuevos para la biblioteca;19;7;Particular;6;NO;NO;0;NO;NA;No aplicable;2023-04-27;NA
5400;7;6462;Cambio de parada Linea 9;19;1;Particular;19;SI;NO;0;NO;NA;No aplicable;2023-04-27;NA
5402;7;6464;Remodelar plaza Profesor Lopez Ibor (antes Grup Parpallo);4;Campanar;Particular;48;SI;NO;0;NO;NA;No aplicable;2023-04-27;NA
5417;7;6479;Eliminar bicicletas y patinetes de las aceras;7;l'Olivereta;Particular;10;NO;NO;0;NO;NA;No aplicable;2023-04-27;NA
5490;7;6552;Remodelacion Pergola Enrique Granados;8;Patraix;Representante GT;0;SI;SI;425;SI;100000;Sin etiqueta;2023-04-27;NA
5492;7;6554;MEDIANA ARBOLADA ENTRE MAESTRO RODRIGO 105 Y ROTONDA GENERAL AVILeS;4;Campanar;Particular;14;NO;NO;0;NO;NA;No aplicable;2023-04-27;NA
5494;7;6556;Ciber Espai Russafa;2;l'Eixample;Representante GT;0;SI;SI;245;NO;50000;Sin etiqueta;2023-04-27;NA
5497;7;6559;Pergola fotovoltaica en Parque Manuel Granero;2;l'Eixample;Representante GT;0;SI;NO;0;NO;NA;No aplicable;2023-04-27;NA
5506;7;6568;APARCAMIENTO Y ZONA AJARDINADA/RECREATIVA EN SOLARES DE AVDA. HERMANOS MACHADO;15;Rascanya;Particular;64;SI;NO;0;NO;NA;No aplicable;2023-04-27;NA
5508;7;6570;PERGOLAS FOTOVOLTAICAS EN LA EXPLANADA SOBRE LA ESTACIoN DE METRO AYORA;12;Camins al Grau;Particular;41;SI;NO;0;NO;NA;No aplicable;2023-04-27;NA
5583;7;6645;Revitalitzacio del carrer Veneçuela / Revitalizacion de la calle Venezuela;8;Patraix;Particular;9;NO;NO;0;NO;NA;No aplicable;2023-04-27;NA
5591;7;6653;HABILITAR ZONA PARA ENTRENAMIENTO EN JARDiN DE AYORA;13;Algiros;Particular;11;NO;NO;0;NO;NA;No aplicable;2023-04-27;NA
5616;7;6678;INSTALACIoN DE FUENTES DE AGUA FILTRADA Y REFRIGERADA;3;Extramurs;Particular;8;NO;NO;0;NO;NA;No aplicable;2023-04-27;NA
5625;7;6687;TRASLADO CANCHAS DE BALONCESTO (IDE TORREFIEL B) A SOLAR AV. HERMANOS MACHADO;15;Rascanya;Particular;38;SI;NO;0;NO;NA;No aplicable;2023-04-27;NA
5647;7;6709;CASETAS PARA GATOS;19;5;Particular;20;SI;SI;18;NO;NA;Sin etiqueta;2023-04-27;NA
5686;7;6748;MEJORA DE LA SEGURIDAD VIAL EN AV. CORTS VALENCIANA;4;Campanar;Particular;34;SI;NO;0;NO;NA;No aplicable;2023-04-27;NA
5689;7;6751;Ampliar y renovar el parque infantil de Guillem de Castro - Beneficiencia;1;Ciutat Vella;Particular;39;SI;SI;230;SI;155423;Con etiqueta;2023-04-27;NA
5709;7;6771;REMODELAR Y ACTUALIZAR EL PARQUE  PEDAGOGO PESTALOZZI;10;Quatre Carreres;Particular;21;NO;NO;0;NO;NA;No aplicable;2023-04-27;NA
5731;7;6793;CENTRO CiVICO POLIVALENTE BARRIO CAMi REAL;8;Patraix;Particular;4;NO;NO;0;NO;NA;No aplicable;2023-04-27;NA
5750;7;6812;Placas solares en el tejado del colegio + Comunidad energetica;19;7;Particular;7;NO;NO;0;NO;NA;No aplicable;2023-04-27;NA
5765;7;6827;Restituir pantallas de farolas tras cambio a led;14;Benimaclet;Particular;7;NO;NO;0;NO;NA;No aplicable;2023-04-27;NA
5770;7;6832;Passeig per l'Horta de Carpesa;17;3;Particular;30;SI;NO;0;NO;NA;No aplicable;2023-04-27;NA
5771;7;6833;GRAO - NuCLEO HISToRICO;11;Poblats Maritims;Particular;3;NO;NO;0;NO;NA;No aplicable;2023-04-27;NA
5781;7;6843;Repavimentacion calzada Entrada casa Cachondo;19;2;Ayuntamiento;0;SI;SI;24;NO;30186;Sin etiqueta;2023-04-27;NA
5786;7;6848;Repavimentacion calzada C/ Jesuset de l´Hort;19;5;Ayuntamiento;0;SI;SI;3;NO;39795;Sin etiqueta;2023-04-27;NA
3;1;2015-00004;Acondicionamiento parc municipal;17;Pobles del Nord;Persona Fisica;0;No aplicable;SI;112;SI;60500;No aplicable;2023-04-27;NA
109;1;2015-00143;NA;14;Benimaclet;Persona Fisica;0;No aplicable;NO;0;NO;NA;No aplicable;2023-04-27;NA
167;1;2015-00208;NA;5;la Saidia;Persona Fisica;0;No aplicable;NO;0;NO;NA;No aplicable;2023-04-27;NA
172;1;2015-00214;Actuacio sobre el solar d'ampliacio del ceip max aub;5;la Saidia;Persona Juridica;0;No aplicable;SI;221;SI;180000;No aplicable;2023-04-27;NA
244;1;2015-00293;NA;5;la Saidia;Persona Fisica;0;No aplicable;NO;0;NO;NA;No aplicable;2023-04-27;NA
259;1;2015-00309;NA;7;l'Olivereta;Persona Juridica;0;No aplicable;NO;0;NO;NA;No aplicable;2023-04-27;NA
264;1;2015-00314;NA;12;Camins al Grau;Persona Fisica;0;No aplicable;SI;5;NO;NA;No aplicable;2023-04-27;NA
277;1;2015-00333;NA;4;Campanar;Persona Fisica;0;No aplicable;SI;11;NO;NA;No aplicable;2023-04-27;NA
278;1;2015-00334;NA;8;Patraix;Persona Fisica;0;No aplicable;NO;0;NO;NA;No aplicable;2023-04-27;NA
316;1;2015-00377;NA;11;Poblats Maritims;Persona Juridica;0;No aplicable;NO;0;NO;NA;No aplicable;2023-04-27;NA
326;1;2015-00387;NA;10;Quatre Carreres;Persona Fisica;0;No aplicable;NO;0;NO;NA;No aplicable;2023-04-27;NA
334;1;2015-00395;NA;14;Benimaclet;Persona Fisica;0;No aplicable;SI;15;NO;NA;No aplicable;2023-04-27;NA
364;1;2015-00427;NA;3;Extramurs;Persona Fisica;0;No aplicable;NO;0;NO;NA;No aplicable;2023-04-27;NA
365;1;2015-00428;NA;4;Campanar;Persona Fisica;0;No aplicable;NO;0;NO;NA;No aplicable;2023-04-27;NA
378;1;2015-00443;Adecuacion solar c/pio xi;8;Patraix;Persona Juridica;0;No aplicable;SI;97;SI;40000;No aplicable;2023-04-27;NA
402;1;2015-00469;Adecuacion de la calle campos crespo 1-36;8;Patraix;Persona Juridica;0;No aplicable;SI;119;SI;50837;No aplicable;2023-04-27;NA
410;1;2015-00479;Condicionament de parcs per castellar-l´oliveral;19;Pobles del Sud;Persona Juridica;0;No aplicable;SI;148;SI;140000;No aplicable;2023-04-27;NA
419;1;2015-00489;Mejora de accesibilidad en la isleta del cruce de la carrera malilla con la ronda sur;10;Quatre Carreres;Persona Fisica;0;No aplicable;SI;60;SI;30157;No aplicable;2023-04-27;NA
425;1;2015-00496;NA;19;Pobles del Sud;Persona Juridica;0;No aplicable;NO;0;NO;NA;No aplicable;2023-04-27;NA
477;1;2015-00570;NA;7;l'Olivereta;Persona Juridica;0;No aplicable;NO;0;NO;NA;No aplicable;2023-04-27;NA
530;1;2016-00025;NA;7;l'Olivereta;Persona Juridica;0;No aplicable;SI;3;NO;NA;No aplicable;2023-04-27;NA
553;1;2016-00048;NA;7;l'Olivereta;Persona Juridica;0;No aplicable;SI;10;NO;NA;No aplicable;2023-04-27;NA
556;1;2016-00051;NA;2;l'Eixample;Persona Juridica;0;No aplicable;SI;1;NO;NA;No aplicable;2023-04-27;NA
569;1;2016-00064;NA;7;l'Olivereta;Persona Juridica;0;No aplicable;SI;5;NO;NA;No aplicable;2023-04-27;NA
571;1;2016-00066;Propuesta ayuntamiento. Mejora de la accesibilidad en paradas del transporte urbano de pobles de l'oest;18;Pobles de l'Oest;Persona Juridica;0;No aplicable;SI;11;SI;45000;No aplicable;2023-04-27;NA
574;1;2016-00069;NA;6;el Pla del Real;Persona Juridica;0;No aplicable;SI;5;NO;NA;No aplicable;2023-04-27;NA
603;1;2016-00099;Propuesta ayuntamiento. Mejora del aparcamiento de bicicletas;15;Rascanya;Persona Juridica;0;No aplicable;SI;4;SI;2000;No aplicable;2023-04-27;NA
618;1;2016-00114;Propuesta ayuntamiento. Mejora del aparcamiento de bicicletas;13;Algiros;Persona Juridica;0;No aplicable;SI;29;SI;2000;No aplicable;2023-04-27;NA
643;2;24;Ajardinamiento solar entre las calles Ruben Dario y Palancia;6;el Pla del Real;Representante GT;295;SI;SI;416;SI;242038;No aplicable;2023-04-27;NA
678;2;59;La Saidia: Desinfestar de cucarachas y ratas / Desinfestar de paneroles i rates;5;la Saidia;Particular;21;NO;NO;0;NO;NA;No aplicable;2023-04-27;NA
688;2;69;minicampo de futbol;11;Poblats Maritims;Particular;4;NO;NO;0;NO;NA;No aplicable;2023-04-27;NA
727;2;108;Acondicionamiento para uso deportivo solar municipal Calle Reina Violante;4;Campanar;Particular;47;SI;NO;0;NO;NA;No aplicable;2023-04-27;NA
783;2;164;Reparacion de la red de acequias en la zona de Font de San Luis y En Corts;10;Quatre Carreres;Particular;6;NO;NO;0;NO;NA;No aplicable;2023-04-27;NA
821;2;202;PEATONALIZAR LA CALLE TURIA (DESDE BORRULL A LEPANTO) - Ahora hay aceras de 70cm;3;Extramurs;Particular;48;SI;SI;129;NO;95000;No aplicable;2023-04-27;NA
875;2;256;MASSARROJOS. Ajardinament entrada al poble pel Cami Fondo;17;Pobles del Nord;Particular;49;SI;NO;0;NO;NA;No aplicable;2023-04-27;NA
877;2;258;HUERTOS URBANOS DE TORREFIEL;15;Rascanya;Particular;39;SI;NO;0;NO;NA;No aplicable;2023-04-27;NA
968;2;349;CORREDOR PEATONAL ENTRE LA PLAZA NUEVA DE LA IGLESIA Y LA AV. BURJASSOT;16;Benicalap;Representante GT;8;SI;SI;138;NO;62000;No aplicable;2023-04-27;NA
975;2;356;REMODELACIO VORERES Cases de Barcena;17;Pobles del Nord;Representante GT;11;SI;NO;0;NO;NA;No aplicable;2023-04-27;NA
998;2;379;CARRIL BICI CONTINUACION DEL CAMINO DE MONCADA;15;Rascanya;Representante GT;93;SI;NO;0;NO;NA;No aplicable;2023-04-27;NA
1021;2;402;Jardi plaça Enrique Rambal;13;Algiros;Particular;15;NO;NO;0;NO;NA;No aplicable;2023-04-27;NA
1073;2;454;Vorera a la Avda. Del Palmaret i semafors de limiacio de velocitat;17;Pobles del Nord;Particular;8;NO;NO;0;NO;NA;No aplicable;2023-04-27;NA
1086;2;467;Pistas delortivas ,baloncesto,fotbool..solar calatraba o solar pe?etes;13;Algiros;Particular;1;NO;NO;0;NO;NA;No aplicable;2023-04-27;NA
1097;2;478;ACONDICIONAR DESCAMPADO DETRAS DE LA ZONA DE ESCULTOR JOSE CAPUZ N9;10;Quatre Carreres;Particular;7;NO;NO;0;NO;NA;No aplicable;2023-04-27;NA
1111;2;492;Carril Bici en Calle Doctor Manuel Candela;12;Camins al Grau;Particular;28;NO;NO;0;NO;NA;No aplicable;2023-04-27;NA
1117;2;498;HABILITAR JARDiN CON aRBOLES ENTRE CAMPOS CRESPO_RAMoN DE PERELLoS_VICENTE PARRA;8;Patraix;Representante GT;8;SI;SI;407;NO;60000;No aplicable;2023-04-27;NA
1160;2;541;"Rehabilitacion de la casa monster"" y creacion de un centro civico""";12;Camins al Grau;Particular;19;NO;NO;0;NO;NA;No aplicable;2023-04-27;NA
1182;2;563;Adecuacio de l'escola de Benifaraig per l'us dels xiques de Benifaraig;17;Pobles del Nord;Particular;4;NO;NO;0;NO;NA;No aplicable;2023-04-27;NA
1227;3;1017;PARQUE EN EL SOLAR DEL PINO HISToRICO DE CAMPANAR Y PROTECCIoN ACuSTICA;Toda la ciudad;Toda la ciudad;Particular;86;NO;NO;0;NO;NA;No aplicable;2023-04-27;NA
1246;3;1037;URBANIZACIoN AVENIDA CONSTITUCIoN EN ORRIOLS;Toda la ciudad;Toda la ciudad;Particular;9;NO;NO;0;NO;NA;No aplicable;2023-04-27;NA
1251;3;1042;URBANIZACIoN Y PASO DE PEATONES EN ESQUINA MANUEL IRANZO/PIZARRO (LA TORRE);Toda la ciudad;Toda la ciudad;Particular;11;NO;NO;0;NO;NA;No aplicable;2023-04-27;NA
1279;3;1072;PEATONALIZAR LA PLAZA SANTA MoNICA;Toda la ciudad;Toda la ciudad;Particular;14;NO;NO;0;NO;NA;No aplicable;2023-04-27;NA
1281;3;1074;IMPLANTACIoN TARJETA CIUDADANA;Toda la ciudad;Toda la ciudad;Particular;206;SI;NO;0;NO;NA;No aplicable;2023-04-27;NA
1297;3;1090;SOFTWARE LIBRE EN EL AYUNTAMIENTO;Toda la ciudad;Toda la ciudad;Particular;15;NO;NO;0;NO;NA;No aplicable;2023-04-27;NA
1315;3;1108;PEATONALIZACIoN Y MEJORAS EN EL ENTORNO DEL MERCADO DE ALGIRoS.;Toda la ciudad;Toda la ciudad;Particular;7;NO;NO;0;NO;NA;No aplicable;2023-04-27;NA
1333;3;1126;ASFALTADO APARCAMIENTO SOLAR RODRIGO DE PERTEGAS, SIETE AGUAS, ISLAS CANARIAS;Toda la ciudad;Toda la ciudad;Particular;6;NO;NO;0;NO;NA;No aplicable;2023-04-27;NA
1357;3;1150;UNA VALENCIA MaS VERDE;Toda la ciudad;Toda la ciudad;Particular;174;SI;SI;3181;SI;2100000;No aplicable;2023-04-27;NA
1365;3;1158;CONTROL DE ACCESO CON BOLARDOS ABATIBLES PARA CIUTAT VELLA;Toda la ciudad;Toda la ciudad;Particular;7;NO;NO;0;NO;NA;No aplicable;2023-04-27;NA
1393;3;1186;LIMPIEZA DE SOLARES EN EL DISTRITO ZAIDIA Y UTILIZACIoN COMO HUERTOS URBANOS.;Toda la ciudad;Toda la ciudad;Particular;12;NO;NO;0;NO;NA;No aplicable;2023-04-27;NA
1497;3;1290;DOBLE SENTIDO PARA AUTOMoVILES EN C/ CIUTAT DE MISLATA;Toda la ciudad;Toda la ciudad;Particular;12;NO;NO;0;NO;NA;No aplicable;2023-04-27;NA
1536;3;1329;URBANIZAR SOLAR JUNTO A CALLE MARINA BAIXA EN CAMPANAR;Toda la ciudad;Toda la ciudad;Particular;25;NO;NO;0;NO;NA;No aplicable;2023-04-27;NA
1542;3;1336;INSONORIZACIoN TuNEL PEATONAL ENTRE GV RAMoN Y CAJAL Y GV GERMANIAS.;Toda la ciudad;Toda la ciudad;Particular;3;NO;NO;0;NO;NA;No aplicable;2023-04-27;NA
1549;3;1343;SOLUCIoN A LA ISLETA DE LA CALLE AGULLENT;Toda la ciudad;Toda la ciudad;Particular;8;NO;NO;0;NO;NA;No aplicable;2023-04-27;NA
1582;3;1378;APARCA BICIS CALLE MISSER MASCO 42 46010 VALENCIA;Toda la ciudad;Toda la ciudad;Particular;1;NO;NO;0;NO;NA;No aplicable;2023-04-27;NA
1584;3;1380;AMPLIACIoN DE LINEA DE AUTOBUS AL CEMENTERIO;Toda la ciudad;Toda la ciudad;Particular;4;NO;NO;0;NO;NA;No aplicable;2023-04-27;NA
1595;3;1391;NO HACER PEATONAL LA PLAZA DEL AYUNTAMIENTO;Toda la ciudad;Toda la ciudad;Particular;4;NO;NO;0;NO;NA;No aplicable;2023-04-27;NA
1624;3;1420;AUDITORIO EN CAMPANAR;Toda la ciudad;Toda la ciudad;Particular;28;NO;NO;0;NO;NA;No aplicable;2023-04-27;NA
1672;3;1468;ESPORT A CIUTAT VELLA APROFITANT L'uS DEL PATI DE L'IES EL CARMEN;Toda la ciudad;Toda la ciudad;Particular;13;NO;NO;0;NO;NA;No aplicable;2023-04-27;NA
1699;3;1495;DESTINAR UN LOCAL PARA ESPAI DE LES DONES;Toda la ciudad;Toda la ciudad;Particular;5;NO;NO;0;NO;NA;No aplicable;2023-04-27;NA
1731;3;1527;REHABILITACIoN ALQUERiAS DE CAMPANAR PARA USO PuBLICO CiVICO-CULTURAL;Toda la ciudad;Toda la ciudad;Particular;264;SI;NO;0;NO;NA;No aplicable;2023-04-27;NA
1762;3;1558;JARDIN EN ZONA VERDE AVENIDA MANUEL COLOMER MARCO;Toda la ciudad;Toda la ciudad;Particular;1;NO;NO;0;NO;NA;No aplicable;2023-04-27;NA
1891;4;2120;URBANIZACIoN DE LA PLAZA DEL MuSICO MORENO EIXIMENO;11;Poblats Maritims;Particular;13;NO;NO;0;NO;NA;No aplicable;2023-04-27;NA
1898;4;2127;MEJORA DEL JARDiN ESCRIPTOR JOSe MARTI;19;1;Particular;23;SI;NO;0;NO;NA;No aplicable;2023-04-27;NA
1989;4;2218;UNA NUEVA BIBLIOTECA PARA EL BARRIO DE LA RAiOSA;9;Jesus;Particular;44;SI;NO;0;NO;NA;No aplicable;2023-04-27;NA
2019;4;2248;WIFI PARA TODOS;20;No consta;Particular;5;NO;NO;0;NO;NA;No aplicable;2023-04-27;NA
2035;4;2264;EQUIPOS INFORMaTICOS COMPLETOS PARA LA ALCALDIA;19;3;Particular;16;SI;SI;37;SI;5985;No aplicable;2023-04-27;NA
2044;4;2273;PLANTACIo D'ARBRES EN CARRERS RAMoN PAYa, ALFONSO ROIG I ASPIROZ (MASSARROJOS);17;6;Particular;8;NO;NO;0;NO;NA;No aplicable;2023-04-27;NA
2098;4;2327;CALZADA LEVANTADA EN LA AVENIDA ARAGoN;6;el Pla del Real;Representante GT;0;SI;SI;28;NO;274385;No aplicable;2023-04-27;NA
2173;4;2402;PATRIMONIO AGRiCOLA, FAITANAR;19;8;Particular;19;SI;NO;0;NO;NA;No aplicable;2023-04-27;NA
2186;4;2415;AJARDINAR EL ESPACIO DE LA CALLE ISMAEL MERLO JUNTO AL CENTRO DE SALUD;15;Rascanya;Particular;4;NO;NO;0;NO;NA;No aplicable;2023-04-27;NA
2201;4;2430;CENTRO JUVENIL BARRIO DE LA TORRE-FAITANAR;19;7;Particular;42;SI;SI;52;NO;73049;No aplicable;2023-04-27;NA
2221;4;2450;CARRIL BICI CARRER DE YECLA I DE XILE;20;No consta;Particular;9;NO;NO;0;NO;NA;No aplicable;2023-04-27;NA
2298;4;2527;ACABAR EL CARRIL BICI DE LA CALLE SAN VICENTE Y CONECTARLO CON EL OTRO TRAMO;3;Extramurs;Particular;76;SI;SI;206;NO;240000;No aplicable;2023-04-27;NA
2299;4;2528;ASFALTADO CALLES DE LA DEVESA;19;4;Particular;44;SI;SI;20;NO;30117;No aplicable;2023-04-27;NA
2305;4;2534;CREACIo D’UN ESPAI COMUNAL PER AL BARRI DE TRES CREUS;7;l'Olivereta;Particular;10;NO;NO;0;NO;NA;No aplicable;2023-04-27;NA
2338;5;3026;Peatonalizar Calle Colon para siempre;Toda la ciudad;Toda la ciudad;Particular;157;SI;SI;3760;SI;18000;No aplicable;2023-04-27;NA
2348;5;3036;Arreglar jardin calle Alboraya-Poeta Bodria;Toda la ciudad;Toda la ciudad;Particular;153;SI;SI;1983;NO;75000;No aplicable;2023-04-27;NA
2361;5;3049;Calle del Padre Alegre Peatonal;Toda la ciudad;Toda la ciudad;Particular;29;NO;NO;0;NO;NA;No aplicable;2023-04-27;NA
2367;5;3055;Devolver la explanada del mercado del Cabañal a las personas;Toda la ciudad;Toda la ciudad;Particular;50;NO;NO;0;NO;NA;No aplicable;2023-04-27;NA
2371;5;3059;AUSIAS MARCH;Toda la ciudad;Toda la ciudad;Particular;63;NO;NO;0;NO;NA;No aplicable;2023-04-27;NA
2469;5;3157;Nuevo paso de peatones en Calle Pintor Benedito;Toda la ciudad;Toda la ciudad;Particular;6;NO;NO;0;NO;NA;No aplicable;2023-04-27;NA
2487;5;3175;Carril bici calle Fausto Elio;Toda la ciudad;Toda la ciudad;Particular;50;NO;NO;0;NO;NA;No aplicable;2023-04-27;NA
2508;5;3196;Carril Bici Avda del CID;Toda la ciudad;Toda la ciudad;Particular;108;SI;SI;2613;SI;400000;No aplicable;2023-04-27;NA
2535;5;3223;Mejoras Plaza Nueva de la Iglesia Benicalap;Toda la ciudad;Toda la ciudad;Particular;28;NO;NO;0;NO;NA;No aplicable;2023-04-27;NA
2620;5;3308;Bajar a la calzada el carril bici de TODA la Avenida del Puerto;Toda la ciudad;Toda la ciudad;Particular;104;SI;SI;2295;NO;1500000;No aplicable;2023-04-27;NA
2632;5;3320;Ampliacion del parque de Tabacalera;Toda la ciudad;Toda la ciudad;Particular;119;SI;NO;0;NO;NA;No aplicable;2023-04-27;NA
2646;5;3334;Mejora de iluminacion;Toda la ciudad;Toda la ciudad;Particular;16;NO;NO;0;NO;NA;No aplicable;2023-04-27;NA
2657;5;3345;Barrio MONTEOLIVETE - Mejoras;Toda la ciudad;Toda la ciudad;Particular;38;NO;NO;0;NO;NA;No aplicable;2023-04-27;NA
2680;5;3368;Peatonalizar Plaza Xuquer;Toda la ciudad;Toda la ciudad;Particular;28;NO;NO;0;NO;NA;No aplicable;2023-04-27;NA
2682;5;3370;Reurbanitzacio i millora de vials als Pobles de Valencia;Toda la ciudad;Toda la ciudad;Particular;197;SI;SI;1102;NO;2285860;No aplicable;2023-04-27;NA
2727;5;3415;NO A LA GASOLINERA JUNTO AL MAYOR CENTRO DE REHAB. INFANTIL DE LA COM.VALENCIANA;Toda la ciudad;Toda la ciudad;Particular;40;NO;NO;0;NO;NA;No aplicable;2023-04-27;NA
2755;5;3443;Adequacio de solar entre C/ Diputada Clara Campor i C/ Peniscola (RASCANYA);Toda la ciudad;Toda la ciudad;Particular;14;NO;NO;0;NO;NA;No aplicable;2023-04-27;NA
2757;5;3445;Sistema de aguas grises y negras;Toda la ciudad;Toda la ciudad;Particular;15;NO;NO;0;NO;NA;No aplicable;2023-04-27;NA
2787;5;3475;Las personas primero;Toda la ciudad;Toda la ciudad;Particular;9;NO;NO;0;NO;NA;No aplicable;2023-04-27;NA
2817;5;3505;Creacion zona socializacion perros en el cauce del Rio Turia;Toda la ciudad;Toda la ciudad;Particular;6;NO;NO;0;NO;NA;No aplicable;2023-04-27;NA
2884;5;3573;Mejora Iluminacion Jardin Llombai (junto Mercado Castilla);Toda la ciudad;Toda la ciudad;Particular;18;NO;NO;0;NO;NA;No aplicable;2023-04-27;NA
2915;5;3604;ORDENACIoN DEL APARCAMIENTO EN EL PUEBLO DE EL SALER;Toda la ciudad;Toda la ciudad;Particular;44;NO;NO;0;NO;NA;No aplicable;2023-04-27;NA
2963;6;4019;Cargadores coches electricos;2;l'Eixample;Particular;39;SI;NO;0;NO;NA;No aplicable;2023-04-27;NA
2970;6;4026;Remodelacio Parc Infantil carrer Aspiroz;17;6;Particular;35;SI;SI;72;SI;115000;No aplicable;2023-04-27;NA
2977;6;4033;Elaboracion de proyecto viable para centro de dia en Benimamet.;18;1;Particular;76;SI;NO;0;NO;NA;No aplicable;2023-04-27;NA
3017;6;4073;URBANIZACION CALLE SERPIS;13;Algiros;Particular;41;SI;NO;0;NO;NA;No aplicable;2023-04-27;NA
3028;6;4084;Paso de peatones de Viveros al Puente del Real;6;el Pla del Real;Particular;69;SI;NO;0;NO;NA;No aplicable;2023-04-27;NA
3033;6;4089;Semaforos nuevos y plazas de minusvalidos para Cami Fondo;12;Camins al Grau;Particular;11;NO;NO;0;NO;NA;No aplicable;2023-04-27;NA
3056;6;4112;Ampliar aceras en Ramiro de Maeztu y aplicar mantenimiento al carril bici;12;Camins al Grau;Particular;69;SI;NO;0;NO;NA;No aplicable;2023-04-27;NA
3200;6;4256;Parque de Mafalda;14;Benimaclet;Particular;50;SI;SI;91;NO;155000;No aplicable;2023-04-27;NA
3205;6;4261;Arbolado, carril bici y soterramiento de contenedores;9;Jesus;Particular;39;SI;SI;426;SI;130000;No aplicable;2023-04-27;NA
3265;6;4321;"Modificar nomenclatura Av./ Suecia por AV./ DON BERNARDO ESPAÑA EDO ""ESPAÑETA""";6;el Pla del Real;Particular;9;NO;NO;0;NO;NA;No aplicable;2023-04-27;NA
3271;6;4327;Paso peatonal hacia los colegios Pablo Neruda y Colegio Jardin con  iluminacion;10;Quatre Carreres;Particular;35;SI;NO;0;NO;NA;No aplicable;2023-04-27;NA
3276;6;4332;Trataminento de alcorques;2;l'Eixample;Particular;35;SI;NO;0;NO;NA;No aplicable;2023-04-27;NA
3288;6;4344;CARRIL BICI Y PEATONALIZACIoN DEL CAMINO VIEJO DE LOS HORNOS;17;6;Particular;36;SI;NO;0;NO;NA;No aplicable;2023-04-27;NA
3328;6;4384;Peatonalitzar carrer del Padre Alegre;14;Benimaclet;Particular;113;SI;NO;0;NO;NA;No aplicable;2023-04-27;NA
3363;6;4419;AMPLIACIoN DE LA ACERA CALLE JOAQUIN BALLESTER IMPARES CRUCE AVDA BURJASSOT.;4;Campanar;Particular;37;SI;SI;58;NO;248000;No aplicable;2023-04-27;NA
3389;6;4445;Creacion de mas plazas de aparcamiento de carga y descarga;14;Benimaclet;Particular;3;NO;NO;0;NO;NA;No aplicable;2023-04-27;NA
3391;6;4447;ARREGLAR EL TRaNSIT I EL CARRIL BICI AL CARRER RAMIRO DE MAEZTU;12;Camins al Grau;Particular;34;SI;NO;0;NO;NA;No aplicable;2023-04-27;NA
3405;6;4461;Inundaciones detras iglesia de Beniferri;18;2;Particular;19;SI;NO;0;NO;NA;No aplicable;2023-04-27;NA
3428;6;4484;REMODELAR LA VORERA DE MAURO GUILEM AMB VALL DE LAGUAR;5;la Saidia;Particular;39;SI;NO;0;NO;NA;No aplicable;2023-04-27;NA
3446;6;4502;REHABILITACIoN ALQUERiA DEL TENIS EN PENYAROJA;12;Camins al Grau;Particular;122;SI;SI;454;SI;50000;No aplicable;2023-04-27;NA
3480;6;4537;Carril bici en la calle Montesa hasta la parada de metro de Safranar;8;Patraix;Particular;45;SI;NO;0;NO;NA;No aplicable;2023-04-27;NA
3511;6;4568;CONTROL DE PLAGAS (RATAS) EN AVENIDA ALCALDE REIG Y AV REINO DE VALENCIA;2;l'Eixample;Particular;27;NO;NO;0;NO;NA;No aplicable;2023-04-27;NA
3522;6;4579;PANELES ACuSTICOS CONTRA LA CONTAMINACIoN;16;Benicalap;Particular;24;NO;NO;0;NO;NA;No aplicable;2023-04-27;NA
3525;6;4582;Aumentar tamaño de la acera C/ Manuela Estelles del 1 al 19;13;Algiros;Particular;15;NO;NO;0;NO;NA;No aplicable;2023-04-27;NA
3545;6;4602;Puertas al barrio de convento;1;Ciutat Vella;Particular;2;NO;NO;0;NO;NA;No aplicable;2023-04-27;NA
3562;6;4619;Mejorar campos de futbol de barrio;10;Quatre Carreres;Particular;18;NO;NO;0;NO;NA;No aplicable;2023-04-27;NA
3568;6;4625;"Estat de la ""Senda de Borboto""";17;2;Particular;21;SI;NO;0;NO;NA;No aplicable;2023-04-27;NA
3606;6;4663;Rocodromo en jardines de Blasco Ibañez;13;Algiros;Particular;42;SI;SI;386;SI;60000;No aplicable;2023-04-27;NA
3633;6;4690;Parc al descampat de Dr. Waksman amb c/Neus;10;Quatre Carreres;Particular;35;SI;SI;160;NO;275000;No aplicable;2023-04-27;NA
3637;6;4694;NUEVO CONSERVATORIO;7;l'Olivereta;Particular;42;SI;NO;0;NO;NA;No aplicable;2023-04-27;NA
3650;6;4708;BIBLIOTECA JOAQUIM MARTi I GADEA. MEJORA INSTALACIONES Y DOTACIoN BIBLIOGRaFICA;10;Quatre Carreres;Particular;51;SI;SI;449;SI;33000;No aplicable;2023-04-27;NA
3659;6;4717;ZONA PEATONAL VERDE EN GRAN ViA GERMANiAS. REDUCIR CONTAMINACIoN ACuSTICA GRAVE.;2;l'Eixample;Particular;62;SI;NO;0;NO;NA;No aplicable;2023-04-27;NA
3675;6;4733;Peatonalizacion de Serrano Morales, con Pl Canovas y soterramiento contenedores;2;l'Eixample;Particular;23;NO;NO;0;NO;NA;No aplicable;2023-04-27;NA
3702;6;4760;APARCABICIS;17;1;Particular;30;SI;NO;0;NO;NA;No aplicable;2023-04-27;NA
3733;6;4791;Pavimentacion de la calle Lerida entre calle Visitacion y Sagunto;5;la Saidia;Particular;31;SI;SI;263;NO;152000;No aplicable;2023-04-27;NA
3787;6;4847;TODOS LOS CONTENEDORES BAJO TIERRA;16;Benicalap;Particular;31;SI;SI;481;SI;130000;No aplicable;2023-04-27;NA
3790;6;4850;Iluminacio  dels camins a  les voreres de la via del  metro  a Rocafort.;17;6;Particular;3;NO;NO;0;NO;NA;No aplicable;2023-04-27;NA
3819;6;4880;Jardins, carril bici, neteja i espais sense cotxes;9;Jesus;Particular;20;NO;NO;0;NO;NA;No aplicable;2023-04-27;NA
3830;6;4891;Carril bici por Maximiliano Thous;5;la Saidia;Particular;25;NO;NO;0;NO;NA;No aplicable;2023-04-27;NA
3875;6;4937;Iluminacion en calle Molinell para mejorar la seguridad ciudadana nocturna;6;el Pla del Real;Particular;17;NO;NO;0;NO;NA;No aplicable;2023-04-27;NA
3896;6;4958;Ilegalizar pisos turisticos;1;Ciutat Vella;Particular;33;SI;NO;0;NO;NA;No aplicable;2023-04-27;NA
3928;6;4990;Asfaltado e iluminacion;17;4;Particular;3;NO;NO;0;NO;NA;No aplicable;2023-04-27;NA
3933;6;4995;Carril bici en la Malvarrosa;11;Poblats Maritims;Particular;6;NO;NO;0;NO;NA;No aplicable;2023-04-27;NA
3941;6;5003;Paso peatones avda Ecuador altura de la calle peatonal Salvador Tussett;16;Benicalap;Particular;15;NO;NO;0;NO;NA;No aplicable;2023-04-27;NA
3969;6;5031;Mejora de Parada de Metro de San Isidro y solar anexo;8;Patraix;Particular;12;NO;NO;0;NO;NA;No aplicable;2023-04-27;NA
3991;6;5053;PARQUE CENTRAL. Instalacion Deportiva (IDE) y Kiosko-bar. Adecuacion Muelle 3;2;l'Eixample;Particular;157;SI;NO;0;NO;NA;No aplicable;2023-04-27;NA
4004;6;5066;Millora de la seguretat ciutadana a la ZONA0 VELLUTERS;1;Ciutat Vella;Particular;36;SI;NO;0;NO;NA;No aplicable;2023-04-27;NA
4061;6;5123;ADAPTACIoN DE LA SALIDA DEL COLEGIO DOMINICOS A LAS NECESIDADES EXISTENTES;2;l'Eixample;Particular;192;SI;NO;0;NO;NA;No aplicable;2023-04-27;NA
4096;6;5158;Reduccion del impacto del trafico en barrio Penya-Roja: Ruido e inseguridad;12;Camins al Grau;Particular;40;SI;NO;0;NO;NA;No aplicable;2023-04-27;NA
4126;6;5188;SKATE PARK Malilla;10;Quatre Carreres;Representante GT;0;SI;SI;218;NO;80000;No aplicable;2023-04-27;NA
4144;6;5206;Equipo de megafonia para Borboto;17;7;Particular;8;NO;NO;0;NO;NA;No aplicable;2023-04-27;NA
4169;6;5231;Instalacion semaforos;2;l'Eixample;Ayuntamiento en rep. GT;0;SI;NO;0;NO;NA;No aplicable;2023-04-27;NA
4211;6;5273;Adecentar i destinar a aparcament temporal el descampat del carrer Miguel Servet;16;Benicalap;Particular;18;NO;NO;0;NO;NA;No aplicable;2023-04-27;NA
4225;6;5287;FERIA DE BARRIO EN QUATRE CARRERES - LA PUNTA 2021;10;Quatre Carreres;Particular;19;NO;NO;0;NO;NA;No aplicable;2023-04-27;NA
4247;7;5309;Playa para perros acotada todo el año;19;3;Particular;72;SI;NO;0;NO;NA;No aplicable;2023-04-27;NA
4269;7;5331;Proyecto Rehabilitacion - Palacio Marqueses Montortal;1;Ciutat Vella;Particular;37;SI;NO;0;NO;NA;No aplicable;2023-04-27;NA
4285;7;5347;BANYS PuBLICS AL PARC SANTA ANNA / BAÑOS PuBLICOS EN EL PARQUE SANTA ANA;17;7;Particular;22;SI;NO;0;NO;NA;No aplicable;2023-04-27;NA
4316;7;5378;JARDIN Y ESCENARIO CINE Y TEATRO ANTIGUO SOLAR DEL TEATRO CINE PRINCESA;1;Ciutat Vella;Particular;58;SI;NO;0;NO;NA;No aplicable;2023-04-27;NA
4317;7;5379;Voto en blanco: frente a inversiones absurdas, ahorremos el dinero;10;Quatre Carreres;Particular;2;NO;NO;0;NO;NA;No aplicable;2023-04-27;NA
4320;7;5382;Peatonalizacion Calles San Pio V y Trinitat;5;la Saidia;Particular;17;NO;NO;0;NO;NA;No aplicable;2023-04-27;NA
4334;7;5396;URBANIZACIoN CALLE ESPRONCEDA;18;1;Particular;22;SI;NO;0;NO;NA;No aplicable;2023-04-27;NA
4353;7;5415;PUENTE ELEVADO DE GIORGETA;9;Jesus;Particular;11;NO;NO;0;NO;NA;No aplicable;2023-04-27;NA
4360;7;5422;Transformar parc de carrer Zeluan en espai de socialitzacio canina;5;la Saidia;Particular;8;NO;NO;0;NO;NA;No aplicable;2023-04-27;NA
4376;7;5438;PASAJE ACCESIBLE QUART Y SERRANOS;1;Ciutat Vella;Particular;36;SI;NO;0;NO;NA;No aplicable;2023-04-27;NA
4378;7;5440;SOTERRAMIENTO CONTENEDORES BASURA;3;Extramurs;Particular;31;SI;SI;323;NO;140000;Sin etiqueta;2023-04-27;NA
4401;7;5463;Retirada de las colonias de gatos de la Devesa del Saler;19;4;Particular;18;SI;NO;0;NO;NA;No aplicable;2023-04-27;NA
4422;7;5484;ACERAS DECENTES  Y ARBOLADO EN  LA CALLE LINARES;7;l'Olivereta;Particular;30;SI;NO;0;NO;NA;No aplicable;2023-04-27;NA
4429;7;5491;Zonas peatonales y ajardinadas con bolardos;14;Benimaclet;Particular;3;NO;NO;0;NO;NA;No aplicable;2023-04-27;NA
4430;7;5492;Plantar arboles en calle Puebla del Duc;5;la Saidia;Particular;6;NO;NO;0;NO;NA;No aplicable;2023-04-27;NA
4437;7;5499;Estaciones de recarga solar y estacionamiento de patinetes electricos SunnerBOX;1;Ciutat Vella;Particular;30;SI;NO;0;NO;NA;No aplicable;2023-04-27;NA
4466;7;5528;Mercado en Benimaclet;14;Benimaclet;Particular;126;SI;NO;0;NO;NA;No aplicable;2023-04-27;NA
4475;7;5537;Aprovechamiento del Cesped de las Fallas;2;l'Eixample;Particular;4;NO;NO;0;NO;NA;No aplicable;2023-04-27;NA
4516;7;5578;Adecuacion acera Entrada Acequia Fabiana;10;Quatre Carreres;Particular;12;NO;NO;0;NO;NA;No aplicable;2023-04-27;NA
4540;7;5602;Instituto de Ciclos Formativos en el descampado al lado de Fermax;8;Patraix;Particular;42;SI;NO;0;NO;NA;No aplicable;2023-04-27;NA
4576;7;5638;AJAR A CALZADA CARRIL BICI EN LAS DOS ROTONDAS DE  AVDA. PLATA (esquina C/ Zapad;10;Quatre Carreres;Particular;10;NO;NO;0;NO;NA;No aplicable;2023-04-27;NA
4594;7;5656;SOTERRAMIENTO CONTENEDORES CARRER NINOT;16;Benicalap;Particular;5;NO;NO;0;NO;NA;No aplicable;2023-04-27;NA
4614;7;5676;Carril bici segregado en la Avenida Cardenal Benlloch;13;Algiros;Particular;48;SI;NO;0;NO;NA;No aplicable;2023-04-27;NA
4623;7;5685;Bancos publicos en calle Maestro Valls;12;Camins al Grau;Particular;7;NO;NO;0;NO;NA;No aplicable;2023-04-27;NA
4712;7;5774;Solicitud de un parque infantil.;8;Patraix;Particular;8;NO;NO;0;NO;NA;No aplicable;2023-04-27;NA
4721;7;5783;Zona Naranja en la calle Huesca;1;Ciutat Vella;Particular;1;NO;NO;0;NO;NA;No aplicable;2023-04-27;NA
4735;7;5797;Parquing Publico gratuito, mas aparcamiento;12;Camins al Grau;Particular;33;SI;NO;0;NO;NA;No aplicable;2023-04-27;NA
4737;7;5799;Desplazamiento Semaforo c/ San Bruno;5;la Saidia;Particular;0;NO;NO;0;NO;NA;No aplicable;2023-04-27;NA
4757;7;5819;Nuevo Instituto Patraix. Bulevar Sur junto colegio Eliseo Vidal;8;Patraix;Particular;51;SI;NO;0;NO;NA;No aplicable;2023-04-27;NA
4818;7;5880;Carril bici en Calle Dolores Marques;14;Benimaclet;Particular;18;NO;NO;0;NO;NA;No aplicable;2023-04-27;NA
4829;7;5891;Ampliacion zona picnic en parque nuevo de Malilla;10;Quatre Carreres;Particular;31;SI;SI;602;SI;50000;Sin etiqueta;2023-04-27;NA
4833;7;5895;Dignidad puente de San jose;5;la Saidia;Particular;11;NO;NO;0;NO;NA;No aplicable;2023-04-27;NA
4834;7;5896;Espacio ambulante sostenible y artesanal;8;Patraix;Particular;5;NO;NO;0;NO;NA;No aplicable;2023-04-27;NA
4848;7;5910;Edificio abierto de 4 o 5 plantas para vehiculos;7;l'Olivereta;Particular;17;NO;NO;0;NO;NA;No aplicable;2023-04-27;NA
4877;7;5939;LEGALIZAR LOS NuMEROS IMPARES DE LA CALLE CORONACIoN;18;1;Particular;0;NO;NO;0;NO;NA;No aplicable;2023-04-27;NA
4906;7;5968;Cambio de Farolas;10;Quatre Carreres;Particular;4;NO;NO;0;NO;NA;No aplicable;2023-04-27;NA
4954;7;6016;Anfiteatro al aire libre en Sociopolis;19;7;Particular;15;SI;NO;0;NO;NA;No aplicable;2023-04-27;NA
5014;7;6076;Reformar la cancha de baloncesto y futbol en calle Almazora-Fray Pedro Vices;5;la Saidia;Particular;6;NO;NO;0;NO;NA;No aplicable;2023-04-27;NA
5018;7;6080;iluminacion;6;el Pla del Real;Particular;4;NO;NO;0;NO;NA;No aplicable;2023-04-27;NA
5039;7;6101;Mejoras de iluminacion y adecuacion jardin;8;Patraix;Particular;42;SI;SI;265;NO;150000;Sin etiqueta;2023-04-27;NA
5052;7;6114;TRATAMIENTO ANTITERMITAS EN EL CENTRO HISToRICO;1;Ciutat Vella;Representante GT;0;SI;NO;0;NO;NA;No aplicable;2023-04-27;NA
5064;7;6126;Mejorar servicio lineas 24 y 25 EMT;19;4;Particular;17;SI;NO;0;NO;NA;No aplicable;2023-04-27;NA
5097;7;6159;Adecuacion del solar de la calle Rio Segre.;16;Benicalap;Particular;31;SI;NO;0;NO;NA;No aplicable;2023-04-27;NA
5104;7;6166;Crear casa para jovenes en el barrio;7;l'Olivereta;Particular;20;NO;NO;0;NO;NA;No aplicable;2023-04-27;NA
5109;7;6171;REMODELACIo PARQUE DE LA PLAÇA;19;3;Particular;48;SI;NO;0;NO;NA;No aplicable;2023-04-27;NA
5121;7;6183;Mejora aceras carrer de Ramon Juan;18;1;Particular;4;NO;NO;0;NO;NA;No aplicable;2023-04-27;NA
5145;7;6207;REMODELACIoN DEL JARDIN DE LA CALLE BELLO;11;Poblats Maritims;Particular;12;NO;NO;0;NO;NA;No aplicable;2023-04-27;NA
5160;7;6222;INSTALACION PLACAS SOLARES TERMICAS EN EL CAMP DE FuTBOL DR. LLUCH;11;Poblats Maritims;Particular;61;SI;SI;119;NO;250000;Sin etiqueta;2023-04-27;NA
5178;7;6240;Fuentes de agua potable;10;Quatre Carreres;Particular;4;NO;NO;0;NO;NA;No aplicable;2023-04-27;NA
5179;7;6241;Devolver a su origen la escalera real del puerto y Renovacion de estacion grao;11;Poblats Maritims;Particular;17;NO;NO;0;NO;NA;No aplicable;2023-04-27;NA
5190;7;6252;Ampliacio del Cementeri municipal de Benimamet;18;1;Particular;14;NO;NO;0;NO;NA;No aplicable;2023-04-27;NA
5214;7;6276;Elaborar un Proyecto para la Casa del Guardabarreras.;10;Quatre Carreres;Particular;33;SI;NO;0;NO;NA;No aplicable;2023-04-27;NA
5216;7;6278;Urbanizacion Pza. Hugo Zarate - Malvarrosa;11;Poblats Maritims;Representante GT;0;SI;NO;0;NO;NA;No aplicable;2023-04-27;NA
5238;7;6300;Carril bici;6;el Pla del Real;Particular;6;NO;NO;0;NO;NA;No aplicable;2023-04-27;NA
5268;7;6330;Reforma Consultori Metge;17;6;Particular;22;SI;NO;0;NO;NA;No aplicable;2023-04-27;NA
5285;7;6347;Mejora pavimento casco antiguo Campanar;4;Campanar;Particular;13;NO;NO;0;NO;NA;No aplicable;2023-04-27;NA
5286;7;6348;Comisaria Orriols. Jardin de la ermita;15;Rascanya;Particular;76;SI;NO;0;NO;NA;No aplicable;2023-04-27;NA
5299;7;6361;MEJORAR HORARIOS, AÑADIR LIBROS y TALLERES EN BIBLIOTECAS BENIMaMET y BENIFERRI;18;1;Particular;31;SI;SI;251;SI;8000;Sin etiqueta;2023-04-27;NA
5303;7;6365;Pinedo amb Colors;19;3;Particular;16;SI;NO;0;NO;NA;No aplicable;2023-04-27;NA
5304;7;6366;Eliminar tramo carril bici.;16;Benicalap;Representante GT;0;SI;NO;0;NO;NA;No aplicable;2023-04-27;NA
5335;7;6397;Proteccion de la playa de El Saler;19;4;Particular;28;SI;NO;0;NO;NA;No aplicable;2023-04-27;NA
5342;7;6404;Carril-bici Tres Forques desde Tres Cruces a limite Xirivella;8;Patraix;Particular;34;SI;NO;0;NO;NA;No aplicable;2023-04-27;NA
5344;7;6406;Reten Policia Malilla;10;Quatre Carreres;Particular;27;NO;NO;0;NO;NA;No aplicable;2023-04-27;NA
5364;7;6426;CAMPO DE FuTBOL,dimensiones reglamentarias en ampliacion del Parque de Benicalap;16;Benicalap;Representante GT;0;SI;NO;0;NO;NA;No aplicable;2023-04-27;NA
5367;7;6429;Instalacion bolardos y reparacion acera C. Salvador Tusset;16;Benicalap;Particular;7;NO;NO;0;NO;NA;No aplicable;2023-04-27;NA
5410;7;6472;carril bici de El Perellonet a El Palmar;19;6;Particular;24;SI;NO;0;NO;NA;No aplicable;2023-04-27;NA
5411;7;6473;Instalacion reductores de velocidad;19;1;Particular;18;SI;NO;0;NO;NA;No aplicable;2023-04-27;NA
5465;7;6527;aparell per rehabilitacio persones  en la tercera edat;3;Extramurs;Particular;3;NO;NO;0;NO;NA;No aplicable;2023-04-27;NA
5599;7;6661;AMPLIACIoN TAMAÑO ACERAS CALLE SAN BRUNO;5;la Saidia;Particular;17;NO;NO;0;NO;NA;No aplicable;2023-04-27;NA
5726;7;6788;Ampliar anchura de la acera en el entorno de la boca oeste del tunel de Gran Via;3;Extramurs;Particular;32;SI;SI;224;NO;59300;Sin etiqueta;2023-04-27;NA
5751;7;6813;ADECUAR LA ANCHURA Y EL ESTADO DE LAS ACERAS DE LA CALLE DEL BARCO;11;Poblats Maritims;Particular;47;SI;SI;118;NO;280800;Sin etiqueta;2023-04-27;NA
5788;7;6850;Repavimentacion calzada C/ Bitacora;19;6;Ayuntamiento;0;SI;SI;5;NO;46767;Sin etiqueta;2023-04-27;NA
45;1;2015-00054;NA;1;Ciutat Vella;Persona Fisica;NA;No aplicable;NO;0;NO;NA;No aplicable;2023-04-27;NA
89;1;2015-00117;NA;18;Pobles de l'Oest;Persona Fisica;NA;No aplicable;NO;0;NO;NA;No aplicable;2023-04-27;NA
168;1;2015-00209;NA;9;Jesus;Persona Juridica;NA;No aplicable;NO;0;NO;NA;No aplicable;2023-04-27;NA
221;1;2015-00266;NA;13;Algiros;Persona Juridica;NA;No aplicable;NO;0;NO;NA;No aplicable;2023-04-27;NA
241;1;2015-00288;NA;11;Poblats Maritims;Persona Fisica;NA;No aplicable;NO;0;NO;NA;No aplicable;2023-04-27;NA
266;1;2015-00317;NA;10;Quatre Carreres;Persona Juridica;NA;No aplicable;NO;0;NO;NA;No aplicable;2023-04-27;NA
342;1;2015-00403;NA;5;la Saidia;Persona Juridica;NA;No aplicable;NO;0;NO;NA;No aplicable;2023-04-27;NA
385;1;2015-00450;NA;10;Quatre Carreres;Persona Fisica;NA;No aplicable;NO;0;NO;NA;No aplicable;2023-04-27;NA
548;1;2016-00043;Propuesta ayuntamiento. Mejoras de accesibilidad en aceras y calzadas en benimamet;18;Pobles de l'Oest;Persona Juridica;NA;No aplicable;SI;30;SI;150000;No aplicable;2023-04-27;NA
598;1;2016-00094;Propuesta ayuntamiento. Calmado del trafico en las cercanias de centros educativos;18;Pobles de l'Oest;Persona Juridica;NA;No aplicable;SI;22;SI;3500;No aplicable;2023-04-27;NA
682;2;63;ELIMINAR BARRERA ARQUITECToNICA;8;Patraix;Particular;20;NO;NO;0;NO;NA;No aplicable;2023-04-27;NA
687;2;68;Carril bici en Avda Cardenal Benlloch/Ed. Bosca  y /o Manuel Candela/T.Montañana;13;Algiros;Particular;47;SI;NO;0;NO;NA;No aplicable;2023-04-27;NA
714;2;95;Reordenacion angel Guimera y Linares;3;Extramurs;Particular;22;NO;NO;0;NO;NA;No aplicable;2023-04-27;NA
738;2;119;Bol·lards en carrer Estepa;10;Quatre Carreres;Particular;6;NO;NO;0;NO;NA;No aplicable;2023-04-27;NA
761;2;142;Acceso directo desde Ciudad Fallera  a  CV30/Av Hermanos Machado;16;Benicalap;Particular;7;NO;NO;0;NO;NA;No aplicable;2023-04-27;NA
763;2;144;Reurbanitzacio de les Av. Giorgeta - Perez Galdos i pacificacio de trafic;3;Extramurs;Particular;111;SI;SI;210;NO;145000;No aplicable;2023-04-27;NA
766;2;147;DIGNIFICACIoN PARQUE INFANTIL C/VINATEA CON C/ROGER DE FLOR Y C/HOSPITAL;1;Ciutat Vella;Particular;62;SI;SI;133;NO;60000;No aplicable;2023-04-27;NA
803;2;184;REURBANIZACIoN DE LA PLAZA SAN SEBASTIaN  - CALLE DR.PESET CERVERA;3;Extramurs;Particular;50;SI;SI;52;NO;275000;No aplicable;2023-04-27;NA
824;2;205;ADEQUACIo DE LA ZONA ENJARDINADA/IDE;19;Pobles del Sud;Particular;32;SI;SI;147;NO;72100;No aplicable;2023-04-27;NA
917;2;298;Reducir de 5 a 4 los carriles de circulacion de vehiculos en angel Guimera.;3;Extramurs;Representante GT;34;SI;NO;0;NO;NA;No aplicable;2023-04-27;NA
971;2;352;CONSTRUCCIoN DE UN TRINQUETE EN EL CEIP LLUiS GUARNER;16;Benicalap;Particular;32;SI;NO;0;NO;NA;No aplicable;2023-04-27;NA
999;2;380;MEJORA DE ILUMINACIoN EN LA C/ PEDRO CABANES (98 a 104) Y RiO NERVIoN (1 a 11);16;Benicalap;Representante GT;43;SI;SI;164;SI;44941;No aplicable;2023-04-27;NA
1008;2;389;Reduccion ruidos trafico y accesabilidad;3;Extramurs;Particular;1;NO;NO;0;NO;NA;No aplicable;2023-04-27;NA
1052;2;433;Renovacion del alumbrado utilizando lamparas LED en la calle Bilbao;5;la Saidia;Particular;2;NO;NO;0;NO;NA;No aplicable;2023-04-27;NA
1053;2;434;URBANIZACIoN Y RESTITUCIoN DEL JARDiN EN CALLE REPuBLICA COSTA DE MARFIL;9;Jesus;Representante GT;7;SI;NO;0;NO;NA;No aplicable;2023-04-27;NA
1055;2;436;Arreglar les voreres de comunicacio de Carpesa amb altres pobles.;17;Pobles del Nord;Representante GT;35;SI;NO;0;NO;NA;No aplicable;2023-04-27;NA
1109;2;490;Carril bici en calle san Bruno;5;la Saidia;Particular;0;NO;NO;0;NO;NA;No aplicable;2023-04-27;NA
1123;2;504;Paso de peatones con semaforo: esquina Angel Guimera con G. V. Fdo el Catolico;3;Extramurs;Particular;33;SI;NO;0;NO;NA;No aplicable;2023-04-27;NA
1171;2;552;Valla de proteccion para niños en acera extremadamente estrecha;7;l'Olivereta;Particular;14;NO;NO;0;NO;NA;No aplicable;2023-04-27;NA
1205;2;586;Rehabilitacion y peatonalizacion entorno mercado municipal San Pedro Nolasco III;5;la Saidia;Particular;30;SI;SI;115;NO;40000;No aplicable;2023-04-27;NA
1208;2;589;Reurbanitzacio de les Av. Giorgeta - Perez Galdos i pacificacio de trafic;8;Patraix;Particular;111;SI;SI;396;NO;145000;No aplicable;2023-04-27;NA
1220;3;1010;INSTAL·LACIo DE PAPERERES ECOLoGIQUES, DE JARDINS AMB DISPENSADOR DE BORSES;Toda la ciudad;Toda la ciudad;Ayuntamiento;74;NO;NO;0;NO;NA;No aplicable;2023-04-27;NA
1221;3;1011;SUBMINISTRAMENT I COL·LOCACIo DE BANCS EN DIVERSOS LLOCS DE LA CIUTAT;Toda la ciudad;Toda la ciudad;Ayuntamiento;17;NO;NO;0;NO;NA;No aplicable;2023-04-27;NA
1237;3;1028;AMPLIACIoN DE ACERAS Y CARRIL BICI EN MAXIMILIANO THOUS;Toda la ciudad;Toda la ciudad;Particular;101;SI;SI;642;NO;1675000;No aplicable;2023-04-27;NA
1253;3;1044;CARRIL BICI Y ZONA VERDE EN AVENIDAS GENERAL AVILeS Y MAESTRO RODRIGO;Toda la ciudad;Toda la ciudad;Particular;183;SI;SI;1903;NO;315000;No aplicable;2023-04-27;NA
1269;3;1061;ILUMINACIoN EN EL JARDiN DE HERMANOS MARISTAS;Toda la ciudad;Toda la ciudad;Particular;5;NO;NO;0;NO;NA;No aplicable;2023-04-27;NA
1278;3;1071;PARQUE CANINO;Toda la ciudad;Toda la ciudad;Particular;33;NO;NO;0;NO;NA;No aplicable;2023-04-27;NA
1325;3;1118;SEPARAR PARQUE INFANTIL DE ZONA GIMNASIA PARA ADULTOS EN CUATRO CARRETES;Toda la ciudad;Toda la ciudad;Particular;104;SI;NO;0;NO;NA;No aplicable;2023-04-27;NA
1351;3;1144;PEATONALIZACIoN PUENTE DE REAL;Toda la ciudad;Toda la ciudad;Particular;3;NO;NO;0;NO;NA;No aplicable;2023-04-27;NA
1367;3;1160;HACER LA C/ DR. NICASI BENLLOCH DE DOBLE SENTIDO;Toda la ciudad;Toda la ciudad;Particular;15;NO;NO;0;NO;NA;No aplicable;2023-04-27;NA
1407;3;1200;SISTEMA DE MEGAFONIA PER ALS POBLES DEL NORD;Toda la ciudad;Toda la ciudad;Particular;223;SI;SI;954;NO;140000;No aplicable;2023-04-27;NA
1428;3;1221;REURBANITZACIo DE L'AVINGUDA DOCTOR PESET ALEIXANDRE;Toda la ciudad;Toda la ciudad;Particular;4;NO;NO;0;NO;NA;No aplicable;2023-04-27;NA
1470;3;1263;PASEO PLAYA LAS ARENAS Y PINEDO;Toda la ciudad;Toda la ciudad;Particular;111;SI;NO;0;NO;NA;No aplicable;2023-04-27;NA
1481;3;1274;HABILITAR ZONA DE APARCAMIENTO EN SOLAR PUBLICO DE BENIMAMET;Toda la ciudad;Toda la ciudad;Particular;129;SI;NO;0;NO;NA;No aplicable;2023-04-27;NA
1498;3;1291;CREACIoN DE UNA BIBLIOTECA PuBLICA;Toda la ciudad;Toda la ciudad;Particular;8;NO;NO;0;NO;NA;No aplicable;2023-04-27;NA
1512;3;1305;CREAR PARQUE EN SOLAR ENTRE C/LUIS CRUMIERE Y VICENTE PERIS DE MARXALENES;Toda la ciudad;Toda la ciudad;Particular;122;SI;SI;659;NO;700000;No aplicable;2023-04-27;NA
1514;3;1307;PEATONALIZAR CALLE CARRiCOLA (CRUZ CUBIERTA);Toda la ciudad;Toda la ciudad;Particular;2;NO;NO;0;NO;NA;No aplicable;2023-04-27;NA
1543;3;1337;EMT Y TRANViA: PANELES INFORMATIVOS DE TIEMPOS DE ESPERA;Toda la ciudad;Toda la ciudad;Particular;5;NO;NO;0;NO;NA;No aplicable;2023-04-27;NA
1556;3;1350;CENTRO CiVICO EN ZAIDiA;Toda la ciudad;Toda la ciudad;Particular;4;NO;NO;0;NO;NA;No aplicable;2023-04-27;NA
1583;3;1379;POLIDEPORTIVO MUNICIPAL EN ZONA DE MESTALLA;Toda la ciudad;Toda la ciudad;Particular;14;NO;NO;0;NO;NA;No aplicable;2023-04-27;NA
1694;3;1490;COMPRAR AUTOBUSES DOBLES PARA LA LINEA 99;Toda la ciudad;Toda la ciudad;Particular;2;NO;NO;0;NO;NA;No aplicable;2023-04-27;NA
1785;4;2014;ADAPTAR L'INFORMACIO LES PARADES D'EMT DEL PERELLONET;19;6;Representante GT;0;SI;SI;21;SI;25345;No aplicable;2023-04-27;NA
1786;4;2015;HABILITAR INTERSECCIoN CARRERA MALILLA - ALQUERIA DE LA COMTESSA;10;Quatre Carreres;Particular;58;SI;NO;0;NO;NA;No aplicable;2023-04-27;NA
1825;4;2054;CREAR UN AUTeNTIC CORREDOR VERD AL SOLAR DE LA PUNTA;20;No consta;Particular;80;SI;NO;0;NO;NA;No aplicable;2023-04-27;NA
1835;4;2064;ACCESIBILIDAD PARA EL PASO INFERIOR DE LAS TORRES DE QUART Y SERRANOS;1;Ciutat Vella;Particular;24;NO;NO;0;NO;NA;No aplicable;2023-04-27;NA
1879;4;2108;CREACIoN DE PARQUES EN LA AV. ARAGoN/ PLA DEL REAL;6;el Pla del Real;Particular;10;NO;NO;0;NO;NA;No aplicable;2023-04-27;NA
1906;4;2135;ANTIHECES DE PERROS;9;Jesus;Particular;82;SI;NO;0;NO;NA;No aplicable;2023-04-27;NA
1924;4;2153;MEJORA DE LA MEGAFONiA DE LA ALCALDiA;19;1;Particular;8;NO;NO;0;NO;NA;No aplicable;2023-04-27;NA
1950;4;2179;APACIGUAR EL TRaFICO EN LA C/ SAN VICENTE MARTIR (SAN MARCELINO - GIORGETA);9;Jesus;Particular;24;NO;NO;0;NO;NA;No aplicable;2023-04-27;NA
1952;4;2181;ARREGLO Y MEJORA DE LA PISTA DE PATINAJE.;9;Jesus;Representante GT;0;SI;SI;299;SI;30000;No aplicable;2023-04-27;NA
1953;4;2182;SOLAR INTERIOR  ESCULTOR J. CAPUZ - L. OLIAG - AV. REINO VCIA: ISLA VERDE URBANA;10;Quatre Carreres;Particular;70;SI;NO;0;NO;NA;No aplicable;2023-04-27;NA
1964;4;2193;CAMBIO DE LOS CONTENEDORES DE RESIDUOS Y OTROS;20;No consta;Particular;0;NO;NO;0;NO;NA;No aplicable;2023-04-27;NA
1966;4;2195;REACONDICIONAMIENTO ZONA DE LA ANTIGUA ESTACIoN PONT DE FUSTA Y;5;la Saidia;Particular;30;SI;NO;0;NO;NA;No aplicable;2023-04-27;NA
1971;4;2200;CREACIoN DE UN JARDiN EN SOLAR;16;Benicalap;Particular;34;SI;SI;231;SI;420000;No aplicable;2023-04-27;NA
1975;4;2204;REMODELACIoN CARDENAL BENLLOCH;20;No consta;Particular;11;NO;NO;0;NO;NA;No aplicable;2023-04-27;NA
1980;4;2209;REMODELACIoN INTEGRAL DE LA PLAZA DE RUSSAFA: UNA PLAZA PARA LAS PERSONAS;2;l'Eixample;Representante GT;0;SI;SI;288;SI;314428;No aplicable;2023-04-27;NA
2015;4;2244;RADARES EN SEMaFOROS AVENIDA DEL CID;7;l'Olivereta;Particular;25;NO;NO;0;NO;NA;No aplicable;2023-04-27;NA
2076;4;2305;CONNEXIo CAMi RURAL PEATONAL ENTRE EL PALMAR I EL PERRELLONET;19;5;Representante GT;0;SI;NO;0;NO;NA;No aplicable;2023-04-27;NA
2121;4;2350;PAS A PAS;8;Patraix;Particular;36;SI;SI;697;SI;18000;No aplicable;2023-04-27;NA
2141;4;2370;TRANSFORMAR ESPACIOS “MUERTOS” EN HUERTOS URBANOS Y ZONAS AJARDINADAS EN ZAIDIA;5;la Saidia;Particular;51;SI;NO;0;NO;NA;No aplicable;2023-04-27;NA
2197;4;2426;PROYECTO DE CENTRO INTEGRAL DE MAYORES CIM-PETXINA;3;Extramurs;Representante GT;0;SI;NO;0;NO;NA;No aplicable;2023-04-27;NA
2202;4;2431;PACIFICACIoN DEL TRAFICO PEREZ GALLOS GIORGETA.;20;No consta;Particular;1;NO;NO;0;NO;NA;No aplicable;2023-04-27;NA
2215;4;2444;PLAYA CAN EN LA PLAYA DE LA MALVA-ROSA;11;Poblats Maritims;Particular;40;SI;NO;0;NO;NA;No aplicable;2023-04-27;NA
2268;4;2497;REMODELACIoN Y CAMBIO DE USO DEL ESPACIO-DEPORTIVO.;5;la Saidia;Particular;7;NO;NO;0;NO;NA;No aplicable;2023-04-27;NA
2276;4;2505;UTILIZAR Y ACONDICIONAR SOLARES PARA ESTACIONAR;20;No consta;Particular;1;NO;NO;0;NO;NA;No aplicable;2023-04-27;NA
2281;4;2510;CONSTRUCCIoN DE UN PARQUE INFANTIL Y JUVENIL EN LA DEVESA DEL SALER;19;4;Particular;17;SI;NO;0;NO;NA;No aplicable;2023-04-27;NA
2285;4;2514;AMPLIACION Y MEJORA ZONA DE JUEGOS INFANTILES EN PARQUE LINEAL (ZONA CAROLINAS);18;1;Particular;9;NO;NO;0;NO;NA;No aplicable;2023-04-27;NA
2337;5;3025;REHABILITACIo DE LES ALQUERIES MUNICIPALS DEL C/ OLBA;Toda la ciudad;Toda la ciudad;Ayuntamiento;35;NO;NO;0;NO;NA;No aplicable;2023-04-27;NA
2354;5;3042;Piscina climatizada municipal en Benicalap;Toda la ciudad;Toda la ciudad;Particular;176;SI;NO;0;NO;NA;No aplicable;2023-04-27;NA
2359;5;3047;Mejora integral del pavimento de la calzada en la Avenida Gola de Puchol;Toda la ciudad;Toda la ciudad;Particular;32;NO;NO;0;NO;NA;No aplicable;2023-04-27;NA
2403;5;3091;Asfaltar Descampado CALLE PADRE TOMAS MONTAÑANA y CALLE LEBON;Toda la ciudad;Toda la ciudad;Particular;29;NO;NO;0;NO;NA;No aplicable;2023-04-27;NA
2459;5;3147;Carril bici en Maximiliano Thous (Sant Antoni - La Zaidia);Toda la ciudad;Toda la ciudad;Particular;27;NO;NO;0;NO;NA;No aplicable;2023-04-27;NA
2526;5;3214;Repavimentar tramo calle Mistral entre Dr. Vicent Zaragoza y Enric Navarro;Toda la ciudad;Toda la ciudad;Particular;14;NO;NO;0;NO;NA;No aplicable;2023-04-27;NA
2536;5;3224;INTERVENCIoN EN ANTIGUO CENTRO FP Y SOLAR CONTIGUO EN C/ACTRIU PEPITA SERRADOR;Toda la ciudad;Toda la ciudad;Particular;113;SI;NO;0;NO;NA;No aplicable;2023-04-27;NA
2581;5;3269;Urbanizar final calle San Ernesto(Cruz Cubierta);Toda la ciudad;Toda la ciudad;Particular;17;NO;NO;0;NO;NA;No aplicable;2023-04-27;NA
2619;5;3307;Cobriment pista esportiva en Carpesa;Toda la ciudad;Toda la ciudad;Particular;66;NO;NO;0;NO;NA;No aplicable;2023-04-27;NA
2665;5;3353;Menos contenedores en Benimamet pero mucho mas practicos.;Toda la ciudad;Toda la ciudad;Particular;2;NO;NO;0;NO;NA;No aplicable;2023-04-27;NA
2712;5;3400;Falta d'acces adequat per la vorera del Carrer Alqueria de Gilet de Benifaraig;Toda la ciudad;Toda la ciudad;Particular;16;NO;NO;0;NO;NA;No aplicable;2023-04-27;NA
2713;5;3401;LIMPIAR TUNEL y ROTONDA ACCESO NORTE VALENCIA V-21 Avd. Cataluña;Toda la ciudad;Toda la ciudad;Particular;9;NO;NO;0;NO;NA;No aplicable;2023-04-27;NA
2721;5;3409;Arbolado Orriols;Toda la ciudad;Toda la ciudad;Particular;29;NO;NO;0;NO;NA;No aplicable;2023-04-27;NA
2726;5;3414;Parada provisional de la linea 26 en Benifaraig;Toda la ciudad;Toda la ciudad;Particular;8;NO;NO;0;NO;NA;No aplicable;2023-04-27;NA
2747;5;3435;Mas verde y mobiliario urbano Orriols;Toda la ciudad;Toda la ciudad;Particular;6;NO;NO;0;NO;NA;No aplicable;2023-04-27;NA
2763;5;3451;Calles;Toda la ciudad;Toda la ciudad;Particular;2;NO;NO;0;NO;NA;No aplicable;2023-04-27;NA
2781;5;3469;Zona d'horts urbans als barris de plaça xuquer i honduras;Toda la ciudad;Toda la ciudad;Particular;27;NO;NO;0;NO;NA;No aplicable;2023-04-27;NA
2797;5;3485;CARRIL BICI EN DOLORES MARQUES o EMILI BARo;Toda la ciudad;Toda la ciudad;Particular;11;NO;NO;0;NO;NA;No aplicable;2023-04-27;NA
2804;5;3492;ACONDICIONAMIENTO DE LA MANZANA PeRDIDA;Toda la ciudad;Toda la ciudad;Particular;113;SI;NO;0;NO;NA;No aplicable;2023-04-27;NA
2841;5;3529;Parque bienvenida a campanar;Toda la ciudad;Toda la ciudad;Particular;7;NO;NO;0;NO;NA;No aplicable;2023-04-27;NA
2846;5;3534;Soterramiento de paso a nivel con barreras cerca de la torre;Toda la ciudad;Toda la ciudad;Particular;9;NO;NO;0;NO;NA;No aplicable;2023-04-27;NA
2847;5;3535;CEIP LLUiS DE SANTaNGEL (EL SALER): UN PATI COEDUCATIU PER A PRIMaRIA;Toda la ciudad;Toda la ciudad;Particular;111;SI;NO;0;NO;NA;No aplicable;2023-04-27;NA
2862;5;3550;Intervencio de millora al parc public de la plaça Mencia de Mendoza, (Soternes);Toda la ciudad;Toda la ciudad;Particular;24;NO;NO;0;NO;NA;No aplicable;2023-04-27;NA
2929;5;3618;Soterrar contenedores;Toda la ciudad;Toda la ciudad;Particular;6;NO;NO;0;NO;NA;No aplicable;2023-04-27;NA
2938;5;3627;Adecentar el descampado de la Calle de la Fue (Barrio AYORA);Toda la ciudad;Toda la ciudad;Particular;4;NO;NO;0;NO;NA;No aplicable;2023-04-27;NA
2942;5;3631;Instal·lacions de pilota a la ciutat de Valencia;Toda la ciudad;Toda la ciudad;Particular;117;SI;NO;0;NO;NA;No aplicable;2023-04-27;NA
2946;6;4002;Peatonalizacion tramo calle Luis Bolinches Conpañ;12;Camins al Grau;Particular;33;SI;NO;0;NO;NA;No aplicable;2023-04-27;NA
2950;6;4006;Construccion Carril bici Calles Zapadores-Maestro Aguilar-Ruzafa;10;Quatre Carreres;Particular;97;SI;SI;114;NO;297000;No aplicable;2023-04-27;NA
2961;6;4017;Ejecucion zona verde C/ Salinas - C/ Baja;1;Ciutat Vella;Particular;71;SI;NO;0;NO;NA;No aplicable;2023-04-27;NA
3006;6;4062;Polideportivo municipal en el barrio del Canyamelar;11;Poblats Maritims;Particular;71;SI;NO;0;NO;NA;No aplicable;2023-04-27;NA
3065;6;4121;Carril bici Carrer Sant Vicent;9;Jesus;Particular;170;SI;NO;0;NO;NA;No aplicable;2023-04-27;NA
3099;6;4155;Contenedores reciclaje de aceite en la calle;5;la Saidia;Particular;140;SI;NO;0;NO;NA;No aplicable;2023-04-27;NA
3114;6;4170;Recuperar la huerta;14;Benimaclet;Particular;172;SI;NO;0;NO;NA;No aplicable;2023-04-27;NA
3135;6;4191;TRANSFORMACIoN DEL CRUCE BLASCO IBaÑEZ - CARDENAL BENLLOCH EN UNA ROTONDA;6;el Pla del Real;Particular;30;SI;SI;89;NO;150000;No aplicable;2023-04-27;NA
3186;6;4242;REMODELACIoN Y SANEAMIENTO DEL PRINCIPIO DEL CAMINO DE MONCADA;5;la Saidia;Particular;77;SI;NO;0;NO;NA;No aplicable;2023-04-27;NA
3219;6;4275;Paso de peatones calle La safor;4;Campanar;Particular;34;SI;SI;335;SI;36801;No aplicable;2023-04-27;NA
3255;6;4311;Nuevo parque en calle Lepanto-Botanico-Rojas Clemente;3;Extramurs;Particular;82;SI;NO;0;NO;NA;No aplicable;2023-04-27;NA
3267;6;4323;Mejora aceras y vegetacion en Calle San Vicente (tramo giorgeta/cruz cubierta);9;Jesus;Particular;33;SI;NO;0;NO;NA;No aplicable;2023-04-27;NA
3323;6;4379;Bosque Mediterraneo Beniferri;18;2;Particular;20;SI;NO;0;NO;NA;No aplicable;2023-04-27;NA
3341;6;4397;Soterramiento contenedores y parque;16;Benicalap;Particular;24;NO;NO;0;NO;NA;No aplicable;2023-04-27;NA
3378;6;4434;Rellotge de sol / Reloj de sol - Passeig de Federico Trenor Trenor;10;Quatre Carreres;Particular;3;NO;NO;0;NO;NA;No aplicable;2023-04-27;NA
3384;6;4440;Alcorques para poner arboles.;10;Quatre Carreres;Particular;24;NO;NO;0;NO;NA;No aplicable;2023-04-27;NA
3390;6;4446;Aparcamiento zona naranja barrio Botanic;3;Extramurs;Particular;20;NO;NO;0;NO;NA;No aplicable;2023-04-27;NA
3432;6;4488;INSTALACIoN DE SENSORES EN LAS PLAZAS DE ESTACIONAMIENTO PARA CARGA Y DESCARGA;3;Extramurs;Particular;16;NO;NO;0;NO;NA;No aplicable;2023-04-27;NA
3444;6;4500;Rehabilitar la Creu de Terme y su entorno;19;8;Particular;19;SI;SI;8;SI;28901;No aplicable;2023-04-27;NA
3455;6;4511;ARREGLAR CAMINO MONCADA CON CRUCE AVENIDA CONSTITUCION;5;la Saidia;Particular;32;SI;NO;0;NO;NA;No aplicable;2023-04-27;NA
3457;6;4513;Abrir una plaza entre las calles Carda y de las Monjas.;1;Ciutat Vella;Particular;33;SI;NO;0;NO;NA;No aplicable;2023-04-27;NA
3473;6;4530;SEMaFOROS INTELIGENTES - ¡POR UNA VALENCIA SIN ATASCOS!;10;Quatre Carreres;Particular;48;SI;SI;455;SI;50000;No aplicable;2023-04-27;NA
3691;6;4749;REMODELACIo I ADEQUACIo DELS ACCESOS AL RIU BARRI SOTERNES;7;l'Olivereta;Particular;26;NO;NO;0;NO;NA;No aplicable;2023-04-27;NA
3705;6;4763;REPAVIMENTACIoN INTEGRAL DE LA CALLE MARTiNEZ FERRANDO (MERCADO DE COLoN);2;l'Eixample;Representante GT;0;SI;SI;143;NO;200000;No aplicable;2023-04-27;NA
3708;6;4766;Construccion de una biblioteca-ludoteca y zona ajardinada en C/ Hermanos Fabrilo;5;la Saidia;Particular;17;NO;NO;0;NO;NA;No aplicable;2023-04-27;NA
3710;6;4768;Conectar con bus nou campanar hasta hipercor;4;Campanar;Particular;38;SI;NO;0;NO;NA;No aplicable;2023-04-27;NA
3723;6;4781;Peatonalizacion centro Benimaclet y cambio de mercado;14;Benimaclet;Particular;15;NO;NO;0;NO;NA;No aplicable;2023-04-27;NA
3773;6;4833;CREACIoN DE UN PARQUE PUBLICO, CON ZONA PARA MASCOTAS, APARATOS GIMNASTIC MAYORE;12;Camins al Grau;Particular;7;NO;NO;0;NO;NA;No aplicable;2023-04-27;NA
3780;6;4840;Columpios y bar/terraza en Nuevo Parque Malilla;10;Quatre Carreres;Particular;20;NO;NO;0;NO;NA;No aplicable;2023-04-27;NA
3816;6;4877;Limpieza y mantenimiento habitual de las palmeras (no solo para las elecciones);19;2;Particular;32;SI;NO;0;NO;NA;No aplicable;2023-04-27;NA
3850;6;4911;Instalacion Deportiva Elemental (I.D.E) para el solar de la plaza Ruben Dario;6;el Pla del Real;Particular;34;SI;NO;0;NO;NA;No aplicable;2023-04-27;NA
3867;6;4928;Rampa accesible Plaza Arniches al rio Turia;7;l'Olivereta;Particular;31;SI;NO;0;NO;NA;No aplicable;2023-04-27;NA
3937;6;4999;CONSERVACIoN GRAN VIA FDO.EL CAToLICO Y G.VIA RAMoN Y CAJAL;3;Extramurs;Particular;20;NO;NO;0;NO;NA;No aplicable;2023-04-27;NA
3939;6;5001;CAMBIAR EL PAVIMENTO DEL ENTORNO DEL CONSUM PARA DISMINUIR LOS RUIDOS;1;Ciutat Vella;Particular;38;SI;NO;0;NO;NA;No aplicable;2023-04-27;NA
3947;6;5009;TRANSFORMAR EL PARKING DEL DESCAMPADO A ZONA VERDE EN LA CALLE HERMANO RIVAS;7;l'Olivereta;Particular;33;SI;NO;0;NO;NA;No aplicable;2023-04-27;NA
3949;6;5011;Construir 4ª pista de padel en polideportivo de Marxalenes;1;Ciutat Vella;Particular;2;NO;NO;0;NO;NA;No aplicable;2023-04-27;NA
3950;6;5012;DISMINUIR VELOCIDAD VIAL CL DIOGENES LOPEZ MECHo;14;Benimaclet;Particular;1;NO;NO;0;NO;NA;No aplicable;2023-04-27;NA
3968;6;5030;CONECTAR LA CALLE RIO NERVIoN Y RIO SEGRE CON LOS CARRILES DE BICI jUAN XXIII;16;Benicalap;Particular;4;NO;NO;0;NO;NA;No aplicable;2023-04-27;NA
4019;6;5081;Toma de muestras a COVID en aguas residuales de Massarrojos y Pobles  del Nord;17;6;Particular;19;SI;NO;0;NO;NA;No aplicable;2023-04-27;NA
4028;6;5090;Carril bici calle Yecla;13;Algiros;Particular;9;NO;NO;0;NO;NA;No aplicable;2023-04-27;NA
4039;6;5101;ADECENTAR CARRIL BICI CALLE CUBA;2;l'Eixample;Particular;33;SI;SI;289;SI;123000;No aplicable;2023-04-27;NA
4057;6;5119;PUNTOS DE ALIMENTACIoN EN COLONIAS FELINAS URBANAS;2;l'Eixample;Particular;52;SI;SI;247;SI;5000;No aplicable;2023-04-27;NA
4082;6;5144;COmederos tipo tolva para las colonias felinas del barrio;4;Campanar;Particular;36;SI;SI;277;NO;6800;No aplicable;2023-04-27;NA
4103;6;5165;CERRADO DEL JARDiN DE PARCENT POR LAS NOCHES;1;Ciutat Vella;Particular;9;NO;NO;0;NO;NA;No aplicable;2023-04-27;NA
4142;6;5204;creacion de parque en el solar situado entre calle peñiscola y calle portacoeli;15;Rascanya;Particular;37;SI;SI;277;SI;280000;No aplicable;2023-04-27;NA
4148;6;5210;construir la acera de la calle portaceli;15;Rascanya;Particular;9;NO;NO;0;NO;NA;No aplicable;2023-04-27;NA
4156;6;5218;tranvia;19;4;Particular;20;SI;NO;0;NO;NA;No aplicable;2023-04-27;NA
4279;7;5341;Soterramiento cableados;11;Poblats Maritims;Particular;12;NO;NO;0;NO;NA;No aplicable;2023-04-27;NA
4349;7;5411;Bosc urba en Benicalap;16;Benicalap;Particular;69;SI;NO;0;NO;NA;No aplicable;2023-04-27;NA
4395;7;5457;Soterramiento de los 12 contenedores en la calle Barcelonina;1;Ciutat Vella;Particular;8;NO;NO;0;NO;NA;No aplicable;2023-04-27;NA
4420;7;5482;Supermanzana de Amistad;13;Algiros;Particular;34;SI;SI;288;SI;18000;Con etiqueta;2023-04-27;NA
4449;7;5511;USOS PROVISIONALS PARCEL·LA  ALFAUIR-CLARA CAMPOAMOR-MOTILLA PALANCAR-PENiSCOLA;15;Rascanya;Particular;32;SI;SI;116;NO;834000;Sin etiqueta;2023-04-27;NA
4474;7;5536;Adecuacion carril bus a carril bici en hermanos machado;16;Benicalap;Particular;5;NO;NO;0;NO;NA;No aplicable;2023-04-27;NA
4498;7;5560;Arreglo aceras y reposicion arboles caidos calle Esc.Garcia Mas/Pto.santa Maria;4;Campanar;Particular;9;NO;NO;0;NO;NA;No aplicable;2023-04-27;NA
4582;7;5644;Pinedo;11;Poblats Maritims;Particular;16;NO;NO;0;NO;NA;No aplicable;2023-04-27;NA
4587;7;5649;Ajardinamiento entrada a Valencia en Camino nuevo de Picanya;8;Patraix;Particular;15;NO;NO;0;NO;NA;No aplicable;2023-04-27;NA
4615;7;5677;El deporte es salud. Patinemos!;19;7;Particular;6;NO;NO;0;NO;NA;No aplicable;2023-04-27;NA
4644;7;5706;Lineas de autobus solo para tercera edad;8;Patraix;Particular;0;NO;NO;0;NO;NA;No aplicable;2023-04-27;NA
4674;7;5736;Creacion de huertos urbanos en los barrios de Nazaret y la Punta;11;Poblats Maritims;Particular;20;NO;NO;0;NO;NA;No aplicable;2023-04-27;NA
4689;7;5751;Mercat de les Balears;12;Camins al Grau;Particular;88;SI;NO;0;NO;NA;No aplicable;2023-04-27;NA
4691;7;5753;Nuevo paso de peatones en Av. General Aviles;4;Campanar;Particular;44;SI;NO;0;NO;NA;No aplicable;2023-04-27;NA
4719;7;5781;Mercado de San Pedro Nolasco;5;la Saidia;Particular;99;SI;NO;0;NO;NA;No aplicable;2023-04-27;NA
4730;7;5792;Recuperar el AJARDINAMIENTO del interior de manzana de Maestro Sosa-Giorgeta;3;Extramurs;Particular;7;NO;NO;0;NO;NA;No aplicable;2023-04-27;NA
4744;7;5806;ELIMINAR BARRERAS ARQUITECToNICAS;16;Benicalap;Particular;17;NO;NO;0;NO;NA;No aplicable;2023-04-27;NA
4760;7;5822;"ACONDICIONAMIENTO DEL SOLAR PINO ""CAN CALET"" DE CAMPANAR";4;Campanar;Particular;36;SI;NO;0;NO;NA;No aplicable;2023-04-27;NA
4769;7;5831;Soterramiento de contenedores en el barrio de Ruzafa.;2;l'Eixample;Particular;47;SI;SI;488;SI;140000;Sin etiqueta;2023-04-27;NA
4773;7;5835;condicionar barrio;7;l'Olivereta;Particular;8;NO;NO;0;NO;NA;No aplicable;2023-04-27;NA
4931;7;5993;Paso peatones nuevo centro y pasarela;4;Campanar;Particular;2;NO;NO;0;NO;NA;No aplicable;2023-04-27;NA
4955;7;6017;Mejora de aceras para evitar agujeros, desniveles y grandes charcos;9;Jesus;Particular;3;NO;NO;0;NO;NA;No aplicable;2023-04-27;NA
4981;7;6043;Mejorar el entorno de la Plaza Tamarit Olmos y el Pasaje Residencias Luz;6;el Pla del Real;Particular;15;NO;NO;0;NO;NA;No aplicable;2023-04-27;NA
5000;7;6062;Rehabilitacion del Centro de Salud de la calle Just Ramirez;5;la Saidia;Particular;44;SI;NO;0;NO;NA;No aplicable;2023-04-27;NA
5054;7;6116;ESTUDIO REURBANIZACION C/ GRABADOR ESTEVE;2;l'Eixample;Particular;7;NO;NO;0;NO;NA;No aplicable;2023-04-27;NA
5075;7;6137;Esterilizar a los gatos de nuestra ciudad.;16;Benicalap;Particular;53;SI;NO;0;NO;NA;No aplicable;2023-04-27;NA
5080;7;6142;AMPLIACIoN Y MODERNIZACIoN DE LOS PARQUES INFANTILES;18;2;Particular;19;SI;SI;30;SI;60808;Con etiqueta;2023-04-27;NA
5102;7;6164;Ludoteca;17;1;Particular;26;SI;NO;0;NO;NA;No aplicable;2023-04-27;NA
5166;7;6228;Crear jardin publico en solar de Avda. del Puerto, 24;12;Camins al Grau;Particular;8;NO;NO;0;NO;NA;No aplicable;2023-04-27;NA
5171;7;6233;Poner el nombre de nuestro Alcalde Pedaneo, a la piscina de verano;18;1;Particular;2;NO;NO;0;NO;NA;No aplicable;2023-04-27;NA
5205;7;6267;Iluminacion parque infantil Plaza Picasso;4;Campanar;Particular;10;NO;NO;0;NO;NA;No aplicable;2023-04-27;NA
5227;7;6289;Camino seguro desde Moreras hasta calle Ibiza;10;Quatre Carreres;Particular;82;SI;NO;0;NO;NA;No aplicable;2023-04-27;NA
5242;7;6304;CREACION APARCAMIENTO EN CALLE SAN JOSE DE LA MONTAÑA;3;Extramurs;Particular;9;NO;NO;0;NO;NA;No aplicable;2023-04-27;NA
5264;7;6326;Peatonalizar calle San Clemente/Colegio Niño Jesus;4;Campanar;Particular;8;NO;NO;0;NO;NA;No aplicable;2023-04-27;NA
5267;7;6329;Pasar a calzada Carrilbici de acera en toda la  Av Maestro Rodrigo de Valencia;4;Campanar;Particular;1;NO;NO;0;NO;NA;No aplicable;2023-04-27;NA
5351;7;6413;ACABAR PARQUE BERNAT DESCOLL;10;Quatre Carreres;Particular;51;SI;NO;0;NO;NA;No aplicable;2023-04-27;NA
5414;7;6476;Un paso para los peatones;12;Camins al Grau;Particular;16;NO;NO;0;NO;NA;No aplicable;2023-04-27;NA
5418;7;6480;Parques infantiles de 0-3 años;16;Benicalap;Particular;33;SI;SI;323;SI;79000;Sin etiqueta;2023-04-27;NA
5436;7;6498;Mejora del jardin de Maestro Sosa, esquina con san Vicente;3;Extramurs;Particular;15;NO;NO;0;NO;NA;No aplicable;2023-04-27;NA
5513;7;6575;Carril Bici hasta el complejo educativo Misericordia, Valencia.;7;l'Olivereta;Particular;33;SI;SI;117;NO;250000;Sin etiqueta;2023-04-27;NA
5520;7;6582;ESTUDIO APARCAMIENTO VECINOS Y USUARIOS BARRIO PLA DEL REMEI - GRAN VIA;2;l'Eixample;Particular;35;SI;NO;0;NO;NA;No aplicable;2023-04-27;NA
5575;7;6637;ADAPTACIoN ENERGeTICA DE LA ILUMINACIoN DEL CAMPO DE FuTBOL DE SERRANOS;5;la Saidia;Particular;46;SI;SI;183;NO;120000;Sin etiqueta;2023-04-27;NA
5579;7;6641;Benimaclet mes verd. Renaturalizacion de la calle Masquefa;14;Benimaclet;Representante GT;0;SI;NO;0;NO;NA;No aplicable;2023-04-27;NA
5581;7;6643;INSTALACIoN DE UNA PEQUEÑA CUBIERTA EN EL GRADERIO DEL CAMPO DE SERRANOS;5;la Saidia;Particular;42;SI;SI;305;NO;20000;Sin etiqueta;2023-04-27;NA
5617;7;6679;AISLAMIENTO VECINOS C. PINTOR JOAN DE RIBERA BERENGUER;10;Quatre Carreres;Particular;9;NO;NO;0;NO;NA;No aplicable;2023-04-27;NA
5624;7;6686;Replanteo / dibujo carriles en C/ Filipinas;2;l'Eixample;Particular;3;NO;NO;0;NO;NA;No aplicable;2023-04-27;NA
5626;7;6688;Adquisicio de la Casa Sola per al nou Centre Juvenil;19;2;Particular;33;SI;NO;0;NO;NA;No aplicable;2023-04-27;NA
5673;7;6735;Platges tranquil·les i respectuoses / Playas tranquilas y respetuosas;11;Poblats Maritims;Particular;6;NO;NO;0;NO;NA;No aplicable;2023-04-27;NA
5729;7;6791;INSTALACIoN DESFIBRILADORES EN TODOS LOS CTROS. EDUCATIVOS PuBLICOS DEL DISTRITO;8;Patraix;Particular;53;SI;NO;0;NO;NA;No aplicable;2023-04-27;NA
5787;7;6849;Repavimentacion calzada C/ Dolfins;19;6;Ayuntamiento;0;SI;SI;7;NO;60514;Sin etiqueta;2023-04-27;NA
17;1;2015-00020;NA;3;Extramurs;Persona Fisica;0;No aplicable;NO;0;NO;NA;No aplicable;2023-04-27;NA
62;1;2015-00083;NA;11;Poblats Maritims;Persona Juridica;0;No aplicable;SI;37;NO;NA;No aplicable;2023-04-27;NA
105;1;2015-00139;NA;15;Rascanya;Persona Fisica;0;No aplicable;NO;0;NO;NA;No aplicable;2023-04-27;NA
120;1;2015-00155;JARDiN PLAZA AMPARO ARCE MIRALLES;14;Benimaclet;Persona Fisica;0;No aplicable;SI;229;SI;303453;No aplicable;2023-04-27;NA
135;1;2015-00172;NA;11;Poblats Maritims;Persona Fisica;0;No aplicable;NO;0;NO;NA;No aplicable;2023-04-27;NA
213;1;2015-00257;NA;1;Ciutat Vella;Persona Juridica;0;No aplicable;NO;0;NO;NA;No aplicable;2023-04-27;NA
231;1;2015-00278;NA;19;Pobles del Sud;Persona Fisica;0;No aplicable;NO;0;NO;NA;No aplicable;2023-04-27;NA
247;1;2015-00296;NA;19;Pobles del Sud;Persona Fisica;0;No aplicable;SI;50;NO;NA;No aplicable;2023-04-27;NA
267;1;2015-00319;NA;12;Camins al Grau;Persona Fisica;0;No aplicable;NO;0;NO;NA;No aplicable;2023-04-27;NA
288;1;2015-00345;NA;17;Pobles del Nord;Persona Fisica;0;No aplicable;NO;0;NO;NA;No aplicable;2023-04-27;NA
304;1;2015-00361;NA;12;Camins al Grau;Persona Juridica;0;No aplicable;NO;0;NO;NA;No aplicable;2023-04-27;NA
305;1;2015-00363;NA;12;Camins al Grau;Persona Juridica;0;No aplicable;NO;0;NO;NA;No aplicable;2023-04-27;NA
314;1;2015-00374;NA;1;Ciutat Vella;Persona Fisica;0;No aplicable;NO;0;NO;NA;No aplicable;2023-04-27;NA
332;1;2015-00393;NA;14;Benimaclet;Persona Fisica;0;No aplicable;NO;0;NO;NA;No aplicable;2023-04-27;NA
407;1;2015-00476;NA;8;Patraix;Persona Fisica;0;No aplicable;NO;0;NO;NA;No aplicable;2023-04-27;NA
441;1;2015-00526;NA;4;Campanar;Persona Juridica;0;No aplicable;NO;0;NO;NA;No aplicable;2023-04-27;NA
448;1;2015-00533;NA;11;Poblats Maritims;Persona Juridica;0;No aplicable;NO;0;NO;NA;No aplicable;2023-04-27;NA
470;1;2015-00562;NA;9;Jesus;Persona Juridica;0;No aplicable;NO;0;NO;NA;No aplicable;2023-04-27;NA
478;1;2015-00571;NA;17;Pobles del Nord;Persona Juridica;0;No aplicable;NO;0;NO;NA;No aplicable;2023-04-27;NA
504;1;2015-00603;NA;2;l'Eixample;Persona Juridica;0;No aplicable;NO;0;NO;NA;No aplicable;2023-04-27;NA
517;1;2016-00012;Propuesta ayuntamiento. Mejora dotacion papeleras ordinarias en calles, en jardines y para zonas de expansion canina con expendedor de bolsas y cenicero.;7;l'Olivereta;Persona Juridica;0;No aplicable;SI;27;SI;14000;No aplicable;2023-04-27;NA
550;1;2016-00045;NA;6;el Pla del Real;Persona Juridica;0;No aplicable;SI;9;NO;NA;No aplicable;2023-04-27;NA
581;1;2016-00076;NA;15;Rascanya;Persona Juridica;0;No aplicable;SI;13;NO;NA;No aplicable;2023-04-27;NA
594;1;2016-00090;Propuesta ayuntamiento. Medidas de pacificacion del trafico;7;l'Olivereta;Persona Juridica;0;No aplicable;SI;18;SI;3000;No aplicable;2023-04-27;NA
613;1;2016-00109;NA;13;Algiros;Persona Juridica;0;No aplicable;SI;13;NO;NA;No aplicable;2023-04-27;NA
626;2;7;Paso de peatones en G.V. Fernando el Catolico, 52;3;Extramurs;Particular;11;NO;NO;0;NO;NA;No aplicable;2023-04-27;NA
691;2;72;Mejoras en calle Manzanera;5;la Saidia;Particular;9;NO;NO;0;NO;NA;No aplicable;2023-04-27;NA
703;2;84;Carril bici pel carrer Colom;1;Ciutat Vella;Particular;31;SI;NO;0;NO;NA;No aplicable;2023-04-27;NA
733;2;114;CONTROLAR LOS RUIDOS NOCTURNOS ZONAS DE DISCOTECAS Y RESTAURANTES;2;l'Eixample;Particular;15;NO;NO;0;NO;NA;No aplicable;2023-04-27;NA
740;2;121;ASFALTADO DEL TRAMO QUE FALTA EN LA CALLE MARIANO RIBERA;8;Patraix;Particular;19;NO;NO;0;NO;NA;No aplicable;2023-04-27;NA
752;2;133;Enlace desde Av. Peset Aleixandre (Campanar) a Av. Ecuador (Benicalap);16;Benicalap;Particular;20;NO;NO;0;NO;NA;No aplicable;2023-04-27;NA
776;2;157;Plantacio arbres al Carrer Franco Tormo des del numero 3 fins al 15;8;Patraix;Particular;2;NO;NO;0;NO;NA;No aplicable;2023-04-27;NA
782;2;163;Carril bici en avenida Giorgeta y Perez Galdos;3;Extramurs;Particular;82;SI;NO;0;NO;NA;No aplicable;2023-04-27;NA
845;2;226;Conexion de Horno de Alcedo con Sedavi mediante acera.(segura);19;Pobles del Sud;Particular;57;SI;NO;0;NO;NA;No aplicable;2023-04-27;NA
903;2;284;Ninguna persona sin casa, ninguna casa sin personas;16;Benicalap;Particular;32;SI;NO;0;NO;NA;No aplicable;2023-04-27;NA
938;2;319;Impedir invasion de vehiculos;13;Algiros;Representante GT;10;SI;NO;0;NO;NA;No aplicable;2023-04-27;NA
976;2;357;Millora i adequacio de les places dels Poblats del Sud;19;Pobles del Sud;Representante GT;2;SI;NO;0;NO;NA;No aplicable;2023-04-27;NA
1012;2;393;CREAR PASOS DE PEATONES EN CALLE LEPANTO Y HACER ACCESIBLES LOS EXISTENTES;3;Extramurs;Particular;23;NO;NO;0;NO;NA;No aplicable;2023-04-27;NA
1026;2;407;Sustitucion de mesas de tenis en instalaciones deportivas de parques y jardines;13;Algiros;Representante GT;5;SI;SI;222;SI;10000;No aplicable;2023-04-27;NA
1029;2;410;ADECUACIoN DEL TuNEL DE GRANDES ViAS: INSONORIZACIoN Y DESCONTAMINACIoN.;3;Extramurs;Particular;35;SI;NO;0;NO;NA;No aplicable;2023-04-27;NA
1033;2;414;Aceras C/ Sueca entre Literato Azorin y Peris y Valero;2;l'Eixample;Particular;1;NO;NO;0;NO;NA;No aplicable;2023-04-27;NA
1105;2;486;Reasfaltado calle Maestro Gozalbo;2;l'Eixample;Particular;15;NO;NO;0;NO;NA;No aplicable;2023-04-27;NA
1106;2;487;¡POR FIN UN POLIDEPORTIVO EN BENICALAP!;16;Benicalap;Particular;2;NO;NO;0;NO;NA;No aplicable;2023-04-27;NA
1134;2;515;Arreglar solar vall de aiora / Nicassio Benlloch. mixto parking - parque;16;Benicalap;Particular;16;NO;NO;0;NO;NA;No aplicable;2023-04-27;NA
1163;2;544;Arreglar PLAZA PATRAIX;8;Patraix;Particular;5;NO;NO;0;NO;NA;No aplicable;2023-04-27;NA
1168;2;549;Centro infantil hasta 6 años;11;Poblats Maritims;Particular;33;SI;NO;0;NO;NA;No aplicable;2023-04-27;NA
1217;3;1007;CARRIL BICI EN SERRERIA;Toda la ciudad;Toda la ciudad;Ayuntamiento;366;SI;SI;2178;NO;490000;No aplicable;2023-04-27;NA
1305;3;1098;ASAFALTAR CALLE PI XI Y CALLE CUENCA;Toda la ciudad;Toda la ciudad;Particular;2;NO;NO;0;NO;NA;No aplicable;2023-04-27;NA
1307;3;1100;PARQUE INFANTIL CON CAFETERiA;Toda la ciudad;Toda la ciudad;Particular;5;NO;NO;0;NO;NA;No aplicable;2023-04-27;NA
1313;3;1106;CARRIL BICI CIUDAD FALLERA PARQUE DE BENICALAP;Toda la ciudad;Toda la ciudad;Particular;30;NO;NO;0;NO;NA;No aplicable;2023-04-27;NA
1319;3;1112;ARREGLO ACERAS TOMAS DE VILARROYA,CAPITULAR DE GANDIA,DR.TOMAS SALA Y CIRCULDANT;Toda la ciudad;Toda la ciudad;Particular;25;NO;NO;0;NO;NA;No aplicable;2023-04-27;NA
1329;3;1122;PASARELA SOBRE ViAS DEL TREN DE SERRERiA A LA ALTURA DEL VIEJO CAUCE DEL RiO;Toda la ciudad;Toda la ciudad;Particular;15;NO;NO;0;NO;NA;No aplicable;2023-04-27;NA
1341;3;1134;SEMaFORO CUENTA ATRaS DEL CC EL SALER A LA CUIDAD DE LAS ARTES;Toda la ciudad;Toda la ciudad;Particular;3;NO;NO;0;NO;NA;No aplicable;2023-04-27;NA
1388;3;1181;RUTA VERDA CASTELLAR/PINEDO/SALER;Toda la ciudad;Toda la ciudad;Particular;298;SI;NO;0;NO;NA;No aplicable;2023-04-27;NA
1432;3;1225;BIBLIOTECA O SALAS DE ESTUDIO EN VERANO;Toda la ciudad;Toda la ciudad;Particular;64;NO;NO;0;NO;NA;No aplicable;2023-04-27;NA
1447;3;1240;CENTROS CULTURALES Y DE OCIO Y ESPARCIMIENTO EN BENIMAMET;Toda la ciudad;Toda la ciudad;Particular;5;NO;NO;0;NO;NA;No aplicable;2023-04-27;NA
1449;3;1242;CONTENEDORES AMARILLOS;Toda la ciudad;Toda la ciudad;Particular;10;NO;NO;0;NO;NA;No aplicable;2023-04-27;NA
1462;3;1255;ADECUACIoN DEL SOLAR URBANO SITO ENTRE LAS CALLES VICENTE PERIS Y LUIS CRUMIERE;Toda la ciudad;Toda la ciudad;Particular;10;NO;NO;0;NO;NA;No aplicable;2023-04-27;NA
1468;3;1261;CONTINUACIoN RiO CIUDAD DE LAS ARTES FoRMULA 1;Toda la ciudad;Toda la ciudad;Particular;125;SI;NO;0;NO;NA;No aplicable;2023-04-27;NA
1478;3;1271;MEJORAR EL TRANSPORTE PuBLICO NOCTURNO.;Toda la ciudad;Toda la ciudad;Particular;78;NO;NO;0;NO;NA;No aplicable;2023-04-27;NA
1483;3;1276;UN AUTOBUS DE LA EMT QUE CRUCE EL PUENTE DE MONTEOLIVETE;Toda la ciudad;Toda la ciudad;Particular;6;NO;NO;0;NO;NA;No aplicable;2023-04-27;NA
1485;3;1278;SEPARACIo FiSICA CARRIL BICI RIU TuRIA;Toda la ciudad;Toda la ciudad;Particular;3;NO;NO;0;NO;NA;No aplicable;2023-04-27;NA
1494;3;1287;IMPUESTO PARA DUEÑOS DE PERROS DESTINADO A LIMPIEZA DE LAS CALLES;Toda la ciudad;Toda la ciudad;Particular;138;SI;NO;0;NO;NA;No aplicable;2023-04-27;NA
1496;3;1289;DAR SOPORTE NFC A LA APP DE EMT VALENCIA;Toda la ciudad;Toda la ciudad;Particular;1;NO;NO;0;NO;NA;No aplicable;2023-04-27;NA
1523;3;1316;CAMPO DE VOLEY-PLAYA EN EL CAUCE DEL RiO TURIA;Toda la ciudad;Toda la ciudad;Particular;4;NO;NO;0;NO;NA;No aplicable;2023-04-27;NA
1544;3;1338;ENTRADA A BENIMAMET POR RONDA NORTE;Toda la ciudad;Toda la ciudad;Particular;13;NO;NO;0;NO;NA;No aplicable;2023-04-27;NA
1588;3;1384;REUBICACIo TRAM CARRIL BICI AV. BLASCO IBaÑEZ ENTRE SEVERO OCHOA I DR. MOLINER;Toda la ciudad;Toda la ciudad;Particular;7;NO;NO;0;NO;NA;No aplicable;2023-04-27;NA
1616;3;1412;SUSTITUCIoN DE PIPi CAN , POR JARDiN VALLADO.;Toda la ciudad;Toda la ciudad;Particular;19;NO;NO;0;NO;NA;No aplicable;2023-04-27;NA
1707;3;1503;MEDIANA EN PASO DE PEATONES DE GRAN VIA GERMANIAS;Toda la ciudad;Toda la ciudad;Particular;8;NO;NO;0;NO;NA;No aplicable;2023-04-27;NA
1708;3;1504;MANZANAS URBANAS DE LA CIUDAD DE VALENCIA PARA USOS DE ESTACIONAMIENTO Y PARADA.;Toda la ciudad;Toda la ciudad;Particular;1;NO;NO;0;NO;NA;No aplicable;2023-04-27;NA
1756;3;1552;PIVOTES ELECTRoNICOS ENTRADA A CIUTAT VELLA/ BARRIO DEL CARMEN;Toda la ciudad;Toda la ciudad;Particular;1;NO;NO;0;NO;NA;No aplicable;2023-04-27;NA
1789;4;2018;BANCOS EN LA PLAZA DEL PATRIARCA;1;Ciutat Vella;Particular;56;SI;NO;0;NO;NA;No aplicable;2023-04-27;NA
1811;4;2040;URBANIZACIoN DESCAMPADOS ENTORNO DE LA CALLE SALVADOR PERLeS Y SOTO MICo;9;Jesus;Particular;71;SI;NO;0;NO;NA;No aplicable;2023-04-27;NA
1817;4;2046;PARQUE DE SOCIALIZACIoN CANINA;19;6;Particular;21;SI;NO;0;NO;NA;No aplicable;2023-04-27;NA
1820;4;2049;MEJORA PARQUE CASTIELFABIB-MARQUeS DE SAN JUAN-MAESTRO RODRIGO;4;Campanar;Particular;36;SI;SI;177;NO;100000;No aplicable;2023-04-27;NA
1834;4;2063;CONECTAR CALLE DR. VICENTE ZARAGOZa CON AVDA. CATALUÑA;14;Benimaclet;Particular;154;SI;NO;0;NO;NA;No aplicable;2023-04-27;NA
1837;4;2066;FUMIGAR;20;No consta;Particular;8;NO;NO;0;NO;NA;No aplicable;2023-04-27;NA
1844;4;2073;REHABILITACIoN O REFORMA DEL PARQUE EN LA PLAZA DE LA PEDAGOGA RAQUEL PAYa;10;Quatre Carreres;Particular;8;NO;NO;0;NO;NA;No aplicable;2023-04-27;NA
1896;4;2125;REDUCIR LA FUENTE DE PLAZA CaNONIGO ROGER CHILLIDA EN SAN MARCELINO;9;Jesus;Representante GT;0;SI;NO;0;NO;NA;No aplicable;2023-04-27;NA
1909;4;2138;HUERTO URBANO;12;Camins al Grau;Particular;17;NO;NO;0;NO;NA;No aplicable;2023-04-27;NA
1934;4;2163;CICLOViA SALIDA NORTE EL PERELLONET;19;6;Particular;19;SI;NO;0;NO;NA;No aplicable;2023-04-27;NA
1958;4;2187;SUSTITUCIoN PALMERAS WASHINGTONIAS;18;1;Particular;15;SI;NO;0;NO;NA;No aplicable;2023-04-27;NA
1990;4;2219;DEL RIO AL MAR;11;Poblats Maritims;Particular;39;SI;SI;240;SI;439042;No aplicable;2023-04-27;NA
2014;4;2243;ASEOS PuBLICOS GRATUITOS EN LOS JARDINES DEL TURIA (CAUCE ANTIGUO DEL RiO);20;No consta;Particular;15;NO;NO;0;NO;NA;No aplicable;2023-04-27;NA
2027;4;2256;VIDRIO A CAMBIO DE CINE;20;No consta;Particular;10;NO;NO;0;NO;NA;No aplicable;2023-04-27;NA
2051;4;2280;PLAQUES SOLARS;18;1;Particular;33;SI;SI;34;NO;310000;No aplicable;2023-04-27;NA
2059;4;2288;AMPLIAÇIO DEDE EL INICI DEL CAMI DE VERONICA EN UNS 50 METRES.;17;6;Particular;17;SI;NO;0;NO;NA;No aplicable;2023-04-27;NA
2146;4;2375;AJARDINAR ROTONDA DE GIORGIO ET ENRICO, ENTRADA A BENIMaMET POR ACCESO RONDA NOR;18;1;Particular;0;NO;NO;0;NO;NA;No aplicable;2023-04-27;NA
2167;4;2396;ESTUDIO DESDE MOVILIDAD CIRCULACIoN CASCO DE MASSARROJOS;17;6;Particular;16;SI;NO;0;NO;NA;No aplicable;2023-04-27;NA
2174;4;2403;PANELES INFORMATIVOS DE ACTIVIDADES MUNICIPALES Y DE ASOCIACIONES ARRANCAPINS;3;Extramurs;Representante GT;0;SI;SI;277;NO;10000;No aplicable;2023-04-27;NA
2179;4;2408;INSTALACIoN DE BANCOS EN CIUTAT VELLA;1;Ciutat Vella;Representante GT;0;SI;SI;322;SI;18000;No aplicable;2023-04-27;NA
2283;4;2512;ACONDICIONAMIENTO ROTONDAS SAN VICENTE MARTIR – J0SE SOTO MICo – CV-400;9;Jesus;Particular;44;SI;SI;210;NO;280000;No aplicable;2023-04-27;NA
2290;4;2519;INSTALACIoN DE URINARIOS EN EL CENTRO HISToRICO;1;Ciutat Vella;Representante GT;0;SI;SI;200;NO;150000;No aplicable;2023-04-27;NA
2331;5;3019;CONSTRUCCIo D'UNA EDIFICACIo PER A LA UNITAT GAMMA DE POLICIA LOCAL DE VALeNCIA;Toda la ciudad;Toda la ciudad;Ayuntamiento;251;SI;SI;1420;NO;1200000;No aplicable;2023-04-27;NA
2431;5;3119;Señalizacion carril bici Antiguo Cauce Rio Turia;Toda la ciudad;Toda la ciudad;Particular;16;NO;NO;0;NO;NA;No aplicable;2023-04-27;NA
2432;5;3120;Barrio La Raiosa;Toda la ciudad;Toda la ciudad;Particular;18;NO;NO;0;NO;NA;No aplicable;2023-04-27;NA
2442;5;3130;zona socializacion perros plaza l´equip cronica;Toda la ciudad;Toda la ciudad;Particular;25;NO;NO;0;NO;NA;No aplicable;2023-04-27;NA
2464;5;3152;CREAR MUPIS DE INFORMACIoN DEL BARRIO O DISTRITO DONDE TE ENCUENTRES;Toda la ciudad;Toda la ciudad;Particular;5;NO;NO;0;NO;NA;No aplicable;2023-04-27;NA
2512;5;3200;POLIDEPORTIVO O PISCINA CUBIERTA;Toda la ciudad;Toda la ciudad;Particular;60;NO;NO;0;NO;NA;No aplicable;2023-04-27;NA
2541;5;3229;reparacio del carrer PERIS MENCHETA (L´ultim carrer lleig de benimaclet);Toda la ciudad;Toda la ciudad;Particular;51;NO;NO;0;NO;NA;No aplicable;2023-04-27;NA
2557;5;3245;Escola Infantil Municipal, a Castellar-l´Oliveral;Toda la ciudad;Toda la ciudad;Particular;136;SI;NO;0;NO;NA;No aplicable;2023-04-27;NA
2560;5;3248;crear un canon para perros;Toda la ciudad;Toda la ciudad;Particular;60;NO;NO;0;NO;NA;No aplicable;2023-04-27;NA
2589;5;3277;Carril bici CAMPANAR: Avenida Manuel de Falla con Avda. Maestro Rodrigo;Toda la ciudad;Toda la ciudad;Particular;28;NO;NO;0;NO;NA;No aplicable;2023-04-27;NA
2645;5;3333;Cerrar parques infantiles de noche;Toda la ciudad;Toda la ciudad;Particular;8;NO;NO;0;NO;NA;No aplicable;2023-04-27;NA
2693;5;3381;Parque para perros y pipi can;Toda la ciudad;Toda la ciudad;Particular;8;NO;NO;0;NO;NA;No aplicable;2023-04-27;NA
2707;5;3395;Parques infantiles pinedo;Toda la ciudad;Toda la ciudad;Particular;18;NO;NO;0;NO;NA;No aplicable;2023-04-27;NA
2716;5;3404;Mejoras CEIP CAES JAUME I (Barrio Aiora);Toda la ciudad;Toda la ciudad;Particular;63;NO;NO;0;NO;NA;No aplicable;2023-04-27;NA
2725;5;3413;Urbanizacion calle peatonal entre el Jardin Botanico y G.V. Fernando el Catolico;Toda la ciudad;Toda la ciudad;Particular;182;SI;SI;2354;SI;200000;No aplicable;2023-04-27;NA
2743;5;3431;Urbanicemos el Cementerio General;Toda la ciudad;Toda la ciudad;Particular;4;NO;NO;0;NO;NA;No aplicable;2023-04-27;NA
2790;5;3478;Ampliar las aceras de la Calle Botanico.;Toda la ciudad;Toda la ciudad;Particular;13;NO;NO;0;NO;NA;No aplicable;2023-04-27;NA
2791;5;3479;MANTENIMIENTO JARDiN AVDA. HERMANOS MARISTAS.;Toda la ciudad;Toda la ciudad;Particular;5;NO;NO;0;NO;NA;No aplicable;2023-04-27;NA
2829;5;3517;FIBRA oPTICA POBLE NOU;Toda la ciudad;Toda la ciudad;Particular;47;NO;NO;0;NO;NA;No aplicable;2023-04-27;NA
2936;5;3625;Anillo Verde Castellar Oliveral;Toda la ciudad;Toda la ciudad;Particular;39;NO;NO;0;NO;NA;No aplicable;2023-04-27;NA
2951;6;4007;Jocs infantils i d'exercici en Marques del Turia;2;l'Eixample;Particular;90;SI;NO;0;NO;NA;No aplicable;2023-04-27;NA
2965;6;4021;Cargador coches electricos Avenida del Cid;7;l'Olivereta;Particular;46;SI;NO;0;NO;NA;No aplicable;2023-04-27;NA
2972;6;4028;Canvi maquinaria del rellotge municipal de la torre del campanar;17;6;Particular;26;SI;NO;0;NO;NA;No aplicable;2023-04-27;NA
2989;6;4045;L’OLIVERETA VERDE. NUEVOS ALCORQUES. MaS aRBOLES.;7;l'Olivereta;Particular;114;SI;NO;0;NO;NA;No aplicable;2023-04-27;NA
3036;6;4092;Mejora transporte publico Nou Benicalap;16;Benicalap;Particular;158;SI;NO;0;NO;NA;No aplicable;2023-04-27;NA
3067;6;4123;Pergola en Sociopolis;19;8;Representante GT;0;SI;NO;0;NO;NA;No aplicable;2023-04-27;NA
3077;6;4133;UN MICROBOSQUE EN EL PATIO;12;Camins al Grau;Particular;169;SI;NO;0;NO;NA;No aplicable;2023-04-27;NA
3127;6;4183;Pipican zona AVE;3;Extramurs;Particular;31;SI;SI;50;NO;120000;No aplicable;2023-04-27;NA
3166;6;4222;Mantenimiento de arbolado calle Vicente Clavel;8;Patraix;Particular;26;NO;NO;0;NO;NA;No aplicable;2023-04-27;NA
3178;6;4234;REBAIXOS DE LES VORERES DELS CARRERS JUAN ESTELLES, RECTOR BAU I LUIS JANINI;17;6;Particular;6;NO;NO;0;NO;NA;No aplicable;2023-04-27;NA
3184;6;4240;Sala cultural en la trilladora del Tocaio;19;5;Particular;18;SI;NO;0;NO;NA;No aplicable;2023-04-27;NA
3203;6;4259;¿DE VERDAD NECESITAMOS GASTAR 340 MILLONES EN EL TUNEL DEL PARQUE CENTRAL?;10;Quatre Carreres;Particular;23;NO;NO;0;NO;NA;No aplicable;2023-04-27;NA
3206;6;4262;Parc infantil zona escoleta massarrojos;17;6;Particular;5;NO;NO;0;NO;NA;No aplicable;2023-04-27;NA
3214;6;4270;Poda de palmeras calle FELIPE VALLS;18;1;Particular;16;SI;NO;0;NO;NA;No aplicable;2023-04-27;NA
3241;6;4297;ADOPTA UN BOLARDO: REPOSICIoN COMPLETA EN LAS ACERAS DE RUZAFA;2;l'Eixample;Particular;48;SI;NO;0;NO;NA;No aplicable;2023-04-27;NA
3258;6;4314;PROYECTO DE REHABILITACIoN DE CASONA PARA RETEN DE POLICiA LOCAL;18;1;Particular;59;SI;NO;0;NO;NA;No aplicable;2023-04-27;NA
3360;6;4416;Paso de Peatones en Paseo La Pechina, 46 junto a la rampa de acceso al rio;7;l'Olivereta;Particular;87;SI;SI;408;SI;25000;No aplicable;2023-04-27;NA
3366;6;4422;Peatonalizacion parcial y zona verde en Calle Dr. Zamenhof;3;Extramurs;Particular;20;NO;NO;0;NO;NA;No aplicable;2023-04-27;NA
3382;6;4438;Ruta Bicipeatonal entre Valencia i Borboto.;17;7;Particular;36;SI;NO;0;NO;NA;No aplicable;2023-04-27;NA
3396;6;4452;CARRIL BICI CALLE JESuS;9;Jesus;Particular;36;SI;NO;0;NO;NA;No aplicable;2023-04-27;NA
3463;6;4520;Proteger aceras;19;7;Particular;3;NO;NO;0;NO;NA;No aplicable;2023-04-27;NA
3468;6;4525;Poner el nombre de Benimamet, en la rotonda del Giorgio & Enrico;18;1;Particular;61;SI;NO;0;NO;NA;No aplicable;2023-04-27;NA
3549;6;4606;Calle Padilla bancos, maceteros  y mas luz;1;Ciutat Vella;Particular;3;NO;NO;0;NO;NA;No aplicable;2023-04-27;NA
3556;6;4613;Fer el Cami Assagador d’us exclusiu per al veinat, llauradors i ciclovianants;17;2;Particular;17;SI;NO;0;NO;NA;No aplicable;2023-04-27;NA
3581;6;4638;Circulacion abierta;2;l'Eixample;Particular;40;SI;NO;0;NO;NA;No aplicable;2023-04-27;NA
3582;6;4639;EN LA ORILLA IZQUIERDA DEL TURIA;5;la Saidia;Particular;1;NO;NO;0;NO;NA;No aplicable;2023-04-27;NA
3679;6;4737;Peatonalizacion plaza de Patraix;8;Patraix;Particular;78;SI;SI;557;SI;115000;No aplicable;2023-04-27;NA
3682;6;4740;ESCENARIO-TEMPLETE, EN LA PLAZA MAYOR;19;3;Particular;22;SI;NO;0;NO;NA;No aplicable;2023-04-27;NA
3693;6;4751;SOTERRAMIENTO DE LAS ISLAS DE CONTENEDORES DE LAS CALLES DEL BARRIO NOU MOLES;7;l'Olivereta;Particular;31;SI;SI;242;SI;130000;No aplicable;2023-04-27;NA
3803;6;4864;Supermanzana Abastos;3;Extramurs;Particular;86;SI;SI;95;NO;386000;No aplicable;2023-04-27;NA
3880;6;4942;Reforma y traslado de biblioteca en barrio de Sant Pau;4;Campanar;Particular;25;NO;NO;0;NO;NA;No aplicable;2023-04-27;NA
3912;6;4974;Comenzar YA las obras del colegio de San Vicente Martir;9;Jesus;Particular;30;SI;NO;0;NO;NA;No aplicable;2023-04-27;NA
3922;6;4984;INCREMENTO DE APARCABICIS, PK MINUSVALIDOS Y ARBOLADO EN EL MERCADO DE COLoN;2;l'Eixample;Particular;33;SI;NO;0;NO;NA;No aplicable;2023-04-27;NA
3938;6;5000;Carril bus-taxi avda aragon y avda cataluña;6;el Pla del Real;Particular;2;NO;NO;0;NO;NA;No aplicable;2023-04-27;NA
3959;6;5021;Bosque mediterraneo para Valencia;4;Campanar;Particular;33;SI;NO;0;NO;NA;No aplicable;2023-04-27;NA
3985;6;5047;Mejora parque estacioneta de Jesus;9;Jesus;Particular;16;NO;NO;0;NO;NA;No aplicable;2023-04-27;NA
4001;6;5063;Aumentar plazas de aparcamiento;15;Rascanya;Particular;5;NO;NO;0;NO;NA;No aplicable;2023-04-27;NA
4008;6;5070;Mejorar el Alumbrado de La Alameda, que se ve muy poco;6;el Pla del Real;Particular;3;NO;NO;0;NO;NA;No aplicable;2023-04-27;NA
4011;6;5073;PEATONALIZACIoN REAL ZONA BARoN DE BARCHETA, DRAGAMINAS Y GAUDENCIA TORRES.;4;Campanar;Particular;33;SI;NO;0;NO;NA;No aplicable;2023-04-27;NA
4012;6;5074;Mejora de jardineras calle Serreria;11;Poblats Maritims;Particular;13;NO;NO;0;NO;NA;No aplicable;2023-04-27;NA
4025;6;5087;Prolongacion de la calle Castell de Pop;11;Poblats Maritims;Representante GT;0;SI;NO;0;NO;NA;No aplicable;2023-04-27;NA
4043;6;5105;Sustitucion de parte del pavimento del jardin de la Plaza Xuquer;6;el Pla del Real;Particular;2;NO;NO;0;NO;NA;No aplicable;2023-04-27;NA
4073;6;5135;INSTAL.LACIONS  ESPORTIVES AL POBLE DEL SALER _PERMUTA TERRENYS AMB  DGT;19;4;Particular;59;SI;NO;0;NO;NA;No aplicable;2023-04-27;NA
4134;6;5196;Instal.lacio de wifi en places i jardines de Benimaclet;14;Benimaclet;Particular;7;NO;NO;0;NO;NA;No aplicable;2023-04-27;NA
4135;6;5197;ACONDICIONAMIENTO DE LA MANZANA PERDIDA;2;l'Eixample;Particular;35;SI;NO;0;NO;NA;No aplicable;2023-04-27;NA
4150;6;5212;Centre Municipal d'Estudis amb horari nocturn i caps de setmana;11;Poblats Maritims;Particular;37;SI;NO;0;NO;NA;No aplicable;2023-04-27;NA
4165;6;5227;Pergola con sombra y bancos parque Sta.Ana;17;7;Particular;16;SI;NO;0;NO;NA;No aplicable;2023-04-27;NA
4179;6;5241;AUSIAS MARCH MAS VERDE;10;Quatre Carreres;Particular;36;SI;SI;241;NO;155000;No aplicable;2023-04-27;NA
4220;6;5282;Carril Bici entre Puente 9 d'Octubre y Perez Galdos;7;l'Olivereta;Particular;36;SI;NO;0;NO;NA;No aplicable;2023-04-27;NA
4242;7;5304;Control d'accessos a les instal·lacions municipals;19;5;Particular;17;SI;SI;14;NO;18000;Sin etiqueta;2023-04-27;NA
4245;7;5307;Carril bici y pacificacion de angel Guimera;3;Extramurs;Particular;78;SI;SI;296;NO;264000;Sin etiqueta;2023-04-27;NA
4303;7;5365;Iluminar, adecentar y hacer mas seguro el paso de pasarela amarilla;4;Campanar;Particular;9;NO;NO;0;NO;NA;No aplicable;2023-04-27;NA
4326;7;5388;Plaza Musico Lopez Chavarri, para que siga siendo plaza...;1;Ciutat Vella;Particular;58;SI;NO;0;NO;NA;No aplicable;2023-04-27;NA
4328;7;5390;PISCINA PUBLICA SIN CUBRIR LAS MORERAS;11;Poblats Maritims;Particular;18;NO;NO;0;NO;NA;No aplicable;2023-04-27;NA
4419;7;5481;Peatonalizacion Av. Tres Cruces y Av. Doctor Tomas Sala domingos por la mañana;9;Jesus;Particular;3;NO;NO;0;NO;NA;No aplicable;2023-04-27;NA
4424;7;5486;Creacion de una via ciclo-peatonal por la huerta de Benicalap;17;2;Particular;75;SI;NO;0;NO;NA;No aplicable;2023-04-27;NA
4505;7;5567;Incorporacion de arbolado y bancos en las aceras del barrio de  La Roqueta;3;Extramurs;Representante GT;0;SI;NO;0;NO;NA;No aplicable;2023-04-27;NA
4508;7;5570;Ajardinamiento o equipamiento de espacios (terreno natural desde hace 52 años);7;l'Olivereta;Particular;6;NO;NO;0;NO;NA;No aplicable;2023-04-27;NA
4521;7;5583;CALLE LEONES: SUSTITUCIoN DE LOS CONTENEDORES SOTERRADOS;12;Camins al Grau;Particular;2;NO;NO;0;NO;NA;No aplicable;2023-04-27;NA
4530;7;5592;Comisaria Policia Malilla;10;Quatre Carreres;Particular;64;SI;NO;0;NO;NA;No aplicable;2023-04-27;NA
4536;7;5598;Puntos de Carga de Coche electrico e hibrido enchufable;13;Algiros;Particular;18;NO;NO;0;NO;NA;No aplicable;2023-04-27;NA
4550;7;5612;Arreglo de asfaltado;3;Extramurs;Particular;1;NO;NO;0;NO;NA;No aplicable;2023-04-27;NA
4556;7;5618;MANTENIMIENTO Y DISEÑO DEL CARRIL RUNNIG JARDiN DEL TURIA;6;el Pla del Real;Particular;9;NO;NO;0;NO;NA;No aplicable;2023-04-27;NA
4559;7;5621;Iluminacion acera impar calle Alfahuir;15;Rascanya;Particular;32;SI;SI;343;SI;15000;Con etiqueta;2023-04-27;NA
4563;7;5625;Seguridad en los cruces Av. Dr. Waksman;10;Quatre Carreres;Particular;2;NO;NO;0;NO;NA;No aplicable;2023-04-27;NA
4577;7;5639;ABRIR CALLE DESDE GIMENEZ Y COSTA HASTA CARRETERA REAL DE MADRID;19;7;Particular;12;NO;NO;0;NO;NA;No aplicable;2023-04-27;NA
4591;7;5653;Parque infantil con pista de patinaje.;8;Patraix;Particular;1;NO;NO;0;NO;NA;No aplicable;2023-04-27;NA
4684;7;5746;Esterilizacion y control veterinario de la colonia de gatos en Campanar;4;Campanar;Particular;40;SI;NO;0;NO;NA;No aplicable;2023-04-27;NA
4740;7;5802;Control plaga gaviotas en el grau;11;Poblats Maritims;Particular;2;NO;NO;0;NO;NA;No aplicable;2023-04-27;NA
4754;7;5816;Pacificacio del transit del passeig de la petxina;3;Extramurs;Particular;5;NO;NO;0;NO;NA;No aplicable;2023-04-27;NA
4847;7;5909;Reurbanizacion y Ajardinamiento;19;6;Particular;2;NO;NO;0;NO;NA;No aplicable;2023-04-27;NA
4865;7;5927;RESSALTS PER A MINORAR L'EXCeS DE VELOCITAT EN LA AV. KARL MARX;19;1;Particular;6;NO;NO;0;NO;NA;No aplicable;2023-04-27;NA
4874;7;5936;Conexion entre pasos peatonales en el puente de la Torre (con Soto Mico);19;7;Particular;5;NO;NO;0;NO;NA;No aplicable;2023-04-27;NA
4878;7;5940;Cambio del suelo del exterior de la Plaza de Toros;2;l'Eixample;Particular;16;NO;NO;0;NO;NA;No aplicable;2023-04-27;NA
4910;7;5972;Complejo deportivo y piscina al aire libre en Malilla;10;Quatre Carreres;Particular;99;SI;NO;0;NO;NA;No aplicable;2023-04-27;NA
4949;7;6011;Solar Carolina alvarez;12;Camins al Grau;Particular;18;NO;NO;0;NO;NA;No aplicable;2023-04-27;NA
5030;7;6092;Carril ciclista en un tramo de la Avenida Ecuador;16;Benicalap;Particular;7;NO;NO;0;NO;NA;No aplicable;2023-04-27;NA
5120;7;6182;Contenedores Bernat Descoll con Vicent Miguel carceller.;10;Quatre Carreres;Particular;2;NO;NO;0;NO;NA;No aplicable;2023-04-27;NA
5158;7;6220;Construccion jardin en solar de calles Tomas Montañana - Asturias - Lebon;12;Camins al Grau;Particular;70;SI;SI;510;SI;60000;Con etiqueta;2023-04-27;NA
5191;7;6253;Construccion de un gimnasio en el CEIP Max Aub;5;la Saidia;Particular;33;SI;NO;0;NO;NA;No aplicable;2023-04-27;NA
5198;7;6260;Ampliacion de las aceras de la calle Conde Altea;2;l'Eixample;Particular;8;NO;NO;0;NO;NA;No aplicable;2023-04-27;NA
5241;7;6303;Campaña educacion vial parea peatones respecto a carriles bici;13;Algiros;Particular;3;NO;NO;0;NO;NA;No aplicable;2023-04-27;NA
5294;7;6356;EDIFICIS UBICATS JUNT AL CEMENTERI DE CAMPANAR;4;Campanar;Representante GT;0;SI;SI;7;NO;636135;Sin etiqueta;2023-04-27;NA
5333;7;6395;Fuentes Refrescantes Publicas para Niños y Niñas Fuensanta;7;l'Olivereta;Particular;32;SI;NO;0;NO;NA;No aplicable;2023-04-27;NA
5412;7;6474;Reorganizar Aparcamiento - Ensanchar Acera;7;l'Olivereta;Particular;3;NO;NO;0;NO;NA;No aplicable;2023-04-27;NA
5432;7;6494;Fomentar el baloncesto en los niños;1;Ciutat Vella;Particular;32;SI;NO;0;NO;NA;No aplicable;2023-04-27;NA
5479;7;6541;Reacondicionar parque del Oliveral;19;2;Particular;34;SI;SI;127;SI;20000;Con etiqueta;2023-04-27;NA
5482;7;6544;Urbanizacion reconstruccion Espacio ajardinado C/ Alqueria Benlloch.;8;Patraix;Representante GT;0;SI;SI;41;NO;585000;Sin etiqueta;2023-04-27;NA
5491;7;6553;Jovenes mejorando el barrio;10;Quatre Carreres;Particular;18;NO;NO;0;NO;NA;No aplicable;2023-04-27;NA
5566;7;6628;Ampliar parque infantil existente y hacer nuevo parque de calistenia en Malilla;10;Quatre Carreres;Particular;11;NO;NO;0;NO;NA;No aplicable;2023-04-27;NA
5589;7;6651;AAVV FONT D´EN CORTS - ARREGLAR “EL MATADERO” COMO LOCAL ASOCIATIVO;10;Quatre Carreres;Particular;38;SI;NO;0;NO;NA;No aplicable;2023-04-27;NA
5615;7;6677;Renovacion parque Blancanieves en avenida dr Waskman;10;Quatre Carreres;Particular;14;NO;NO;0;NO;NA;No aplicable;2023-04-27;NA
5622;7;6684;Pavimentacio i  zona coberta a les pistes esportives del CEIP Eliseo Vidal;8;Patraix;Particular;86;SI;NO;0;NO;NA;No aplicable;2023-04-27;NA
5651;7;6713;Perimetro de proteccion del Tinglao;19;5;Particular;17;SI;NO;0;NO;NA;No aplicable;2023-04-27;NA
5666;7;6728;Ampliacion de aceras en Perez Galdos.;7;l'Olivereta;Particular;15;NO;NO;0;NO;NA;No aplicable;2023-04-27;NA
5681;7;6743;SOTERRAMIENTO DE CONTENEDORES;15;Rascanya;Particular;10;NO;NO;0;NO;NA;No aplicable;2023-04-27;NA
5745;7;6807;Creacion de huertos urbanos en los descampadados de Amado Granell Mesado;10;Quatre Carreres;Particular;57;SI;NO;0;NO;NA;No aplicable;2023-04-27;NA
5749;7;6811;Creacion rotonda acceso al pueblo;17;7;Particular;22;SI;NO;0;NO;NA;No aplicable;2023-04-27;NA
5758;7;6820;Ciclo: un sistema de rutes per a promoure l'us de la xarxa de carrils bici;1;Ciutat Vella;Particular;40;SI;NO;0;NO;NA;No aplicable;2023-04-27;NA
5763;7;6825;EJECUCIoN DE JARDiN EN AVENIDA MANUEL COLOMER MARCO;8;Patraix;Particular;3;NO;NO;0;NO;NA;No aplicable;2023-04-27;NA
14;1;2015-00016;NA;13;Algiros;Persona Fisica;0;No aplicable;NO;0;NO;NA;No aplicable;2023-04-27;NA
31;1;2015-00037;NA;19;Pobles del Sud;Persona Fisica;0;No aplicable;NO;0;NO;NA;No aplicable;2023-04-27;NA
261;1;2015-00311;NA;17;Pobles del Nord;Persona Juridica;0;No aplicable;NO;0;NO;NA;No aplicable;2023-04-27;NA
270;1;2015-00323;NA;8;Patraix;Persona Fisica;0;No aplicable;NO;0;NO;NA;No aplicable;2023-04-27;NA
272;1;2015-00326;Renovacion ide de san isidro;8;Patraix;Persona Fisica;0;No aplicable;SI;22;SI;40000;No aplicable;2023-04-27;NA
317;1;2015-00378;NA;7;l'Olivereta;Persona Juridica;0;No aplicable;NO;0;NO;NA;No aplicable;2023-04-27;NA
329;1;2015-00390;NA;15;Rascanya;Persona Fisica;0;No aplicable;SI;5;NO;NA;No aplicable;2023-04-27;NA
339;1;2015-00400;NA;13;Algiros;Persona Fisica;0;No aplicable;NO;0;NO;NA;No aplicable;2023-04-27;NA
363;1;2015-00426;NA;1;Ciutat Vella;Persona Fisica;0;No aplicable;NO;0;NO;NA;No aplicable;2023-04-27;NA
371;1;2015-00434;NA;1;Ciutat Vella;Persona Fisica;0;No aplicable;SI;43;NO;NA;No aplicable;2023-04-27;NA
462;1;2015-00554;Habilitacion instalaciones parque de emilio lluch;8;Patraix;Persona Juridica;0;No aplicable;SI;77;SI;15000;No aplicable;2023-04-27;NA
543;1;2016-00038;NA;6;el Pla del Real;Persona Juridica;0;No aplicable;SI;4;NO;NA;No aplicable;2023-04-27;NA
565;1;2016-00060;NA;18;Pobles de l'Oest;Persona Juridica;0;No aplicable;SI;3;NO;NA;No aplicable;2023-04-27;NA
584;1;2016-00079;NA;15;Rascanya;Persona Juridica;0;No aplicable;SI;3;NO;NA;No aplicable;2023-04-27;NA
657;2;38;Convertir solar en espacio util;14;Benimaclet;Particular;52;SI;NO;0;NO;NA;No aplicable;2023-04-27;NA
693;2;74;URBANIZACION CALLES ADYACENTES A LA GOLA DEL PERELLONET;19;Pobles del Sud;Particular;13;NO;NO;0;NO;NA;No aplicable;2023-04-27;NA
724;2;105;TERMINAR DE URBANIZAR CALLE MUSICO GOMIS;8;Patraix;Particular;11;NO;NO;0;NO;NA;No aplicable;2023-04-27;NA
734;2;115;Arreglo del jardin C/Alboraia-Poeta Bodria;5;la Saidia;Particular;8;NO;NO;0;NO;NA;No aplicable;2023-04-27;NA
753;2;134;Carril bici general aviles y mestre rodrigo;4;Campanar;Particular;31;SI;SI;117;SI;208160;No aplicable;2023-04-27;NA
795;2;176;alqueria albors;15;Rascanya;Particular;22;NO;NO;0;NO;NA;No aplicable;2023-04-27;NA
861;2;242;PARQUE DE BARRAS PARA REALIZAR EJERCICIO EN LA PLAYA DE LA MALVARROSA;11;Poblats Maritims;Particular;4;NO;NO;0;NO;NA;No aplicable;2023-04-27;NA
867;2;248;Recollida d'excrements de gos en el Carrer del Palleter;3;Extramurs;Particular;2;NO;NO;0;NO;NA;No aplicable;2023-04-27;NA
899;2;280;REPEATONALIZACIoN CALLES SORNELLS, VIVONS, MOSSeN FEMENIA, PRIM, CLERO (RUSSAFA);2;l'Eixample;Representante GT;12;SI;NO;0;NO;NA;No aplicable;2023-04-27;NA
927;2;308;Col·locacio d'un semafor cruilla angel Tomas i Garcia amb avinguda Constitucio;5;la Saidia;Representante GT;4;SI;NO;0;NO;NA;No aplicable;2023-04-27;NA
960;2;341;Tanca, nova i segura, per a l'escola, CEIP Lluis Guarner.;16;Benicalap;Particular;40;SI;NO;0;NO;NA;No aplicable;2023-04-27;NA
1028;2;409;Carrer Hort d’En Cendra;1;Ciutat Vella;Particular;5;NO;NO;0;NO;NA;No aplicable;2023-04-27;NA
1069;2;450;Sustitucion de farolas molestas y contaminantes;6;el Pla del Real;Particular;6;NO;NO;0;NO;NA;No aplicable;2023-04-27;NA
1121;2;502;Ampliacion campo de futbol 8 C/ Rio Segre;16;Benicalap;Particular;49;SI;NO;0;NO;NA;No aplicable;2023-04-27;NA
1216;3;1006;CREACIo D'ILLES SONORES EN LA CIUTAT DE VALeNCIA;Toda la ciudad;Toda la ciudad;Ayuntamiento;30;NO;NO;0;NO;NA;No aplicable;2023-04-27;NA
1236;3;1027;PEATONALIZACIoN CALLE PERIS MENCHETA;Toda la ciudad;Toda la ciudad;Particular;24;NO;NO;0;NO;NA;No aplicable;2023-04-27;NA
1266;3;1058;NUEVA LINEA DE BUS QUE CONECTE LA RONDA NORTE;Toda la ciudad;Toda la ciudad;Particular;840;SI;NO;0;NO;NA;No aplicable;2023-04-27;NA
1295;3;1088;REHABILITACIoN DEL JARDiN GASPAR AGUILAR;Toda la ciudad;Toda la ciudad;Particular;4;NO;NO;0;NO;NA;No aplicable;2023-04-27;NA
1310;3;1103;CARRIL BICI G.V MARQUeS DEL TuRIA I CONEXIo PER C/RUSSAFA AMB C/COLOM;Toda la ciudad;Toda la ciudad;Particular;118;SI;NO;0;NO;NA;No aplicable;2023-04-27;NA
1358;3;1151;RENOVACIo ENLLUMENAT DEL CARRER PINTOR MAELLA;Toda la ciudad;Toda la ciudad;Particular;5;NO;NO;0;NO;NA;No aplicable;2023-04-27;NA
1385;3;1178;REMODELACIoN DE TODO EL JARDiN DE BLASCO IBAÑEZ;Toda la ciudad;Toda la ciudad;Particular;5;NO;NO;0;NO;NA;No aplicable;2023-04-27;NA
1438;3;1231;JARDi I ALQUERIA CAMINO DE MONTCADA;Toda la ciudad;Toda la ciudad;Particular;24;NO;NO;0;NO;NA;No aplicable;2023-04-27;NA
1469;3;1262;URBANITZACIo BARRI NATZARET;Toda la ciudad;Toda la ciudad;Particular;20;NO;NO;0;NO;NA;No aplicable;2023-04-27;NA
1505;3;1298;PLANTAS DE ENERGiA SOLAR EN EDIFICIOS MUNICIPALES;Toda la ciudad;Toda la ciudad;Particular;129;SI;SI;4028;SI;147000;No aplicable;2023-04-27;NA
1537;3;1330;PARQUE INFANTIL;Toda la ciudad;Toda la ciudad;Particular;4;NO;NO;0;NO;NA;No aplicable;2023-04-27;NA
1590;3;1386;MEJORAR SEÑALIZACIoN VIAL  EN LOS CRUCES;Toda la ciudad;Toda la ciudad;Particular;1;NO;NO;0;NO;NA;No aplicable;2023-04-27;NA
1647;3;1443;UBICACIoN DE 4 PASOS DE PEATONES EN AV. BLASCO IBaÑEZ;Toda la ciudad;Toda la ciudad;Particular;1;NO;NO;0;NO;NA;No aplicable;2023-04-27;NA
1728;3;1524;HACER UN LINEA DE METRO POR EL ANTIGUO RIO TURIA/JARDINES DEL TURIA.;Toda la ciudad;Toda la ciudad;Particular;1;NO;NO;0;NO;NA;No aplicable;2023-04-27;NA
1738;3;1534;ROTONDA PARTIDA EN ANZUELOS PARA FACILITAR ENTRADA Y SALIDA A VALENCIA;Toda la ciudad;Toda la ciudad;Particular;2;NO;NO;0;NO;NA;No aplicable;2023-04-27;NA
1742;3;1538;FINALITZAR EL CAMi DE MONTCADA;Toda la ciudad;Toda la ciudad;Particular;3;NO;NO;0;NO;NA;No aplicable;2023-04-27;NA
1752;3;1548;CONSTRUCCIoN DE NUEVAS INSTALACIONES PARA LA GESTIoN DE ANIMALES ABANDONADOS;Toda la ciudad;Toda la ciudad;Particular;15;NO;NO;0;NO;NA;No aplicable;2023-04-27;NA
1770;3;1566;MEJORAS EN LA PLAYA DE VALENCIA.;Toda la ciudad;Toda la ciudad;Particular;3;NO;NO;0;NO;NA;No aplicable;2023-04-27;NA
1774;4;2003;ZONA PARA PERROS EN SANT ISIDRE;8;Patraix;Particular;48;SI;SI;264;NO;93500;No aplicable;2023-04-27;NA
1778;4;2007;REFORMA O CAMBIO PISCINA MUNICIPAL FUENTE DE SAN LUIS;10;Quatre Carreres;Particular;138;SI;SI;482;SI;130000;No aplicable;2023-04-27;NA
1788;4;2017;ESCENARIO DE OBRA, MEJOR ILUMINACIoN, Y AUMENTAR BANCOS Y MESAS PICNIC (BORBOTo);17;7;Particular;32;SI;SI;11;NO;18000;No aplicable;2023-04-27;NA
1790;4;2019;FER UNA PLAÇA ENTRE C/CAMPOAMOR, XALANS I JOSEP D'ORGA;13;Algiros;Particular;49;SI;SI;327;SI;140752;No aplicable;2023-04-27;NA
1813;4;2042;AMPLIAR ACERAS Y CARRIL BICI EN AVDA. PRIMADO REIG;20;No consta;Particular;104;SI;NO;0;NO;NA;No aplicable;2023-04-27;NA
1827;4;2056;PEATONALIZACIoN DE LA CALLE GENERAL ELiO PARA AMPLIAR VIVEROS;6;el Pla del Real;Particular;10;NO;NO;0;NO;NA;No aplicable;2023-04-27;NA
1836;4;2065;PEATONALIZACION CALLE JORGE JUAN. RECUPERACIoN ESPACIO PuBLICO.;2;l'Eixample;Particular;47;SI;SI;42;NO;360928;No aplicable;2023-04-27;NA
1851;4;2080;EQUIP D'AUDIOVISUALS PER A L'ALCALDIA / EQUIPO DE AUDIOVISUALES PARA LA ALCALDiA;19;1;Particular;8;NO;NO;0;NO;NA;No aplicable;2023-04-27;NA
1855;4;2084;PACIFICACIoN DE LA CALLE CUENCA, TRAMO PeREZ GALDoS-GRAN ViA;3;Extramurs;Particular;33;SI;SI;306;SI;70000;No aplicable;2023-04-27;NA
1859;4;2088;ELIMINAR SUPERCHARCOS EN LOS PASOS DE PEATONES DE LA GRAN ViA MARQUeS DEL TURIA;2;l'Eixample;Particular;9;NO;NO;0;NO;NA;No aplicable;2023-04-27;NA
1864;4;2093;CONSTRUCCIoN ESPACIO CANINO;15;Rascanya;Particular;20;NO;NO;0;NO;NA;No aplicable;2023-04-27;NA
1878;4;2107;REASFALTADO CAMINO MASALFASAR EN MAHUELLA Y CUIDADOS JARDINERIA;17;5;Representante GT;0;SI;SI;3;SI;6976;No aplicable;2023-04-27;NA
1911;4;2140;COLOCACIoN DE MESAS DE PING PONG DE PIEDRA EN EL CAUCE DEL RIO;20;No consta;Particular;5;NO;NO;0;NO;NA;No aplicable;2023-04-27;NA
1913;4;2142;ADECENTAR SOLAR ESCULTOR JOSe CAPUZ 5-7;10;Quatre Carreres;Particular;0;NO;NO;0;NO;NA;No aplicable;2023-04-27;NA
2029;4;2258;INSTALACIoN DE MAMPARAS DE PROTECCIoN ESCOLAR;10;Quatre Carreres;Representante GT;0;SI;SI;306;NO;55000;No aplicable;2023-04-27;NA
2038;4;2267;URBANIZACIoN DE LA CALLE INGENIERO LA CIERVA Y CALLE OLBA;5;la Saidia;Representante GT;0;SI;SI;81;NO;144540;No aplicable;2023-04-27;NA
2107;4;2336;CONDICIONAMENT DE CAMINS;19;3;Particular;18;SI;SI;13;NO;41627;No aplicable;2023-04-27;NA
2108;4;2337;CARRIL BICI EN AVDA. INSTITUTO OBRERO;10;Quatre Carreres;Particular;56;SI;NO;0;NO;NA;No aplicable;2023-04-27;NA
2123;4;2352;MEJORiA DE LA CIRCULACIoN EN LA CALLE DANIEL DE BALACIART;14;Benimaclet;Particular;27;NO;NO;0;NO;NA;No aplicable;2023-04-27;NA
2143;4;2372;CONEXIoN MEDIANTE ViA VERDE PEATONAL DEL  BARRIO LA RAIOSA CON EL PARQUE CENTRAL;20;No consta;Particular;7;NO;NO;0;NO;NA;No aplicable;2023-04-27;NA
2170;4;2399;ESTACIoN DE MEDICIoN DE CALIDAD DEL AIRE EN LA CALLE LINARES;7;l'Olivereta;Particular;6;NO;NO;0;NO;NA;No aplicable;2023-04-27;NA
2177;4;2406;REURBANIZAR ACERAS TRAMO CALLE POETA EDUARDO BUIL;14;Benimaclet;Particular;20;NO;NO;0;NO;NA;No aplicable;2023-04-27;NA
2188;4;2417;ARBOLADO Y BANCOS  PLAZA BENIMACLET, CALLE MASQUEFA Y NUEVO DISEÑO FUENTE;14;Benimaclet;Representante GT;0;SI;NO;0;NO;NA;No aplicable;2023-04-27;NA
2206;4;2435;LiNEA DE METRO EN BENICALAP Y RASCAÑA;20;No consta;Particular;2;NO;NO;0;NO;NA;No aplicable;2023-04-27;NA
2216;4;2445;REDUCIR O SUSTITUIR LAS LOSETAS DE BOTONES DE LOS PASOS DE PEATONES MARITIMO;11;Poblats Maritims;Particular;13;NO;NO;0;NO;NA;No aplicable;2023-04-27;NA
2230;4;2459;LUCES E ILUMINACIoN NUEVA PINTOR MAELLA;12;Camins al Grau;Particular;17;NO;NO;0;NO;NA;No aplicable;2023-04-27;NA
2263;4;2492;PUESTA EN VALOR DE LUGARES SINGULARES, EMBLEMaTICOS Y DE ESPECIAL INTERES.;20;No consta;Particular;16;SI;NO;0;NO;NA;No aplicable;2023-04-27;NA
2302;4;2531;URBANIZAR LA ACERA EN LA CALLE GRABADOR MONFORT DESDE CL BENIMODO;18;1;Particular;15;SI;NO;0;NO;NA;No aplicable;2023-04-27;NA
2339;5;3027;Reforma Avenida Aragon y eliminacion aparcamiento central;Toda la ciudad;Toda la ciudad;Particular;88;NO;NO;0;NO;NA;No aplicable;2023-04-27;NA
2352;5;3040;Asfaltado y mejora de la calzada en Castellar-Oliveral;Toda la ciudad;Toda la ciudad;Particular;84;NO;NO;0;NO;NA;No aplicable;2023-04-27;NA
2408;5;3096;Piscina de verano descubierta y en condicionesen el parque central;Toda la ciudad;Toda la ciudad;Particular;111;SI;NO;0;NO;NA;No aplicable;2023-04-27;NA
2429;5;3117;Eliminar obstaculos de las aceras;Toda la ciudad;Toda la ciudad;Particular;18;NO;NO;0;NO;NA;No aplicable;2023-04-27;NA
2470;5;3158;Reduccion de velocidad en via de servicio de A/ Ausias March;Toda la ciudad;Toda la ciudad;Particular;5;NO;NO;0;NO;NA;No aplicable;2023-04-27;NA
2513;5;3201;COLOCAR UNA PAPELERA MaS GRANDE EN PARADA FINAL BUS  LiNEAS 72 Y 73;Toda la ciudad;Toda la ciudad;Particular;4;NO;NO;0;NO;NA;No aplicable;2023-04-27;NA
2543;5;3231;Carril Bici desde La Torre hasta el Bulevar Sur;Toda la ciudad;Toda la ciudad;Particular;105;SI;NO;0;NO;NA;No aplicable;2023-04-27;NA
2545;5;3233;Asfaltado del descampado entre Vicente Peris y Luis Crumiere;Toda la ciudad;Toda la ciudad;Particular;10;NO;NO;0;NO;NA;No aplicable;2023-04-27;NA
2588;5;3276;Instalacion alumbrado carril bici margen norte Antiguo Cauce;Toda la ciudad;Toda la ciudad;Particular;21;NO;NO;0;NO;NA;No aplicable;2023-04-27;NA
2598;5;3286;Zona socialitzacio de gossos als jardins de l'Hospital;Toda la ciudad;Toda la ciudad;Particular;10;NO;NO;0;NO;NA;No aplicable;2023-04-27;NA
2622;5;3310;Unificacio i soterrament de contenidors;Toda la ciudad;Toda la ciudad;Particular;46;NO;NO;0;NO;NA;No aplicable;2023-04-27;NA
2671;5;3359;Rediseño del espacio publico en torno al centro civico cultural de Aben al-Abbar;Toda la ciudad;Toda la ciudad;Particular;152;SI;SI;1031;NO;560000;No aplicable;2023-04-27;NA
2676;5;3364;QUE SE PROHiBA FUMAR/VAPOREAR EN LAS CALLES;Toda la ciudad;Toda la ciudad;Particular;15;NO;NO;0;NO;NA;No aplicable;2023-04-27;NA
2788;5;3476;Instalar baños publicos en el Jardin de Ayora;Toda la ciudad;Toda la ciudad;Particular;21;NO;NO;0;NO;NA;No aplicable;2023-04-27;NA
2798;5;3486;Cambio de arboles de la especie Lagunaria Patersonii por otro arboles mas idoneo;Toda la ciudad;Toda la ciudad;Particular;9;NO;NO;0;NO;NA;No aplicable;2023-04-27;NA
2842;5;3530;Control de poblacion de palomas en barrio del Grao;Toda la ciudad;Toda la ciudad;Particular;30;NO;NO;0;NO;NA;No aplicable;2023-04-27;NA
2896;5;3585;Creacion de acera en Camino Moncada hasta Borboto;Toda la ciudad;Toda la ciudad;Particular;12;NO;NO;0;NO;NA;No aplicable;2023-04-27;NA
2934;5;3623;Establecimiento de nuevo sistema de recogida de residuos urbanos;Toda la ciudad;Toda la ciudad;Particular;3;NO;NO;0;NO;NA;No aplicable;2023-04-27;NA
2956;6;4012;Reurbanitzacio i pacificacio Av. Constitucio;15;Rascanya;Particular;73;SI;NO;0;NO;NA;No aplicable;2023-04-27;NA
2958;6;4014;DERRUIR FaBRICAS, MUROS Y CASAS EN RUINAS CON POSTERIOR AJARDINAMIENTO EN JESuS;9;Jesus;Particular;211;SI;NO;0;NO;NA;No aplicable;2023-04-27;NA
3001;6;4057;Arborizado de calle Ibiza (junto CEIP 103);12;Camins al Grau;Particular;58;SI;NO;0;NO;NA;No aplicable;2023-04-27;NA
3003;6;4059;Adecuar solar calles Luis Oliag-Reino Valencia-Escutor Jose Capuz;10;Quatre Carreres;Particular;91;SI;NO;0;NO;NA;No aplicable;2023-04-27;NA
3030;6;4086;Habilitar solar para parking publico;8;Patraix;Particular;49;SI;NO;0;NO;NA;No aplicable;2023-04-27;NA
3040;6;4096;DISEÑO DE LOS ITINERARIOS PEATONALES (basado en el PMUS 2013);1;Ciutat Vella;Particular;36;SI;NO;0;NO;NA;No aplicable;2023-04-27;NA
3064;6;4120;Reforma y mejora  de iluminacion parques infantiles en general;12;Camins al Grau;Particular;102;SI;SI;464;SI;110000;No aplicable;2023-04-27;NA
3092;6;4148;Sustitucion pavimento de las aceras, Marques de Lozoya y Josep Cervera i Grifol;10;Quatre Carreres;Particular;56;SI;SI;105;NO;119000;No aplicable;2023-04-27;NA
3096;6;4152;Cole Camins per a tots;10;Quatre Carreres;Particular;31;SI;NO;0;NO;NA;No aplicable;2023-04-27;NA
3115;6;4171;Carril bici en Archiduque Carlos;8;Patraix;Particular;149;SI;SI;740;SI;50000;No aplicable;2023-04-27;NA
3123;6;4179;Carril bici Mestre Racional-Matias Perello-Centelles;2;l'Eixample;Particular;43;SI;NO;0;NO;NA;No aplicable;2023-04-27;NA
3138;6;4194;Renovacion Parque Horticultor Corset;3;Extramurs;Particular;127;SI;SI;198;NO;200000;No aplicable;2023-04-27;NA
3146;6;4202;ADECENTAR CALLEJoN DE LA PLAZA RiO SEGURA;19;1;Particular;31;SI;NO;0;NO;NA;No aplicable;2023-04-27;NA
3170;6;4226;Centro de Mayores mas grande;3;Extramurs;Particular;14;NO;NO;0;NO;NA;No aplicable;2023-04-27;NA
3269;6;4325;PEATONALIZACIoN CALLES TRINIDAD Y SAN PIO V;5;la Saidia;Particular;31;SI;NO;0;NO;NA;No aplicable;2023-04-27;NA
3342;6;4398;REHABILITAR CHALET CALLE EN UN CENTRO PARA EL BARRIO;12;Camins al Grau;Particular;41;SI;NO;0;NO;NA;No aplicable;2023-04-27;NA
3344;6;4400;Un buen parque,al lado de la subestacion.;8;Patraix;Particular;152;SI;NO;0;NO;NA;No aplicable;2023-04-27;NA
3345;6;4401;Via ferrata gasometro gas lebon;12;Camins al Grau;Particular;39;SI;NO;0;NO;NA;No aplicable;2023-04-27;NA
3417;6;4473;Reanudar la linea 1 de EMT;11;Poblats Maritims;Particular;37;SI;NO;0;NO;NA;No aplicable;2023-04-27;NA
3426;6;4482;CONNEXIo PER A VIANANTS I BICIS DE EL PALMAR AMB EL PERELLONET;19;5;Particular;23;SI;NO;0;NO;NA;No aplicable;2023-04-27;NA
3440;6;4496;INSTALACIoN PARA LA PRaCTICA DE PILOTA VALENCIANA;8;Patraix;Particular;94;SI;NO;0;NO;NA;No aplicable;2023-04-27;NA
3466;6;4523;DESCAMPADO BERNAT DESCOLL JUNTO A LAS ViAS;10;Quatre Carreres;Particular;53;SI;NO;0;NO;NA;No aplicable;2023-04-27;NA
3471;6;4528;Ampliar aceras calle Ciutat de Melilla;8;Patraix;Particular;9;NO;NO;0;NO;NA;No aplicable;2023-04-27;NA
3505;6;4562;Millora de la vorera entre el Carrer de la Democracia i el Passeig de la Petxina;7;l'Olivereta;Particular;8;NO;NO;0;NO;NA;No aplicable;2023-04-27;NA
3550;6;4607;MeS ARBRES ALS CARRERS;19;7;Particular;21;SI;SI;70;NO;40000;No aplicable;2023-04-27;NA
3570;6;4627;Habilitar parking en descampado Carolina alvarez - Av. Baleares;12;Camins al Grau;Particular;35;SI;NO;0;NO;NA;No aplicable;2023-04-27;NA
3716;6;4774;Linea publica de autobus desde Valencia hasta las urbanizaciones de Massarrojos.;17;6;Particular;25;SI;NO;0;NO;NA;No aplicable;2023-04-27;NA
3718;6;4776;ACERAS CALLE AZCARRGA;3;Extramurs;Particular;14;NO;NO;0;NO;NA;No aplicable;2023-04-27;NA
3766;6;4826;ARBOLES PARA LA CALLE SEGORBE/SOGORB;2;l'Eixample;Particular;4;NO;NO;0;NO;NA;No aplicable;2023-04-27;NA
3804;6;4865;Cambiar la zona de estacionamiento de autobuses en la calle ninot;16;Benicalap;Particular;2;NO;NO;0;NO;NA;No aplicable;2023-04-27;NA
3847;6;4908;Conexion recta del carril bici de Carteros en el cruce con Llanera de Ranes;9;Jesus;Particular;41;SI;SI;384;SI;30000;No aplicable;2023-04-27;NA
3862;6;4923;Convertir la plaça de Castellar en un espai per als vianants.;19;2;Particular;31;SI;NO;0;NO;NA;No aplicable;2023-04-27;NA
3898;6;4960;ACERAS DE LA CALLE PEDRO DE VALENCIA;11;Poblats Maritims;Particular;12;NO;NO;0;NO;NA;No aplicable;2023-04-27;NA
3905;6;4967;REHABILITACION ALQUERIA CALLE ASTURIAS;12;Camins al Grau;Particular;40;SI;NO;0;NO;NA;No aplicable;2023-04-27;NA
3918;6;4980;Reparacion y asfaltado de calzada;16;Benicalap;Particular;11;NO;NO;0;NO;NA;No aplicable;2023-04-27;NA
3932;6;4994;METRO AUSIAS MARCH - OLTa;10;Quatre Carreres;Particular;46;SI;NO;0;NO;NA;No aplicable;2023-04-27;NA
3980;6;5042;Todos los rotulos de calles tambien en castellano;1;Ciutat Vella;Particular;10;NO;NO;0;NO;NA;No aplicable;2023-04-27;NA
3994;6;5056;Mejora de desagües;17;7;Particular;17;SI;NO;0;NO;NA;No aplicable;2023-04-27;NA
4018;6;5080;Poda jardineria;9;Jesus;Particular;6;NO;NO;0;NO;NA;No aplicable;2023-04-27;NA
4027;6;5089;Plaça vianants mercat del grau;11;Poblats Maritims;Particular;41;SI;NO;0;NO;NA;No aplicable;2023-04-27;NA
4047;6;5109;Parque calle fuente la higuera con plaza Raquel paya pedagoga;2;l'Eixample;Particular;7;NO;NO;0;NO;NA;No aplicable;2023-04-27;NA
4129;6;5191;CAMPO DE FuTBOL 11 PARA TORREFIEL;15;Rascanya;Representante GT;0;SI;SI;311;SI;120000;No aplicable;2023-04-27;NA
4170;6;5232;Dotacion bibliotecas Eixample;2;l'Eixample;Ayuntamiento en rep. GT;0;SI;SI;351;SI;15000;No aplicable;2023-04-27;NA
4214;6;5276;Cambio de ubicacion de contenedores de basura Calle Roderic d'Osona;12;Camins al Grau;Particular;18;NO;NO;0;NO;NA;No aplicable;2023-04-27;NA
4254;7;5316;Ping-Podromo en Velluters;1;Ciutat Vella;Particular;32;SI;SI;223;SI;18000;Sin etiqueta;2023-04-27;NA
4266;7;5328;Adecuamiento de solar en Benicalap;16;Benicalap;Particular;57;SI;SI;533;SI;95000;Sin etiqueta;2023-04-27;NA
4315;7;5377;renovar y ensanchar las aceras de la calle de Orihuela para su accesibilidad;5;la Saidia;Particular;52;SI;SI;125;NO;572522;Sin etiqueta;2023-04-27;NA
4382;7;5444;Metro en malilla;10;Quatre Carreres;Particular;97;SI;NO;0;NO;NA;No aplicable;2023-04-27;NA
4387;7;5449;WIFI4EU, gratuit i segur a places i jardins del districte;2;l'Eixample;Particular;2;NO;NO;0;NO;NA;No aplicable;2023-04-27;NA
4405;7;5467;Renovacion de alumbrado;8;Patraix;Particular;4;NO;NO;0;NO;NA;No aplicable;2023-04-27;NA
4451;7;5513;Ampliacion y/o mejora del Skate Park de Avda. Tres Cruces;8;Patraix;Particular;30;SI;SI;174;NO;120000;Sin etiqueta;2023-04-27;NA
4570;7;5632;Creacion o renovacion de los parques infantiles;16;Benicalap;Particular;20;NO;NO;0;NO;NA;No aplicable;2023-04-27;NA
4608;7;5670;Centro de salud auxiliar en antiguo local de Radio 9;13;Algiros;Particular;51;SI;NO;0;NO;NA;No aplicable;2023-04-27;NA
4652;7;5714;Cabañal, slow city, barrio sin contaminacion acustica;11;Poblats Maritims;Particular;9;NO;NO;0;NO;NA;No aplicable;2023-04-27;NA
4708;7;5770;arboles para las calles olvidadas de la Raiosa (entorno de C/ Uruguay);9;Jesus;Particular;39;SI;SI;375;SI;205000;Con etiqueta;2023-04-27;NA
4748;7;5810;Parques infantil zona nueva de Patraix;8;Patraix;Particular;15;NO;NO;0;NO;NA;No aplicable;2023-04-27;NA
4767;7;5829;Parque Canino;12;Camins al Grau;Particular;10;NO;NO;0;NO;NA;No aplicable;2023-04-27;NA
4797;7;5859;CENSO ADN CANINO;14;Benimaclet;Particular;48;SI;NO;0;NO;NA;No aplicable;2023-04-27;NA
4802;7;5864;Ensanche aceras Rafael Tenes Escrich a CEIP Benimamet;18;1;Particular;25;SI;NO;0;NO;NA;No aplicable;2023-04-27;NA
4819;7;5881;CAMBIAR ALUMBRADO PuBLICO;18;1;Particular;3;NO;NO;0;NO;NA;No aplicable;2023-04-27;NA
4832;7;5894;Definir Aparcamientos Calle Sirena;19;6;Particular;8;NO;NO;0;NO;NA;No aplicable;2023-04-27;NA
4932;7;5994;Crear acceso ciclo-peatonal para acceder al anillo verde;17;6;Particular;55;SI;NO;0;NO;NA;No aplicable;2023-04-27;NA
4947;7;6009;Calle Felipe valls de una unica direccion desde el numero 92 hasta el 157;18;1;Particular;6;NO;NO;0;NO;NA;No aplicable;2023-04-27;NA
4971;7;6033;Ampliar aceras y arbolado en Gregorio Mayans;2;l'Eixample;Particular;5;NO;NO;0;NO;NA;No aplicable;2023-04-27;NA
4983;7;6045;ELIMINACIoN PUNTO PELIGROSO CARRIL BICI MERCADO DE JESuS;8;Patraix;Particular;8;NO;NO;0;NO;NA;No aplicable;2023-04-27;NA
5009;7;6071;Viva el reductor de velocidad.;4;Campanar;Particular;4;NO;NO;0;NO;NA;No aplicable;2023-04-27;NA
5011;7;6073;Terminar calle Montesa;9;Jesus;Particular;7;NO;NO;0;NO;NA;No aplicable;2023-04-27;NA
5071;7;6133;AMPLIACION ACERA CALLE SAN VICENTE Nº 245 AL 249;9;Jesus;Particular;39;SI;NO;0;NO;NA;No aplicable;2023-04-27;NA
5095;7;6157;Cambio trafico calle Gorgos desde colegio del Pilar hasta la calle Clariano;13;Algiros;Particular;2;NO;NO;0;NO;NA;No aplicable;2023-04-27;NA
5143;7;6205;Reacondicionamiento Parque Jacinto Labaila con Fontanares y Escultor Ricard Boix;8;Patraix;Particular;36;SI;SI;601;SI;50000;Sin etiqueta;2023-04-27;NA
5150;7;6212;Mejora,reformulacion y ampliacion de usos del Parque de la vaca junto FINCA ROJA;3;Extramurs;Particular;48;SI;NO;0;NO;NA;No aplicable;2023-04-27;NA
5164;7;6226;Poner bancos en cada esquina para gente mayor.;2;l'Eixample;Particular;21;NO;NO;0;NO;NA;No aplicable;2023-04-27;NA
5177;7;6239;Un Skatepark para jovenes en Quatre Carreres;10;Quatre Carreres;Particular;22;NO;NO;0;NO;NA;No aplicable;2023-04-27;NA
5193;7;6255;ESTUDIO REURBANIZACION Y SOTERRAMIENTO DE CONTENEDORES C/ SORNI;2;l'Eixample;Particular;44;SI;SI;186;NO;61000;Sin etiqueta;2023-04-27;NA
5247;7;6309;Sustituir farola tipo carretera por farolas de a pie, zona Mezquita;13;Algiros;Particular;5;NO;NO;0;NO;NA;No aplicable;2023-04-27;NA
5296;7;6358;Substitucio baculs Orriols;15;Rascanya;Representante GT;0;SI;SI;85;SI;253630;Con etiqueta;2023-04-27;NA
5324;7;6386;PETICION INSTALACIoN DEPORTIVA ELEMENTAL (IDE) PARA EL BARRIO DE ORRIOLS;15;Rascanya;Representante GT;0;SI;NO;0;NO;NA;No aplicable;2023-04-27;NA
5337;7;6399;JARDiN VERTICAL Y TEJADO VERDE EN EL POLIDEPORTIVO EL CARMEN;1;Ciutat Vella;Particular;37;SI;NO;0;NO;NA;No aplicable;2023-04-27;NA
5365;7;6427;Paseo maritimo;11;Poblats Maritims;Particular;8;NO;NO;0;NO;NA;No aplicable;2023-04-27;NA
5391;7;6453;Mejora aceras calle Guadalquivir;19;1;Particular;10;NO;NO;0;NO;NA;No aplicable;2023-04-27;NA
5401;7;6463;Urbanizacion peatonalizacion Barrio Ramon de Castro;8;Patraix;Representante GT;0;SI;SI;550;SI;31500;Con etiqueta;2023-04-27;NA
5458;7;6520;Instalacion de Ejercicios de Calistenia en el Parque Central;2;l'Eixample;Representante GT;0;SI;NO;0;NO;NA;No aplicable;2023-04-27;NA
5499;7;6561;Alumbrado publico;14;Benimaclet;Representante GT;0;SI;SI;383;SI;26000;Sin etiqueta;2023-04-27;NA
5533;7;6595;CUBIERTA PROTECTORA DEL SOL SEMAFORO  EXPLANDA  SAN PIO V- PONT DE TRINITAT;5;la Saidia;Particular;3;NO;NO;0;NO;NA;No aplicable;2023-04-27;NA
5538;7;6600;Soterramiento de contenedores en Calle Cuba;2;l'Eixample;Particular;19;NO;NO;0;NO;NA;No aplicable;2023-04-27;NA
5544;7;6606;Demolicion antiguo instituto abandonado;10;Quatre Carreres;Particular;20;NO;NO;0;NO;NA;No aplicable;2023-04-27;NA
5549;7;6611;pasaje avenida giorgeta-calle maestro sosa;3;Extramurs;Particular;36;SI;NO;0;NO;NA;No aplicable;2023-04-27;NA
5551;7;6613;Remodelacion Jardin de plaza Escultor Ricart Boix;8;Patraix;Representante GT;0;SI;NO;0;NO;NA;No aplicable;2023-04-27;NA
5572;7;6634;PARQUE PUBLICO FRENTE AL COLEGIO EL PILAR (CALLE RUBEN DARIO);13;Algiros;Particular;36;SI;NO;0;NO;NA;No aplicable;2023-04-27;NA
5655;7;6717;Mejoras en el Parque de Albalat dels Tarongers;13;Algiros;Particular;40;SI;SI;185;NO;300000;Sin etiqueta;2023-04-27;NA
5703;7;6765;Zona de encuentro y juegos en Plaza Sant Felip Neri;13;Algiros;Particular;10;NO;NO;0;NO;NA;No aplicable;2023-04-27;NA
5730;7;6792;PONTE EN MARCHA Y GANA SALUD¡¡;19;7;Particular;51;SI;NO;0;NO;NA;No aplicable;2023-04-27;NA
5755;7;6817;PARQUE PARA PERROS EN C/ VALLE DE LA BALLESTERA;4;Campanar;Particular;33;SI;NO;0;NO;NA;No aplicable;2023-04-27;NA
137;1;2015-00174;NA;15;Rascanya;Persona Fisica;NA;No aplicable;NO;0;NO;NA;No aplicable;2023-04-27;NA
145;1;2015-00182;NA;3;Extramurs;Persona Fisica;NA;No aplicable;NO;0;NO;NA;No aplicable;2023-04-27;NA
273;1;2015-00327;NA;6;el Pla del Real;Persona Fisica;NA;No aplicable;NO;0;NO;NA;No aplicable;2023-04-27;NA
382;1;2015-00447;NA;19;Pobles del Sud;Persona Juridica;NA;No aplicable;NO;0;NO;NA;No aplicable;2023-04-27;NA
473;1;2015-00566;NA;5;la Saidia;Persona Juridica;NA;No aplicable;NO;0;NO;NA;No aplicable;2023-04-27;NA
528;1;2016-00023;NA;7;l'Olivereta;Persona Juridica;NA;No aplicable;SI;3;NO;NA;No aplicable;2023-04-27;NA
741;2;122;SEÑALIZACION DE LOS BARRIOS DE CUEVAS EN BENIMAMET;18;Pobles de l'Oest;Particular;69;SI;NO;0;NO;NA;No aplicable;2023-04-27;NA
775;2;156;CIERRE DE 23.00 HORAS A 06.00 HORAS PASO INFERIOR PeREZ GALDoS;3;Extramurs;Particular;3;NO;NO;0;NO;NA;No aplicable;2023-04-27;NA
785;2;166;Acceso peatonal tunel Gran Via Germanias;2;l'Eixample;Particular;17;NO;NO;0;NO;NA;No aplicable;2023-04-27;NA
808;2;189;Semaforo Calle Arquitecto Rodriguez cruce Duque de Mandas;15;Rascanya;Particular;30;SI;NO;0;NO;NA;No aplicable;2023-04-27;NA
1139;2;520;Propuesta PARQUE/PLAZA MARiA BENEYTO. (CENTRO SALUD GUILLEM DE CASTRO);3;Extramurs;Particular;33;SI;NO;0;NO;NA;No aplicable;2023-04-27;NA
1164;2;545;Asfaltado plaza Ascension Chirivella (detras del numero 69 avenida Baleares);12;Camins al Grau;Particular;38;SI;SI;317;SI;162500;No aplicable;2023-04-27;NA
1291;3;1084;PINTAR LOS CARRILES EN LAS ROTONDAS;Toda la ciudad;Toda la ciudad;Particular;14;NO;NO;0;NO;NA;No aplicable;2023-04-27;NA
1330;3;1123;SEÑALIZACIoN DE LA RED DE CARRILES BICI Y CICLOCALLES.;Toda la ciudad;Toda la ciudad;Particular;4;NO;NO;0;NO;NA;No aplicable;2023-04-27;NA
1353;3;1146;SUSTITUCION DE LA ILUMINACION ACTUAL DE LOS TUNELES DE GRANDES VIAS, EL SALER Y;Toda la ciudad;Toda la ciudad;Particular;8;NO;NO;0;NO;NA;No aplicable;2023-04-27;NA
1552;3;1346;CARRIL BICI EN LA AVENIDA EDUARDO BOSCA Y CARDENAL BENLLOCH;Toda la ciudad;Toda la ciudad;Particular;1;NO;NO;0;NO;NA;No aplicable;2023-04-27;NA
1730;3;1526;ZONA APARCAMIENTO DESCAMPADO TORREFIEL;Toda la ciudad;Toda la ciudad;Particular;3;NO;NO;0;NO;NA;No aplicable;2023-04-27;NA
1843;4;2072;MILLORA DE TRANSPORT PuBLIC A LA CIUTAT DE LES ARTS I LES CIeNCIES;10;Quatre Carreres;Particular;122;SI;NO;0;NO;NA;No aplicable;2023-04-27;NA
1849;4;2078;AJARDINAMIENTO SOLAR ENTRADAS C/ESCULTORJ. CAPUZ Nº 5 Y AVDA. R. VALENCIA, 94;10;Quatre Carreres;Particular;18;NO;NO;0;NO;NA;No aplicable;2023-04-27;NA
1946;4;2175;PARQUE INFANTIL NATURAL;8;Patraix;Particular;46;SI;NO;0;NO;NA;No aplicable;2023-04-27;NA
1987;4;2216;CAMBIO DE CONTENEDORES DE RESIDUOS Y OTROS;9;Jesus;Particular;3;NO;NO;0;NO;NA;No aplicable;2023-04-27;NA
2024;4;2253;ARBRES ALS ESCOCELLS CAMi CANAL + FINALITZACIo PLAÇA ESCOLA;19;3;Representante GT;0;SI;SI;55;SI;25000;No aplicable;2023-04-27;NA
2069;4;2298;ESPACIO DE SOCIALIZACIoN PARA PERROS EN LA CALLE FUENTE PODRIDA;11;Poblats Maritims;Particular;4;NO;NO;0;NO;NA;No aplicable;2023-04-27;NA
2112;4;2341;INSTALACIoN EQUIPOS DE GIMNASIA EN CALLE RASCANYA;4;Campanar;Representante GT;0;SI;SI;105;NO;100000;No aplicable;2023-04-27;NA
2132;4;2361;SOMBRAS CON PeRGOLAS SOLARES EN EL PARQUE LINEAL;18;1;Particular;77;SI;SI;182;SI;180000;No aplicable;2023-04-27;NA
2140;4;2369;OTRA SALIDA;18;1;Particular;18;SI;NO;0;NO;NA;No aplicable;2023-04-27;NA
2223;4;2452;JARDINES VERTICALES URBANOS EN CIUTAT VELLA;1;Ciutat Vella;Particular;118;SI;NO;0;NO;NA;No aplicable;2023-04-27;NA
2247;4;2476;LA SALUD Y LA CONTAMINACION POR TRAFICO EN LA AVENIDA DEL CID;7;l'Olivereta;Particular;64;SI;SI;192;SI;140360;No aplicable;2023-04-27;NA
2250;4;2479;ADAPTACIoN DE PLANTA CENTRO DE MAYORES NOU MOLES PARA CASAL JOVEN EN OLIVERETA;7;l'Olivereta;Representante GT;0;SI;NO;0;NO;NA;No aplicable;2023-04-27;NA
2264;4;2493;JARDi-ZONA VERDA AL CARRER JOSEP SANCHIS;8;Patraix;Particular;36;SI;SI;327;NO;150000;No aplicable;2023-04-27;NA
2300;4;2529;ILUMINACIoN MEDIO-AMBIENTALMENTE SOSTENIBLE EN LA DEVESA DE EL SALER.;19;4;Particular;36;SI;SI;52;SI;30117;No aplicable;2023-04-27;NA
2316;5;3004;INSTAL·LACIo D'EQUIPAMENTS DE RECURSOS AGRARIS (ERA) EN VALeNCIA;Toda la ciudad;Toda la ciudad;Ayuntamiento;217;SI;NO;0;NO;NA;No aplicable;2023-04-27;NA
2319;5;3007;ESCOLETA MUNICIPAL DE 0 A 3 ANYS EN OLIVERETA;Toda la ciudad;Toda la ciudad;Ayuntamiento;212;SI;SI;1211;NO;2000000;No aplicable;2023-04-27;NA
2328;5;3016;Millora de les instal·lacions esportives a l'aire lliure en els barris;Toda la ciudad;Toda la ciudad;Ayuntamiento;221;SI;SI;2335;SI;2018060;No aplicable;2023-04-27;NA
2422;5;3110;Ensanche acera junto al cauce del Turia en C/Guadalaviar;Toda la ciudad;Toda la ciudad;Particular;10;NO;NO;0;NO;NA;No aplicable;2023-04-27;NA
2460;5;3148;Benicalap - remodelacion zona de piedras c/ Agullent;Toda la ciudad;Toda la ciudad;Particular;37;NO;NO;0;NO;NA;No aplicable;2023-04-27;NA
2463;5;3151;No a la Recalificacion solares Camino de Peñarocha y de la Calle 3 de abril;Toda la ciudad;Toda la ciudad;Particular;55;NO;NO;0;NO;NA;No aplicable;2023-04-27;NA
2483;5;3171;PISCINA DE VERANO EN SAN ISIDRO - PARQUE DE WANGARI MAATHAI;Toda la ciudad;Toda la ciudad;Particular;176;SI;NO;0;NO;NA;No aplicable;2023-04-27;NA
2531;5;3219;Instalacion de fibra;Toda la ciudad;Toda la ciudad;Particular;19;NO;NO;0;NO;NA;No aplicable;2023-04-27;NA
2576;5;3264;REHABILITACIoN PARA USO VECINAL DEL CHALET DE LA CALLE JOSe DE ORGA;Toda la ciudad;Toda la ciudad;Particular;9;NO;NO;0;NO;NA;No aplicable;2023-04-27;NA
2584;5;3272;CONTAMINACIoN VISUAL – SOTERRAMIENTO DE CONTENEDORES C. antiguos- dif. barrios;Toda la ciudad;Toda la ciudad;Particular;137;SI;SI;3282;SI;460000;No aplicable;2023-04-27;NA
2615;5;3303;Desclassificacio del sol (pai Benimaclet);Toda la ciudad;Toda la ciudad;Particular;206;SI;NO;0;NO;NA;No aplicable;2023-04-27;NA
2674;5;3362;Tasa municipal para vehiculos de movilidad personal;Toda la ciudad;Toda la ciudad;Particular;13;NO;NO;0;NO;NA;No aplicable;2023-04-27;NA
2691;5;3379;REPAVIMENTACIoN INTEGRAL DEL MERCADO COLON;Toda la ciudad;Toda la ciudad;Particular;109;SI;SI;1389;NO;200000;No aplicable;2023-04-27;NA
2698;5;3386;Contenedores;Toda la ciudad;Toda la ciudad;Particular;9;NO;NO;0;NO;NA;No aplicable;2023-04-27;NA
2702;5;3390;Condicionament de l’entorn peatonal del CEIP Manual Gonzalez Marti de Benifaraig;Toda la ciudad;Toda la ciudad;Particular;29;NO;NO;0;NO;NA;No aplicable;2023-04-27;NA
2773;5;3461;Arreglar aceras y renovar alumbrado en la calle Ramiro de Maeztu;Toda la ciudad;Toda la ciudad;Particular;21;NO;NO;0;NO;NA;No aplicable;2023-04-27;NA
2802;5;3490;NUEVA LiNEA DE BUS QUE RECORRA LA RONDA NORD;Toda la ciudad;Toda la ciudad;Particular;126;SI;NO;0;NO;NA;No aplicable;2023-04-27;NA
2833;5;3521;Linia 10 de Metrovalencia fins a Pinedo - Linea 10 de Metrovalencia hasta Pinedo;Toda la ciudad;Toda la ciudad;Particular;69;NO;NO;0;NO;NA;No aplicable;2023-04-27;NA
2967;6;4023;Centro cultural;18;1;Particular;37;SI;NO;0;NO;NA;No aplicable;2023-04-27;NA
2973;6;4029;Accesibilitat Pere Aleixandre-Luis Oliag;10;Quatre Carreres;Particular;56;SI;SI;33;NO;512000;No aplicable;2023-04-27;NA
3059;6;4115;Recuperacio de l'adoquinat en la plaça de El Soñador;17;6;Particular;21;SI;SI;35;NO;103000;No aplicable;2023-04-27;NA
3215;6;4271;Tramo carril bici en calle Bailen sobre tunel.;3;Extramurs;Particular;44;SI;NO;0;NO;NA;No aplicable;2023-04-27;NA
3217;6;4273;Reubicacion Pipican Calle Torrente;8;Patraix;Particular;16;NO;NO;0;NO;NA;No aplicable;2023-04-27;NA
3222;6;4278;MEJORA CALLE Y CONSTRUCCION PARQUES/JARDINES;17;2;Particular;8;NO;NO;0;NO;NA;No aplicable;2023-04-27;NA
3254;6;4310;Cambio alumbrado C/ Poeta Mas i Ros (tramo C/Music Gines-Josep Mª Haro );13;Algiros;Particular;42;SI;SI;229;SI;176988;No aplicable;2023-04-27;NA
3339;6;4395;Creacion de jardin en el enorme descampado junto al viejo Hospital La Fe;4;Campanar;Particular;78;SI;NO;0;NO;NA;No aplicable;2023-04-27;NA
3361;6;4417;Mejora peatonal en los accesos al Mercado de Abastos;3;Extramurs;Particular;51;SI;NO;0;NO;NA;No aplicable;2023-04-27;NA
3362;6;4418;Reordenacion carriles bici Calle Alfahuir;15;Rascanya;Particular;37;SI;SI;161;SI;105888;No aplicable;2023-04-27;NA
3575;6;4632;SUCIEDAD CANINA;5;la Saidia;Particular;13;NO;NO;0;NO;NA;No aplicable;2023-04-27;NA
3586;6;4643;Zona de multideporte;18;2;Particular;21;SI;SI;28;SI;16539;No aplicable;2023-04-27;NA
3587;6;4644;Union carril bici Hermanos Machado;15;Rascanya;Particular;15;NO;NO;0;NO;NA;No aplicable;2023-04-27;NA
3595;6;4652;NUEVO CARRIL BICI ENTRE ZAIDiA Y MARCHALENES Y RECUPERACIoN DE LAS ACERAS;5;la Saidia;Particular;86;SI;SI;168;NO;416000;No aplicable;2023-04-27;NA
3639;6;4696;Ampliacion del parque de Barras StreetWorkOut Calle Viver;14;Benimaclet;Particular;35;SI;SI;94;NO;72000;No aplicable;2023-04-27;NA
3657;6;4715;Colocacion de bancos/sillones en el barrio de Malilla;10;Quatre Carreres;Particular;53;SI;SI;532;SI;18000;No aplicable;2023-04-27;NA
3688;6;4746;Pasarela y ajardinamiento parte final Jardin del Turia;10;Quatre Carreres;Particular;104;SI;NO;0;NO;NA;No aplicable;2023-04-27;NA
3712;6;4770;Retirar las plazas de aparcamiento central de la calle islas cabrera;10;Quatre Carreres;Particular;2;NO;NO;0;NO;NA;No aplicable;2023-04-27;NA
3848;6;4909;Puntos de alimentacion para colonias felinas;16;Benicalap;Particular;59;SI;SI;307;NO;6200;No aplicable;2023-04-27;NA
3883;6;4945;APARCABICIS SEGURO;7;l'Olivereta;Particular;16;NO;NO;0;NO;NA;No aplicable;2023-04-27;NA
3900;6;4962;Adecuar solar para Aparcamiento en Litografo Pascual Abad. Aparcamiento Publico;8;Patraix;Particular;7;NO;NO;0;NO;NA;No aplicable;2023-04-27;NA
3924;6;4986;Espai sociocultural amb biblioteca, al barri de la Malva-rosa (AVV);11;Poblats Maritims;Particular;52;SI;NO;0;NO;NA;No aplicable;2023-04-27;NA
3946;6;5008;MEJORA CARRIL BICI EN DOS ROTONDAS DE AVDA. DE LA PLATA;10;Quatre Carreres;Particular;35;SI;SI;263;SI;89610;No aplicable;2023-04-27;NA
4186;6;5248;Reordenacion carril bici Avenida Aragon;6;el Pla del Real;Particular;16;NO;NO;0;NO;NA;No aplicable;2023-04-27;NA
4197;6;5259;PROJECTE DE XICOTETES MILLORES BENIFARAIG;17;1;Particular;5;NO;NO;0;NO;NA;No aplicable;2023-04-27;NA
4235;7;5297;CARRIL BICI GRANDES ViAS;2;l'Eixample;Particular;66;SI;NO;0;NO;NA;No aplicable;2023-04-27;NA
4319;7;5381;Piscina municipal - Barrio de malilla;10;Quatre Carreres;Particular;60;SI;NO;0;NO;NA;No aplicable;2023-04-27;NA
4331;7;5393;Retirar cableado obsoleto y canalizar por el suelo en Benimaclet;14;Benimaclet;Particular;9;NO;NO;0;NO;NA;No aplicable;2023-04-27;NA
4338;7;5400;huerto urbano;4;Campanar;Particular;43;SI;NO;0;NO;NA;No aplicable;2023-04-27;NA
4339;7;5401;Colecamins y paso de peatones;4;Campanar;Particular;9;NO;NO;0;NO;NA;No aplicable;2023-04-27;NA
4373;7;5435;Pacificacion Tactica de Calle Jesus (La Roqueta);3;Extramurs;Representante GT;0;SI;SI;327;NO;30000;Sin etiqueta;2023-04-27;NA
4374;7;5436;Urbanizar historico descampado de Les Tendetes;4;Campanar;Particular;23;NO;NO;0;NO;NA;No aplicable;2023-04-27;NA
4403;7;5465;Asfaltado y pavimentacion calle Salvador Cervero;16;Benicalap;Particular;23;NO;NO;0;NO;NA;No aplicable;2023-04-27;NA
4494;7;5556;CARRIL BICI SERRERiA;12;Camins al Grau;Particular;59;SI;NO;0;NO;NA;No aplicable;2023-04-27;NA
4523;7;5585;Condicionar una zona canina (Pipican);19;1;Particular;22;SI;NO;0;NO;NA;No aplicable;2023-04-27;NA
4552;7;5614;Pasarela peatonal de hierro amarilla;4;Campanar;Particular;13;NO;NO;0;NO;NA;No aplicable;2023-04-27;NA
4625;7;5687;POLICIA DE BARRIO EFICAZ EN MALILLA;10;Quatre Carreres;Particular;26;NO;NO;0;NO;NA;No aplicable;2023-04-27;NA
4648;7;5710;Cambio Sentido circulacion C/Lebon;12;Camins al Grau;Particular;4;NO;NO;0;NO;NA;No aplicable;2023-04-27;NA
4694;7;5756;Reasfaltado Avenida Real de Madrid;19;7;Particular;31;SI;SI;109;SI;188516;Sin etiqueta;2023-04-27;NA
5002;7;6064;Carril bici en calle Serreria;11;Poblats Maritims;Particular;83;SI;NO;0;NO;NA;No aplicable;2023-04-27;NA
5029;7;6091;Mejora del alumbrado publico;8;Patraix;Particular;4;NO;NO;0;NO;NA;No aplicable;2023-04-27;NA
5040;7;6102;CREACION DE UN AREA DE SOCIALIZACION CANINA EN EL JARDIN DE BLASCO IBAÑEZ;13;Algiros;Representante GT;0;SI;SI;81;NO;300000;Sin etiqueta;2023-04-27;NA
5068;7;6130;Skatepark Blasco Ibañez;13;Algiros;Particular;32;SI;NO;0;NO;NA;No aplicable;2023-04-27;NA
5079;7;6141;Unir con acera la calle del Arte mayor de la seda con Emigrant Valencia.;7;l'Olivereta;Particular;23;NO;NO;0;NO;NA;No aplicable;2023-04-27;NA
5116;7;6178;CAMBIO DE FAROLAS EN EL BARRIO DE LA AGUJA;7;l'Olivereta;Particular;42;SI;SI;193;SI;83728;Sin etiqueta;2023-04-27;NA
5157;7;6219;Soterramiento Contenedores Gran Via Fernando el Catolico;3;Extramurs;Particular;15;NO;NO;0;NO;NA;No aplicable;2023-04-27;NA
5159;7;6221;ACONDICIONAR ZONA BASURAS TORRES DE QUART;1;Ciutat Vella;Particular;5;NO;NO;0;NO;NA;No aplicable;2023-04-27;NA
5161;7;6223;Aumentar tiempo semaforo peatones Gran Via Ramon y Cajal por San Vicente;3;Extramurs;Particular;14;NO;NO;0;NO;NA;No aplicable;2023-04-27;NA
5187;7;6249;Mejora del firme del Boulevard central de la Gran Via Marques del Turia;2;l'Eixample;Particular;59;SI;NO;0;NO;NA;No aplicable;2023-04-27;NA
5210;7;6272;MEJORA COMUNICACIoN PEATONAL DESDE ALTOS A CEMENTERIO: CAMI VERONICA;17;6;Particular;31;SI;NO;0;NO;NA;No aplicable;2023-04-27;NA
5266;7;6328;ALUMBRADO MAYOR O MaS POTENTE;10;Quatre Carreres;Representante GT;0;SI;SI;431;NO;230000;Sin etiqueta;2023-04-27;NA
5272;7;6334;monteolivete / pepita sampere / camaras de vigilencia;10;Quatre Carreres;Particular;5;NO;NO;0;NO;NA;No aplicable;2023-04-27;NA
5274;7;6336;MEJORA ZONA SOCIALIZACIoN CANINA/AGILITY EXPLANADA AYORA;12;Camins al Grau;Representante GT;0;SI;SI;160;NO;155000;Sin etiqueta;2023-04-27;NA
5284;7;6346;Climatizar piscina municipal Benimaclet;14;Benimaclet;Representante GT;0;SI;NO;0;NO;NA;No aplicable;2023-04-27;NA
5301;7;6363;AMPLIAR ALGUNAS ACERAS CALLE CREVILLENTE;13;Algiros;Particular;4;NO;NO;0;NO;NA;No aplicable;2023-04-27;NA
5318;7;6380;Metro en carrer Filipines/ Parc central;2;l'Eixample;Particular;14;NO;NO;0;NO;NA;No aplicable;2023-04-27;NA
5334;7;6396;Colocar un imbornal en la Av. Europa en la entrada del barrio;19;1;Particular;9;NO;NO;0;NO;NA;No aplicable;2023-04-27;NA
5341;7;6403;AMPLIACIoN ACERAS CAMPOAMOR ESQ CREVILLENTE;13;Algiros;Particular;18;NO;NO;0;NO;NA;No aplicable;2023-04-27;NA
5356;7;6418;Parque socializacion para perros con zona agility;17;7;Particular;18;SI;NO;0;NO;NA;No aplicable;2023-04-27;NA
5359;7;6421;Kiosko/bar Jardin Polifilo;4;Campanar;Particular;26;NO;NO;0;NO;NA;No aplicable;2023-04-27;NA
5376;7;6438;INSTALACIoN DESFIBRILADORES INSTALACIONES DEPORTIVAS ESCOLARES DEL AYUNTAMIENTO;8;Patraix;Particular;53;SI;NO;0;NO;NA;No aplicable;2023-04-27;NA
5454;7;6516;GRANDES TOBOGANES EN VIVEROS;6;el Pla del Real;Particular;23;NO;NO;0;NO;NA;No aplicable;2023-04-27;NA
5462;7;6524;Mejoras en la pergola (concha acustica) Parque de Malilla;10;Quatre Carreres;Particular;72;SI;NO;0;NO;NA;No aplicable;2023-04-27;NA
5476;7;6538;Solicitud cambio de baculos tipo carretera por farolas en C/ Pintor Joan Miro;19;7;Particular;13;NO;NO;0;NO;NA;No aplicable;2023-04-27;NA
5500;7;6562;Carril bici en calle Emilio Baro o Dolores Marques;14;Benimaclet;Representante GT;0;SI;SI;294;NO;400000;Sin etiqueta;2023-04-27;NA
5530;7;6592;BRECHA DIGITAL MAYORES PATRAIX;8;Patraix;Representante GT;0;SI;SI;408;SI;63000;Sin etiqueta;2023-04-27;NA
5532;7;6594;"Mejora del parque infantil de P. Aleixandre con Escultor J.Capuz (el del ""olivo""";10;Quatre Carreres;Particular;38;SI;NO;0;NO;NA;No aplicable;2023-04-27;NA
5576;7;6638;Modernizacion sistema de iluminacion e instalaciones del Camp de la Malvarrosa;11;Poblats Maritims;Particular;50;SI;SI;241;SI;150000;Con etiqueta;2023-04-27;NA
5592;7;6654;AAVV FONT D´EN CORTS – ARREGLAR CAMI DEL POU;10;Quatre Carreres;Particular;37;SI;SI;276;NO;114000;Sin etiqueta;2023-04-27;NA
5596;7;6658;ACTUACIONES DE REGENERACIoN URBANA EN BARRIO TRES FORQUES;8;Patraix;Particular;54;SI;NO;0;NO;NA;No aplicable;2023-04-27;NA
5607;7;6669;AAVV FONT D´EN CORTS – ARREGLAR CAMINO DEL ROCHS;10;Quatre Carreres;Particular;27;NO;NO;0;NO;NA;No aplicable;2023-04-27;NA
5613;7;6675;Millorar la seguretat dels voltants del CEIP Pare Catala;14;Benimaclet;Particular;41;SI;NO;0;NO;NA;No aplicable;2023-04-27;NA
5690;7;6752;Horts Urbans a Extramurs - Huertos Urbanos en Extramurs;3;Extramurs;Particular;19;NO;NO;0;NO;NA;No aplicable;2023-04-27;NA
5696;7;6758;Respeten mi nombre;10;Quatre Carreres;Particular;2;NO;NO;0;NO;NA;No aplicable;2023-04-27;NA
5721;7;6783;Peatonalizacion de tramo en calle Alemania;6;el Pla del Real;Particular;6;NO;NO;0;NO;NA;No aplicable;2023-04-27;NA
5794;7;6856;INSTALACIoN DE FUENTE DE AGUA FILTRADA Y REFRIGERADA;17;5;Ayuntamiento;0;SI;SI;0;SI;12966;Con etiqueta;2023-04-27;NA
34;1;2015-00040;Actualment: PROJECTE TORRE MAÇANA;9;Jesus;Persona Juridica;0;No aplicable;SI;305;SI;100000;No aplicable;2023-04-27;NA
39;1;2015-00047;NA;7;l'Olivereta;Persona Fisica;0;No aplicable;NO;0;NO;NA;No aplicable;2023-04-27;NA
111;1;2015-00146;NA;12;Camins al Grau;Persona Juridica;0;No aplicable;NO;0;NO;NA;No aplicable;2023-04-27;NA
142;1;2015-00179;NA;19;Pobles del Sud;Persona Juridica;0;No aplicable;NO;0;NO;NA;No aplicable;2023-04-27;NA
149;1;2015-00186;Mejora de infraestructuras de señalizacion vial alumnos ies el cabanyal;13;Algiros;Persona Juridica;0;No aplicable;SI;90;SI;2400;No aplicable;2023-04-27;NA
154;1;2015-00191;NA;8;Patraix;Persona Juridica;0;No aplicable;NO;0;NO;NA;No aplicable;2023-04-27;NA
166;1;2015-00207;NA;4;Campanar;Persona Fisica;0;No aplicable;NO;0;NO;NA;No aplicable;2023-04-27;NA
183;1;2015-00225;NA;3;Extramurs;Persona Fisica;0;No aplicable;NO;0;NO;NA;No aplicable;2023-04-27;NA
191;1;2015-00233;NA;10;Quatre Carreres;Persona Juridica;0;No aplicable;NO;0;NO;NA;No aplicable;2023-04-27;NA
210;1;2015-00254;NA;9;Jesus;Persona Juridica;0;No aplicable;NO;0;NO;NA;No aplicable;2023-04-27;NA
226;1;2015-00271;NA;1;Ciutat Vella;Persona Fisica;0;No aplicable;SI;89;NO;NA;No aplicable;2023-04-27;NA
282;1;2015-00338;NA;12;Camins al Grau;Persona Fisica;0;No aplicable;NO;0;NO;NA;No aplicable;2023-04-27;NA
318;1;2015-00379;NA;7;l'Olivereta;Persona Juridica;0;No aplicable;NO;0;NO;NA;No aplicable;2023-04-27;NA
338;1;2015-00399;NA;9;Jesus;Persona Fisica;0;No aplicable;NO;0;NO;NA;No aplicable;2023-04-27;NA
340;1;2015-00401;NA;5;la Saidia;Persona Fisica;0;No aplicable;NO;0;NO;NA;No aplicable;2023-04-27;NA
351;1;2015-00413;NA;1;Ciutat Vella;Persona Fisica;0;No aplicable;NO;0;NO;NA;No aplicable;2023-04-27;NA
354;1;2015-00416;NA;9;Jesus;Persona Fisica;0;No aplicable;NO;0;NO;NA;No aplicable;2023-04-27;NA
358;1;2015-00421;Renovacion de contenedores de basura;10;Quatre Carreres;Persona Fisica;0;No aplicable;SI;67;SI;154000;No aplicable;2023-04-27;NA
373;1;2015-00436;NA;1;Ciutat Vella;Persona Juridica;0;No aplicable;NO;0;NO;NA;No aplicable;2023-04-27;NA
386;1;2015-00451;NA;19;Pobles del Sud;Persona Juridica;0;No aplicable;NO;0;NO;NA;No aplicable;2023-04-27;NA
424;1;2015-00495;NA;1;Ciutat Vella;Persona Fisica;0;No aplicable;NO;0;NO;NA;No aplicable;2023-04-27;NA
487;1;2015-00582;NA;3;Extramurs;Persona Fisica;0;No aplicable;NO;0;NO;NA;No aplicable;2023-04-27;NA
492;1;2015-00588;NA;15;Rascanya;Persona Fisica;0;No aplicable;NO;0;NO;NA;No aplicable;2023-04-27;NA
503;1;2015-00602;Acondicionamiento del parque de las ilusiones;15;Rascanya;Persona Juridica;0;No aplicable;SI;54;SI;60500;No aplicable;2023-04-27;NA
519;1;2016-00014;Propuesta ayuntamiento. Mejora dotacion papeleras ordinarias en calles, en jardines y para zonas de expansion canina con expendedor de bolsas y cenicero.;15;Rascanya;Persona Juridica;0;No aplicable;SI;35;SI;21750;No aplicable;2023-04-27;NA
602;1;2016-00098;Propuesta ayuntamiento. Implemento seguridad pasos peatones y personas con movilidad reducida;15;Rascanya;Persona Juridica;0;No aplicable;SI;13;SI;10000;No aplicable;2023-04-27;NA
611;1;2016-00107;Propuesta ayuntamiento. Construccion de dos pistas deportivas en la torre;19;Pobles del Sud;Persona Juridica;0;No aplicable;SI;271;SI;60000;No aplicable;2023-04-27;NA
621;2;2;Reurbanizacion y ampliacion de aceras en calle Maximiliano Thous;5;la Saidia;Particular;41;SI;NO;0;NO;NA;No aplicable;2023-04-27;NA
628;2;9;BIBLIOTECA DE NOU CAMPANAR;13;Algiros;Particular;13;NO;NO;0;NO;NA;No aplicable;2023-04-27;NA
730;2;111;Cambiar los contenedores de basura. Son muy antiguos y suelen estar rotos;12;Camins al Grau;Particular;5;NO;NO;0;NO;NA;No aplicable;2023-04-27;NA
762;2;143;Mejora avenida Perez galdos;3;Extramurs;Particular;26;NO;NO;0;NO;NA;No aplicable;2023-04-27;NA
827;2;208;Finalizacion del doble carril en la calle Serpis;11;Poblats Maritims;Particular;11;NO;NO;0;NO;NA;No aplicable;2023-04-27;NA
868;2;249;peatonalizacion plaza del pueblo;19;Pobles del Sud;Particular;7;NO;NO;0;NO;NA;No aplicable;2023-04-27;NA
907;2;288;Soterramiento de contenedores en el casco antiguo de Benimamet;18;Pobles de l'Oest;Representante GT;98;SI;SI;30;NO;350000;No aplicable;2023-04-27;NA
909;2;290;REMODELACIo DE PLAÇA PORTADORS DE LA VERGE (PINEDO);19;Pobles del Sud;Particular;3;NO;NO;0;NO;NA;No aplicable;2023-04-27;NA
919;2;300;CREACIoN DE UNA PISCINA CON LAS MEDIDAS Y NECESIDADES PARA ACOGER COMPETICIONES;13;Algiros;Particular;4;NO;NO;0;NO;NA;No aplicable;2023-04-27;NA
941;2;322;Adaptacion Oficina Centro gente mayor;2;l'Eixample;Representante GT;3;SI;NO;0;NO;NA;No aplicable;2023-04-27;NA
957;2;338;Passos de vianants elevats a Massarrojos;17;Pobles del Nord;Particular;20;NO;NO;0;NO;NA;No aplicable;2023-04-27;NA
981;2;362;Nuevo Kiosko/bar en parque Plaza Jose M.Gimenez Fayos;16;Benicalap;Particular;2;NO;NO;0;NO;NA;No aplicable;2023-04-27;NA
982;2;363;Instal·lacio, reorganitzacio i revisio temps de semafors;6;el Pla del Real;Representante GT;7;SI;NO;0;NO;NA;No aplicable;2023-04-27;NA
1009;2;390;HABILITAR UN CAMP DE BaSQUET AL SOLAR DEL CARRER PIO IX S/N ENTRE EL PAVELLo DEL;9;Jesus;Representante GT;370;SI;SI;338;SI;170000;No aplicable;2023-04-27;NA
1110;2;491;Mejora del alcantarillado de aceras para evitar salida de olores en Benimamet;18;Pobles de l'Oest;Particular;7;NO;NO;0;NO;NA;No aplicable;2023-04-27;NA
1115;2;496;Reasfaltat del carrer de Pius IX;9;Jesus;Particular;31;SI;SI;97;SI;211477;No aplicable;2023-04-27;NA
1137;2;518;Bolardos en las calles Los Pinos, Sinarcas y Alfarrasi;18;Pobles de l'Oest;Particular;6;NO;NO;0;NO;NA;No aplicable;2023-04-27;NA
1144;2;525;Jardin Polifilo - baños publicos;4;Campanar;Particular;22;NO;NO;0;NO;NA;No aplicable;2023-04-27;NA
1150;2;531;Peatonalizacion de la Calle Naturalista Arevalo Baca;6;el Pla del Real;Particular;3;NO;NO;0;NO;NA;No aplicable;2023-04-27;NA
1153;2;534;ACONDICIONAMIENTO DE ACERAS EN C/ VIVER, C/  JUAN GINER Y C/ING. ALBERTO DOÑATE;14;Benimaclet;Representante GT;8;SI;SI;242;SI;21000;No aplicable;2023-04-27;NA
1166;2;547;Huertos urbanos en El Barrio del Carmen;1;Ciutat Vella;Particular;1;NO;NO;0;NO;NA;No aplicable;2023-04-27;NA
1186;2;567;Apertura de la calle Alfonso Peña;5;la Saidia;Representante GT;1;SI;NO;0;NO;NA;No aplicable;2023-04-27;NA
1218;3;1008;INTERVENCIo URBANiSTICA EN EL PAS SUBTERRANI DE L'AUTOVIA DEL SALER;Toda la ciudad;Toda la ciudad;Ayuntamiento;4;NO;NO;0;NO;NA;No aplicable;2023-04-27;NA
1249;3;1040;INSTALACIoN PANELES PRoXIMAS LLEGADAS AUTOBUSES EMT EN ORRIOLS;Toda la ciudad;Toda la ciudad;Particular;16;NO;NO;0;NO;NA;No aplicable;2023-04-27;NA
1271;3;1064;PARKING I JARDi ZONA GULLIVER-JOSE CAPUZ-CENTRE ESPECIALITATS;Toda la ciudad;Toda la ciudad;Particular;16;NO;NO;0;NO;NA;No aplicable;2023-04-27;NA
1288;3;1081;APARCAMIENTO PuBLICO;Toda la ciudad;Toda la ciudad;Particular;23;NO;NO;0;NO;NA;No aplicable;2023-04-27;NA
1304;3;1097;PADRE FERRIS-JOAQUiN BALLESTER;Toda la ciudad;Toda la ciudad;Particular;5;NO;NO;0;NO;NA;No aplicable;2023-04-27;NA
1342;3;1135;NUEVO PIPI CAN ENTRE SENDA SECANET Y SOT DE XERA;Toda la ciudad;Toda la ciudad;Particular;3;NO;NO;0;NO;NA;No aplicable;2023-04-27;NA
1350;3;1143;RECUPERACIoN  DE ACEQUIAS COMO CANALES.;Toda la ciudad;Toda la ciudad;Particular;2;NO;NO;0;NO;NA;No aplicable;2023-04-27;NA
1362;3;1155;CALLES LIMPIAS DE ESCREMENTOS Y ORINA;Toda la ciudad;Toda la ciudad;Particular;362;SI;NO;0;NO;NA;No aplicable;2023-04-27;NA
1363;3;1156;MERCADO MUNICIPAL EN BENIMACLET;Toda la ciudad;Toda la ciudad;Particular;124;SI;NO;0;NO;NA;No aplicable;2023-04-27;NA
1380;3;1173;CREAR APARCAMIENTO, PARQUE INFANTIL, PARQUE PARA PERROS EN SOLARES DE MALILLA;Toda la ciudad;Toda la ciudad;Particular;105;SI;NO;0;NO;NA;No aplicable;2023-04-27;NA
1411;3;1204;LIMPIEZA Y PREVENCIoN DE INCENDIOS DE NUESTROS MONTES;Toda la ciudad;Toda la ciudad;Particular;10;NO;NO;0;NO;NA;No aplicable;2023-04-27;NA
1413;3;1206;DUCHAS, TAQUILLAS Y VESTUARIOS EN MALVARROSA Y OTROS PUNTOS DE DEPORTE PUBLICOS;Toda la ciudad;Toda la ciudad;Particular;6;NO;NO;0;NO;NA;No aplicable;2023-04-27;NA
1419;3;1212;MULTA Y RETIRADA DE ANIMALES;Toda la ciudad;Toda la ciudad;Particular;4;NO;NO;0;NO;NA;No aplicable;2023-04-27;NA
1424;3;1217;PISCINA CUBIERTA Y COMPLEJO DEPORTIVO SAN ISIDRO;Toda la ciudad;Toda la ciudad;Particular;138;SI;NO;0;NO;NA;No aplicable;2023-04-27;NA
1490;3;1283;ACONDICIONAR EL PARQUE DE SOCIABILIZACIoN DE PERROS DEBAJO DEL IVAM;Toda la ciudad;Toda la ciudad;Particular;1;NO;NO;0;NO;NA;No aplicable;2023-04-27;NA
1525;3;1318;CARRIL BUS PARA CIRCULAR MOTOS Y APARCAR DE NOCHE;Toda la ciudad;Toda la ciudad;Particular;10;NO;NO;0;NO;NA;No aplicable;2023-04-27;NA
1526;3;1319;LIMPIEZA Y ACONDICIONAMIENTO PINADA PEDANIA EL SALER;Toda la ciudad;Toda la ciudad;Particular;60;NO;NO;0;NO;NA;No aplicable;2023-04-27;NA
1560;3;1354;RE-ASFALTAT DE L'ACCeS DE VIVERS PEL CARRER GENERAL ELIO.;Toda la ciudad;Toda la ciudad;Particular;4;NO;NO;0;NO;NA;No aplicable;2023-04-27;NA
1585;3;1381;AMPLIAR ACERAS TRAMO SAN VICENTE MaRTIR, ENTRE PLAZA ESPAÑA Y SAN AGUSTiN.;Toda la ciudad;Toda la ciudad;Particular;1;NO;NO;0;NO;NA;No aplicable;2023-04-27;NA
1592;3;1388;PISCINA PuBLICA;Toda la ciudad;Toda la ciudad;Particular;6;NO;NO;0;NO;NA;No aplicable;2023-04-27;NA
1605;3;1401;RECUPERAR LAS DESAPARECIDAS CAMPANAS INGLESAS DE LA TORRE DE SANTA CATALINA;Toda la ciudad;Toda la ciudad;Particular;9;NO;NO;0;NO;NA;No aplicable;2023-04-27;NA
1638;3;1434;CARRIL BICI EN CARRE YECLA;Toda la ciudad;Toda la ciudad;Particular;2;NO;NO;0;NO;NA;No aplicable;2023-04-27;NA
1648;3;1444;REASFALTAR GOLA PUCHOL (EL SALER);Toda la ciudad;Toda la ciudad;Particular;5;NO;NO;0;NO;NA;No aplicable;2023-04-27;NA
1651;3;1447;CARRIL BICI EN CALZADA ZONA CAMPANAR;Toda la ciudad;Toda la ciudad;Particular;1;NO;NO;0;NO;NA;No aplicable;2023-04-27;NA
1675;3;1471;REFUGIO MUNICIPAL PARA PERROS CON ZONAS DE RECREO.;Toda la ciudad;Toda la ciudad;Particular;10;NO;NO;0;NO;NA;No aplicable;2023-04-27;NA
1718;3;1514;ACERAS Y ARBOLES EN C/ RAMIRO DE MAEZTU;Toda la ciudad;Toda la ciudad;Particular;2;NO;NO;0;NO;NA;No aplicable;2023-04-27;NA
1722;3;1518;POLIDEPORTIVO BENIFARAIG;Toda la ciudad;Toda la ciudad;Particular;7;NO;NO;0;NO;NA;No aplicable;2023-04-27;NA
1745;3;1541;ENSANCHE DE ACERAS EN CALLE SAN VICENTE CON AMPARO ITURBI Y URUGUAI;Toda la ciudad;Toda la ciudad;Particular;10;NO;NO;0;NO;NA;No aplicable;2023-04-27;NA
1767;3;1563;RECORRIDOS 'SECOS' EN VIVEROS;Toda la ciudad;Toda la ciudad;Particular;0;NO;NO;0;NO;NA;No aplicable;2023-04-27;NA
1824;4;2053;PISCINA COBERTA PER A BENIMACLET.;14;Benimaclet;Particular;109;SI;NO;0;NO;NA;No aplicable;2023-04-27;NA
1841;4;2070;INSTALACIONES DEPORTIVAS Y REFORMAS EN IES CAMPANAR;4;Campanar;Particular;42;SI;NO;0;NO;NA;No aplicable;2023-04-27;NA
1842;4;2071;ACONDICIONAMENT DEL SOLAR EN DOCTOR NICASI BENLLOCH;16;Benicalap;Particular;25;NO;NO;0;NO;NA;No aplicable;2023-04-27;NA
1854;4;2083;CONEXIoN RUTA CICLOPEATONAL CON BENETUSSER-VALENCIA;20;No consta;Particular;25;SI;NO;0;NO;NA;No aplicable;2023-04-27;NA
1899;4;2128;RESTAURACIo DE LA FONT DE L'ESGLeSIA;17;6;Particular;24;SI;NO;0;NO;NA;No aplicable;2023-04-27;NA
1916;4;2145;ILUMINACIo TRAM CAMI DE VERONICA A MASSARROJOS;17;6;Particular;19;SI;SI;23;NO;50000;No aplicable;2023-04-27;NA
1920;4;2149;APERTURA DEL BARRIO DE TORREFIEL HACIA LA HUERTA.;15;Rascanya;Particular;17;NO;NO;0;NO;NA;No aplicable;2023-04-27;NA
1947;4;2176;PASOS DE CEBRA. REVISIoN DE LOCALIZACIoN Y CAMBIO Y MEJOR ADECUACIoN.;7;l'Olivereta;Particular;22;NO;NO;0;NO;NA;No aplicable;2023-04-27;NA
1948;4;2177;ACONDICIONAMIENTO Y APERTURA AL USO PuBLICO DEL ANTIGUO PARQUE DE ARTILLERIA;9;Jesus;Particular;78;SI;NO;0;NO;NA;No aplicable;2023-04-27;NA
1957;4;2186;URBANIZAR Y CONECTAR CALLE IBIZA CON AVENIDA DE FRANCIA;12;Camins al Grau;Representante GT;0;SI;NO;0;NO;NA;No aplicable;2023-04-27;NA
1996;4;2225;REURBANIZACIoN DE LA CALLE RAMIRO DE MAEZTU;12;Camins al Grau;Representante GT;0;SI;SI;394;SI;174749;No aplicable;2023-04-27;NA
2033;4;2262;URBANIZACIoN ENTORNO DE LA ALQUERiA DE LA PONSA EN EL BARRIO DE LA AGUJA;7;l'Olivereta;Particular;33;SI;NO;0;NO;NA;No aplicable;2023-04-27;NA
2073;4;2302;INSTALACIoN DE PANELES INFORMATIVOS PARA USO DE LA CIUDADANiA EN ESPACIOS PuBLIC;14;Benimaclet;Representante GT;0;SI;SI;416;SI;7000;No aplicable;2023-04-27;NA
2100;4;2329;ADQUISICIo DE TAULES PLEGABLES DE MALETA (BORBOTo);17;7;Particular;28;SI;SI;9;NO;2500;No aplicable;2023-04-27;NA
2104;4;2333;REDUCIR LA VELOCIDAD, AUMENTAR SEGURIDAD C CoRDOBA;18;2;Representante GT;0;SI;SI;4;NO;30000;No aplicable;2023-04-27;NA
2114;4;2343;REDUCCIoN BRECHA DIGITAL PERSONAS MAYORES;8;Patraix;Representante GT;0;SI;SI;363;NO;70000;No aplicable;2023-04-27;NA
2164;4;2393;MURALES ARTiSTICOS EN FACHADAS DEL CASCO HISToRICO DE PATRAIX;8;Patraix;Representante GT;0;SI;NO;0;NO;NA;No aplicable;2023-04-27;NA
2193;4;2422;CONECTAR BENIMaMET CON EL PARQUE DE CABECERA;20;No consta;Particular;15;SI;NO;0;NO;NA;No aplicable;2023-04-27;NA
2318;5;3006;REMODELACIo DEL GULLIVER;Toda la ciudad;Toda la ciudad;Ayuntamiento;276;SI;SI;2965;SI;1100000;No aplicable;2023-04-27;NA
2334;5;3022;EXECUCIo DE L'OBRES DE REHABILITACIo DE L'ALQUERIA FALCo;Toda la ciudad;Toda la ciudad;Ayuntamiento;158;NO;NO;0;NO;NA;No aplicable;2023-04-27;NA
2365;5;3053;MaS aRBOLES PARA UNA VALENCIA VERDE;Toda la ciudad;Toda la ciudad;Particular;349;SI;SI;4952;SI;1000000;No aplicable;2023-04-27;NA
2397;5;3085;Señalizar con señales de (30) las calles de barrio.;Toda la ciudad;Toda la ciudad;Particular;15;NO;NO;0;NO;NA;No aplicable;2023-04-27;NA
2401;5;3089;Carril bici a l'avinguda del Doctor Peset Aleixandre;Toda la ciudad;Toda la ciudad;Particular;107;SI;SI;1901;NO;500000;No aplicable;2023-04-27;NA
2406;5;3094;Paso de peatones en Menendez Pelayo- Universitats;Toda la ciudad;Toda la ciudad;Particular;2;NO;NO;0;NO;NA;No aplicable;2023-04-27;NA
2447;5;3135;Peatonalizar Plaza Xuquer y calles adyacentes;Toda la ciudad;Toda la ciudad;Particular;8;NO;NO;0;NO;NA;No aplicable;2023-04-27;NA
2465;5;3153;Habilitar paso de bicis a C/ alvaro de Bazan;Toda la ciudad;Toda la ciudad;Particular;7;NO;NO;0;NO;NA;No aplicable;2023-04-27;NA
2500;5;3188;Parking Publico en Cruz Cubierta;Toda la ciudad;Toda la ciudad;Particular;29;NO;NO;0;NO;NA;No aplicable;2023-04-27;NA
2548;5;3236;Evitar aparcamiento en las aceras del barrio La Saidia;Toda la ciudad;Toda la ciudad;Particular;25;NO;NO;0;NO;NA;No aplicable;2023-04-27;NA
2574;5;3262;Remodelacion parques y pistas deportivas;Toda la ciudad;Toda la ciudad;Particular;53;NO;NO;0;NO;NA;No aplicable;2023-04-27;NA
2603;5;3291;ABRIR CALLEJoN CALLE SAN PASCUAL HACIA JOSe AGUIRRE;Toda la ciudad;Toda la ciudad;Particular;1;NO;NO;0;NO;NA;No aplicable;2023-04-27;NA
2610;5;3298;Control, inspeccion y transparencia de licencias de viviendas de uso turisticos;Toda la ciudad;Toda la ciudad;Particular;33;NO;NO;0;NO;NA;No aplicable;2023-04-27;NA
2616;5;3304;PEATONALIZAR  PASEO  ALAMEDA  PARA  SIEMPRE;Toda la ciudad;Toda la ciudad;Particular;8;NO;NO;0;NO;NA;No aplicable;2023-04-27;NA
2660;5;3348;Parc de barres ( Calistenia ) El Palmar;Toda la ciudad;Toda la ciudad;Particular;60;NO;NO;0;NO;NA;No aplicable;2023-04-27;NA
2692;5;3380;ORA para residentes;Toda la ciudad;Toda la ciudad;Particular;5;NO;NO;0;NO;NA;No aplicable;2023-04-27;NA
2720;5;3408;ROCoDROM (BOULDER) AL PARC DE LA RAMBLETA DE SANT MARCEL·Li;Toda la ciudad;Toda la ciudad;Particular;108;SI;NO;0;NO;NA;No aplicable;2023-04-27;NA
2742;5;3430;Insonorizacion de la salida tunel PioXII, frente a C/Monestir de Poblet (Hiperco;Toda la ciudad;Toda la ciudad;Particular;16;NO;NO;0;NO;NA;No aplicable;2023-04-27;NA
2744;5;3432;Re-asfaltado de los viales de la Devesa de El Saler.;Toda la ciudad;Toda la ciudad;Particular;180;SI;SI;1222;NO;2500000;No aplicable;2023-04-27;NA
2759;5;3447;REFORMA PARQUE PLAZA ESCULTOR FRECHINA EN EL BARRIO DE LA CRUZ CUBIERTA;Toda la ciudad;Toda la ciudad;Particular;8;NO;NO;0;NO;NA;No aplicable;2023-04-27;NA
2865;5;3553;Ampliacion de la acera esquina General Gil Dolz con Finlandia;Toda la ciudad;Toda la ciudad;Particular;105;SI;SI;757;NO;250000;No aplicable;2023-04-27;NA
2873;5;3562;Acondicionamiento solar junto c/Señor de Azagra y c/Campoamor;Toda la ciudad;Toda la ciudad;Particular;5;NO;NO;0;NO;NA;No aplicable;2023-04-27;NA
2883;5;3572;AMPLIACIoN AYUNTAMIENTO POBLE-NOU;Toda la ciudad;Toda la ciudad;Particular;35;NO;NO;0;NO;NA;No aplicable;2023-04-27;NA
2912;5;3601;Conversion del anfiteatro del Parque de Benicalap en un Auditorio Municipal;Toda la ciudad;Toda la ciudad;Particular;29;NO;NO;0;NO;NA;No aplicable;2023-04-27;NA
2943;5;3632;ð??¦ Rehabilitacion Salon de Actos IES Cid (3F - Tres Forque;Toda la ciudad;Toda la ciudad;Particular;138;SI;NO;0;NO;NA;No aplicable;2023-04-27;NA
3051;6;4107;Soterramiento contenedores Russafa;2;l'Eixample;Particular;43;SI;SI;245;NO;130000;No aplicable;2023-04-27;NA
3132;6;4188;CARRIL BICI EN TODA LA AVENIDA DEL PUERTO;12;Camins al Grau;Particular;96;SI;NO;0;NO;NA;No aplicable;2023-04-27;NA
3160;6;4216;Carril bici Tres Forques hasta ciudad Gran Turia y puesto de Valenbisi;8;Patraix;Particular;48;SI;SI;344;NO;245000;No aplicable;2023-04-27;NA
3162;6;4218;CARRIL BICI EN AVDA. ALCALDE GISBERT RICO;10;Quatre Carreres;Particular;15;NO;NO;0;NO;NA;No aplicable;2023-04-27;NA
3176;6;4232;mejora carril bici dell rio Turia;3;Extramurs;Particular;47;SI;NO;0;NO;NA;No aplicable;2023-04-27;NA
3231;6;4287;DAR UTILIDAD REAL A BOToN DE PASO DE PEATONES AVENIDA FRANCIA;12;Camins al Grau;Particular;4;NO;NO;0;NO;NA;No aplicable;2023-04-27;NA
3244;6;4300;Passeig i accesibilitat a Faitanar.;19;8;Particular;19;SI;NO;0;NO;NA;No aplicable;2023-04-27;NA
3296;6;4352;Equipamiento gimnasio El Palmar;19;5;Particular;20;SI;SI;64;SI;17582;No aplicable;2023-04-27;NA
3333;6;4389;MALVARROSA  ( CASITAS ROSAS);11;Poblats Maritims;Particular;23;NO;NO;0;NO;NA;No aplicable;2023-04-27;NA
3377;6;4433;Calle Francisco comes Martinez;16;Benicalap;Particular;8;NO;NO;0;NO;NA;No aplicable;2023-04-27;NA
3395;6;4451;Crear parking publico en descampado en Calle Peñiscola.;15;Rascanya;Particular;37;SI;NO;0;NO;NA;No aplicable;2023-04-27;NA
3482;6;4539;Carril bici en Gaspar Aguilar (hasta la parada de metro de Patraix);9;Jesus;Particular;50;SI;NO;0;NO;NA;No aplicable;2023-04-27;NA
3504;6;4561;Solucion para solares en desuso y aparcamiento eco-responsable;15;Rascanya;Particular;40;SI;NO;0;NO;NA;No aplicable;2023-04-27;NA
3520;6;4577;UN TRANViA MaS EFICIENTE PARA LLEGAR AL CENTRO MaS RaPIDO;5;la Saidia;Particular;23;NO;NO;0;NO;NA;No aplicable;2023-04-27;NA
3561;6;4618;Aceras Calle Mariano Ribera esquina Calle Chiva;8;Patraix;Particular;45;SI;NO;0;NO;NA;No aplicable;2023-04-27;NA
3574;6;4631;PASEO MARiTIMO Y REGENERACIoN DESEMBOCADURA;19;3;Particular;26;SI;NO;0;NO;NA;No aplicable;2023-04-27;NA
3597;6;4654;Mejora del area de socializacion canina del parque de Orriols;15;Rascanya;Particular;3;NO;NO;0;NO;NA;No aplicable;2023-04-27;NA
3677;6;4735;Mejora de zona verde para la calle Asturias;12;Camins al Grau;Particular;13;NO;NO;0;NO;NA;No aplicable;2023-04-27;NA
3818;6;4879;Via de servicio Antonio Ferrandis 8-18;10;Quatre Carreres;Particular;52;SI;NO;0;NO;NA;No aplicable;2023-04-27;NA
3981;6;5043;Mejora Plaza Nou Moles;7;l'Olivereta;Particular;15;NO;NO;0;NO;NA;No aplicable;2023-04-27;NA
4013;6;5075;CONEXIoN CICLISTA DIRECTA ENTRE NAZARET Y EL GRAU POR INGENIERO MANUEL SOTO;11;Poblats Maritims;Particular;36;SI;SI;96;NO;350000;No aplicable;2023-04-27;NA
4123;6;5185;EQUIPAMIENTO TECNICO Y AUDIOVISUAL PARA EL CENTRO DE JUVENTUD DE MALILLA;10;Quatre Carreres;Representante GT;0;SI;SI;415;SI;20000;No aplicable;2023-04-27;NA
4171;6;5233;Finalizacion obras Ruzafa;2;l'Eixample;Ayuntamiento en rep. GT;0;SI;SI;238;SI;108886;No aplicable;2023-04-27;NA
4204;6;5266;Zona de esparcimiento canino en el Parque Central;2;l'Eixample;Particular;33;SI;NO;0;NO;NA;No aplicable;2023-04-27;NA
4234;7;5296;ZONA ESPARCIMIENTO PARA PERROS - TRAMO II JARDiN DEL TURIA;7;l'Olivereta;Particular;39;SI;SI;104;NO;275000;Sin etiqueta;2023-04-27;NA
4322;7;5384;UNIVERSIDAD POPULAR EN LA ALQUERiA SITUADA JUNTO AL CAMINO DEL CEMENTERIO;4;Campanar;Particular;96;SI;NO;0;NO;NA;No aplicable;2023-04-27;NA
4363;7;5425;Cierre nocturno de la Plaza del atleta Jose Andres en la C/ Santa Rosa;6;el Pla del Real;Particular;13;NO;NO;0;NO;NA;No aplicable;2023-04-27;NA
4408;7;5470;SKATEPARK PERELLONET;19;6;Particular;30;SI;NO;0;NO;NA;No aplicable;2023-04-27;NA
4425;7;5487;MEJOR Alumbrado=MAYOR Seguridad;16;Benicalap;Particular;19;NO;NO;0;NO;NA;No aplicable;2023-04-27;NA
4478;7;5540;Aparcamiento de bicicletas (similar a Pamplona);6;el Pla del Real;Particular;1;NO;NO;0;NO;NA;No aplicable;2023-04-27;NA
4495;7;5557;Reurbanizacion/reordenacion camino de moncada;15;Rascanya;Particular;32;SI;SI;337;SI;60000;Con etiqueta;2023-04-27;NA
4529;7;5591;MEGAFONIA TODO EL PUEBLO;17;7;Particular;19;SI;SI;11;NO;44760;Sin etiqueta;2023-04-27;NA
4601;7;5663;Sustitucion de arboles de garbanzos por otro tipo.;8;Patraix;Particular;10;NO;NO;0;NO;NA;No aplicable;2023-04-27;NA
4640;7;5702;Carril bici en Calle Yecla;13;Algiros;Particular;32;SI;SI;179;NO;280000;Sin etiqueta;2023-04-27;NA
4686;7;5748;Parc porp de l'escoleta de Massarrojos;17;6;Particular;4;NO;NO;0;NO;NA;No aplicable;2023-04-27;NA
4872;7;5934;Falta de Iluminacion parque infantil- polideportivo;4;Campanar;Particular;32;SI;SI;477;SI;60000;Sin etiqueta;2023-04-27;NA
4883;7;5945;SOTERRAMENT I CANVI UBICACIo CONTENIDORS - REP. GUINEA ECUATORIAL 16;11;Poblats Maritims;Particular;11;NO;NO;0;NO;NA;No aplicable;2023-04-27;NA
4935;7;5997;Ajardinamiento de la calle/plaza Gravador Manuel Peleguer;13;Algiros;Representante GT;0;SI;SI;51;NO;290000;Sin etiqueta;2023-04-27;NA
4995;7;6057;Tratamiento contra las pudentas;8;Patraix;Particular;5;NO;NO;0;NO;NA;No aplicable;2023-04-27;NA
5004;7;6066;Arbolado y ampliacion espacio publico calles Alqueria Estrella y Periodista Llor;5;la Saidia;Particular;3;NO;NO;0;NO;NA;No aplicable;2023-04-27;NA
5136;7;6198;Ajardinamiento Luis Despuig-San Pedro;11;Poblats Maritims;Particular;5;NO;NO;0;NO;NA;No aplicable;2023-04-27;NA
5181;7;6243;Plaza del Cedro - Propuesta de reestructuracion;13;Algiros;Particular;10;NO;NO;0;NO;NA;No aplicable;2023-04-27;NA
5243;7;6305;CREACIoN DE MINICENTRAL DE ENERGiA SOLAR;4;Campanar;Particular;48;SI;SI;326;SI;190000;Con etiqueta;2023-04-27;NA
5397;7;6459;Parque infantil;19;6;Particular;30;SI;NO;0;NO;NA;No aplicable;2023-04-27;NA
5435;7;6497;CAMBIO DE ACERA DE LOS CONTENEDORES;3;Extramurs;Particular;6;NO;NO;0;NO;NA;No aplicable;2023-04-27;NA
5478;7;6540;Castracion de gatos;16;Benicalap;Particular;19;NO;NO;0;NO;NA;No aplicable;2023-04-27;NA
5543;7;6605;Un Skatepark en Torrefiel/Orriols;15;Rascanya;Particular;49;SI;NO;0;NO;NA;No aplicable;2023-04-27;NA
5565;7;6627;En Corts mejora en las zonas verdes;10;Quatre Carreres;Particular;6;NO;NO;0;NO;NA;No aplicable;2023-04-27;NA
5645;7;6707;Soterramiento de contenedores en el entorno de Fray Luis Colomer;13;Algiros;Particular;8;NO;NO;0;NO;NA;No aplicable;2023-04-27;NA
5772;7;6834;Repavimentacion calzada entrada Alqueria de la Rata;17;3;Ayuntamiento;0;SI;SI;7;NO;15734;Sin etiqueta;2023-04-27;NA
21;1;2015-00024;Acondicionamiento pasos de cebra y carril-bici c/cuenca;3;Extramurs;Persona Fisica;0;No aplicable;SI;65;SI;75000;No aplicable;2023-04-27;NA
33;1;2015-00039;NA;9;Jesus;Persona Juridica;0;No aplicable;NO;0;NO;NA;No aplicable;2023-04-27;NA
43;1;2015-00052;NA;12;Camins al Grau;Persona Fisica;0;No aplicable;NO;0;NO;NA;No aplicable;2023-04-27;NA
66;1;2015-00089;Mejora de la accesibilidad de la plaza;6;el Pla del Real;Persona Fisica;0;No aplicable;SI;15;SI;4900;No aplicable;2023-04-27;NA
96;1;2015-00124;NA;3;Extramurs;Persona Juridica;0;No aplicable;NO;0;NO;NA;No aplicable;2023-04-27;NA
130;1;2015-00167;NA;5;la Saidia;Persona Juridica;0;No aplicable;NO;0;NO;NA;No aplicable;2023-04-27;NA
399;1;2015-00464;NA;17;Pobles del Nord;Persona Fisica;0;No aplicable;NO;0;NO;NA;No aplicable;2023-04-27;NA
488;1;2015-00583;NA;19;Pobles del Sud;Persona Juridica;0;No aplicable;NO;0;NO;NA;No aplicable;2023-04-27;NA
576;1;2016-00071;Propuesta ayuntamiento. Carril bici en Avenida de Constitucion;15;Rascanya;Persona Juridica;0;No aplicable;SI;33;SI;250000;No aplicable;2023-04-27;NA
647;2;28;Creacion de espacios verdes  Jeronimo de Monsoriu - Francisco Cubells;13;Algiros;Particular;11;NO;NO;0;NO;NA;No aplicable;2023-04-27;NA
755;2;136;Colocacion barrera de seguridad en la acera, enfrente del colegio Jesus - Maria;2;l'Eixample;Particular;1;NO;NO;0;NO;NA;No aplicable;2023-04-27;NA
835;2;216;Parc per a gossos;16;Benicalap;Particular;7;NO;NO;0;NO;NA;No aplicable;2023-04-27;NA
853;2;234;Abrir escuelas de musica municipales;13;Algiros;Particular;9;NO;NO;0;NO;NA;No aplicable;2023-04-27;NA
902;2;283;AMPLIACIoN/MEJORA DEL AULA INFERIOR DE LA UNIVERSIDAD POPULAR DE BENIMAMET;18;Pobles de l'Oest;Representante GT;33;SI;SI;215;SI;3000;No aplicable;2023-04-27;NA
978;2;359;MILLORA DE LES ZONES ESPORTIVES Borboto;17;Pobles del Nord;Representante GT;2;SI;SI;350;NO;60000;No aplicable;2023-04-27;NA
997;2;378;ILUMINACION Y SEÑALIZACIoN GAYANO LLUCH - PEDRO CABANES;15;Rascanya;Representante GT;46;SI;SI;155;SI;35647;No aplicable;2023-04-27;NA
1196;2;577;Desinsectacion del barrio el Pla del Real;6;el Pla del Real;Particular;1;NO;NO;0;NO;NA;No aplicable;2023-04-27;NA
1257;3;1048;PEATONALIZAR ENTORNO MERCADO DE BENIMAMET;Toda la ciudad;Toda la ciudad;Particular;15;NO;NO;0;NO;NA;No aplicable;2023-04-27;NA
1439;3;1232;RUTA SEGURA DE ACCESO AL CEIP BENIMAMET;Toda la ciudad;Toda la ciudad;Particular;132;SI;NO;0;NO;NA;No aplicable;2023-04-27;NA
1450;3;1243;RECUPERACIoN PARA USO PuBLICO DEL ANTIGUO CAMPO DE FuTBOL DE BENIMaMET.;Toda la ciudad;Toda la ciudad;Particular;12;NO;NO;0;NO;NA;No aplicable;2023-04-27;NA
1513;3;1306;REUBICACIoN DE CONTENEDORES DE BASURAS EXISTENTES DELANTE DE UN PASO DE PEATONES;Toda la ciudad;Toda la ciudad;Particular;3;NO;NO;0;NO;NA;No aplicable;2023-04-27;NA
1563;3;1357;REMODELACION PARQUE PLAZA PEDAGOGA RAQUEL PAYa;Toda la ciudad;Toda la ciudad;Particular;113;SI;SI;557;NO;430000;No aplicable;2023-04-27;NA
1655;3;1451;SEÑALIZAR CON CARTEL DE PROHIBIDO FUMAR EN PARQUES INFANTILES DE VALENCIA;Toda la ciudad;Toda la ciudad;Particular;2;NO;NO;0;NO;NA;No aplicable;2023-04-27;NA
1716;3;1512;MULTAR A LOS PERROS Y DUEÑOS QUE DEFEQUEN EN EL BARRIO DE BENICALAP;Toda la ciudad;Toda la ciudad;Particular;6;NO;NO;0;NO;NA;No aplicable;2023-04-27;NA
1737;3;1533;CONSTRUCCIoN JARDiN EN SOLAR DE LA C.CAROLINA ALVAREZ/DAMA D'ELX/BALEARES;Toda la ciudad;Toda la ciudad;Particular;2;NO;NO;0;NO;NA;No aplicable;2023-04-27;NA
1866;4;2095;ASFALTAR CAMINO;19;6;Particular;25;SI;NO;0;NO;NA;No aplicable;2023-04-27;NA
1892;4;2121;PUESTA EN VALOR DE LA CREU DEL MIG CAMI DE SANT ISIDRE;8;Patraix;Representante GT;0;SI;SI;402;NO;6000;No aplicable;2023-04-27;NA
1991;4;2220;ADECUACION DEL PARQUE CALLES BORRIOL- LOS LEONES CON JUEGOS INCLUSIVOS;12;Camins al Grau;Representante GT;0;SI;SI;347;SI;75000;No aplicable;2023-04-27;NA
1992;4;2221;ESTUDIO TeCNICO PARA LA CREACIoN DE UNA BIBLIOTECA EN LA MALVARROSA;11;Poblats Maritims;Particular;55;SI;SI;212;SI;17699;No aplicable;2023-04-27;NA
2004;4;2233;MOTOS D'AIGUA;20;No consta;Particular;0;NO;NO;0;NO;NA;No aplicable;2023-04-27;NA
2005;4;2234;DISMINUIR LA INSOLACIoN DE CIUTAT VELLA.;1;Ciutat Vella;Particular;17;NO;NO;0;NO;NA;No aplicable;2023-04-27;NA
2012;4;2241;CENTRO CiVICO POLIVALENTE ALQUERIA BENIMASOT;9;Jesus;Particular;36;SI;NO;0;NO;NA;No aplicable;2023-04-27;NA
2022;4;2251;ZONA DE APARCAMIENTO DE MOTOS EN CARRER RIU ESCALONA;12;Camins al Grau;Particular;2;NO;NO;0;NO;NA;No aplicable;2023-04-27;NA
2083;4;2312;RENOVACIoN DEL DEPoSITO DE GAS LEBoN;12;Camins al Grau;Particular;38;SI;NO;0;NO;NA;No aplicable;2023-04-27;NA
2101;4;2330;PONER PASOS DE PEATONES SOBRE-ELEVADOS Y DISPOSITIVOS PARA CALMAR EL TRaFICO;18;1;Representante GT;0;SI;SI;212;SI;52900;No aplicable;2023-04-27;NA
2122;4;2351;SEMaFORO DE LA AVENIDA DE ARAGoN CON AMADEO DE SABOYA;6;el Pla del Real;Representante GT;0;SI;NO;0;NO;NA;No aplicable;2023-04-27;NA
2157;4;2386;REUBICACIoN DE LOS ARMARIOS  SITUADOS EN EL  Nº 3 DE LA CALLE SAN MARCELINO;9;Jesus;Representante GT;0;SI;SI;208;NO;8000;No aplicable;2023-04-27;NA
2251;4;2480;MaS SOMBRA EN LOS PARQUES INFANTILES CON LA PLANTACIoN DE aRBOLES;20;No consta;Particular;15;NO;NO;0;NO;NA;No aplicable;2023-04-27;NA
2314;5;3002;INSTAL·LACIo DE PLAQUES FOTOVOLTAIQUES EN HABITATGES SOCIALS EN C/ PORTAL NOU 1;Toda la ciudad;Toda la ciudad;Ayuntamiento;16;NO;NO;0;NO;NA;No aplicable;2023-04-27;NA
2393;5;3081;Apertura y adecuacion tunel peatonal Germanias 2;Toda la ciudad;Toda la ciudad;Particular;27;NO;NO;0;NO;NA;No aplicable;2023-04-27;NA
2462;5;3150;Puente de San Jose. Redistribuir espacios de viandantes y dignificar su aspecto.;Toda la ciudad;Toda la ciudad;Particular;26;NO;NO;0;NO;NA;No aplicable;2023-04-27;NA
2537;5;3225;Arbolado y aceras en Bernat Descoll;Toda la ciudad;Toda la ciudad;Particular;101;SI;SI;836;NO;800000;No aplicable;2023-04-27;NA
2613;5;3301;Canchas publicas de Baloncesto en Abastos;Toda la ciudad;Toda la ciudad;Particular;41;NO;NO;0;NO;NA;No aplicable;2023-04-27;NA
2636;5;3324;Dotacion de equipamiento publico al solar en c/ Reina Violante con Padre Barranc;Toda la ciudad;Toda la ciudad;Particular;114;SI;SI;901;NO;270000;No aplicable;2023-04-27;NA
2686;5;3374;"Mejora del parque infantil de la Calle ""Marques de San Juan""";Toda la ciudad;Toda la ciudad;Particular;12;NO;NO;0;NO;NA;No aplicable;2023-04-27;NA
2694;5;3382;INSTALAR ASCENSOR EN GARAJE DE CONCESIoN MUNICIPAL CALLES ALBACETE-MARVA;Toda la ciudad;Toda la ciudad;Particular;3;NO;NO;0;NO;NA;No aplicable;2023-04-27;NA
2706;5;3394;Dignificar Av. Ausias March;Toda la ciudad;Toda la ciudad;Particular;9;NO;NO;0;NO;NA;No aplicable;2023-04-27;NA
5329;7;6391;PARQUE PLAZA ESCULTOR VICTOR HINO;10;Quatre Carreres;Particular;11;NO;NO;0;NO;NA;No aplicable;2023-04-27;NA
5358;7;6420;Iluminacion de aceras en la Avenida de Tres Cruces;7;l'Olivereta;Particular;41;SI;SI;40;NO;400000;Sin etiqueta;2023-04-27;NA
5528;7;6590;Restauracion alqueria municipal para centro de mayores y club de jubilados.;7;l'Olivereta;Particular;68;SI;NO;0;NO;NA;No aplicable;2023-04-27;NA
5739;7;6801;Dos baños publicos modelicos en zonas de mayor necesidad en Valencia;14;Benimaclet;Particular;38;SI;NO;0;NO;NA;No aplicable;2023-04-27;NA
5766;7;6828;MERCADILLO PRODUCTOS DE LA HUERTA;19;7;Particular;31;SI;NO;0;NO;NA;No aplicable;2023-04-27;NA
5777;7;6839;Repavimentacion calzada C/ Sot de Xera;18;1;Ayuntamiento;0;SI;SI;188;SI;15000;Sin etiqueta;2023-04-27;NA
24;1;2015-00030;NA;10;Quatre Carreres;Persona Fisica;NA;No aplicable;NO;0;NO;NA;No aplicable;2023-04-27;NA
400;1;2015-00466;Mejora de accesibilidad del barrio del botanic al viejo cauce del rio turia;3;Extramurs;Persona Fisica;NA;No aplicable;SI;77;SI;50000;No aplicable;2023-04-27;NA
411;1;2015-00480;NA;11;Poblats Maritims;Persona Juridica;NA;No aplicable;NO;0;NO;NA;No aplicable;2023-04-27;NA
418;1;2015-00488;NA;10;Quatre Carreres;Persona Juridica;NA;No aplicable;NO;0;NO;NA;No aplicable;2023-04-27;NA
453;1;2015-00539;NA;11;Poblats Maritims;Persona Juridica;NA;No aplicable;NO;0;NO;NA;No aplicable;2023-04-27;NA
454;1;2015-00541;NA;11;Poblats Maritims;Persona Juridica;NA;No aplicable;SI;29;NO;NA;No aplicable;2023-04-27;NA
523;1;2016-00018;NA;18;Pobles de l'Oest;Persona Juridica;NA;No aplicable;SI;23;NO;NA;No aplicable;2023-04-27;NA
578;1;2016-00073;Propuesta ayuntamiento. Carril bici en la av. Reino de valencia;2;l'Eixample;Persona Juridica;NA;No aplicable;SI;67;SI;250000;No aplicable;2023-04-27;NA
597;1;2016-00093;Propuesta ayuntamiento. Medidas de pacificacion del trafico;6;el Pla del Real;Persona Juridica;NA;No aplicable;SI;11;SI;3000;No aplicable;2023-04-27;NA
883;2;264;ARBOLADO EN CALLES;12;Camins al Grau;Particular;8;NO;NO;0;NO;NA;No aplicable;2023-04-27;NA
1092;2;473;Peatonalizacion de la calle Juan Bautista LLovera;11;Poblats Maritims;Particular;7;NO;NO;0;NO;NA;No aplicable;2023-04-27;NA
1094;2;475;Vaso oficial de las Fallas 2017 (Reutilizable de plastico);1;Ciutat Vella;Particular;1;NO;NO;0;NO;NA;No aplicable;2023-04-27;NA
1177;2;558;Descongestion de la ronda norte eliminando el bordillo del carril bus;14;Benimaclet;Particular;2;NO;NO;0;NO;NA;No aplicable;2023-04-27;NA
1189;2;570;Eliminar una linia d'aparcament per ampliar voreres en carrer Lepant;3;Extramurs;Particular;3;NO;NO;0;NO;NA;No aplicable;2023-04-27;NA
1394;3;1187;NUEVO COLEGIO PUBLICO POR LA ZONA DE NOU BENICALAP/JUAN XXIII;Toda la ciudad;Toda la ciudad;Particular;91;NO;NO;0;NO;NA;No aplicable;2023-04-27;NA
1426;3;1219;CREAR LiNEA EMT QUE CONECTE BENICALAP CON CIUDAD DE LAS CIENCIAS Y PLAYA.;Toda la ciudad;Toda la ciudad;Particular;62;NO;NO;0;NO;NA;No aplicable;2023-04-27;NA
1551;3;1345;PeRGOLA AL CARRER ALMASSORA;Toda la ciudad;Toda la ciudad;Particular;4;NO;NO;0;NO;NA;No aplicable;2023-04-27;NA
1600;3;1396;CONTENEDORES DE BASURA DE ACCESO FaCIL PARA PERSONAS MAYORES;Toda la ciudad;Toda la ciudad;Particular;9;NO;NO;0;NO;NA;No aplicable;2023-04-27;NA
1734;3;1530;HABILITAR ZONA DE DUCHAS Y VESTUARIOS EN LA PLAYA DE LAS ARENAS (VALENCIA);Toda la ciudad;Toda la ciudad;Particular;43;NO;NO;0;NO;NA;No aplicable;2023-04-27;NA
1792;4;2021;PARQUE CALLE HOSPITAL-VINATEA;1;Ciutat Vella;Particular;75;SI;SI;217;SI;80000;No aplicable;2023-04-27;NA
1867;4;2096;URBANIZACIoN DE LA PLAZA DEL SOÑADOR (ZONA PEATONAL)  EN MASSARROJOS;17;6;Representante GT;0;SI;SI;59;SI;86810;No aplicable;2023-04-27;NA
1869;4;2098;AJARDINAMIENTO EN CONDE LUMIARES;15;Rascanya;Particular;36;SI;NO;0;NO;NA;No aplicable;2023-04-27;NA
1870;4;2099;PROYECTO REDUCTORES DE VELOCIDAD CON PASO DE CEBRA EN MASARROCHOS;17;6;Representante GT;0;SI;SI;29;NO;52900;No aplicable;2023-04-27;NA
1890;4;2119;CONSTRUCCIoN DE UN PABELLoN ENTRE LA AVDA. ALFAHUIR Y LA C. PEÑiSCOLA;15;Rascanya;Particular;58;SI;NO;0;NO;NA;No aplicable;2023-04-27;NA
1949;4;2178;INSTALACIoN DE BAÑOS PuBLICOS EN EL PARQUE ENRIQUE GRANADOS;8;Patraix;Particular;43;SI;SI;494;SI;40000;No aplicable;2023-04-27;NA
2097;4;2326;PARALLAMPS URBANITZACIo LES LLOMETES;17;6;Particular;11;NO;NO;0;NO;NA;No aplicable;2023-04-27;NA
2109;4;2338;PLANTACIoN DE ARBOLADO EN C/DIEGO SEVILLA, SENENT IBAÑEZ Y OTRAS;17;6;Particular;22;SI;NO;0;NO;NA;No aplicable;2023-04-27;NA
2129;4;2358;ASFALTAT DELS CARRERS DE BENIFARAIG;17;1;Representante GT;0;SI;SI;20;NO;47621;No aplicable;2023-04-27;NA
2151;4;2380;ACTUALIZACION BIBLIOTECA MUNICIPAL DE ORRIOLS;15;Rascanya;Representante GT;0;SI;SI;387;SI;5000;No aplicable;2023-04-27;NA
2160;4;2389;SALESIANOS (CALLE SAGUNTO): AMPLIACIoN ACERA Y CARRIL BICI;5;la Saidia;Particular;16;NO;NO;0;NO;NA;No aplicable;2023-04-27;NA
2162;4;2391;REPARACIoN DE ACERAS EN MONTEOLIVETE;10;Quatre Carreres;Particular;31;SI;SI;375;SI;90000;No aplicable;2023-04-27;NA
2297;4;2526;PLAZA DR. XIMENO- IGLESIA SAN VICENTE;18;1;Particular;11;NO;NO;0;NO;NA;No aplicable;2023-04-27;NA
2306;4;2535;"AMPLIACIoN DEL ""PARKING"" DISUASORIO DEL SOLAR DEL METRO EN BARRIO SAN ISIDRO";8;Patraix;Particular;7;NO;NO;0;NO;NA;No aplicable;2023-04-27;NA
2307;4;2536;MOSTRA D’ART MURAL;7;l'Olivereta;Particular;47;SI;NO;0;NO;NA;No aplicable;2023-04-27;NA
2315;5;3003;INSTAL·LACIo DE PLAQUES FOTOVOLTAIQUES EN EL POLIESPORTIU NATZARET;Toda la ciudad;Toda la ciudad;Ayuntamiento;17;NO;NO;0;NO;NA;No aplicable;2023-04-27;NA
2387;5;3075;URBANIZACIoN DE LA ZONA DEL NORTE DE TENDETES;Toda la ciudad;Toda la ciudad;Particular;21;NO;NO;0;NO;NA;No aplicable;2023-04-27;NA
2389;5;3077;SUPERMANZANAS peatonales en Valencia;Toda la ciudad;Toda la ciudad;Particular;72;NO;NO;0;NO;NA;No aplicable;2023-04-27;NA
2493;5;3181;Recuperacion y reforma aceras Calle Cavanilles Fase I;Toda la ciudad;Toda la ciudad;Particular;10;NO;NO;0;NO;NA;No aplicable;2023-04-27;NA
2494;5;3182;Zona aparcamiento en solar Calle Alcacer con Arquitecto Ribes;Toda la ciudad;Toda la ciudad;Particular;120;SI;NO;0;NO;NA;No aplicable;2023-04-27;NA
2507;5;3195;Aparcabicis de 10 bicicletas x 1 coche;Toda la ciudad;Toda la ciudad;Particular;42;NO;NO;0;NO;NA;No aplicable;2023-04-27;NA
2732;5;3420;COLOCACIoN ASFALTO ANTIRUIDO PASO ELEVADO GIORGETA;Toda la ciudad;Toda la ciudad;Particular;7;NO;NO;0;NO;NA;No aplicable;2023-04-27;NA
2794;5;3482;ACCESO V30 AL CAMINO DEL CEMENTERIO;Toda la ciudad;Toda la ciudad;Particular;4;NO;NO;0;NO;NA;No aplicable;2023-04-27;NA
2801;5;3489;Adecuacion solar abandonado de Monteolivete: creacion zona jardines y pipican;Toda la ciudad;Toda la ciudad;Particular;35;NO;NO;0;NO;NA;No aplicable;2023-04-27;NA
2839;5;3527;Ampliacion de aceras y dotacion de arbolado en la calle Historiador Diago;Toda la ciudad;Toda la ciudad;Particular;7;NO;NO;0;NO;NA;No aplicable;2023-04-27;NA
2878;5;3567;ROTONDA CONFLUENCIA CALLE SAN VICENTE Y AVENIDA GIORGETA;Toda la ciudad;Toda la ciudad;Particular;65;NO;NO;0;NO;NA;No aplicable;2023-04-27;NA
3308;6;4364;Contenedor tapones;7;l'Olivereta;Particular;31;SI;NO;0;NO;NA;No aplicable;2023-04-27;NA
3481;6;4538;CINE AL AIRE LIBRE EN SOLAR (ESCULTOR JOSe CAPUZ / AV. REINO DE VALENCIA);10;Quatre Carreres;Particular;30;SI;NO;0;NO;NA;No aplicable;2023-04-27;NA
3509;6;4566;Instalaciones del Campo de Futbol Exposicion;6;el Pla del Real;Particular;137;SI;SI;220;SI;100000;No aplicable;2023-04-27;NA
3515;6;4572;CONEXION DE LOS DOS TRAMOS DE CALLE MALAGA;5;la Saidia;Particular;7;NO;NO;0;NO;NA;No aplicable;2023-04-27;NA
3600;6;4657;Basuras soterramiento;2;l'Eixample;Particular;13;NO;NO;0;NO;NA;No aplicable;2023-04-27;NA
3611;6;4668;ARRECIFES ARTIFICIALES PARA HACER SURF Y PROTEGER DE LA EROSIoN LAS PLAYAS.;19;4;Particular;41;SI;NO;0;NO;NA;No aplicable;2023-04-27;NA
3613;6;4670;ASFALTADO CTRA. DEL N 79 AL 90;17;4;Particular;6;SI;SI;11;SI;27803;No aplicable;2023-04-27;NA
3614;6;4671;Conexion de tramos incompletos del carril bici en acera sur de Antonio Ferrandis;10;Quatre Carreres;Particular;22;NO;NO;0;NO;NA;No aplicable;2023-04-27;NA
4304;7;5366;Contenedores bajo tierra;19;3;Particular;30;SI;NO;0;NO;NA;No aplicable;2023-04-27;NA
4314;7;5376;Paso de peatones av Ecuador/ Salvador Tusset;16;Benicalap;Particular;23;NO;NO;0;NO;NA;No aplicable;2023-04-27;NA
4332;7;5394;ADQUISICIoN DE CASA CERVELLo PARA USO VECINAL;18;1;Particular;22;SI;NO;0;NO;NA;No aplicable;2023-04-27;NA
4346;7;5408;NOU EIX CICLABLE/ NUEVO EJE CICLABLE;5;la Saidia;Particular;13;NO;NO;0;NO;NA;No aplicable;2023-04-27;NA
4370;7;5432;Conexion de el Palmar con los senderos cicloturistas de la devesa;19;5;Particular;18;SI;NO;0;NO;NA;No aplicable;2023-04-27;NA
4389;7;5451;CREAR ACCESO A BENIMACLET POR ROTONDA V-21 TRAMO FINAL DR. VICENTE ZARAGOZA;14;Benimaclet;Particular;72;SI;NO;0;NO;NA;No aplicable;2023-04-27;NA
4433;7;5495;Una plaça del poble mes verda i amb noves zones per a la ciutadania;17;2;Particular;16;SI;SI;20;SI;54838;Con etiqueta;2023-04-27;NA
4461;7;5523;Paso de peatones en carril bici;5;la Saidia;Particular;2;NO;NO;0;NO;NA;No aplicable;2023-04-27;NA
4463;7;5525;Peatonalizacion definitiva Puente de San Jose;5;la Saidia;Particular;33;SI;NO;0;NO;NA;No aplicable;2023-04-27;NA
4467;7;5529;CONSTRUCCIo D'UNA NOVA BIBLIOTECA;12;Camins al Grau;Particular;42;SI;NO;0;NO;NA;No aplicable;2023-04-27;NA
4584;7;5646;MEJORAS PLAZA ATLETA JOSe ANDReS en calle Sta Rosa;6;el Pla del Real;Particular;21;NO;NO;0;NO;NA;No aplicable;2023-04-27;NA
4612;7;5674;Alumbrado Avenida del Puerto;12;Camins al Grau;Particular;3;NO;NO;0;NO;NA;No aplicable;2023-04-27;NA
4624;7;5686;Creacion nueva linea emt;8;Patraix;Particular;3;NO;NO;0;NO;NA;No aplicable;2023-04-27;NA
4639;7;5701;Apertura Calle Antiguo Lavadero / Alvarez de Sotomayor con Avda. Real de Madrid;19;7;Particular;42;SI;NO;0;NO;NA;No aplicable;2023-04-27;NA
4658;7;5720;ELIMINACIoN DE ZONA AZUL ORA DE APARCAMIENTO PARA VECINOS;13;Algiros;Particular;19;NO;NO;0;NO;NA;No aplicable;2023-04-27;NA
4731;7;5793;Piscina municipal;19;6;Particular;24;SI;NO;0;NO;NA;No aplicable;2023-04-27;NA
4736;7;5798;Zona deportiva para el barrio;19;1;Particular;14;NO;NO;0;NO;NA;No aplicable;2023-04-27;NA
4776;7;5838;Instalacion de bancos para sentarse;4;Campanar;Particular;2;NO;NO;0;NO;NA;No aplicable;2023-04-27;NA
4806;7;5868;Mejorar la iluminacion en las zonas de juegos infantiles del parque del Oeste.;8;Patraix;Particular;12;NO;NO;0;NO;NA;No aplicable;2023-04-27;NA
4826;7;5888;Crear una biblioteca en el barrio de San Isidro;8;Patraix;Particular;40;SI;NO;0;NO;NA;No aplicable;2023-04-27;NA
4852;7;5914;Avda Baleares;12;Camins al Grau;Particular;34;SI;SI;117;NO;726761;Sin etiqueta;2023-04-27;NA
4889;7;5951;AMPLIACIoN ACERAS - CALLE SAN PiO V;5;la Saidia;Particular;36;SI;SI;429;SI;18000;Con etiqueta;2023-04-27;NA
5049;7;6111;Bosque urbano en el Carmen;1;Ciutat Vella;Particular;65;SI;NO;0;NO;NA;No aplicable;2023-04-27;NA
5065;7;6127;Pacificar y ajardinar Avenidas General Aviles-Maestro Rodrigo;4;Campanar;Particular;35;SI;NO;0;NO;NA;No aplicable;2023-04-27;NA
5279;7;6341;SUSTITUCIoN DE FAROLAS;12;Camins al Grau;Representante GT;0;SI;SI;223;NO;350000;Sin etiqueta;2023-04-27;NA
5321;7;6383;Remodelacion zona Malilla 119;10;Quatre Carreres;Particular;33;SI;NO;0;NO;NA;No aplicable;2023-04-27;NA
5350;7;6412;Peatonalizacion calle Eolo en la puerta del CEIP Mestalla;6;el Pla del Real;Particular;35;SI;SI;65;NO;210000;Sin etiqueta;2023-04-27;NA
5371;7;6433;Bolardos evitar suban coches a la acera;1;Ciutat Vella;Particular;2;NO;NO;0;NO;NA;No aplicable;2023-04-27;NA
5377;7;6439;MALILLA-PANELES INFORMATIVOS DE BARRIO;10;Quatre Carreres;Particular;32;SI;NO;0;NO;NA;No aplicable;2023-04-27;NA
5444;7;6506;Rehabilitacio del patrimoni industrial del C/ Lliria per us ciutada;1;Ciutat Vella;Particular;60;SI;NO;0;NO;NA;No aplicable;2023-04-27;NA
5470;7;6532;PACIFICACIo DEL TRaNSIT DEL CARRER CLARIANO A L’ALTURA DEL CEIP F. GARCiA LORCA;13;Algiros;Particular;51;SI;SI;153;NO;453094;Sin etiqueta;2023-04-27;NA
5578;7;6640;Arreglar el descampado que hay entre Periodista Gil Sumbiela y Avda del Ecuador;16;Benicalap;Particular;38;SI;NO;0;NO;NA;No aplicable;2023-04-27;NA
5620;7;6682;Ampliacion aceras C/ Alicante zona Estacion del Norte / Plaza de toros;2;l'Eixample;Particular;42;SI;NO;0;NO;NA;No aplicable;2023-04-27;NA
103;1;2015-00137;NA;1;Ciutat Vella;Persona Fisica;0;No aplicable;NO;0;NO;NA;No aplicable;2023-04-27;NA
108;1;2015-00142;NA;17;Pobles del Nord;Persona Fisica;0;No aplicable;NO;0;NO;NA;No aplicable;2023-04-27;NA
124;1;2015-00161;NA;15;Rascanya;Persona Fisica;0;No aplicable;NO;0;NO;NA;No aplicable;2023-04-27;NA
125;1;2015-00162;NA;14;Benimaclet;Persona Fisica;0;No aplicable;SI;31;NO;NA;No aplicable;2023-04-27;NA
139;1;2015-00176;NA;15;Rascanya;Persona Fisica;0;No aplicable;NO;0;NO;NA;No aplicable;2023-04-27;NA
179;1;2015-00221;NA;7;l'Olivereta;Persona Fisica;0;No aplicable;NO;0;NO;NA;No aplicable;2023-04-27;NA
187;1;2015-00229;NA;3;Extramurs;Persona Fisica;0;No aplicable;NO;0;NO;NA;No aplicable;2023-04-27;NA
196;1;2015-00239;NA;9;Jesus;Persona Juridica;0;No aplicable;SI;116;NO;NA;No aplicable;2023-04-27;NA
208;1;2015-00252;NA;5;la Saidia;Persona Juridica;0;No aplicable;NO;0;NO;NA;No aplicable;2023-04-27;NA
219;1;2015-00264;NA;12;Camins al Grau;Persona Juridica;0;No aplicable;NO;0;NO;NA;No aplicable;2023-04-27;NA
232;1;2015-00279;NA;3;Extramurs;Persona Fisica;0;No aplicable;NO;0;NO;NA;No aplicable;2023-04-27;NA
275;1;2015-00329;NA;12;Camins al Grau;Persona Fisica;0;No aplicable;NO;0;NO;NA;No aplicable;2023-04-27;NA
311;1;2015-00371;NA;1;Ciutat Vella;Persona Fisica;0;No aplicable;NO;0;NO;NA;No aplicable;2023-04-27;NA
333;1;2015-00394;Urbanizacion solar trasero c/jose mª haro 59;11;Poblats Maritims;Persona Fisica;0;No aplicable;SI;151;SI;200000;No aplicable;2023-04-27;NA
337;1;2015-00398;Millora ide de carpesa;17;Pobles del Nord;Persona Fisica;0;No aplicable;SI;160;SI;60000;No aplicable;2023-04-27;NA
346;1;2015-00408;NA;4;Campanar;Persona Fisica;0;No aplicable;NO;0;NO;NA;No aplicable;2023-04-27;NA
372;1;2015-00435;NA;18;Pobles de l'Oest;Persona Fisica;0;No aplicable;NO;0;NO;NA;No aplicable;2023-04-27;NA
401;1;2015-00467;NA;1;Ciutat Vella;Persona Fisica;0;No aplicable;SI;14;NO;NA;No aplicable;2023-04-27;NA
409;1;2015-00478;Urbanizacion plaza musico moreno gans como zona deportiva;11;Poblats Maritims;Persona Juridica;0;No aplicable;SI;123;SI;209590;No aplicable;2023-04-27;NA
536;1;2016-00031;NA;15;Rascanya;Persona Juridica;0;No aplicable;SI;12;NO;NA;No aplicable;2023-04-27;NA
541;1;2016-00036;NA;6;el Pla del Real;Persona Juridica;0;No aplicable;SI;7;NO;NA;No aplicable;2023-04-27;NA
560;1;2016-00055;NA;15;Rascanya;Persona Juridica;0;No aplicable;SI;0;NO;NA;No aplicable;2023-04-27;NA
566;1;2016-00061;NA;18;Pobles de l'Oest;Persona Juridica;0;No aplicable;SI;1;NO;NA;No aplicable;2023-04-27;NA
575;1;2016-00070;Propuesta ayuntamiento. Carril bici en av. Suecia;6;el Pla del Real;Persona Juridica;0;No aplicable;SI;20;SI;125000;No aplicable;2023-04-27;NA
636;2;17;Palmeral y carril bici en la Gran Via de Germanias;2;l'Eixample;Particular;143;SI;SI;393;SI;66000;No aplicable;2023-04-27;NA
642;2;23;Inversiones barrio Orriols y Sant Miquel dels Reis;15;Rascanya;Particular;31;SI;NO;0;NO;NA;No aplicable;2023-04-27;NA
659;2;40;Eliminacion darsenas buses, conversion en plaza vecinos. a.Guimera/Juan llorens;3;Extramurs;Particular;24;NO;NO;0;NO;NA;No aplicable;2023-04-27;NA
672;2;53;carril bici segur entre els Pobles del Nord;17;Pobles del Nord;Particular;71;SI;NO;0;NO;NA;No aplicable;2023-04-27;NA
698;2;79;Rotonda en entrada de Carpesa.;17;Pobles del Nord;Particular;18;NO;NO;0;NO;NA;No aplicable;2023-04-27;NA
699;2;80;Barrio de la Gran Via - Soterramiento de los Contendedores;2;l'Eixample;Particular;17;NO;NO;0;NO;NA;No aplicable;2023-04-27;NA
746;2;127;Semaforo de regulacion del trafico;16;Benicalap;Particular;5;NO;NO;0;NO;NA;No aplicable;2023-04-27;NA
756;2;137;Paso de peatones (semaforo) en c/ Blanquerias a la altura de c/ Padre Huerfanos;1;Ciutat Vella;Particular;34;SI;NO;0;NO;NA;No aplicable;2023-04-27;NA
764;2;145;Asear y habilitar solar calle Ministro Luis Mayans;5;la Saidia;Particular;5;NO;NO;0;NO;NA;No aplicable;2023-04-27;NA
767;2;148;REMODELACIoN Y MEJORA DE LA PLAZA ROJAS CLEMENTE, Ajardinamiento y Zona Infantil;3;Extramurs;Particular;134;SI;SI;338;SI;342318;No aplicable;2023-04-27;NA
777;2;158;PASO DE PEATONES EN AVENIDA PeREZ GALDoS;3;Extramurs;Particular;15;NO;NO;0;NO;NA;No aplicable;2023-04-27;NA
800;2;181;UN APARCAMIENTO PARA BICIS EN CADA CALLE DEL BARRIO;14;Benimaclet;Particular;44;SI;NO;0;NO;NA;No aplicable;2023-04-27;NA
813;2;194;Construccion de una zona de juegos infantil SOCIOPOLIS;19;Pobles del Sud;Particular;94;SI;NO;0;NO;NA;No aplicable;2023-04-27;NA
816;2;197;RUSSAFA RESPONSABLE: REGISTRO PuBLICO EN LINEA HOSTELERIA, TURISMO Y CASALES...;2;l'Eixample;Particular;38;SI;NO;0;NO;NA;No aplicable;2023-04-27;NA
844;2;225;ENTERRAMIENTO DE LOS CONTENEDORES DE RESIDUOS EN CALLE QUART Y TURIA.;3;Extramurs;Particular;5;NO;NO;0;NO;NA;No aplicable;2023-04-27;NA
860;2;241;Plaza de Santa Monica: remodelacion y reordenacion de sus jardines;5;la Saidia;Particular;3;NO;NO;0;NO;NA;No aplicable;2023-04-27;NA
908;2;289;Camino verde circunvalacion de Horno de Alcedo, segura e iluminada.;19;Pobles del Sud;Particular;8;NO;NO;0;NO;NA;No aplicable;2023-04-27;NA
910;2;291;CONDICIONAMENT VORERES CAMi MUNTANYARS - PINEDO;19;Pobles del Sud;Particular;3;NO;NO;0;NO;NA;No aplicable;2023-04-27;NA
937;2;318;Saneamiento y revitalizacion del Mercado de San Pedro Nolasco.;5;la Saidia;Particular;1;NO;NO;0;NO;NA;No aplicable;2023-04-27;NA
950;2;331;Carril Bici por el Rio hasta puente de la Formula 1;10;Quatre Carreres;Particular;43;SI;SI;289;SI;21000;No aplicable;2023-04-27;NA
962;2;343;Creacion de pistas deportivas en solares municipales;7;l'Olivereta;Representante GT;2;SI;SI;190;SI;60000;No aplicable;2023-04-27;NA
977;2;358;Recuperar los arboles caidos durante alguna tormenta;7;l'Olivereta;Particular;9;NO;NO;0;NO;NA;No aplicable;2023-04-27;NA
983;2;364;SEÑALIZACIoN ENTRADAS BARRIO CRUZCUBIERTA POR BULEVARSUR-SAN VICENTE-CARTEROS;9;Jesus;Representante GT;8;SI;NO;0;NO;NA;No aplicable;2023-04-27;NA
985;2;366;ASFALTAR CARRERS DE TORREFIEL;15;Rascanya;Representante GT;14;SI;NO;0;NO;NA;No aplicable;2023-04-27;NA
994;2;375;Camaras de vigilancia seguridad;16;Benicalap;Particular;0;NO;NO;0;NO;NA;No aplicable;2023-04-27;NA
1015;2;396;Salvar la zona peatonal de la calle Dr. Modesto Cogollos;13;Algiros;Representante GT;7;SI;SI;69;NO;180000;No aplicable;2023-04-27;NA
1043;2;424;Carril bici en Manuel Candela;13;Algiros;Particular;5;NO;NO;0;NO;NA;No aplicable;2023-04-27;NA
1126;2;507;Finalizacion urbanizacion alrededores Tabacalera;6;el Pla del Real;Particular;3;NO;NO;0;NO;NA;No aplicable;2023-04-27;NA
1147;2;528;Eliminacio de pous cecs i canalitzacio dels residuos;16;Benicalap;Particular;2;NO;NO;0;NO;NA;No aplicable;2023-04-27;NA
1158;2;539;CAMINO VERDE ENTRE BENIMaMET Y VALENCIA;18;Pobles de l'Oest;Particular;21;NO;NO;0;NO;NA;No aplicable;2023-04-27;NA
1229;3;1019;PARQUE O MEJORA EN EL SOLAR FINAL DE BERNAT DESCOLL DESDE CARRERA MALILLA.;Toda la ciudad;Toda la ciudad;Particular;116;SI;SI;807;NO;400000;No aplicable;2023-04-27;NA
1265;3;1057;BAJAR EL CARRIL BICI DE AVENIDA DEL PUERTO A LA CALZADA;Toda la ciudad;Toda la ciudad;Particular;292;SI;SI;1638;NO;1350000;No aplicable;2023-04-27;NA
1272;3;1065;ENSANCHAMIENTO DE ACERAS CALLE LAURIA;Toda la ciudad;Toda la ciudad;Particular;5;NO;NO;0;NO;NA;No aplicable;2023-04-27;NA
1335;3;1128;MERCADO BARRIO MALILLA;Toda la ciudad;Toda la ciudad;Particular;222;SI;NO;0;NO;NA;No aplicable;2023-04-27;NA
1349;3;1142;REHABILITACIoN SOLAR (VALLE DE AYORA – SAFOR) PARA APARCAMIENTO Y USO VECINAL;Toda la ciudad;Toda la ciudad;Particular;12;NO;NO;0;NO;NA;No aplicable;2023-04-27;NA
1391;3;1184;PISCINA DE VERANO EN BENIMaMET;Toda la ciudad;Toda la ciudad;Particular;113;SI;SI;364;NO;1100000;No aplicable;2023-04-27;NA
1400;3;1193;CAMBIAR LAS TAPAS DEL ALUMBRADO PuBLICO POR OTRAS MaS RESISTENTES;Toda la ciudad;Toda la ciudad;Particular;3;NO;NO;0;NO;NA;No aplicable;2023-04-27;NA
1410;3;1203;REGULARIZACIoN CALLE SALVADOR CERVERo;Toda la ciudad;Toda la ciudad;Particular;10;NO;NO;0;NO;NA;No aplicable;2023-04-27;NA
1418;3;1211;PLANTAR MaS aRBOLES EN TODA VALeNCIA. SEAMOS LA CIUDAD VERDE.;Toda la ciudad;Toda la ciudad;Particular;37;NO;NO;0;NO;NA;No aplicable;2023-04-27;NA
1425;3;1218;PAVIMENTO NO SONORO EN LAS GRANVIAS;Toda la ciudad;Toda la ciudad;Particular;1;NO;NO;0;NO;NA;No aplicable;2023-04-27;NA
1436;3;1229;PARQUE DE LAS ILUSIONES;Toda la ciudad;Toda la ciudad;Particular;4;NO;NO;0;NO;NA;No aplicable;2023-04-27;NA
1444;3;1237;REURBANITZACIo CARRER POETA EDUARDO BUIL.;Toda la ciudad;Toda la ciudad;Particular;8;NO;NO;0;NO;NA;No aplicable;2023-04-27;NA
1509;3;1302;URBANIZAR LA CALLE BERENGUER MALLOL Y CONECTARLA CON MAESTRO VALLS;Toda la ciudad;Toda la ciudad;Particular;3;NO;NO;0;NO;NA;No aplicable;2023-04-27;NA
1519;3;1312;MEJORA DEL PARQUE SENABRE;Toda la ciudad;Toda la ciudad;Particular;6;NO;NO;0;NO;NA;No aplicable;2023-04-27;NA
1555;3;1349;ZONA CANINA EN CALLE TOMAS DE MONTAÑANA;Toda la ciudad;Toda la ciudad;Particular;20;NO;NO;0;NO;NA;No aplicable;2023-04-27;NA
1558;3;1352;PASARELA PEATONAL/BICI DESDE ROTONDA PAL. CONGRESOS AL CENTRO COMERCIAL ADEMUZ;Toda la ciudad;Toda la ciudad;Particular;13;NO;NO;0;NO;NA;No aplicable;2023-04-27;NA
1599;3;1395;REHABILITAR Y ACONDICIONAR EL ANTIGÜO DEPoSITO DEL GAS LEBoN PARA USO SOCIAL.;Toda la ciudad;Toda la ciudad;Particular;7;NO;NO;0;NO;NA;No aplicable;2023-04-27;NA
1607;3;1403;RESTRICCIo D'APARCAMENT AL BARRI DE RUSSAFA: NOMeS PER A RESIDENTS.;Toda la ciudad;Toda la ciudad;Particular;2;NO;NO;0;NO;NA;No aplicable;2023-04-27;NA
1627;3;1423;PARC DE LA RAMBLETA - SANT MARCEL.Li;Toda la ciudad;Toda la ciudad;Particular;2;NO;NO;0;NO;NA;No aplicable;2023-04-27;NA
1657;3;1453;CAMPO DE FUTBOL 11 PARA TORREFIEL ( Y POLIDEPORTIVO );Toda la ciudad;Toda la ciudad;Particular;127;SI;SI;559;NO;4200000;No aplicable;2023-04-27;NA
1667;3;1463;SOMBRATGE I MIRADOR A L’HORTA A L’ENTRADA DEL CP CASTELLAR-L’OLIVERAL;Toda la ciudad;Toda la ciudad;Particular;138;SI;SI;713;NO;220000;No aplicable;2023-04-27;NA
1677;3;1473;HABILITAR ZONA POLIDEPORTIVO DE EL SALER PARA PARA DEPORTES ACUaTICOS;Toda la ciudad;Toda la ciudad;Particular;123;SI;SI;877;NO;450000;No aplicable;2023-04-27;NA
1679;3;1475;RACIONALITZACIo APARCAMENT A VALENCIA. POQUES PLACES D'APARCAMENT PER RESIDENTS;Toda la ciudad;Toda la ciudad;Particular;2;NO;NO;0;NO;NA;No aplicable;2023-04-27;NA
1709;3;1505;MILLORA INSTALACIONS ESPORTIVES A CASTELLAR-L'OLIVERAL;Toda la ciudad;Toda la ciudad;Particular;41;NO;NO;0;NO;NA;No aplicable;2023-04-27;NA
1715;3;1511;ADECUACIoN DE LAS ACERAS DE LA CALLE DEL BARCO;Toda la ciudad;Toda la ciudad;Particular;14;NO;NO;0;NO;NA;No aplicable;2023-04-27;NA
1724;3;1520;BADENES EN LAS RECTA DE CALLE CAMPAMENTO BENIMAMET;Toda la ciudad;Toda la ciudad;Particular;2;NO;NO;0;NO;NA;No aplicable;2023-04-27;NA
1744;3;1540;AJARDINAMIENTO DE SOLAR MUNICIPAL EN C/ JOSe MARIA HARO, N° 48, ANEXO A COLEGIO.;Toda la ciudad;Toda la ciudad;Particular;4;NO;NO;0;NO;NA;No aplicable;2023-04-27;NA
1779;4;2008;TRASLADO/REUBICACION DE LAS PARADAS DEL MERCADO AMBULANTE;5;la Saidia;Particular;37;SI;NO;0;NO;NA;No aplicable;2023-04-27;NA
1791;4;2020;SEÑALIZAR PROHIBICIoN APARCAR EN LATERAL DERECHO CALLE BERNARDO PRIETO BENIMAMET;18;1;Particular;18;SI;NO;0;NO;NA;No aplicable;2023-04-27;NA
1829;4;2058;SOLAR DE LA C/ DEL SALVADOR TRASFORMARLO EN PARQUE.;1;Ciutat Vella;Particular;34;SI;NO;0;NO;NA;No aplicable;2023-04-27;NA
1921;4;2150;PAVIMENTACIoN Y PEATONALIZACIoN DE LA CALLE SEDAVI DESDE EL Nº4 AL Nº5;19;1;Particular;18;SI;SI;16;NO;22453;No aplicable;2023-04-27;NA
1923;4;2152;RUTA SEGURA PARA PEATONES ENTRE FORN D'ALCEDO Y LA TORRE;19;1;Particular;34;SI;NO;0;NO;NA;No aplicable;2023-04-27;NA
2008;4;2237;FUMIGAR LAS CALLES CONTRA INDECTOS.;3;Extramurs;Particular;24;NO;NO;0;NO;NA;No aplicable;2023-04-27;NA
2047;4;2276;CARRIL CICLOPEATONAL EN  AVENIDA EUROPA;19;1;Particular;24;SI;SI;21;NO;15000;No aplicable;2023-04-27;NA
2063;4;2292;CASES DE RATES PENADES PER A COMBATRE PLAGUES DE MOSQUITS;19;3;Particular;54;SI;SI;58;SI;3000;No aplicable;2023-04-27;NA
2091;4;2320;UTILIZAR LOS SOLARES PuBLICOS DE LA AVENIDA LEVANTE  BARRIO BENICALAP;16;Benicalap;Particular;42;SI;NO;0;NO;NA;No aplicable;2023-04-27;NA
2159;4;2388;SOTERRAMIENTO DE CONTENEDORES;18;1;Particular;25;SI;SI;57;NO;265000;No aplicable;2023-04-27;NA
2180;4;2409;ADECUAR LOS SENTIDOS DE LAS CALLES Y SEÑALIZAR;18;1;Particular;7;NO;NO;0;NO;NA;No aplicable;2023-04-27;NA
2189;4;2418;AULA NATURALEZA-ESCUELA TALLER HUERTA BENIMAMET;18;1;Particular;21;SI;NO;0;NO;NA;No aplicable;2023-04-27;NA
2236;4;2465;INSTAL·LACIo HORTS URBANS I PARC AL COSTAT INSTITUT;4;Campanar;Particular;54;SI;NO;0;NO;NA;No aplicable;2023-04-27;NA
2262;4;2491;RENOVACIoN DE LIBROS EN BIBLIOTECA PuBLICA JOAQUiN MARTiN GADEA;10;Quatre Carreres;Representante GT;0;SI;SI;504;SI;5000;No aplicable;2023-04-27;NA
2289;4;2518;PROGRAMA DE ESTERILIZACIoN DE GATOS VALENCIANOS;1;Ciutat Vella;Particular;115;SI;NO;0;NO;NA;No aplicable;2023-04-27;NA
2340;5;3028;Bajar a la calzada el carril bici Puente de Aragon;Toda la ciudad;Toda la ciudad;Particular;76;NO;NO;0;NO;NA;No aplicable;2023-04-27;NA
2345;5;3033;AMPLIACIoN/URBANIZACIoN CAMI DE VERoNICA-MASSARROJOS;Toda la ciudad;Toda la ciudad;Particular;19;NO;NO;0;NO;NA;No aplicable;2023-04-27;NA
2373;5;3061;Adios chupete, adios!;Toda la ciudad;Toda la ciudad;Particular;13;NO;NO;0;NO;NA;No aplicable;2023-04-27;NA
2385;5;3073;PUNTOS DE ENCUENTRO EN CADA BARRIO PARA BAILAR POR LAS MAÑANAS Y POR LAS TARDES;Toda la ciudad;Toda la ciudad;Particular;28;NO;NO;0;NO;NA;No aplicable;2023-04-27;NA
2392;5;3080;arboles en Plaza de España;Toda la ciudad;Toda la ciudad;Particular;36;NO;NO;0;NO;NA;No aplicable;2023-04-27;NA
2419;5;3107;ORRIOLS - MEJORA CONEXIoN CARRILES BICI CONSTITUCIoN Y SAN VTE DE PAuL;Toda la ciudad;Toda la ciudad;Particular;25;NO;NO;0;NO;NA;No aplicable;2023-04-27;NA
2423;5;3111;RAMBLA  EN AVENIDA DEL OESTE;Toda la ciudad;Toda la ciudad;Particular;15;NO;NO;0;NO;NA;No aplicable;2023-04-27;NA
2458;5;3146;"ELIMINACIoN ""TAPoN"" URBANiSTICO (CASAS EN RUINAS) CRUCE CAMINO MONCADA/AVENIDA C";Toda la ciudad;Toda la ciudad;Particular;32;NO;NO;0;NO;NA;No aplicable;2023-04-27;NA
2472;5;3160;Revitalizacion del Parque Olta – En Malilla;Toda la ciudad;Toda la ciudad;Particular;122;SI;SI;1042;NO;370000;No aplicable;2023-04-27;NA
2475;5;3163;Tornar a fer les Balconades a Russafa;Toda la ciudad;Toda la ciudad;Particular;10;NO;NO;0;NO;NA;No aplicable;2023-04-27;NA
2490;5;3178;Piscina para verano en Benimamet;Toda la ciudad;Toda la ciudad;Particular;47;NO;NO;0;NO;NA;No aplicable;2023-04-27;NA
2549;5;3237;Universidad Popular. Barrio de la Amistad.;Toda la ciudad;Toda la ciudad;Particular;7;NO;NO;0;NO;NA;No aplicable;2023-04-27;NA
2599;5;3287;Mes arbres a la Ciutat de les Arts i les Ciencies;Toda la ciudad;Toda la ciudad;Particular;10;NO;NO;0;NO;NA;No aplicable;2023-04-27;NA
2624;5;3312;MEJORAS NECESARIAS EN MASSARROJOS;Toda la ciudad;Toda la ciudad;Particular;15;NO;NO;0;NO;NA;No aplicable;2023-04-27;NA
2650;5;3338;Adaptacion de El Palmar para el paso de personas con movilidad reducida;Toda la ciudad;Toda la ciudad;Particular;108;SI;SI;3212;SI;18000;No aplicable;2023-04-27;NA
2661;5;3349;Ampliacion linea de metro a zona ruzafa y zona ciudad de justicia, y nueva Fe;Toda la ciudad;Toda la ciudad;Particular;107;SI;NO;0;NO;NA;No aplicable;2023-04-27;NA
2663;5;3351;AMPLIACIoN ACERAS EN CALLE AZCaRRAGA;Toda la ciudad;Toda la ciudad;Particular;11;NO;NO;0;NO;NA;No aplicable;2023-04-27;NA
2664;5;3352;Creacion Centro Social en La Punta - Nazaret;Toda la ciudad;Toda la ciudad;Particular;18;NO;NO;0;NO;NA;No aplicable;2023-04-27;NA
2684;5;3372;Nuevo Parque Canino en el Parque de Malilla;Toda la ciudad;Toda la ciudad;Particular;41;NO;NO;0;NO;NA;No aplicable;2023-04-27;NA
2708;5;3396;Adecuacion y reforma instalaciones Piscina Cubierta Fuente San Luis;Toda la ciudad;Toda la ciudad;Particular;38;NO;NO;0;NO;NA;No aplicable;2023-04-27;NA
2710;5;3398;Zona Socializacion Canina zona Roqueta;Toda la ciudad;Toda la ciudad;Particular;18;NO;NO;0;NO;NA;No aplicable;2023-04-27;NA
2815;5;3503;Carril bici Tres Forques hasta ciudad Gran Turia;Toda la ciudad;Toda la ciudad;Particular;34;NO;NO;0;NO;NA;No aplicable;2023-04-27;NA
2844;5;3532;Que la linea 94 llegue hasta la Ciudad Fallera;Toda la ciudad;Toda la ciudad;Particular;9;NO;NO;0;NO;NA;No aplicable;2023-04-27;NA
2845;5;3533;MARCADO DEL ANTIGUO TRAZADO DE LA MURALLA MEDIEVAL DE VALENCIA;Toda la ciudad;Toda la ciudad;Particular;22;NO;NO;0;NO;NA;No aplicable;2023-04-27;NA
2881;5;3570;Reconvertir l'edifici de la Regidoria de Joventut en un alberg juvenil public;Toda la ciudad;Toda la ciudad;Particular;104;SI;NO;0;NO;NA;No aplicable;2023-04-27;NA
2916;5;3605;Control de deposito de basuras y limpieza c/ Higinio Noja;Toda la ciudad;Toda la ciudad;Particular;2;NO;NO;0;NO;NA;No aplicable;2023-04-27;NA
2920;5;3609;MEJORAS EN LAS INSTALACIONES TRES CREUS-  FOCOS LED-  CREACIoN ANEXO F8-;Toda la ciudad;Toda la ciudad;Particular;17;NO;NO;0;NO;NA;No aplicable;2023-04-27;NA
2930;5;3619;Calle Mariano Ribera y Jardin calle Chiva;Toda la ciudad;Toda la ciudad;Particular;16;NO;NO;0;NO;NA;No aplicable;2023-04-27;NA
2947;6;4003;Carril bici Serreria entre estacion Cabanyal y Av. Puerto;12;Camins al Grau;Particular;238;SI;NO;0;NO;NA;No aplicable;2023-04-27;NA
2948;6;4004;SUSTITUCIoN DE BaCULOS DE CARRETERA POR FAROLAS EN SAN ISIDRO;8;Patraix;Particular;80;SI;SI;418;NO;50000;No aplicable;2023-04-27;NA
3026;6;4082;Limpieza y grafitis;1;Ciutat Vella;Particular;94;SI;NO;0;NO;NA;No aplicable;2023-04-27;NA
3080;6;4136;Carril bici per l'avinguda Emili Baro;14;Benimaclet;Particular;226;SI;NO;0;NO;NA;No aplicable;2023-04-27;NA
3085;6;4141;Pacificar trafico con Reverendo Jose Valero;17;3;Particular;24;SI;NO;0;NO;NA;No aplicable;2023-04-27;NA
3131;6;4187;Oasis urbano entre GUILLEM DE CASTRO y GV RAMON y CAJAL;3;Extramurs;Particular;52;SI;SI;113;NO;190000;No aplicable;2023-04-27;NA
3182;6;4238;El cambio de un barrio, Orriols;5;la Saidia;Particular;16;NO;NO;0;NO;NA;No aplicable;2023-04-27;NA
3268;6;4324;Barrio de la aguja: zona verde en solar y acondicionamiento de la zona;7;l'Olivereta;Particular;108;SI;NO;0;NO;NA;No aplicable;2023-04-27;NA
3278;6;4334;Delimitacion plazas aparcamiento en El Perellonet;19;6;Particular;5;NO;NO;0;NO;NA;No aplicable;2023-04-27;NA
3280;6;4336;ESTACIo VALENBISI A LA TORRE - SOCIoPOLIS;19;7;Particular;41;SI;NO;0;NO;NA;No aplicable;2023-04-27;NA
3283;6;4339;eliminar paso estrecho en acera de calle Aben al Abbar;12;Camins al Grau;Particular;68;SI;SI;524;SI;15000;No aplicable;2023-04-27;NA
3411;6;4467;Remodelacion parque infantil en calle Vidal de Blanes / Toneleros / Pez;11;Poblats Maritims;Particular;10;NO;NO;0;NO;NA;No aplicable;2023-04-27;NA
3412;6;4468;Mejora en el transporte publico;10;Quatre Carreres;Particular;100;SI;NO;0;NO;NA;No aplicable;2023-04-27;NA
3447;6;4503;LOCAL_BICI;2;l'Eixample;Particular;14;NO;NO;0;NO;NA;No aplicable;2023-04-27;NA
3460;6;4516;"Convertir el ""campo de la Susi"" en zona ajardinada con instalaciones deportivas";18;1;Particular;33;SI;NO;0;NO;NA;No aplicable;2023-04-27;NA
3467;6;4524;area de esparcimiento canino C/Dragaminas;4;Campanar;Particular;22;NO;NO;0;NO;NA;No aplicable;2023-04-27;NA
3495;6;4552;Instalar Farolas en las calles;19;4;Particular;69;SI;SI;67;NO;27000;No aplicable;2023-04-27;NA
3498;6;4555;Una biblioteca para la Malva;11;Poblats Maritims;Particular;48;SI;NO;0;NO;NA;No aplicable;2023-04-27;NA
3506;6;4563;Jardines y limpieza;15;Rascanya;Particular;42;SI;NO;0;NO;NA;No aplicable;2023-04-27;NA
3512;6;4569;Adquisicio de llibres per a la Biblioteca del barri;11;Poblats Maritims;Particular;54;SI;SI;439;SI;18000;No aplicable;2023-04-27;NA
3538;6;4595;INDICACIoN PREFERENCIA DE PASO PEATONES REINO DE VALENCIA;2;l'Eixample;Particular;31;SI;NO;0;NO;NA;No aplicable;2023-04-27;NA
3541;6;4598;Adquisicion contenedores reciclaje aceite;6;el Pla del Real;Particular;41;SI;NO;0;NO;NA;No aplicable;2023-04-27;NA
3566;6;4623;EJE PADRE FERRIS - JOAQUIN BALLESTER;4;Campanar;Particular;3;NO;NO;0;NO;NA;No aplicable;2023-04-27;NA
3584;6;4641;Cine Marti;2;l'Eixample;Particular;116;SI;NO;0;NO;NA;No aplicable;2023-04-27;NA
3599;6;4656;MODIFICACIoN DEL TRaFICO CALLES SOLLANA Y RAFAEL ALBIÑANA DE NA ROVELLA;10;Quatre Carreres;Particular;6;NO;NO;0;NO;NA;No aplicable;2023-04-27;NA
3670;6;4728;Zona verd i de transit entre Tendetes i Benicalap (El Calvari);4;Campanar;Particular;13;NO;NO;0;NO;NA;No aplicable;2023-04-27;NA
3725;6;4783;REFORMAR Y ADECUAR EL PARQUE DE RODRiGUEZ DE CEPEDA CON MANUEL CANDELA;12;Camins al Grau;Particular;58;SI;SI;385;SI;130000;No aplicable;2023-04-27;NA
3774;6;4834;Vallado zona parque infantil en Benicalap (zona alquerias);16;Benicalap;Particular;33;SI;SI;441;SI;5000;No aplicable;2023-04-27;NA
3826;6;4887;REASFALTADO CALLE CLARIANO CON PAVIMENTO  FONOABSORVENTE;13;Algiros;Particular;41;SI;NO;0;NO;NA;No aplicable;2023-04-27;NA
3840;6;4901;Enterrar contenedores de la basura;11;Poblats Maritims;Particular;36;SI;NO;0;NO;NA;No aplicable;2023-04-27;NA
3853;6;4914;Construccion parque de barras (calistenia) entre Cª San Luis y av. Ausias March;10;Quatre Carreres;Particular;30;SI;SI;157;NO;60000;No aplicable;2023-04-27;NA
3897;6;4959;Pacificacion del trafico CV-315 al paso por Poble Bou;17;2;Particular;17;SI;NO;0;NO;NA;No aplicable;2023-04-27;NA
3906;6;4968;Carril bici en angel Guimera (uniendo Gran via con Perez Galdos);3;Extramurs;Particular;31;SI;NO;0;NO;NA;No aplicable;2023-04-27;NA
3908;6;4970;Zonas de carga y descarga en la zona mas comercial;18;1;Particular;1;NO;NO;0;NO;NA;No aplicable;2023-04-27;NA
3952;6;5014;Calle Espartero zona de aparcamiento  verde para residentes;3;Extramurs;Particular;3;NO;NO;0;NO;NA;No aplicable;2023-04-27;NA
3971;6;5033;C/ Jaime Beltran - Eliminar doble direccio i mes espai per a arbres i voreres;9;Jesus;Particular;4;NO;NO;0;NO;NA;No aplicable;2023-04-27;NA
3987;6;5049;Taquillas en malvarosa y las arenas;11;Poblats Maritims;Particular;14;NO;NO;0;NO;NA;No aplicable;2023-04-27;NA
4044;6;5106;Adecuar el jardin provisional del parque de desembocadura de Nazaret;11;Poblats Maritims;Representante GT;0;SI;SI;153;NO;320000;No aplicable;2023-04-27;NA
4052;6;5114;Pacificacio del C/ Quart a l'entorn de la Gran Via: el carrer per a les persones;3;Extramurs;Particular;37;SI;NO;0;NO;NA;No aplicable;2023-04-27;NA
4091;6;5153;Adecentar C/ Montañares (segundo tramo);19;3;Particular;15;SI;NO;0;NO;NA;No aplicable;2023-04-27;NA
4098;6;5160;Eliminar antenas dos antenas de repeticion en calle Periodista Llorente;3;Extramurs;Particular;5;NO;NO;0;NO;NA;No aplicable;2023-04-27;NA
4107;6;5169;PUNTOS DE ALIMENTACIoN PARA COLONIAS FELINAS;1;Ciutat Vella;Particular;41;SI;SI;224;SI;3000;No aplicable;2023-04-27;NA
4110;6;5172;SUSTITUCIoN DE BaCULOS DE CARRETERA POR FAROLAS EN C/ PINTOR JOAN MIRo;19;7;Particular;16;SI;SI;54;NO;14500;No aplicable;2023-04-27;NA
4127;6;5189;Malvarrosa barrio integrador;11;Poblats Maritims;Particular;2;NO;NO;0;NO;NA;No aplicable;2023-04-27;NA
4143;6;5205;Sustitucion de Autobuses EMT de gasolina por hibridos.;10;Quatre Carreres;Particular;4;NO;NO;0;NO;NA;No aplicable;2023-04-27;NA
4205;6;5267;Alumbrado deficiente calle Dr. Zamenhof.;3;Extramurs;Particular;8;NO;NO;0;NO;NA;No aplicable;2023-04-27;NA
4236;7;5298;CARRIL BICI C/SANTOS JUSTO Y PASTOR;12;Camins al Grau;Particular;39;SI;SI;176;NO;670000;Sin etiqueta;2023-04-27;NA
4306;7;5368;Aceras decentes calle Carda;1;Ciutat Vella;Particular;18;NO;NO;0;NO;NA;No aplicable;2023-04-27;NA
4321;7;5383;PARQUE INFANTIL DE L’ALQUERiA DE RICoS;4;Campanar;Particular;58;SI;SI;241;NO;330000;Sin etiqueta;2023-04-27;NA
4372;7;5434;Reduccion ruido del trafico rodado calle Alboraya;5;la Saidia;Particular;9;NO;NO;0;NO;NA;No aplicable;2023-04-27;NA
4379;7;5441;Aumento de basureros, y policia de barrio;10;Quatre Carreres;Particular;11;NO;NO;0;NO;NA;No aplicable;2023-04-27;NA
4490;7;5552;Poner arboles del 1 al 39 en Justo y Pastor;13;Algiros;Particular;5;NO;NO;0;NO;NA;No aplicable;2023-04-27;NA
4553;7;5615;Arreglar solar Plaza Obispo Laguarda;15;Rascanya;Particular;15;NO;NO;0;NO;NA;No aplicable;2023-04-27;NA
4590;7;5652;Pavimentado paseo central antiguo cauce del Turia, desde Puente  Glorias e;5;la Saidia;Particular;12;NO;NO;0;NO;NA;No aplicable;2023-04-27;NA
4610;7;5672;MERCADO CABANYAL;11;Poblats Maritims;Particular;5;NO;NO;0;NO;NA;No aplicable;2023-04-27;NA
4616;7;5678;Quiosco-bar en la Avenida Tres Cruces;8;Patraix;Particular;5;NO;NO;0;NO;NA;No aplicable;2023-04-27;NA
4622;7;5684;PARQUE CENTRAL: MANTENIMIENTO, COLUMPIOS Y SEGURIDAD;2;l'Eixample;Particular;34;SI;NO;0;NO;NA;No aplicable;2023-04-27;NA
4653;7;5715;ELIMINACIoN DEL CARRIL BICI CONDE ALTEA Y CAMBIO A CICLOCALLE;2;l'Eixample;Particular;13;NO;NO;0;NO;NA;No aplicable;2023-04-27;NA
4702;7;5764;MONTEOLIVETE Traslado del Mercado Ambulante de C/Finestrat a la C/Pepita Samper;10;Quatre Carreres;Particular;37;SI;NO;0;NO;NA;No aplicable;2023-04-27;NA
4738;7;5800;Linea 9 EMT de Patraix  a campus Universitarios.;8;Patraix;Particular;28;NO;NO;0;NO;NA;No aplicable;2023-04-27;NA
4758;7;5820;Iluminacion vial;19;4;Particular;14;NO;NO;0;NO;NA;No aplicable;2023-04-27;NA
4762;7;5824;Ampliacion aceras calle San Vicente de Plaza de España a San Agustin;3;Extramurs;Particular;30;SI;NO;0;NO;NA;No aplicable;2023-04-27;NA
4774;7;5836;Adecentar el aula que utiliza la Penya Valencianista;19;5;Particular;0;NO;NO;0;NO;NA;No aplicable;2023-04-27;NA
4798;7;5860;Reparacion de los carriles bici.;13;Algiros;Particular;17;NO;NO;0;NO;NA;No aplicable;2023-04-27;NA
4799;7;5861;Jardin con paso peatonal entre la calle la Safor y calle Pare Barranco;4;Campanar;Particular;40;SI;NO;0;NO;425000;No aplicable;2023-04-27;NA
4868;7;5930;Poda anual de Jacarandas Pza Safor o sustitucion por especies de hoja caduca;8;Patraix;Particular;0;NO;NO;0;NO;NA;No aplicable;2023-04-27;NA
4882;7;5944;Pista de baloncesto en Av. Primero de Mayo (esquina con calle Costa de Marfil);9;Jesus;Particular;16;NO;NO;0;NO;NA;No aplicable;2023-04-27;NA
4913;7;5975;Zona para perros;5;la Saidia;Particular;8;NO;NO;0;NO;NA;No aplicable;2023-04-27;NA
4916;7;5978;Traslado ubicacion Mercadillo de los Sabados a solar c/ Franco Tormo.;8;Patraix;Particular;62;SI;NO;0;NO;NA;No aplicable;2023-04-27;NA
4928;7;5990;PISCINA Y COMPLEJO DEPORTIVO EN DESCAMPADO AVDA. MAESTRO RODRIGO- MESTRE BAGANT;4;Campanar;Particular;106;SI;NO;0;NO;NA;No aplicable;2023-04-27;NA
4982;7;6044;CREACIoN DE UNA PARADA DE TRANViA Y/O METRO EN NOU BENICALAP;16;Benicalap;Particular;83;SI;NO;0;NO;NA;No aplicable;2023-04-27;NA
5035;7;6097;Instalacion de palomares para control de aves;4;Campanar;Particular;5;NO;NO;0;NO;NA;No aplicable;2023-04-27;NA
5119;7;6181;Carril Bici desde AVE Joaquin Sorolla hasta Estacion del Norte por Calle Bailen;3;Extramurs;Particular;15;NO;NO;0;NO;NA;No aplicable;2023-04-27;NA
5132;7;6194;Eliminar carril bici de Regne de Valencia y subirlo a la medianera;2;l'Eixample;Particular;32;SI;NO;0;NO;NA;No aplicable;2023-04-27;NA
5135;7;6197;ACERA SEMAFORO PINTOR VILAR 14 ESQUINA CALLE ALBORAYA 32;5;la Saidia;Particular;31;SI;SI;470;SI;18000;Con etiqueta;2023-04-27;NA
5141;7;6203;Respetar y conservar  las naves industriales de la isla urbana de la C/Guala;5;la Saidia;Particular;146;SI;NO;0;NO;NA;No aplicable;2023-04-27;NA
5144;7;6206;Plaza pintor llanos Asfaltado y mejoras de urbanismo;16;Benicalap;Particular;31;SI;NO;0;NO;NA;No aplicable;2023-04-27;NA
5149;7;6211;Soterrar contenedores basura proximos a monumentos;1;Ciutat Vella;Particular;30;SI;NO;0;NO;NA;No aplicable;2023-04-27;NA
5220;7;6282;Parque en el solar de la calle Siete Aguas;12;Camins al Grau;Particular;22;NO;NO;0;NO;NA;No aplicable;2023-04-27;NA
5231;7;6293;Propuesta de Acondicionamiento Plaza Raquel Paya Pedagoga;10;Quatre Carreres;Representante GT;0;SI;SI;130;NO;1034000;Sin etiqueta;2023-04-27;NA
5239;7;6301;Instalacion en condiciones, renovacion cesped Campo Futbol 8;16;Benicalap;Representante GT;0;SI;SI;276;SI;50000;Con etiqueta;2023-04-27;NA
5271;7;6333;Reorganizacion del acceso desde la C/ Albacete a la Plaza de España y  mas;3;Extramurs;Particular;6;NO;NO;0;NO;NA;No aplicable;2023-04-27;NA
5276;7;6338;CAMBIAR ACERA PERIMETRAL PARQUE DE LA RAMBLETA;9;Jesus;Particular;51;SI;SI;355;SI;370664;Con etiqueta;2023-04-27;NA
5289;7;6351;ENLLUMENAT BARRI SOTERNES;7;l'Olivereta;Representante GT;0;SI;SI;121;NO;70000;Sin etiqueta;2023-04-27;NA
5298;7;6360;Carril bici;4;Campanar;Particular;2;NO;NO;0;NO;NA;No aplicable;2023-04-27;NA
5339;7;6401;Peatonalizacion de la C/ Isla Cabrera de Malilla;10;Quatre Carreres;Particular;13;NO;NO;0;NO;NA;No aplicable;2023-04-27;NA
5353;7;6415;Punt de Compostatge Comunitari en Abastos;3;Extramurs;Particular;39;SI;NO;0;NO;NA;No aplicable;2023-04-27;NA
5362;7;6424;PeRGOLAS PARA LA MuSICA EN EL BARRIO DE BENICALAP;16;Benicalap;Representante GT;0;SI;NO;0;NO;NA;No aplicable;2023-04-27;NA
5398;7;6460;SUPERMANZANA MARQUeS DE ZENETE - SALAS QUIROGA;3;Extramurs;Particular;37;SI;SI;162;NO;137000;Sin etiqueta;2023-04-27;NA
5507;7;6569;ANALISIS ADN EXCREMENTOS CANINOS;8;Patraix;Particular;16;NO;NO;0;NO;NA;No aplicable;2023-04-27;NA
5514;7;6576;CANCHA DE BALONCESTO-FUTBITO-FRONTON  CON PAVIMENTO ENERGeTICO C/Campos Crespo;8;Patraix;Representante GT;0;SI;NO;0;NO;NA;No aplicable;2023-04-27;NA
5609;7;6671;Cancha baloncesto o futbol en el descampado de Calle Manuel Estelles;11;Poblats Maritims;Particular;3;NO;NO;0;NO;NA;No aplicable;2023-04-27;NA
5618;7;6680;Reforma / acondicionamiento baños Pabellon Fte San Luis;10;Quatre Carreres;Particular;14;NO;NO;0;NO;NA;No aplicable;2023-04-27;NA
5661;7;6723;Ampliacion Acera Casal Faller;19;4;Particular;17;SI;SI;15;NO;89110;Sin etiqueta;2023-04-27;NA
5680;7;6742;ADECUACION SOLAR PARA PISTAS DEPORTIVAS VALLE DE LA BALLESTERA Y APARCAMIENTO;4;Campanar;Particular;48;SI;NO;0;NO;NA;No aplicable;2023-04-27;NA
5732;7;6794;Acera y carril bici rectos en C/Beato Nicolas Factor;8;Patraix;Particular;31;SI;SI;323;SI;150000;Con etiqueta;2023-04-27;NA
5759;7;6821;Ordenacion del entorno del Mercado de Abastos;3;Extramurs;Particular;21;NO;NO;0;NO;NA;No aplicable;2023-04-27;NA
4;1;2015-00005;NA;17;Pobles del Nord;Persona Fisica;0;No aplicable;SI;42;NO;NA;No aplicable;2023-04-27;NA
22;1;2015-00025;NA;12;Camins al Grau;Persona Fisica;0;No aplicable;NO;0;NO;NA;No aplicable;2023-04-27;NA
50;1;2015-00060;NA;7;l'Olivereta;Persona Fisica;0;No aplicable;NO;0;NO;NA;No aplicable;2023-04-27;NA
60;1;2015-00075;Construccion del parque canino;8;Patraix;Persona Fisica;0;No aplicable;SI;61;SI;80000;No aplicable;2023-04-27;NA
72;1;2015-00095;Mejora de infraestructuras de señalizacion;8;Patraix;Persona Fisica;0;No aplicable;SI;75;SI;35300;No aplicable;2023-04-27;NA
97;1;2015-00125;NA;10;Quatre Carreres;Persona Fisica;0;No aplicable;NO;0;NO;NA;No aplicable;2023-04-27;NA
143;1;2015-00180;NA;19;Pobles del Sud;Persona Juridica;0;No aplicable;NO;0;NO;NA;No aplicable;2023-04-27;NA
162;1;2015-00201;NA;3;Extramurs;Persona Fisica;0;No aplicable;NO;0;NO;NA;No aplicable;2023-04-27;NA
163;1;2015-00202;NA;10;Quatre Carreres;Persona Juridica;0;No aplicable;NO;0;NO;NA;No aplicable;2023-04-27;NA
170;1;2015-00212;Carril bici doctor manuel candela;12;Camins al Grau;Persona Fisica;0;No aplicable;SI;198;SI;250000;No aplicable;2023-04-27;NA
198;1;2015-00242;NA;15;Rascanya;Persona Fisica;0;No aplicable;NO;0;NO;NA;No aplicable;2023-04-27;NA
228;1;2015-00274;NA;11;Poblats Maritims;Persona Juridica;0;No aplicable;NO;0;NO;NA;No aplicable;2023-04-27;NA
284;1;2015-00340;NA;14;Benimaclet;Persona Fisica;0;No aplicable;NO;0;NO;NA;No aplicable;2023-04-27;NA
292;1;2015-00349;Repavimentar y mejorar la accesibilidad massarrojos;17;Pobles del Nord;Persona Juridica;0;No aplicable;SI;59;SI;31878;No aplicable;2023-04-27;NA
320;1;2015-00381;NA;15;Rascanya;Persona Fisica;0;No aplicable;NO;0;NO;NA;No aplicable;2023-04-27;NA
341;1;2015-00402;NA;2;l'Eixample;Persona Juridica;0;No aplicable;NO;0;NO;NA;No aplicable;2023-04-27;NA
349;1;2015-00411;NA;5;la Saidia;Persona Fisica;0;No aplicable;NO;0;NO;NA;No aplicable;2023-04-27;NA
368;1;2015-00431;Repavimentacion de acera;5;la Saidia;Persona Fisica;0;No aplicable;SI;11;SI;5000;No aplicable;2023-04-27;NA
390;1;2015-00455;NA;8;Patraix;Persona Juridica;0;No aplicable;NO;0;NO;NA;No aplicable;2023-04-27;NA
392;1;2015-00457;NA;1;Ciutat Vella;Persona Fisica;0;No aplicable;NO;0;NO;NA;No aplicable;2023-04-27;NA
415;1;2015-00485;NA;11;Poblats Maritims;Persona Juridica;0;No aplicable;NO;0;NO;NA;No aplicable;2023-04-27;NA
440;1;2015-00524;NA;4;Campanar;Persona Juridica;0;No aplicable;NO;0;NO;NA;No aplicable;2023-04-27;NA
457;1;2015-00547;NA;16;Benicalap;Persona Juridica;0;No aplicable;SI;47;NO;NA;No aplicable;2023-04-27;NA
490;1;2015-00586;NA;19;Pobles del Sud;Persona Fisica;0;No aplicable;NO;0;NO;NA;No aplicable;2023-04-27;NA
506;1;2015-00605;NA;18;Pobles de l'Oest;Persona Fisica;0;No aplicable;NO;0;NO;NA;No aplicable;2023-04-27;NA
563;1;2016-00058;NA;18;Pobles de l'Oest;Persona Juridica;0;No aplicable;SI;3;NO;NA;No aplicable;2023-04-27;NA
567;1;2016-00062;NA;18;Pobles de l'Oest;Persona Juridica;0;No aplicable;SI;2;NO;NA;No aplicable;2023-04-27;NA
582;1;2016-00077;NA;2;l'Eixample;Persona Juridica;0;No aplicable;SI;10;NO;NA;No aplicable;2023-04-27;NA
607;1;2016-00103;Propuesta ayuntamiento. Implemento seguridad pasos peatones y personas con movilidad reducida;15;Rascanya;Persona Juridica;0;No aplicable;SI;14;SI;10000;No aplicable;2023-04-27;NA
612;1;2016-00108;NA;13;Algiros;Persona Juridica;0;No aplicable;SI;7;NO;NA;No aplicable;2023-04-27;NA
635;2;16;Zona deportiva al aire libre en Safranar;8;Patraix;Particular;86;SI;NO;0;NO;NA;No aplicable;2023-04-27;NA
644;2;25;JARDiN-PARQUE EN ANTIGUO PARQUE DE ARTILLERiA SAN VICENTE/MOSeN FEBRER/CARTEROS;9;Jesus;Particular;107;SI;NO;0;NO;NA;No aplicable;2023-04-27;NA
665;2;46;REORDENACIoN BASURAS;1;Ciutat Vella;Particular;51;SI;SI;163;NO;142178;No aplicable;2023-04-27;NA
674;2;55;Canviar el tipus d'aparcament al carrer Sant Vicent de Paül 24 - 32;15;Rascanya;Particular;2;NO;NO;0;NO;NA;No aplicable;2023-04-27;NA
710;2;91;Convertir solar entre Pintor Maella-Pere II  en zona deportiva y para perros;13;Algiros;Particular;9;NO;NO;0;NO;NA;No aplicable;2023-04-27;NA
719;2;100;Adecuacion y ampliacion de la zona deportiva de Bernat Descoll;10;Quatre Carreres;Particular;17;NO;NO;0;NO;NA;No aplicable;2023-04-27;NA
732;2;113;Canvi d'arbres a Pare Ferris (des de l'11 fins al 19) i canvi de vorera.;4;Campanar;Particular;1;NO;NO;0;NO;NA;No aplicable;2023-04-27;NA
742;2;123;Modificacion de carril bus en Blasco Ibañez entre Av. Cataluña y Almela i Vives;6;el Pla del Real;Particular;2;NO;NO;0;NO;NA;No aplicable;2023-04-27;NA
749;2;130;Ampliacion acera Calle Malaga N. 11 al N.1. esta no cumple con normativa.;5;la Saidia;Particular;4;NO;NO;0;NO;NA;No aplicable;2023-04-27;NA
780;2;161;Unir el carril bici de Jeronimo de Monsoriu con el de Plaza Organista Cabo;12;Camins al Grau;Particular;16;NO;NO;0;NO;NA;No aplicable;2023-04-27;NA
806;2;187;Papeleras para excrementos de perros;15;Rascanya;Particular;7;NO;NO;0;NO;NA;No aplicable;2023-04-27;NA
814;2;195;Peatonalizar Plaza del Ayuntamiento;1;Ciutat Vella;Particular;54;SI;NO;0;NO;NA;No aplicable;2023-04-27;NA
856;2;237;Fomentar la recogida de excrementos de perros y el uso de correa en Sociopolis;19;Pobles del Sud;Particular;5;NO;NO;0;NO;NA;No aplicable;2023-04-27;NA
904;2;285;Instalacion de equipamientos gimnsticos;11;Poblats Maritims;Particular;3;NO;NO;0;NO;NA;No aplicable;2023-04-27;NA
956;2;337;URBANITZACIo ACCESSOS CEIP BENIMaMET;18;Pobles de l'Oest;Representante GT;75;SI;SI;247;SI;6000;No aplicable;2023-04-27;NA
972;2;353;La llar dels bebes - Espai de criança a Benimaclet;14;Benimaclet;Particular;50;SI;NO;0;NO;NA;No aplicable;2023-04-27;NA
1031;2;412;Instalacion de paneles informativos para la libre expresion del asociacionismo;11;Poblats Maritims;Representante GT;10;SI;SI;175;SI;2420;No aplicable;2023-04-27;NA
1040;2;421;Peatonalizacion Carretera Principal Massarrojos;17;Pobles del Nord;Particular;5;NO;NO;0;NO;NA;No aplicable;2023-04-27;NA
1044;2;425;Ampliacion de la calle Ingeniero La Cierva;5;la Saidia;Representante GT;5;SI;NO;0;NO;NA;No aplicable;2023-04-27;NA
1045;2;426;Construccion del Jardin de la c/ Hermanos Rivas (Primero las personas, luego....;7;l'Olivereta;Particular;3;NO;NO;0;NO;NA;No aplicable;2023-04-27;NA
1058;2;439;Mejora de las aceras en la carrera de la Font d'en Corts;10;Quatre Carreres;Particular;2;NO;NO;0;NO;NA;No aplicable;2023-04-27;NA
1065;2;446;Ficar un sostre al camp d'hoquei de la IDE de Carpesa en carrer Sivert;17;Pobles del Nord;Particular;42;SI;SI;424;NO;250000;No aplicable;2023-04-27;NA
1098;2;479;instalacion de verjas;8;Patraix;Particular;0;NO;NO;0;NO;NA;No aplicable;2023-04-27;NA
1101;2;482;Iluminar/señalizar paso de cebra en calle Visitacion;5;la Saidia;Particular;26;NO;NO;0;NO;NA;No aplicable;2023-04-27;NA
1149;2;530;Parque de niños con tierra y arboles;13;Algiros;Particular;4;NO;NO;0;NO;NA;No aplicable;2023-04-27;NA
1152;2;533;Eliminacion del futbol 8 y sustitucion por jardin.;16;Benicalap;Particular;1;NO;NO;0;NO;NA;No aplicable;2023-04-27;NA
1211;3;1001;MILLORA DE L’EFICIeNCIA ENERGeTICA DE LA INSTALACIo D’ENLLUMENAT;Toda la ciudad;Toda la ciudad;Ayuntamiento;822;SI;SI;2282;SI;1276676;No aplicable;2023-04-27;NA
1231;3;1021;CREACION DE MEDIANA CARRERA MALILLA Y CARDENAL BENLLOC;Toda la ciudad;Toda la ciudad;Particular;13;NO;NO;0;NO;NA;No aplicable;2023-04-27;NA
1270;3;1063;PEATONALIZACIoN EFECTIVA DEL BARRIO DEL CARMEN;Toda la ciudad;Toda la ciudad;Particular;17;NO;NO;0;NO;NA;No aplicable;2023-04-27;NA
1294;3;1087;MEJORA Y DESARROLLO DE LA ACERA EN CARRER DE SANT PIUS V ALTURA JARDIN VIVEROS;Toda la ciudad;Toda la ciudad;Particular;2;NO;NO;0;NO;NA;No aplicable;2023-04-27;NA
1298;3;1091;ASFALTADO DE RAMON LLULL MANUEL CANDELA Y PADRE TOMaS DE MONTAÑANA;Toda la ciudad;Toda la ciudad;Particular;3;NO;NO;0;NO;NA;No aplicable;2023-04-27;NA
1311;3;1104;BASKET AL CARRER;Toda la ciudad;Toda la ciudad;Particular;26;NO;NO;0;NO;NA;No aplicable;2023-04-27;NA
1323;3;1116;ZONES ESPARCIMENT GOSSOS A ORRIOLS/SAN LLORENÇ;Toda la ciudad;Toda la ciudad;Particular;10;NO;NO;0;NO;NA;No aplicable;2023-04-27;NA
1340;3;1133;"CREAR UNA ""RUTA DEL COLESTEROL"" ENTRE BENIMaMET Y CAMPANAR PARQUE DE CABECERA";Toda la ciudad;Toda la ciudad;Particular;390;SI;NO;0;NO;NA;No aplicable;2023-04-27;NA
1458;3;1251;BIBLIOTECA MUNICIPAL EN EL BARRIO DE CAMINS AL GRAU;Toda la ciudad;Toda la ciudad;Particular;8;NO;NO;0;NO;NA;No aplicable;2023-04-27;NA
1500;3;1293;CAMBIO CONTENEDORES DE BASURA DEL BARRIO DE LA FONT DE SANT LLUIS.;Toda la ciudad;Toda la ciudad;Particular;7;NO;NO;0;NO;NA;No aplicable;2023-04-27;NA
1561;3;1355;RECONVERSIoN EN ZONA VERDE DEL SOLAR ENTRE LAS CALLES ALFONSO PEÑA, CAMINO DE MO;Toda la ciudad;Toda la ciudad;Particular;229;SI;NO;0;NO;NA;No aplicable;2023-04-27;NA
1574;3;1370;AJEDREZ GIGANTE EN LA PLAZA DEL AYUNTAMIENTO;Toda la ciudad;Toda la ciudad;Particular;1;NO;NO;0;NO;NA;No aplicable;2023-04-27;NA
1597;3;1393;PERROS: HORARIOS EN EL CAUCE DEL TURIA PARA LLEVARLOS SUELTOS;Toda la ciudad;Toda la ciudad;Particular;29;NO;NO;0;NO;NA;No aplicable;2023-04-27;NA
1606;3;1402;CARRIL BICI VALENCIA - MONCADA;Toda la ciudad;Toda la ciudad;Particular;5;NO;NO;0;NO;NA;No aplicable;2023-04-27;NA
1649;3;1445;AJARDINAMIENTO DE ROTONDA ENTRADA A BENIMaMET (CV-30-MOLINO BONANY);Toda la ciudad;Toda la ciudad;Particular;3;NO;NO;0;NO;NA;No aplicable;2023-04-27;NA
1739;3;1535;INCREMENTAR PLAZAS DE CONSERVATORIO ELEMENTAL;Toda la ciudad;Toda la ciudad;Particular;1;NO;NO;0;NO;NA;No aplicable;2023-04-27;NA
1777;4;2006;MEJORAS DE APARCAMIENTO EN BENIMACLET;14;Benimaclet;Particular;157;SI;NO;0;NO;NA;No aplicable;2023-04-27;NA
1818;4;2047;REHABILITACIoN DEL ENTORNO DEL MERCADO MUNICIPAL SAN PEDRO NOLASCO EN ZAIDiA;5;la Saidia;Particular;148;SI;SI;497;SI;411285;No aplicable;2023-04-27;NA
1960;4;2189;ACONDICIONAMIENTO DE LA MANZANA PERDIDA PARA EL DISFRUTE DE LA CIUDADANiA;2;l'Eixample;Particular;80;SI;NO;0;NO;NA;No aplicable;2023-04-27;NA
1968;4;2197;HUERTO URBANO EN EL BARRIO DE BENICALAP;16;Benicalap;Particular;43;SI;NO;0;NO;NA;No aplicable;2023-04-27;NA
2034;4;2263;"RECUPERACIoN, REHABILITACIoN Y uSO PuBLICO DE LA ""ANTIGUA IMPRENTA VILA""";3;Extramurs;Particular;34;SI;NO;0;NO;NA;No aplicable;2023-04-27;NA
2050;4;2279;CREACIo DE MERCAT MUNICIPAL DE PRODUCTES DE PROXIMITAT I ECOLoGICS A BENIMACLET;14;Benimaclet;Particular;104;SI;NO;0;NO;NA;No aplicable;2023-04-27;NA
2094;4;2323;PINTAR “CEDAS EL PASO O STOP” EN TODOS LOS CRUCES SIN SEÑALIZAR DE BENIMAMET;18;1;Particular;15;SI;NO;0;NO;NA;No aplicable;2023-04-27;NA
2099;4;2328;SEÑALIZACIoN EN PASOS CEBRA SIMBOLOS WHATS FACULTADES BLASCO IBAÑEZ;6;el Pla del Real;Representante GT;0;SI;NO;0;NO;NA;No aplicable;2023-04-27;NA
2130;4;2359;PROJECTE D´URBANITZACIo JARDi C/ GERMANS RIVAS;7;l'Olivereta;Representante GT;0;SI;NO;0;NO;NA;No aplicable;2023-04-27;NA
2166;4;2395;CAMBIO DE FAROLAS DE CARRETERA EN EL BARRIO DE PATRAIX;8;Patraix;Representante GT;0;SI;SI;403;SI;188689;No aplicable;2023-04-27;NA
2181;4;2410;NO MaS RUNNING SOBRE ASFALTO;15;Rascanya;Particular;33;SI;NO;0;NO;NA;No aplicable;2023-04-27;NA
2234;4;2463;AMPLIACIoN Y MEJORA DE ACCESIBILIDAD PEATONAL EN C/ aLVAREZ DE SOTOMAYOR (LA TOR;19;7;Representante GT;0;SI;SI;155;SI;17000;No aplicable;2023-04-27;NA
2278;4;2507;REMODELACIoN Y SANEAMIENTO DE LA PLAZA FALLERO JESuS MAROTO;1;Ciutat Vella;Representante GT;0;SI;NO;0;NO;NA;No aplicable;2023-04-27;NA
2293;4;2522;INSTALACIoN DE ASIENTOS EN CALLE PEDRO DE VALENCIA;13;Algiros;Representante GT;0;SI;SI;293;SI;18000;No aplicable;2023-04-27;NA
2301;4;2530;INSTALAR URINARIOS EN DIFERENTES PUNTOS DE CIUTAT VELLA;1;Ciutat Vella;Particular;63;SI;NO;0;NO;NA;No aplicable;2023-04-27;NA
2325;5;3013;REURBANITZACIo DEL CARRER ISABEL LA CAToLICA;Toda la ciudad;Toda la ciudad;Ayuntamiento;70;NO;NO;0;NO;NA;No aplicable;2023-04-27;NA
2405;5;3093;PISCINA ABIERTA EN EL BARRIO MALILLA;Toda la ciudad;Toda la ciudad;Particular;281;SI;NO;0;NO;NA;No aplicable;2023-04-27;NA
2542;5;3230;Reforma Zona Infantil y Jardin Pza Horticultor Corset;Toda la ciudad;Toda la ciudad;Particular;8;NO;NO;0;NO;NA;No aplicable;2023-04-27;NA
2573;5;3261;ZONA DE SOCIALIZACIoN PARA PERROS EN BENICALAP;Toda la ciudad;Toda la ciudad;Particular;37;NO;NO;0;NO;NA;No aplicable;2023-04-27;NA
2641;5;3329;Contenedores de reciclaje de aceites usados;Toda la ciudad;Toda la ciudad;Particular;109;SI;SI;4545;SI;300000;No aplicable;2023-04-27;NA
2786;5;3474;ARREGLAR ACERA Y ELIMINACIoN DE CONTENEDORES MERCADO DE COLoN;Toda la ciudad;Toda la ciudad;Particular;1;NO;NO;0;NO;NA;No aplicable;2023-04-27;NA
2899;5;3588;CENTRO DE MAYORES CAMINS AL GRAU;Toda la ciudad;Toda la ciudad;Particular;20;NO;NO;0;NO;NA;No aplicable;2023-04-27;NA
2933;5;3622;Peatonalizacion en L' hort de Senabre.;Toda la ciudad;Toda la ciudad;Particular;3;NO;NO;0;NO;NA;No aplicable;2023-04-27;NA
2953;6;4009;Eliminar aparcamiento central Av Aragon y reforma carriles bici problematicos;6;el Pla del Real;Particular;45;SI;NO;0;NO;NA;No aplicable;2023-04-27;NA
2996;6;4052;Pistas de padel para fomentar deporte;18;1;Particular;25;SI;SI;123;NO;100000;No aplicable;2023-04-27;NA
3027;6;4083;Aceras;3;Extramurs;Particular;32;SI;NO;0;NO;NA;No aplicable;2023-04-27;NA
3029;6;4085;CREACIoN PUNTO DE CARGA RaPIDA PARA COCHES ELeCTRICOS;12;Camins al Grau;Particular;32;SI;NO;0;NO;NA;No aplicable;2023-04-27;NA
3055;6;4111;Cno de Moncada:  Ajardinamiento parque y traslado del futbol a Jardin Turia.;16;Benicalap;Particular;83;SI;NO;0;NO;NA;No aplicable;2023-04-27;NA
3098;6;4154;PLAZA PARA LOS VECINOS: aNGEL GUIMERa-ERUDITO ORELLANA-JOAN LLORENS;3;Extramurs;Particular;137;SI;SI;173;NO;230000;No aplicable;2023-04-27;NA
3195;6;4251;Zona ORA para residentes;6;el Pla del Real;Particular;34;SI;NO;0;NO;NA;No aplicable;2023-04-27;NA
3317;6;4373;Contenedores subtorraneos y mejora del barrio san luis/sollana;10;Quatre Carreres;Particular;8;NO;NO;0;NO;NA;No aplicable;2023-04-27;NA
3528;6;4585;Remodelacion parque de La Estacioneta y en especial la fuente;9;Jesus;Particular;31;SI;SI;219;NO;300000;No aplicable;2023-04-27;NA
3559;6;4616;Mantenimiento aceras;2;l'Eixample;Particular;12;NO;NO;0;NO;NA;No aplicable;2023-04-27;NA
3593;6;4650;Panell informatiu per als veins de Pinedo;19;3;Particular;22;SI;SI;21;NO;3600;No aplicable;2023-04-27;NA
3621;6;4678;Prolongar rotondas desde Albalat dels Sorells hasta ronda Norte/Alboraia;17;4;Particular;3;NO;NO;0;NO;NA;No aplicable;2023-04-27;NA
3643;6;4701;Adquisicio de llibres per a la biblioteca del barri de Sant Marcel·li;9;Jesus;Particular;50;SI;SI;456;SI;22000;No aplicable;2023-04-27;NA
3741;6;4801;Concurso internacional de fuegos artificiales en el cauce del rio Turia;6;el Pla del Real;Particular;2;NO;NO;0;NO;NA;No aplicable;2023-04-27;NA
3966;6;5028;DESCAMPADO MERCADO DE CASTILLA-BOLERA;8;Patraix;Particular;19;NO;NO;0;NO;NA;No aplicable;2023-04-27;NA
4009;6;5071;ACONDICIONAMENT SOLAR CARRER TOMASOS, JUNT AL MERCAT DE RUSSAFA;2;l'Eixample;Particular;27;NO;NO;0;NO;NA;No aplicable;2023-04-27;NA
4099;6;5161;Cerrar pasaje a la altura de Ministro Luis Mayans.21;5;la Saidia;Particular;1;NO;NO;0;NO;NA;No aplicable;2023-04-27;NA
4250;7;5312;Adquisicion - Equipo digitalizacion - Biblioteca Serrano Morales;1;Ciutat Vella;Particular;39;SI;SI;256;SI;15000;Sin etiqueta;2023-04-27;NA
4282;7;5344;Mari Blas de Lezo - pavimento.;11;Poblats Maritims;Particular;4;NO;NO;0;NO;NA;No aplicable;2023-04-27;NA
4341;7;5403;IDE (Instalacion Deportiva Elemental) y parque infantil;15;Rascanya;Particular;16;NO;NO;0;NO;NA;No aplicable;2023-04-27;NA
4344;7;5406;Peatonalizacion Gran Manzana Calle Julio Antonio con Calle La Estrella;3;Extramurs;Particular;15;NO;NO;0;NO;NA;No aplicable;2023-04-27;NA
4398;7;5460;Casa de cultura en el Solar de Pio Baroja;4;Campanar;Particular;21;NO;NO;0;NO;NA;No aplicable;2023-04-27;NA
4414;7;5476;CREACIoN DE UNA MEDIANA VERDE Y PACIFICACIoN DEL TRaFICO EN LA C/ NOU D'OCTUBRE;7;l'Olivereta;Particular;39;SI;SI;243;SI;126000;Con etiqueta;2023-04-27;NA
4611;7;5673;REDUCIR LA VELOCIDAD DEL TRaFICO Y REMODELACIoN DE CARDENAL BENLLOCH;13;Algiros;Particular;18;NO;NO;0;NO;NA;No aplicable;2023-04-27;NA
4641;7;5703;Parque infantil o jardin en solar Av. Hermanos Machado/Conde Lumiares;15;Rascanya;Particular;29;NO;NO;0;NO;NA;No aplicable;2023-04-27;NA
4642;7;5704;Nuevo Magisterio + Peatonalizacion Pere aleixandre;10;Quatre Carreres;Particular;30;SI;NO;0;NO;NA;No aplicable;2023-04-27;NA
4656;7;5718;Señalizar carril bici;4;Campanar;Particular;0;NO;NO;0;NO;NA;No aplicable;2023-04-27;NA
4670;7;5732;Arbolado calle Diego Sevilla;17;6;Particular;9;NO;NO;0;NO;NA;No aplicable;2023-04-27;NA
4699;7;5761;Nuevo parque infantil Rio Tramo IX Puente de las flores /Exposicion;6;el Pla del Real;Particular;33;SI;NO;0;NO;NA;No aplicable;2023-04-27;NA
4716;7;5778;Colocar estaciones de valenbisi en el cauce del rio;5;la Saidia;Particular;4;NO;NO;0;NO;NA;No aplicable;2023-04-27;NA
4742;7;5804;Cambio sentido circulacion calle de riola;4;Campanar;Particular;4;NO;NO;0;NO;NA;No aplicable;2023-04-27;NA
4749;7;5811;Espacio de paseo para perros;1;Ciutat Vella;Particular;6;NO;NO;0;NO;NA;No aplicable;2023-04-27;NA
4785;7;5847;Alumbrado peatonal Avda. Maestro Rodrigo;4;Campanar;Particular;9;NO;NO;0;NO;NA;No aplicable;2023-04-27;NA
4828;7;5890;Carril Bici en Cardenal Benlloch/Eduard Bosca;6;el Pla del Real;Particular;31;SI;NO;0;NO;NA;No aplicable;2023-04-27;NA
4839;7;5901;Reposicion arbolado calles Josep Bea i Izquierdo y Amics del Corpus;16;Benicalap;Particular;10;NO;NO;0;NO;NA;No aplicable;2023-04-27;NA
4863;7;5925;APERTURA PISCINA MUNICIPAL AYORA;12;Camins al Grau;Particular;97;SI;NO;0;NO;NA;No aplicable;2023-04-27;NA
4866;7;5928;Adecentamiento Abastos;3;Extramurs;Particular;50;SI;SI;585;SI;411993;Con etiqueta;2023-04-27;NA
4890;7;5952;PIPI CAN GRAN ViA MARQUeS DEL TURIA;2;l'Eixample;Particular;0;NO;NO;0;NO;NA;No aplicable;2023-04-27;NA
4911;7;5973;Carril Bici en Avda. Manuel de Falla;4;Campanar;Particular;2;NO;NO;0;NO;NA;No aplicable;2023-04-27;NA
4917;7;5979;SOLAR MACOSA;9;Jesus;Particular;39;SI;NO;0;NO;NA;No aplicable;2023-04-27;NA
4924;7;5986;CARRIL BICI MALVARROSA;11;Poblats Maritims;Particular;29;NO;NO;0;NO;NA;No aplicable;2023-04-27;NA
4951;7;6013;ADECENTAR SOLAR ARCHENA ESQUINA ARQUITECTO RIBES;7;l'Olivereta;Particular;49;SI;SI;280;SI;165000;Sin etiqueta;2023-04-27;NA
4958;7;6020;Agility para perros;16;Benicalap;Particular;5;NO;NO;0;NO;NA;No aplicable;2023-04-27;NA
4966;7;6028;Mejora parque Pza Escultor Frechina/C/Carteros;9;Jesus;Particular;11;NO;NO;0;NO;NA;No aplicable;2023-04-27;NA
4990;7;6052;Rehabilitacion del polideportivo municipal de Marxalenes;5;la Saidia;Particular;41;SI;NO;0;NO;NA;No aplicable;2023-04-27;NA
4991;7;6053;INSTALACIoN PAPELERAS CON DISPENSADORES DE BOLSAS PARA EXCREMENTOS DE PERROS;5;la Saidia;Particular;4;NO;NO;0;NO;NA;No aplicable;2023-04-27;NA
5038;7;6100;PROPONGO QUE LOS TRE( PGOU) PUBS Y DISCOTECAS ESTEN ALOJADOS A LAS AFUERAS;8;Patraix;Particular;2;NO;NO;0;NO;NA;No aplicable;2023-04-27;NA
5058;7;6120;Instalacion de mobiliario urbano y arbolado en zona de aparcamiento;14;Benimaclet;Particular;23;NO;NO;0;NO;NA;No aplicable;2023-04-27;NA
5176;7;6238;Becas GVA;1;Ciutat Vella;Particular;2;NO;NO;0;NO;NA;No aplicable;2023-04-27;NA
5197;7;6259;SALVAR LAS NAVES INDUSTRIALES EN CL. GUATLA;5;la Saidia;Particular;4;NO;NO;0;NO;NA;No aplicable;2023-04-27;NA
5229;7;6291;*APLICACIoN DENUNCIAS A LA POLICiA LOCAL*;16;Benicalap;Particular;25;NO;NO;0;NO;NA;No aplicable;2023-04-27;NA
5233;7;6295;ADAPTACION DE INSTALACIONES HIGIENICO SANITARIA EN EL MUNICIPAL DE SAN MARCELINO;9;Jesus;Particular;33;SI;SI;273;NO;120000;Sin etiqueta;2023-04-27;NA
5257;7;6319;Crear una nueva plaza en el descampado de la calle Numancia;1;Ciutat Vella;Particular;60;SI;NO;0;NO;NA;No aplicable;2023-04-27;NA
5275;7;6337;Limpieza, orden y mantenimiento;19;3;Particular;2;NO;NO;0;NO;NA;No aplicable;2023-04-27;NA
5281;7;6343;COLOCACIoN DE LUCES LED EN CAMPO DE FuTBOL MPAL MARCHALENES;5;la Saidia;Particular;3;NO;NO;0;NO;NA;No aplicable;2023-04-27;NA
5291;7;6353;ADECENTADO DEL SOLAR / APARCAMIENTO DE LA CALLE SIETE AGUAS.;12;Camins al Grau;Particular;9;NO;NO;0;NO;NA;No aplicable;2023-04-27;NA
5305;7;6367;Reforma de la Carrera del Riu;19;3;Particular;23;SI;SI;26;NO;109036;Sin etiqueta;2023-04-27;NA
5326;7;6388;CAMBIO DE PAVIMENTO DESLIZANTE Y PASO DE PEATONES EN PEDRO ALEIXANDRE;10;Quatre Carreres;Representante GT;0;SI;SI;413;NO;51000;Sin etiqueta;2023-04-27;NA
5331;7;6393;FUENSANTA: RENOVACION ZONAS DE OCIO INFANTIL Y JUVENIL;7;l'Olivereta;Representante GT;0;SI;SI;35;NO;465000;Sin etiqueta;2023-04-27;NA
5388;7;6450;PROLONGACIoN DE LA ALAMEDA! SOTERRAMIENTO YA!;12;Camins al Grau;Particular;138;SI;NO;0;NO;NA;No aplicable;2023-04-27;NA
5392;7;6454;PLAN DE APARCAMIENTOS PARA BENICALAP;16;Benicalap;Representante GT;0;SI;NO;0;NO;NA;No aplicable;2023-04-27;NA
5408;7;6470;Ampliacion de aceras de acceso al Pasaje Ventura Feliu desde San Vicente;9;Jesus;Particular;26;NO;NO;0;NO;NA;No aplicable;2023-04-27;NA
5424;7;6486;Eliminar el carril bici en Av. Instituto Obrero;10;Quatre Carreres;Particular;9;NO;NO;0;NO;NA;No aplicable;2023-04-27;NA
5453;7;6515;AMPLIACIoN CARRIL BICI C/CUENCA Y TRES FORQUES;8;Patraix;Representante GT;0;SI;NO;0;NO;NA;No aplicable;2023-04-27;NA
5484;7;6546;Rehabilitacio de l'antic Forn de Calç de la Creu Coberta;9;Jesus;Representante GT;0;SI;NO;0;NO;NA;No aplicable;2023-04-27;NA
5519;7;6581;Crear plazas de aparcamiento para los vecinos del barrio;12;Camins al Grau;Particular;21;NO;NO;0;NO;NA;No aplicable;2023-04-27;NA
5550;7;6612;Cambio del tipo de banco en zonas verdes paralelas a la Avenida Levante U.D;16;Benicalap;Particular;5;NO;NO;0;NO;NA;No aplicable;2023-04-27;NA
5552;7;6614;Terminar la peatonalizacion del puente de San Jose;1;Ciutat Vella;Particular;19;NO;NO;0;NO;NA;No aplicable;2023-04-27;NA
5556;7;6618;Instalacion avisadores acusticos en semaforos Barry de Morvedre;5;la Saidia;Particular;40;SI;SI;189;NO;113517;Sin etiqueta;2023-04-27;NA
5567;7;6629;Murales verticales en fachadas del Bariio Patraix Casco historico y ensanche;8;Patraix;Particular;37;SI;NO;0;NO;NA;No aplicable;2023-04-27;NA
5598;7;6660;PASEO DEL SISTEMA SOLAR POR EL JARDIN DEL TURIA;10;Quatre Carreres;Particular;20;NO;NO;0;NO;NA;No aplicable;2023-04-27;NA
5608;7;6670;Nuevo Espacio Cultural CEIP VIVERS;5;la Saidia;Particular;83;SI;NO;0;NO;NA;No aplicable;2023-04-27;NA
5648;7;6710;REMODELACIoN-REFORMA INTEGRAL PISCINA MUNICIPAL TRAFALGAR;12;Camins al Grau;Particular;100;SI;SI;719;SI;150000;Sin etiqueta;2023-04-27;NA
5675;7;6737;PUNTOS DE CARGA DE COCHE ELeCTRICO E HiBRIDO ENCHUFABLE;16;Benicalap;Particular;13;NO;NO;0;NO;NA;No aplicable;2023-04-27;NA
5705;7;6767;Adecuacion de la calzada ignifuga para las fallas;1;Ciutat Vella;Particular;35;SI;SI;94;NO;309143;Sin etiqueta;2023-04-27;NA
5727;7;6789;CALLE SANTA CRUZ DE TENERIFE: Tramo Mediana + Tramo Carril bici;7;l'Olivereta;Particular;37;SI;SI;105;NO;408000;Sin etiqueta;2023-04-27;NA
5746;7;6808;PANTALLAS ACuSTICAS EN AV. MANUEL COLOMER MARCO;8;Patraix;Particular;3;NO;NO;0;NO;NA;No aplicable;2023-04-27;NA
5783;7;6845;Repavimentacion calzada C/ Campana;19;2;Ayuntamiento;0;SI;SI;101;NO;30327;Sin etiqueta;2023-04-27;NA
5792;7;6854;Repavimentacion Centro historico: Calles Hermana Mercedes y Gerardo Cervellon;17;6;Ayuntamiento;0;SI;SI;47;SI;107307;Sin etiqueta;2023-04-27;NA
6;1;2015-00007;Carril bici puente de campanar;7;l'Olivereta;Persona Fisica;NA;No aplicable;SI;26;SI;56608;No aplicable;2023-04-27;NA
41;1;2015-00050;NA;15;Rascanya;Persona Fisica;NA;No aplicable;NO;0;NO;NA;No aplicable;2023-04-27;NA
67;1;2015-00090;NA;14;Benimaclet;Persona Fisica;NA;No aplicable;NO;0;NO;NA;No aplicable;2023-04-27;NA
84;1;2015-00112;NA;7;l'Olivereta;Persona Fisica;NA;No aplicable;NO;0;NO;NA;No aplicable;2023-04-27;NA
110;1;2015-00145;Instalacion de mobiliario de recreo infantil;12;Camins al Grau;Persona Juridica;NA;No aplicable;SI;63;SI;60500;No aplicable;2023-04-27;NA
141;1;2015-00178;NA;19;Pobles del Sud;Persona Juridica;NA;No aplicable;NO;0;NO;NA;No aplicable;2023-04-27;NA
164;1;2015-00203;NA;10;Quatre Carreres;Persona Juridica;NA;No aplicable;NO;0;NO;NA;No aplicable;2023-04-27;NA
209;1;2015-00253;NA;1;Ciutat Vella;Persona Fisica;NA;No aplicable;NO;0;NO;NA;No aplicable;2023-04-27;NA
251;1;2015-00300;NA;16;Benicalap;Persona Fisica;NA;No aplicable;NO;0;NO;NA;No aplicable;2023-04-27;NA
287;1;2015-00343;NA;7;l'Olivereta;Persona Fisica;NA;No aplicable;NO;0;NO;NA;No aplicable;2023-04-27;NA
347;1;2015-00409;NA;19;Pobles del Sud;Persona Fisica;NA;No aplicable;SI;17;NO;NA;No aplicable;2023-04-27;NA
377;1;2015-00441;NA;15;Rascanya;Persona Fisica;NA;No aplicable;NO;0;NO;NA;No aplicable;2023-04-27;NA
468;1;2015-00560;NA;16;Benicalap;Persona Fisica;NA;No aplicable;NO;0;NO;NA;No aplicable;2023-04-27;NA
471;1;2015-00563;NA;11;Poblats Maritims;Persona Fisica;NA;No aplicable;NO;0;NO;NA;No aplicable;2023-04-27;NA
501;1;2015-00600;NA;2;l'Eixample;Persona Juridica;NA;No aplicable;NO;0;NO;NA;No aplicable;2023-04-27;NA
585;1;2016-00080;NA;2;l'Eixample;Persona Juridica;NA;No aplicable;SI;14;NO;NA;No aplicable;2023-04-27;NA
600;1;2016-00096;Propuesta ayuntamiento. Medidas de pacificacion del trafico;18;Pobles de l'Oest;Persona Juridica;NA;No aplicable;SI;15;SI;3000;No aplicable;2023-04-27;NA
639;2;20;Terminacion de la calle Bernat Descoll ( carrera de Malilla y las vias del tren);10;Quatre Carreres;Particular;30;SI;NO;0;NO;NA;No aplicable;2023-04-27;NA
757;2;138;Millora d'il·luminacio de la pista per a canut a Pinedo;19;Pobles del Sud;Particular;13;NO;NO;0;NO;NA;No aplicable;2023-04-27;NA
774;2;155;Zona de Esparcimiento Canina (ZEC) en los jardines de la Antigua Tabacalera;6;el Pla del Real;Particular;1;NO;NO;0;NO;NA;No aplicable;2023-04-27;NA
822;2;203;"Urbanizacion solar"" en Cno. Peñarrocha entre C/ Marti D. Barbera y Rio Escalona""";12;Camins al Grau;Particular;8;NO;NO;0;NO;NA;No aplicable;2023-04-27;NA
823;2;204;Bibliobus a Pedanias del Sur;19;Pobles del Sud;Particular;39;SI;SI;57;NO;250000;No aplicable;2023-04-27;NA
836;2;217;Acceso de la C/alvarez de Sotomayor a la Carretera Real de Madrid por la Calle H;19;Pobles del Sud;Particular;16;NO;NO;0;NO;NA;No aplicable;2023-04-27;NA
864;2;245;Vial de madera peatonal de acceso a la urbanizacion Casbah Saler;19;Pobles del Sud;Particular;40;SI;SI;339;SI;57452;No aplicable;2023-04-27;NA
872;2;253;Instalar radar informativo de velocidad en Avenida Perez Galdos-Giorgeta;2;l'Eixample;Particular;3;NO;NO;0;NO;NA;No aplicable;2023-04-27;NA
891;2;272;Parque para perros Veles e Vents;11;Poblats Maritims;Particular;4;NO;NO;0;NO;NA;No aplicable;2023-04-27;NA
914;2;295;Coberta de la piscina, a Castellar-L’Oliveral.;19;Pobles del Sud;Particular;114;SI;NO;0;NO;NA;No aplicable;2023-04-27;NA
991;2;372;SOLAR MARiA;14;Benimaclet;Representante GT;7;SI;NO;0;NO;NA;No aplicable;2023-04-27;NA
1042;2;423;OLIVERETA SIN EXCLUSIoN , MAS VIVIENDAS SOCIALES;7;l'Olivereta;Particular;20;NO;NO;0;NO;NA;No aplicable;2023-04-27;NA
1057;2;438;Millores en les voreres de La Punta , en avda Jesus Morante y Borras;10;Quatre Carreres;Representante GT;1;SI;NO;0;NO;NA;No aplicable;2023-04-27;NA
1157;2;538;Acondicionamiento del Solar Corona;1;Ciutat Vella;Particular;27;NO;NO;0;NO;NA;No aplicable;2023-04-27;NA
1289;3;1082;CREAR BIBLIOTECA EN LA ANTIGUA ESCUELA SANTiSIMA TRINIDAD DE CARPESA;Toda la ciudad;Toda la ciudad;Particular;4;NO;NO;0;NO;NA;No aplicable;2023-04-27;NA
1451;3;1244;CENTRO DE INTERPRETACIoN DE LOS GATOS DEL CARMEN;Toda la ciudad;Toda la ciudad;Particular;15;NO;NO;0;NO;NA;No aplicable;2023-04-27;NA
1471;3;1264;PUENTE NAZARET CON LA MARINA TURiSTICO;Toda la ciudad;Toda la ciudad;Particular;98;NO;NO;0;NO;NA;No aplicable;2023-04-27;NA
1534;3;1327;AMPLIACIoN AMBULATORIO DE BENIMaMET;Toda la ciudad;Toda la ciudad;Particular;22;NO;NO;0;NO;NA;No aplicable;2023-04-27;NA
1686;3;1482;MINIBuS ELeCTRICO ANGEL GUIMERa – MERCAT CENTRAL.;Toda la ciudad;Toda la ciudad;Particular;86;NO;NO;0;NO;NA;No aplicable;2023-04-27;NA
1717;3;1513;COCHES ELeCTRICOS COMPARTIDOS;Toda la ciudad;Toda la ciudad;Particular;2;NO;NO;0;NO;NA;No aplicable;2023-04-27;NA
1771;3;1567;LUIS PEIXO, REPARACIoN Y PAVIMENTADO FONOABSORBENTE;Toda la ciudad;Toda la ciudad;Particular;2;NO;NO;0;NO;NA;No aplicable;2023-04-27;NA
1783;4;2012;APARCAMIENTOS.;11;Poblats Maritims;Particular;59;SI;NO;0;NO;NA;No aplicable;2023-04-27;NA
1810;4;2039;REHABILITAR ALQUERiA FALCo Y SUS JARDINES.;15;Rascanya;Particular;73;SI;SI;376;SI;160000;No aplicable;2023-04-27;NA
1887;4;2116;PACIFICACIo DEL TRaNSIT A L'ENTORN DEL CARRER BEATA INeS I VENERABLE AGNESIO / P;8;Patraix;Particular;45;SI;NO;0;NO;NA;No aplicable;2023-04-27;NA
1943;4;2172;JARDIN EN CALLE DOCTOR CARLOS CABALLE LANCRY;10;Quatre Carreres;Particular;4;NO;NO;0;NO;NA;No aplicable;2023-04-27;NA
1995;4;2224;MILLORA DE LA MOBILITAT A SANT MARCEL•Li;9;Jesus;Particular;38;SI;SI;49;NO;313200;No aplicable;2023-04-27;NA
2007;4;2236;DESAGÜE DE LAS PISTAS DEPORTIVAS DE LA CALLE GRABADOR ENGUiDANOS;4;Campanar;Representante GT;0;SI;SI;208;NO;60000;No aplicable;2023-04-27;NA
2020;4;2249;AMPLIACIoN AVENIDA PIO BAROJA TRAMO ENTRE CALLES GENERAL AVILeS Y LA SAFOR;4;Campanar;Particular;2;NO;NO;0;NO;NA;No aplicable;2023-04-27;NA
2086;4;2315;PACIFIQUEM EL PASSEIG DE LA PETXINA;20;No consta;Particular;5;NO;NO;0;NO;NA;No aplicable;2023-04-27;NA
2110;4;2339;REGULAR L'APARCAMENT A DIVERSES ZONES DE LES TENDETES;4;Campanar;Particular;3;NO;NO;0;NO;NA;No aplicable;2023-04-27;NA
2111;4;2340;ACONDICIONAMIENTO PARQUE INFANTIL CALLE BeLGICA-AVDA.ARAGoN. PLA DEL REAL;6;el Pla del Real;Representante GT;0;SI;SI;192;SI;15000;No aplicable;2023-04-27;NA
2195;4;2424;INSTAL.LACIONS ESPECIALS INFANTILS PER TOTA LA CIUTAT;20;No consta;Particular;1;NO;NO;0;NO;NA;No aplicable;2023-04-27;NA
2327;5;3015;ECOPARC-PUNTS NETS SEMIFIXOS EN JARDINS TANCATS I ALTRES ESPAIS;Toda la ciudad;Toda la ciudad;Ayuntamiento;187;NO;NO;0;NO;NA;No aplicable;2023-04-27;NA
2379;5;3067;Soterramiento de contenedores en el calles transversales de la Avenida del Oeste;Toda la ciudad;Toda la ciudad;Particular;38;NO;NO;0;NO;NA;No aplicable;2023-04-27;NA
2485;5;3173;Parque central para adolescentes;Toda la ciudad;Toda la ciudad;Particular;53;NO;NO;0;NO;NA;No aplicable;2023-04-27;NA
2607;5;3295;Pipican en Juan XXIII;Toda la ciudad;Toda la ciudad;Particular;16;NO;NO;0;NO;NA;No aplicable;2023-04-27;NA
2766;5;3454;Señalizacion de bienes de interes cultural en el Cabanyal;Toda la ciudad;Toda la ciudad;Particular;16;NO;NO;0;NO;NA;No aplicable;2023-04-27;NA
2779;5;3467;Lineas de autobus Nou Benicalap;Toda la ciudad;Toda la ciudad;Particular;14;NO;NO;0;NO;NA;No aplicable;2023-04-27;NA
2792;5;3480;Adecuar el solar abandonado de Monteolivete y convertirlo en jardin;Toda la ciudad;Toda la ciudad;Particular;126;SI;SI;1878;NO;555000;No aplicable;2023-04-27;NA
2812;5;3500;Parque Saludable para Personas Mayores en la Alameda;Toda la ciudad;Toda la ciudad;Particular;72;NO;NO;0;NO;NA;No aplicable;2023-04-27;NA
2818;5;3506;ACONDICIONAMIENTO Y MANTENIMIENTO DEL PARQUE MANUEL GRANERO;Toda la ciudad;Toda la ciudad;Particular;113;SI;NO;0;NO;NA;No aplicable;2023-04-27;NA
2843;5;3531;Manteniment dels parcs i jardins de la ciutat;Toda la ciudad;Toda la ciudad;Particular;12;NO;NO;0;NO;NA;No aplicable;2023-04-27;NA
2872;5;3561;Prolongacion del rio hasta el puerto;Toda la ciudad;Toda la ciudad;Particular;28;NO;NO;0;NO;NA;No aplicable;2023-04-27;NA
2975;6;4031;Parque infantil junto al clinico;6;el Pla del Real;Particular;56;SI;SI;161;NO;60000;No aplicable;2023-04-27;NA
3075;6;4131;CARRIL BICI C/BAILeN;3;Extramurs;Particular;48;SI;SI;79;NO;319000;No aplicable;2023-04-27;NA
3091;6;4147;Iluminacion en pista de patinaje.;16;Benicalap;Particular;69;SI;SI;328;NO;50000;No aplicable;2023-04-27;NA
3100;6;4156;Segunda Fase Rehabilitacion Alqueria Falco;16;Benicalap;Particular;91;SI;NO;0;NO;NA;No aplicable;2023-04-27;NA
3174;6;4230;PISTAS DE FUTBOL-SALA Y BALONCESTO;16;Benicalap;Particular;79;SI;SI;336;NO;150000;No aplicable;2023-04-27;NA
3272;6;4328;Crear carril bici en San Vicente Martir: desde el Ave hasta la Cruz Cubierta.;9;Jesus;Particular;72;SI;NO;0;NO;NA;No aplicable;2023-04-27;NA
3393;6;4449;Zona naranja Russafa aparcamiento residentes;2;l'Eixample;Particular;52;SI;NO;0;NO;NA;No aplicable;2023-04-27;NA
3472;6;4529;CEIP MONTOLIVET. MEJORAS EN ACCESOS;10;Quatre Carreres;Particular;96;SI;SI;109;NO;465000;No aplicable;2023-04-27;NA
3537;6;4594;Plaza-jardin y aparcamiento en el solar de Blasco Ibañez con C/ Ruben Dario;6;el Pla del Real;Particular;33;SI;NO;0;NO;NA;No aplicable;2023-04-27;NA
3656;6;4714;Mejora de la conectividad en Masarrojos;17;6;Particular;24;SI;NO;0;NO;NA;No aplicable;2023-04-27;NA
3676;6;4734;Abrir Calle Alqueria de la Comtessa a Carrera Malilla;10;Quatre Carreres;Particular;38;SI;NO;0;NO;NA;No aplicable;2023-04-27;NA
3734;6;4792;MEJORA DE LA SEGURIDAD Y LA ACCESIBILIDAD EN CALLE TRAFALGAR, NuMEROS 25 A 47;12;Camins al Grau;Particular;72;SI;NO;0;NO;NA;No aplicable;2023-04-27;NA
3822;6;4883;Limpieza descampado Masquefa esquina con P. Eduardo Buil / creacion zona verde;14;Benimaclet;Particular;47;SI;NO;0;NO;NA;No aplicable;2023-04-27;NA
3945;6;5007;Remodelacion Parque de la Vaca;9;Jesus;Particular;12;NO;NO;0;NO;NA;No aplicable;2023-04-27;NA
4020;6;5082;CONTROL POBLACIoN PALOMAS ZONA I. OBRERO;10;Quatre Carreres;Particular;37;SI;NO;0;NO;NA;No aplicable;2023-04-27;NA
4388;7;5450;Escuela hortofruticola y granja pequeños animales;14;Benimaclet;Particular;35;SI;NO;0;NO;NA;No aplicable;2023-04-27;NA
4460;7;5522;Nueva Parada de Valenbisi en Ciudad Fallera;16;Benicalap;Particular;6;NO;NO;0;NO;NA;No aplicable;2023-04-27;NA
4643;7;5705;MEJORA SALIDA DE GARAJE EN C. VIVER;14;Benimaclet;Particular;2;NO;NO;0;NO;NA;No aplicable;2023-04-27;NA
4709;7;5771;Skate Park en Malilla;10;Quatre Carreres;Particular;31;SI;SI;460;SI;80000;Sin etiqueta;2023-04-27;NA
4793;7;5855;Acondicionar formula 1;11;Poblats Maritims;Particular;40;SI;NO;0;NO;NA;No aplicable;2023-04-27;NA
4856;7;5918;Cierre Discoteca Deseo 54;5;la Saidia;Particular;30;SI;NO;0;NO;NA;No aplicable;2023-04-27;NA
4992;7;6054;Descampado entre avda baleares, dama de elche, carolina alvarez y noguera;12;Camins al Grau;Particular;68;SI;NO;0;NO;NA;No aplicable;2023-04-27;NA
5037;7;6099;ARBOLADO EN LA CALLE MANOLO TABERNER;7;l'Olivereta;Particular;35;SI;SI;322;SI;35000;Sin etiqueta;2023-04-27;NA
5067;7;6129;Peatonalizacion Calle Campamento;18;1;Particular;5;NO;NO;0;NO;NA;No aplicable;2023-04-27;NA
5096;7;6158;Pavimentado y accesibilidad de las aceras para personas en silla de ruedas;19;3;Particular;18;SI;SI;6;NO;11000;Sin etiqueta;2023-04-27;NA
5138;7;6200;PALOMAS;4;Campanar;Particular;8;NO;NO;0;NO;NA;No aplicable;2023-04-27;NA
5140;7;6202;Ajardinamiento del ultimo tramo de la Avenida Real de Madrid;19;7;Particular;24;SI;NO;0;NO;NA;No aplicable;2023-04-27;NA
5155;7;6217;Flores a los pies de los arboles;14;Benimaclet;Particular;10;NO;NO;0;NO;NA;No aplicable;2023-04-27;NA
5180;7;6242;Parar les obres de la ZAL i acondicionar la zona com a corredor verd;10;Quatre Carreres;Particular;10;NO;NO;0;NO;NA;No aplicable;2023-04-27;NA
5230;7;6292;HABILITAR DESCAMPADO COMO APARCAMIENTO;5;la Saidia;Particular;15;NO;NO;0;NO;NA;No aplicable;2023-04-27;NA
5246;7;6308;Carril bici Eduardo Bosca;12;Camins al Grau;Particular;14;NO;NO;0;NO;NA;No aplicable;2023-04-27;NA
5312;7;6374;Necesitamos mas aparcamientos;11;Poblats Maritims;Particular;10;NO;NO;0;NO;NA;No aplicable;2023-04-27;NA
5317;7;6379;Conectar carrer Pastor Aycart;19;2;Particular;22;SI;NO;0;NO;NA;No aplicable;2023-04-27;NA
5419;7;6481;Control permanente para la limitacion de velocidad de vehiculos;15;Rascanya;Particular;3;NO;NO;0;NO;NA;No aplicable;2023-04-27;NA
5423;7;6485;EJECUCIoN PLAZA AJARDINADA JUAN PABLO II;4;Campanar;Particular;33;SI;NO;0;NO;NA;No aplicable;2023-04-27;NA
5459;7;6521;Pavimentacion calles Purisima-Calatrava-Corregeria;1;Ciutat Vella;Particular;7;NO;NO;0;NO;NA;No aplicable;2023-04-27;NA
5523;7;6585;Ampliar aceras intersecciones Polo y Peyrolon con Caravaca y Ciudad de Mula;6;el Pla del Real;Particular;35;SI;NO;0;NO;NA;No aplicable;2023-04-27;NA
5577;7;6639;Adecuacion de parque con mas columpios para niños;4;Campanar;Particular;11;NO;NO;0;NO;NA;No aplicable;2023-04-27;NA
5601;7;6663;Aparcabicicletas en Pabellon Fuente de San Luis;10;Quatre Carreres;Particular;10;NO;NO;0;NO;NA;No aplicable;2023-04-27;NA
5649;7;6711;CREACIoN JARDiN Y ZONA DE SOCIALIZACIoN CANINA EN AV. DOCTOR WAKSMAN/C. NIEVES;10;Quatre Carreres;Particular;17;NO;NO;0;NO;NA;No aplicable;2023-04-27;NA
5659;7;6721;RECORRIDO LINEA 11 EMT;8;Patraix;Particular;2;NO;NO;0;NO;NA;No aplicable;2023-04-27;NA
5660;7;6722;ESTUDIO PROYECTO DE CENTRAL ENERGeTICA (ENERGIA RENOVABLE);19;5;Particular;15;SI;SI;78;SI;5000;Con etiqueta;2023-04-27;NA
5676;7;6738;Refuerzo seguridad vial en C/Genaro laHuerta;5;la Saidia;Particular;13;NO;NO;0;NO;NA;No aplicable;2023-04-27;NA
5695;7;6757;ADQUISICIoN POR PARTE DEL AYUNTAMIENTO DE LAS NAVES DE LA CALLE GUALA;5;la Saidia;Particular;7;NO;NO;0;NO;NA;No aplicable;2023-04-27;NA
5760;7;6822;Elementos de Proteccion - Carril bici Dr. Manuel Candela;13;Algiros;Particular;32;SI;NO;0;NO;NA;No aplicable;2023-04-27;NA
5779;7;6841;Repavimentacion calzada Plaza de la Iglesia;19;1;Ayuntamiento;0;SI;SI;9;NO;35430;Sin etiqueta;2023-04-27;NA
64;1;2015-00087;NA;12;Camins al Grau;Persona Fisica;0;No aplicable;NO;0;NO;NA;No aplicable;2023-04-27;NA
159;1;2015-00196;NA;1;Ciutat Vella;Persona Fisica;0;No aplicable;NO;0;NO;NA;No aplicable;2023-04-27;NA
223;1;2015-00268;Millora seguretat vial en les rodalies del col·legi public villar palasi.;5;la Saidia;Persona Juridica;0;No aplicable;SI;48;SI;3000;No aplicable;2023-04-27;NA
234;1;2015-00281;NA;15;Rascanya;Persona Fisica;0;No aplicable;NO;0;NO;NA;No aplicable;2023-04-27;NA
279;1;2015-00335;NA;15;Rascanya;Persona Fisica;0;No aplicable;NO;0;NO;NA;No aplicable;2023-04-27;NA
353;1;2015-00415;NA;15;Rascanya;Persona Fisica;0;No aplicable;NO;0;NO;NA;No aplicable;2023-04-27;NA
356;1;2015-00419;NA;10;Quatre Carreres;Persona Juridica;0;No aplicable;NO;0;NO;NA;No aplicable;2023-04-27;NA
389;1;2015-00454;NA;2;l'Eixample;Persona Juridica;0;No aplicable;NO;0;NO;NA;No aplicable;2023-04-27;NA
416;1;2015-00486;NA;19;Pobles del Sud;Persona Juridica;0;No aplicable;NO;0;NO;NA;No aplicable;2023-04-27;NA
483;1;2015-00577;NA;2;l'Eixample;Persona Fisica;0;No aplicable;NO;0;NO;NA;No aplicable;2023-04-27;NA
485;1;2015-00579;NA;8;Patraix;Persona Fisica;0;No aplicable;SI;45;NO;NA;No aplicable;2023-04-27;NA
509;1;2016-00004;Propuesta ayuntamiento. Realizacion de zona ajardinada en la plaza riu segura de horno alcedo;19;Pobles del Sud;Persona Juridica;0;No aplicable;SI;127;SI;60000;No aplicable;2023-04-27;NA
546;1;2016-00041;NA;2;l'Eixample;Persona Juridica;0;No aplicable;SI;11;NO;NA;No aplicable;2023-04-27;NA
591;1;2016-00087;Propuesta ayuntamiento. Implemento seguridad pasos peatones y personas con movilidad reducida;7;l'Olivereta;Persona Juridica;0;No aplicable;SI;16;SI;8000;No aplicable;2023-04-27;NA
595;1;2016-00091;Propuesta ayuntamiento. Implemento seguridad pasos peatones y personas con movilidad reducida;6;el Pla del Real;Persona Juridica;0;No aplicable;SI;9;SI;8000;No aplicable;2023-04-27;NA
616;1;2016-00112;Propuesta ayuntamiento. Mejora de la accesibilidad en paradas del transporte urbano de algiros;13;Algiros;Persona Juridica;0;No aplicable;SI;25;SI;40000;No aplicable;2023-04-27;NA
652;2;33;Zona de Gimnasia en el Bulevar de Malilla enfrente de la Fe;10;Quatre Carreres;Particular;27;NO;NO;0;NO;NA;No aplicable;2023-04-27;NA
680;2;61;FINALIZACIoN DE CARRIL BICI DE PADRE FERRIS;5;la Saidia;Particular;3;NO;NO;0;NO;NA;No aplicable;2023-04-27;NA
705;2;86;Reurbanizacion de calles y aceras del barrio;3;Extramurs;Particular;13;NO;NO;0;NO;NA;No aplicable;2023-04-27;NA
745;2;126;Instalacion de mas contenedores de reciclaje;16;Benicalap;Particular;11;NO;NO;0;NO;NA;No aplicable;2023-04-27;NA
748;2;129;PEATONALIZACIoN DE CALLE FRENTE A COLEGIO;12;Camins al Grau;Particular;4;NO;NO;0;NO;NA;No aplicable;2023-04-27;NA
784;2;165;Aparcamiento en ESPIGA para la c\Cordoba (Beniferri);18;Pobles de l'Oest;Particular;1;NO;NO;0;NO;NA;No aplicable;2023-04-27;NA
831;2;212;ZONA DE EXPANSION PARA PERROS BARRIO L'HORTA DE SENABRE;9;Jesus;Particular;10;NO;NO;0;NO;NA;No aplicable;2023-04-27;NA
887;2;268;Compra de vivienda municipal para atender a personas en riesgo de exclusion.;15;Rascanya;Particular;30;SI;NO;0;NO;NA;No aplicable;2023-04-27;NA
905;2;286;Adecuacion solar C/ Santa Paula Montal;13;Algiros;Particular;1;NO;NO;0;NO;NA;No aplicable;2023-04-27;NA
947;2;328;Barri Carme i Mercat,  lliure de transit rodat/ instal·lacio de barreres;1;Ciutat Vella;Representante GT;47;SI;NO;0;NO;NA;No aplicable;2023-04-27;NA
973;2;354;Creacio d'una pista de skate a Benimamet;18;Pobles de l'Oest;Particular;33;SI;SI;166;SI;60000;No aplicable;2023-04-27;NA
990;2;371;Connectar Massarrojos amb l'horta;17;Pobles del Nord;Particular;4;NO;NO;0;NO;NA;No aplicable;2023-04-27;NA
1102;2;483;Ampliacion y mejora de la zona de carga para la calle Quart;3;Extramurs;Particular;0;NO;NO;0;NO;NA;No aplicable;2023-04-27;NA
1143;2;524;Parque socializacion perros en La Torre;19;Pobles del Sud;Representante GT;0;SI;SI;496;SI;60000;No aplicable;2023-04-27;NA
1165;2;546;parque de las ilusiones;15;Rascanya;Representante GT;0;SI;NO;0;NO;NA;No aplicable;2023-04-27;NA
1247;3;1038;CARRIL BICI CALLE GASCo OLIAG;Toda la ciudad;Toda la ciudad;Particular;12;NO;NO;0;NO;NA;No aplicable;2023-04-27;NA
1321;3;1114;DIGNIFICACIoN PARQUE INFANTIL C/VINATEA CON C/ROGER DE FLOR Y C/HOSPITAL;Toda la ciudad;Toda la ciudad;Particular;11;NO;NO;0;NO;NA;No aplicable;2023-04-27;NA
1344;3;1137;ZONA DE SICIALIZACION DE PERROS EN SAN LORENZO;Toda la ciudad;Toda la ciudad;Particular;7;NO;NO;0;NO;NA;No aplicable;2023-04-27;NA
1377;3;1170;PLANTACIoN aRBOLES EN CALLE ANGEL GUIMERa;Toda la ciudad;Toda la ciudad;Particular;6;NO;NO;0;NO;NA;No aplicable;2023-04-27;NA
1381;3;1174;CENTRE DE JOVENTUT / EDIFICI MULTIuS CULTURAL;Toda la ciudad;Toda la ciudad;Particular;41;NO;NO;0;NO;NA;No aplicable;2023-04-27;NA
1403;3;1196;CARTELES DE COLONIAS FELINAS;Toda la ciudad;Toda la ciudad;Particular;59;NO;NO;0;NO;NA;No aplicable;2023-04-27;NA
1474;3;1267;ADECENTAR CARRIL BICI DEBAJO DE PUENTES DEL CAUCE DEL RiO;Toda la ciudad;Toda la ciudad;Particular;3;NO;NO;0;NO;NA;No aplicable;2023-04-27;NA
1507;3;1300;ADECUAR LA ALQUERiA DE LA  C/ L´OLBA DE MARXALENES ASi COMO SUS VIALES Y ENTORNO;Toda la ciudad;Toda la ciudad;Particular;15;NO;NO;0;NO;NA;No aplicable;2023-04-27;NA
1610;3;1406;PREPARACIo DE PROJECTE INSTAL·LACIo CULTURAL AL PALMAR;Toda la ciudad;Toda la ciudad;Particular;22;NO;NO;0;NO;NA;No aplicable;2023-04-27;NA
1617;3;1413;CREACIo DE PARC INFANTIL I ZONA DE GIMNaSTICA PER A GENT MAJOR;Toda la ciudad;Toda la ciudad;Particular;19;NO;NO;0;NO;NA;No aplicable;2023-04-27;NA
1620;3;1416;#VALENCIASOLAR: PeRGOLAS FOTOVOLTAICAS Y MOVILIDAD SOSTENIBLE;Toda la ciudad;Toda la ciudad;Particular;277;SI;SI;3286;SI;680000;No aplicable;2023-04-27;NA
1626;3;1422;BENIMACLET CALLE POETA EDUARDO BUIL;Toda la ciudad;Toda la ciudad;Particular;4;NO;NO;0;NO;NA;No aplicable;2023-04-27;NA
1700;3;1496;CREAR UN PIPICAN PARQUE DE PERROS EN BARRIO BENICALAP Y NUEVO BENICALAP;Toda la ciudad;Toda la ciudad;Particular;20;NO;NO;0;NO;NA;No aplicable;2023-04-27;NA
1704;3;1500;HACEN FALTA MUCHOS aRBOLES;Toda la ciudad;Toda la ciudad;Particular;3;NO;NO;0;NO;NA;No aplicable;2023-04-27;NA
1710;3;1506;MoDULOS PARA LAS PERSONAS SIN TECHO;Toda la ciudad;Toda la ciudad;Particular;6;NO;NO;0;NO;NA;No aplicable;2023-04-27;NA
1747;3;1543;MILLORA DEL CARRIL BICI CARRER CUBA;Toda la ciudad;Toda la ciudad;Particular;0;NO;NO;0;NO;NA;No aplicable;2023-04-27;NA
1794;4;2023;AUDITORI A L'AIRE LLIURE EN CIUTAT DE L'ARTISTA FALLER;16;Benicalap;Particular;37;SI;NO;0;NO;NA;No aplicable;2023-04-27;NA
1833;4;2062;HUERTOS URBANOS EN BENIMaMET;18;1;Particular;36;SI;NO;0;NO;NA;No aplicable;2023-04-27;NA
1902;4;2131;MEJORAR LA ACCESIBILIDAD EN LA PLAZA DEL S. CRISTO DE NATZARET Y SU ENTORNO.;11;Poblats Maritims;Representante GT;0;SI;SI;58;NO;475699;No aplicable;2023-04-27;NA
1978;4;2207;REDUCIR A 30 KM/HORA LA VELOCIDAD MaXIMA PERMITIDA EN CALLES DE BARRIO;20;No consta;Particular;8;NO;NO;0;NO;NA;No aplicable;2023-04-27;NA
2028;4;2257;PANELLS INFORMATIUS PER PINEDO;19;3;Representante GT;0;SI;SI;22;NO;14000;No aplicable;2023-04-27;NA
2087;4;2316;HACER ACCESIBLES LAS ACERAS DE LA CALLE NAVARRO CABANES;7;l'Olivereta;Representante GT;0;SI;SI;263;SI;12000;No aplicable;2023-04-27;NA
2163;4;2392;ADQUISICIo DE TAULES I CADIRES PLEGABLES (POBLATS DEL NORD) MASSARROJOS;17;6;Particular;23;SI;SI;42;NO;11500;No aplicable;2023-04-27;NA
2175;4;2404;MaS ALCORQUES Y aRBOLES. LA TORRE;19;7;Particular;22;SI;SI;56;NO;48564;No aplicable;2023-04-27;NA
2238;4;2467;MEJORAR EL PASO POR LA ACERA DE CONDE ALTEA / SALAMANCA;2;l'Eixample;Particular;5;NO;NO;0;NO;NA;No aplicable;2023-04-27;NA
2311;4;2540;STOP DESMEMBRAMIENTO DEL BARRIO CON TECNOLOGIA PUNTA: MEGAFONIA/WIFI;19;7;Particular;4;NO;NO;0;NO;NA;No aplicable;2023-04-27;NA
2611;5;3299;Zona infantil alrededores Ceip 103;Toda la ciudad;Toda la ciudad;Particular;106;SI;NO;0;NO;NA;No aplicable;2023-04-27;NA
2728;5;3416;Incrementar recursos a la policia contra el botellon o raves improvisadas;Toda la ciudad;Toda la ciudad;Particular;12;NO;NO;0;NO;NA;No aplicable;2023-04-27;NA
2819;5;3507;Pasos de peatones en las salidas del Metro Alameda coincidiendo con carril bici;Toda la ciudad;Toda la ciudad;Particular;0;NO;NO;0;NO;NA;No aplicable;2023-04-27;NA
2820;5;3508;PONER MaS PAPELERAS;Toda la ciudad;Toda la ciudad;Particular;5;NO;NO;0;NO;NA;No aplicable;2023-04-27;NA
2821;5;3509;ZONA DE PLANTa de LAS FALLAS. SOLUCIoN AL ASFALTO QUEMADO;Toda la ciudad;Toda la ciudad;Particular;9;NO;NO;0;NO;NA;No aplicable;2023-04-27;NA
2832;5;3520;AMPLIACIoN ALCALDiA POBLENOU;Toda la ciudad;Toda la ciudad;Particular;7;NO;NO;0;NO;NA;No aplicable;2023-04-27;NA
2887;5;3576;UNIR BENIMAMET Y BENIFERRI EN BICICLETA Y ANDANDO;Toda la ciudad;Toda la ciudad;Particular;111;SI;NO;0;NO;NA;No aplicable;2023-04-27;NA
2939;5;3628;MEJORA DE ILUMINACIoN EN PARQUE INFANTIL PZA. MIGUEL ASINS ARBo;Toda la ciudad;Toda la ciudad;Particular;24;NO;NO;0;NO;NA;No aplicable;2023-04-27;NA
2944;5;3633;RENOVACIoN Y AMPLIACIoN PARQUE INFANTIL PLAZA CALLE BURRIANA-REGNE DE VALeNCIA;Toda la ciudad;Toda la ciudad;Particular;60;NO;NO;0;NO;NA;No aplicable;2023-04-27;NA
2955;6;4011;Avda BLASCO IBAÑEZ: Carril-Bici por la calzada: Tramo: Cardenal Benlloch-Viveros;6;el Pla del Real;Particular;51;SI;SI;86;NO;186000;No aplicable;2023-04-27;NA
2976;6;4032;SEGURIDAD VIAL;14;Benimaclet;Particular;30;SI;NO;0;NO;NA;No aplicable;2023-04-27;NA
2978;6;4034;Pacificacion segunda parte camino de Moncada;15;Rascanya;Particular;64;SI;SI;89;NO;556000;No aplicable;2023-04-27;NA
2981;6;4037;Continuacion paseo ajardinado - Calle Fray Junipero Serra hasta Dr. Perez Feliu;8;Patraix;Particular;111;SI;NO;0;NO;NA;No aplicable;2023-04-27;NA
2982;6;4038;Reacondiconamiento Carrer de Ramon Juan;18;1;Particular;11;NO;NO;0;NO;NA;No aplicable;2023-04-27;NA
2983;6;4039;Salon de actos exclusivo;16;Benicalap;Particular;30;SI;NO;0;NO;NA;No aplicable;2023-04-27;NA
3010;6;4066;Alumbrado en  calle Guillem de Anglesola;12;Camins al Grau;Particular;37;SI;SI;345;SI;32000;No aplicable;2023-04-27;NA
3025;6;4081;Bolardo retractil en calle sin salida de El Palmar;19;5;Particular;17;SI;NO;0;NO;NA;No aplicable;2023-04-27;NA
3078;6;4134;Reasfaltar Avd Real de Madrid i Ctra d'Alba;19;7;Particular;25;SI;NO;0;NO;NA;No aplicable;2023-04-27;NA
3081;6;4137;Carril bici cuatre carreres y aceras anchas Monteolivete;10;Quatre Carreres;Particular;80;SI;SI;33;NO;520000;No aplicable;2023-04-27;NA
3088;6;4144;Acceso peatonal a centros comerciales de Burjassot;18;1;Particular;97;SI;NO;0;NO;NA;No aplicable;2023-04-27;NA
3118;6;4174;Que el autobus 62 tenga parada en el centro comercial parque ademuz;18;1;Particular;23;SI;NO;0;NO;NA;No aplicable;2023-04-27;NA
3139;6;4195;ESPAI CICLOPEATONAL ENTRE EL CEMINTERI DE MASSARROJOS I LES LLOMETES;17;6;Particular;41;SI;NO;0;NO;NA;No aplicable;2023-04-27;NA
3152;6;4208;Plazas de parking en Monteolivete;10;Quatre Carreres;Particular;26;NO;NO;0;NO;NA;No aplicable;2023-04-27;NA
3188;6;4244;Regeneracion tramo 2 Jardin del turia.;7;l'Olivereta;Particular;32;SI;NO;0;NO;NA;No aplicable;2023-04-27;NA
3221;6;4277;Peatonalizacion calle Jesus y Maria;3;Extramurs;Particular;31;SI;NO;0;NO;NA;No aplicable;2023-04-27;NA
3238;6;4294;BALSA DE AGUA EN ACERA PEATONAL;10;Quatre Carreres;Particular;12;NO;NO;0;NO;NA;No aplicable;2023-04-27;NA
3251;6;4307;Mercado Valvanera;9;Jesus;Particular;103;SI;NO;0;NO;NA;No aplicable;2023-04-27;NA
3256;6;4312;Pasarela ciclopeatonal Perellonet-Palmar;19;6;Particular;42;SI;NO;0;NO;NA;No aplicable;2023-04-27;NA
3266;6;4322;Trasladar carril bici Avda del Port y Avda Aragon  a calzada;12;Camins al Grau;Particular;55;SI;NO;0;NO;NA;No aplicable;2023-04-27;NA
3301;6;4357;Mejora trazado carril bici eliminando bloque electrico peligroso.;8;Patraix;Particular;24;NO;NO;0;NO;NA;No aplicable;2023-04-27;NA
3318;6;4374;Parque perros navarro cabanes/brasil;7;l'Olivereta;Particular;14;NO;NO;0;NO;NA;No aplicable;2023-04-27;NA
3326;6;4382;Cruce peatonal en Ausias March con Olta y Bernia;10;Quatre Carreres;Particular;57;SI;SI;251;NO;110000;No aplicable;2023-04-27;NA
3385;6;4441;Dedicarle un parque a Pepiu de Castellar;19;2;Particular;8;NO;NO;0;NO;NA;No aplicable;2023-04-27;NA
3517;6;4574;ILUMINACIoN CARRIL BICI TRAMO VII RIO TuRIA;5;la Saidia;Particular;50;SI;SI;316;NO;87000;No aplicable;2023-04-27;NA
3535;6;4592;Pavimentacion de calle Serreria desde av. de los Naranjos hasta calle Islas Cana;13;Algiros;Particular;8;NO;NO;0;NO;NA;No aplicable;2023-04-27;NA
3536;6;4593;Estudio para desbloquear edificacion solar junto El Pilar en calle Ruben Dario;6;el Pla del Real;Particular;32;SI;NO;0;NO;NA;No aplicable;2023-04-27;NA
3607;6;4664;Millorar el entorn de les alqueries del carrer Olba;5;la Saidia;Particular;11;NO;NO;0;NO;NA;No aplicable;2023-04-27;NA
3634;6;4691;Peatonalitzacio dels carrers Utiel i Sant Esperit;14;Benimaclet;Particular;6;NO;NO;0;NO;NA;No aplicable;2023-04-27;NA
3692;6;4750;REMODELACIo I ADEQUACIo DE L'ENTORN DEL FRONTo DE LO RAT PENAT;7;l'Olivereta;Particular;4;NO;NO;0;NO;NA;No aplicable;2023-04-27;NA
3736;6;4796;"Asfaltado de la ""Entrada Casa els Colomins""";19;1;Particular;40;SI;SI;52;SI;10768;No aplicable;2023-04-27;NA
3768;6;4828;Patraix sostenible, cambio farolas diversas calles del barrio.;8;Patraix;Particular;54;SI;SI;515;SI;125000;No aplicable;2023-04-27;NA
3776;6;4836;Un jardin en el solar de la Plaza Musico Lopez Chavarri;1;Ciutat Vella;Particular;94;SI;NO;0;NO;NA;No aplicable;2023-04-27;NA
3781;6;4841;Parada de autobus en sociopolis;19;8;Particular;45;SI;NO;0;NO;NA;No aplicable;2023-04-27;NA
3806;6;4867;Rehabilitacion acera calle Antonio Suarez;6;el Pla del Real;Particular;35;SI;NO;0;NO;NA;No aplicable;2023-04-27;NA
3838;6;4899;Adecuar solares adjuntos al hospital Peset ,colegio etc..por Gaspar aguilar y bo;8;Patraix;Particular;32;SI;NO;0;NO;NA;No aplicable;2023-04-27;NA
3839;6;4900;INSTALACIoN DE PASO CEBRA PARA ACCEDER AL CENTRO DE SALUD AMBROSIO HUICI;10;Quatre Carreres;Particular;20;NO;NO;0;NO;NA;No aplicable;2023-04-27;NA
3851;6;4912;Bulevar que conecte Museos MUVIM e IVAM;1;Ciutat Vella;Particular;35;SI;SI;178;SI;75536;No aplicable;2023-04-27;NA
3852;6;4913;PACIFICACIo DEL TRaNSIT DEL C/ CLARINO A L’ALTURA DEL CEIP FEDERICO GARCiA LORCA;13;Algiros;Particular;103;SI;NO;0;NO;NA;No aplicable;2023-04-27;NA
3881;6;4943;Millora dels accesos als estudiants de Som Escola;7;l'Olivereta;Particular;51;SI;NO;0;NO;NA;No aplicable;2023-04-27;NA
3884;6;4946;QUE LOS JARDINES DE LA GLORIETA Y ALFONSO EL MAGNaNIMO DEJEN DE SER UNA ROTONDA;1;Ciutat Vella;Particular;33;SI;SI;276;SI;7000;No aplicable;2023-04-27;NA
3886;6;4948;Instal·lacio de contenidors de recollida selectiva en zones periferiques;19;2;Particular;18;SI;NO;0;NO;NA;No aplicable;2023-04-27;NA
3894;6;4956;INSTALACION MESAS PING-PONG EN PARQUES Y PLAZAS;2;l'Eixample;Particular;22;NO;NO;0;NO;NA;No aplicable;2023-04-27;NA
3909;6;4971;Carril bici Valencia-Horno Alcedo;19;1;Particular;54;SI;NO;0;NO;NA;No aplicable;2023-04-27;NA
3913;6;4975;MaQUINAS DE RECICLAJE DE LATAS Y BOTELLAS;5;la Saidia;Particular;45;SI;SI;614;SI;10000;No aplicable;2023-04-27;NA
3958;6;5020;Creacion de una mediana verde y pacificacion del trafico en la c/ Nou d'octubre;7;l'Olivereta;Particular;10;NO;NO;0;NO;NA;No aplicable;2023-04-27;NA
3990;6;5052;PARKING GRATUITO PARA COCHES;8;Patraix;Particular;7;NO;NO;0;NO;NA;No aplicable;2023-04-27;NA
4040;6;5102;VALENBICI junto a los campos de futbol, baloncesto, rugby y padel de angel de Vi;10;Quatre Carreres;Particular;6;NO;NO;0;NO;NA;No aplicable;2023-04-27;NA
4071;6;5133;Peatonalizar las calles Salvador Rubio y Peris Celda para crear una Plaza;16;Benicalap;Representante GT;0;SI;NO;0;NO;NA;No aplicable;2023-04-27;NA
4117;6;5179;Creacion plazas residente Plaza Patraix y Alrededores.;8;Patraix;Particular;4;NO;NO;0;NO;NA;No aplicable;2023-04-27;NA
4125;6;5187;Convertir la avenida de la Malvarrosa en un bulevar comercial.;11;Poblats Maritims;Particular;32;SI;SI;329;SI;22000;No aplicable;2023-04-27;NA
4140;6;5202;CIBER ESPAI RUSSAFA;2;l'Eixample;Representante GT;0;SI;SI;202;NO;17000;No aplicable;2023-04-27;NA
4145;6;5207;CONTENEDORES ALIMENTACIoN COLONIAS FELINAS;9;Jesus;Particular;51;SI;SI;282;SI;7800;No aplicable;2023-04-27;NA
4167;6;5229;"Adecuacion y peatonalizacion ""Calle Devesa"" pueblo El Saler elimin. barr. arquit";19;4;Particular;33;SI;NO;0;NO;NA;No aplicable;2023-04-27;NA
4168;6;5230;Mejora en el parque de la plaza Berenguer y Ferrer;7;l'Olivereta;Ayuntamiento en rep. GT;0;SI;SI;22;NO;402000;No aplicable;2023-04-27;NA
4181;6;5243;Creacion shorts urbanos al solar del costa del CEIP Max Aun;5;la Saidia;Particular;22;NO;NO;0;NO;NA;No aplicable;2023-04-27;NA
4199;6;5261;Retiro de uralita en patio interior,estamos Respirando sus Particulas a diario.;12;Camins al Grau;Particular;10;NO;NO;0;NO;NA;No aplicable;2023-04-27;NA
4223;6;5285;Rambla al port;12;Camins al Grau;Particular;4;NO;NO;0;NO;NA;No aplicable;2023-04-27;NA
4229;7;5291;Motos/bicis: Parrillas de salida;6;el Pla del Real;Particular;13;NO;NO;0;NO;NA;No aplicable;2023-04-27;NA
4239;7;5301;Calles de malilla de un solo sentido;10;Quatre Carreres;Particular;3;NO;NO;0;NO;NA;No aplicable;2023-04-27;NA
4258;7;5320;Ajardinamiento de las rotondas CV-400 entre San Marcelino y Cami Real;9;Jesus;Particular;46;SI;NO;0;NO;NA;No aplicable;2023-04-27;NA
4271;7;5333;SUSTITUCIoN ULTIMOS BACULOS CARRETERA Y FAROLAS DE PARED OBSOLETAS EN SAN ISIDRO;8;Patraix;Representante GT;0;SI;SI;272;NO;100000;Sin etiqueta;2023-04-27;NA
4296;7;5358;Zona Bajas Emisiones Massarrojos;17;6;Particular;20;SI;NO;0;NO;NA;No aplicable;2023-04-27;NA
4397;7;5459;Reposicion arbolado y plantacion de nuevos, papeleras y bancos para los vecinos.;15;Rascanya;Particular;44;SI;NO;0;NO;NA;No aplicable;2023-04-27;NA
4428;7;5490;Nueva Escuela Oficial de Idiomas en Benicalap;16;Benicalap;Particular;71;SI;NO;0;NO;NA;No aplicable;2023-04-27;NA
4443;7;5505;Aparcamientos nocturnos para bicicletas;13;Algiros;Particular;6;NO;NO;0;NO;NA;No aplicable;2023-04-27;NA
4453;7;5515;URBANIZACION SOLAR MESTRE BAGANT/MAESTRO RODRIGO;4;Campanar;Particular;6;NO;NO;0;NO;NA;No aplicable;2023-04-27;NA
4497;7;5559;Carril cambio de sentido en Av. Maestro Rodrigo.;4;Campanar;Particular;7;NO;NO;0;NO;NA;No aplicable;2023-04-27;NA
4502;7;5564;area de recreo y sociabilizacion para perros y mascotas.;16;Benicalap;Particular;56;SI;SI;309;SI;275000;Sin etiqueta;2023-04-27;NA
4544;7;5606;SUSTITUCIoN MURO JARDiN DE AYORA POR VALLA;12;Camins al Grau;Particular;10;NO;NO;0;NO;NA;No aplicable;2023-04-27;NA
4546;7;5608;Plazas de aparcamiento en Musico Gines;13;Algiros;Particular;16;NO;NO;0;NO;NA;No aplicable;2023-04-27;NA
4560;7;5622;Asfalto Fonoabsorbente BLASCO IBAÑEZ;13;Algiros;Particular;32;SI;SI;40;NO;453094;Sin etiqueta;2023-04-27;NA
4565;7;5627;Contenedores de basura NFC;3;Extramurs;Particular;1;NO;NO;0;NO;NA;No aplicable;2023-04-27;NA
4599;7;5661;Peatonalizacion Plaza Jesus;9;Jesus;Particular;6;NO;NO;0;NO;NA;No aplicable;2023-04-27;NA
4604;7;5666;Crear paso peatonal en avenida cataluña con el inicio de Calle Clariano;13;Algiros;Particular;21;NO;NO;0;NO;NA;No aplicable;2023-04-27;NA
4637;7;5699;MALVA-ROSA LIMPIA;11;Poblats Maritims;Particular;30;SI;NO;0;NO;NA;No aplicable;2023-04-27;NA
4680;7;5742;Urbanitzacio solar Subestacio electrics de Patraix;8;Patraix;Particular;20;NO;NO;0;NO;NA;No aplicable;2023-04-27;NA
4682;7;5744;Plazas publicas de aparcamiento para Orriols asfaltando un descampado.;15;Rascanya;Particular;30;SI;SI;191;NO;574000;Sin etiqueta;2023-04-27;NA
4683;7;5745;PARQUE DE CALISTENIA;11;Poblats Maritims;Particular;7;NO;NO;0;NO;NA;No aplicable;2023-04-27;NA
4706;7;5768;Reasfaltado calles Grup Massarrojos;17;6;Particular;7;NO;NO;0;NO;NA;No aplicable;2023-04-27;NA
4725;7;5787;Las palomas invaden el barrio Aben al abbar y Rodriguez Cepeda;13;Algiros;Particular;17;NO;NO;0;NO;NA;No aplicable;2023-04-27;NA
4741;7;5803;Polideportivo cubierto en Benicalap;16;Benicalap;Particular;52;SI;NO;0;NO;NA;No aplicable;2023-04-27;NA
4756;7;5818;Carril bici c/ Serreria;12;Camins al Grau;Particular;33;SI;NO;0;NO;NA;No aplicable;2023-04-27;NA
4768;7;5830;Soterramiento ViAS METRO San Isidro;8;Patraix;Particular;20;NO;NO;0;NO;NA;No aplicable;2023-04-27;NA
4807;7;5869;REBAJE BORDILLO EN PASO DE PEATONES Y PARKING BICICLETAS;13;Algiros;Particular;23;NO;NO;0;NO;NA;No aplicable;2023-04-27;NA
4810;7;5872;Crear una Biblioteca / Ludoteca en el Patronato;17;1;Particular;36;SI;NO;0;NO;NA;No aplicable;2023-04-27;NA
4811;7;5873;CAMBIAR ILUMINACION (FAROLAS DE CARRETERA) C/RAMIRO DE MAEZTU POR FAROLAS DE PIE;12;Camins al Grau;Particular;18;NO;NO;0;NO;NA;No aplicable;2023-04-27;NA
4825;7;5887;Crea salida de la V-21 a la 2ª rotonda.;14;Benimaclet;Particular;15;NO;NO;0;NO;NA;No aplicable;2023-04-27;NA
4858;7;5920;ENERGiAS RENOVABLES PARA COMPLEJO DEPORTIVO PETXINA;3;Extramurs;Particular;33;SI;SI;109;NO;230000;Sin etiqueta;2023-04-27;NA
4871;7;5933;Mejora de la seguridad vial en Blasco Ibañez - Cardenal Benlloch - Clariano;6;el Pla del Real;Particular;17;NO;NO;0;NO;NA;No aplicable;2023-04-27;NA
4901;7;5963;PEATONALIZACION DE LA CALLE FONT ROJA;9;Jesus;Particular;1;NO;NO;0;NO;NA;No aplicable;2023-04-27;NA
4904;7;5966;PUESTA EN VALOR ACTUAL DESCAMPADO ENTRE AVDA. WAKSMAN Y CALLES NIEVES Y PLANAS;10;Quatre Carreres;Particular;39;SI;NO;0;NO;NA;No aplicable;2023-04-27;NA
4937;7;5999;PACIFICACIoN Y ADECUACIoN DE LA AVENIDA DOCTOR PESET ALEIXANDRE;15;Rascanya;Particular;24;NO;NO;0;NO;NA;No aplicable;2023-04-27;NA
4940;7;6002;Cubierta vegetal para el Pont de Fusta;5;la Saidia;Particular;24;NO;NO;0;NO;NA;No aplicable;2023-04-27;NA
4944;7;6006;Reduccion velocidad Av instituto obrero;10;Quatre Carreres;Particular;1;NO;NO;0;NO;NA;No aplicable;2023-04-27;NA
4969;7;6031;Juegos Infantiles y mejoras Parque San pedro Poveda;8;Patraix;Particular;49;SI;SI;214;NO;235000;Sin etiqueta;2023-04-27;NA
4970;7;6032;Pacificar aparcamiento calle Musico Barbieri, crear mediana ajardinada.;8;Patraix;Particular;1;NO;NO;0;NO;NA;No aplicable;2023-04-27;NA
5006;7;6068;Mejora SEGURIDAD carril bici;3;Extramurs;Particular;9;NO;NO;0;NO;NA;No aplicable;2023-04-27;NA
5050;7;6112;POSTES INFORMATIVOS HISTORICOCULTURALES;11;Poblats Maritims;Representante GT;0;SI;SI;216;SI;31620;Con etiqueta;2023-04-27;NA
5056;7;6118;zona socialitzacio de gossos;19;5;Particular;2;NO;NO;0;NO;NA;No aplicable;2023-04-27;NA
5126;7;6188;Pasos cebra elevados colegios Malilla;10;Quatre Carreres;Particular;14;NO;NO;0;NO;NA;No aplicable;2023-04-27;NA
5133;7;6195;AJARDINEM I REVERDIM LES PLACES DURES DE VELLUTERS.;1;Ciutat Vella;Representante GT;0;SI;NO;0;NO;NA;No aplicable;2023-04-27;NA
5146;7;6208;Alumbrado calle Doctor Zamenhof.;3;Extramurs;Particular;11;NO;NO;0;NO;NA;No aplicable;2023-04-27;NA
5194;7;6256;ACCESOS A CEIP CAMi DE L'HORTA;18;1;Particular;23;SI;NO;0;NO;NA;No aplicable;2023-04-27;NA
5203;7;6265;Peatonalizacion y modernizacion de plaza Holanda;9;Jesus;Particular;11;NO;NO;0;NO;NA;No aplicable;2023-04-27;NA
5221;7;6283;PEATONALIZAR PLAZA DOCTOR XIMENO Y CALLE CARNICERiA;18;1;Representante GT;0;SI;NO;0;NO;NA;No aplicable;2023-04-27;NA
5302;7;6364;Arreglar y mejorar pequeño jardin de la Calle Cuenca / Guardia Civil;8;Patraix;Particular;4;NO;NO;0;NO;NA;No aplicable;2023-04-27;NA
5306;7;6368;CREACIoN DE ZONA DE ACCESO A VEHICULOS PARA RESIDENTES MAYORES O CON MOVILIDAD R;2;l'Eixample;Particular;5;NO;NO;0;NO;NA;No aplicable;2023-04-27;NA
5332;7;6394;FUENSANTA: HABILITACION ESPACIOS PEATONALES ENTRE EDIFICIOS;7;l'Olivereta;Representante GT;0;SI;SI;171;NO;37480;Sin etiqueta;2023-04-27;NA
5354;7;6416;Propuesta de metro de camins al grau;12;Camins al Grau;Particular;34;SI;NO;0;NO;NA;No aplicable;2023-04-27;NA
5363;7;6425;Pista de Basket 12m x 6m  en c\ Filipinas RUZAFA;2;l'Eixample;Particular;32;SI;NO;0;NO;NA;No aplicable;2023-04-27;NA
5440;7;6502;INSTALACIoN DE PASO PEATONES PARA ACCEDER AL CENTRO DE SALUD C/ AMBROSIO HUICI;10;Quatre Carreres;Particular;15;NO;NO;0;NO;NA;No aplicable;2023-04-27;NA
5456;7;6518;REBAIXAR LA CONTAMINACIo ACuSTICA DE L'AVINGUDA GERMANS MACHADO;15;Rascanya;Particular;45;SI;NO;0;NO;NA;No aplicable;2023-04-27;NA
5464;7;6526;Retirada amiant cancerigen de Casitas Rosas;11;Poblats Maritims;Representante GT;0;SI;NO;0;NO;NA;No aplicable;2023-04-27;NA
5473;7;6535;Adecuacion de la Plaza Poeta Salvador Rueda;4;Campanar;Representante GT;0;SI;NO;0;NO;NA;No aplicable;2023-04-27;NA
5512;7;6574;Mejora de la zona de juegos del Passeig Federico Trenor i Trenor (Les Moreres);10;Quatre Carreres;Particular;50;SI;SI;139;NO;130000;Sin etiqueta;2023-04-27;NA
5515;7;6577;Mejora de iluminacion en Calle Molinell;5;la Saidia;Representante GT;0;SI;SI;337;SI;43322;Sin etiqueta;2023-04-27;NA
5541;7;6603;Jardi;1;Ciutat Vella;Particular;10;NO;NO;0;NO;NA;No aplicable;2023-04-27;NA
5595;7;6657;Ampliacion del CEIP VIVERS;5;la Saidia;Particular;78;SI;NO;0;NO;NA;No aplicable;2023-04-27;NA
5623;7;6685;Acabar la rehabilitacion de la Alqueria de Coca;19;8;Particular;15;SI;SI;4;NO;66522;Sin etiqueta;2023-04-27;NA
5630;7;6692;Barras calistenia Parque Oeste;7;l'Olivereta;Particular;5;NO;NO;0;NO;NA;No aplicable;2023-04-27;NA
5741;7;6803;ZONA DE ENCUENTRO Y JUEGOS EN PLAZA SANT FELIP NERI;12;Camins al Grau;Particular;32;SI;SI;464;SI;40000;Sin etiqueta;2023-04-27;NA
5764;7;6826;Mejora aceras calle Crevillente;13;Algiros;Particular;1;NO;NO;0;NO;NA;No aplicable;2023-04-27;NA
5785;7;6847;Actuaciones de mejora de la accesibilidad;19;2;Ayuntamiento;0;SI;SI;116;SI;42470;Sin etiqueta;2023-04-27;NA
10;1;2015-00012;NA;3;Extramurs;Persona Fisica;0;No aplicable;NO;0;NO;NA;No aplicable;2023-04-27;NA
46;1;2015-00055;NA;10;Quatre Carreres;Persona Fisica;0;No aplicable;NO;0;NO;NA;No aplicable;2023-04-27;NA
48;1;2015-00058;NA;1;Ciutat Vella;Persona Fisica;0;No aplicable;SI;41;NO;NA;No aplicable;2023-04-27;NA
114;1;2015-00149;NA;2;l'Eixample;Persona Fisica;0;No aplicable;NO;0;NO;NA;No aplicable;2023-04-27;NA
144;1;2015-00181;NA;19;Pobles del Sud;Persona Juridica;0;No aplicable;NO;0;NO;NA;No aplicable;2023-04-27;NA
169;1;2015-00210;NA;9;Jesus;Persona Juridica;0;No aplicable;NO;0;NO;NA;No aplicable;2023-04-27;NA
445;1;2015-00530;NA;8;Patraix;Persona Fisica;0;No aplicable;SI;28;NO;NA;No aplicable;2023-04-27;NA
510;1;2016-00005;"Propuesta ayuntamiento. Habilitacion ""casa doctor bartual""";10;Quatre Carreres;Persona Juridica;0;No aplicable;SI;107;SI;120000;No aplicable;2023-04-27;NA
590;1;2016-00086;Propuesta ayuntamiento. Señales aviso presencia escolares;6;el Pla del Real;Persona Juridica;0;No aplicable;SI;5;SI;1890;No aplicable;2023-04-27;NA
622;2;3;Sistema diques Turia- Carraixet paliativo subida nivel del mar 5 metros.;11;Poblats Maritims;Particular;5;NO;NO;0;NO;NA;No aplicable;2023-04-27;NA
648;2;29;Instalacion de un espejo de trafico al final de la plaza Joaquin Dualde;5;la Saidia;Particular;9;NO;NO;0;NO;NA;No aplicable;2023-04-27;NA
667;2;48;Zona canina al carrer Guardia Civil;14;Benimaclet;Particular;41;SI;NO;0;NO;NA;No aplicable;2023-04-27;NA
706;2;87;Paso de peatones con semaforo: esquina Avda de Suecia con Avda Blasco Ibañez;6;el Pla del Real;Particular;13;NO;NO;0;NO;NA;No aplicable;2023-04-27;NA
769;2;150;CREACIoN DE UNA RED DE CARGA DE VEHiCULOS ELECTRICOS;8;Patraix;Particular;8;NO;NO;0;NO;NA;No aplicable;2023-04-27;NA
792;2;173;Mejora seguridad viaria en la calle Jaume Roig;6;el Pla del Real;Particular;2;NO;NO;0;NO;NA;No aplicable;2023-04-27;NA
854;2;235;Desvio de lineas de autobus de la EMT hacia Sociopolis;19;Pobles del Sud;Particular;27;NO;NO;0;NO;NA;No aplicable;2023-04-27;NA
858;2;239;Carril bici en el carrer Iecla;13;Algiros;Particular;3;NO;NO;0;NO;NA;No aplicable;2023-04-27;NA
900;2;281;ABRIR LA CALLE QUE VA DESDE BEATO GASPAR BONO HASTA FERNANDO EL CATOLICO;3;Extramurs;Particular;18;NO;NO;0;NO;NA;No aplicable;2023-04-27;NA
925;2;306;Ampliacion y renovacion parque antiguo mercado Montolivet;10;Quatre Carreres;Representante GT;33;SI;SI;264;SI;60000;No aplicable;2023-04-27;NA
954;2;335;Acondicionar Aparcamiento temporal en solar municipal c/ Dr. Rafael Bartual;8;Patraix;Representante GT;16;SI;NO;0;NO;NA;No aplicable;2023-04-27;NA
992;2;373;MEJORA DE LAS ACERAS DE LA AVD DOCTOR TOMAS SALA DESDE EL N.39 AL 47 Y LA CA;9;Jesus;Representante GT;4;SI;SI;100;NO;297000;No aplicable;2023-04-27;NA
1423;3;1216;CONSTRUIR UNA PISTA DE MONOPATINES EN EL PARQUE DE BENICALAP;Toda la ciudad;Toda la ciudad;Particular;9;NO;NO;0;NO;NA;No aplicable;2023-04-27;NA
1455;3;1248;3º FASE PARQUE JUAN BAUTISTA PASTOR (BORBOTo);Toda la ciudad;Toda la ciudad;Particular;146;SI;SI;1052;NO;100000;No aplicable;2023-04-27;NA
1518;3;1311;CONSTRUCCION DE NUEVO PARQUE INFANTIL Y REMODELACION DEL PARQUE C/DR. MARAÑON;Toda la ciudad;Toda la ciudad;Particular;43;NO;NO;0;NO;NA;No aplicable;2023-04-27;NA
1531;3;1324;MEJORAR LA COMUNICACIoN A LA PLAYA, DESDE LA AVENIDA BLASCO IBAÑEZ;Toda la ciudad;Toda la ciudad;Particular;5;NO;NO;0;NO;NA;No aplicable;2023-04-27;NA
1573;3;1369;PLACAS DE CALLES BILINGÜES, CON RESEÑA DE QUIEN ERA. (ESCRITOR, CIENTiFICO ETC.);Toda la ciudad;Toda la ciudad;Particular;1;NO;NO;0;NO;NA;No aplicable;2023-04-27;NA
1633;3;1429;UNIo CARRIL BICI DEL PARC LINEAL DE BENIMaMET -EL CICLE CARRER DEL PARE BARRANCO;Toda la ciudad;Toda la ciudad;Particular;104;SI;NO;0;NO;NA;No aplicable;2023-04-27;NA
1640;3;1436;CONOCE LA CALIDAD DEL AIRE QUE RESPIRAS. MEJOREMOS LA SALUD DE VALENCIA.;Toda la ciudad;Toda la ciudad;Particular;137;SI;SI;1986;NO;1263240;No aplicable;2023-04-27;NA
1727;3;1523;RECUPERAR EL ESPACIO URBANO DE LA ROTONDA EL MIRADOR;Toda la ciudad;Toda la ciudad;Particular;6;NO;NO;0;NO;NA;No aplicable;2023-04-27;NA
1796;4;2025;CONTENEDOR BASURA SOTERRADOS;3;Extramurs;Particular;297;SI;SI;306;SI;249705;No aplicable;2023-04-27;NA
1802;4;2031;CARRIL BICI Y ZONA VERDE EN AVENIDAS GENERAL AVILeS Y MAESTRO RODRIGO;4;Campanar;Particular;104;SI;SI;277;SI;297641;No aplicable;2023-04-27;NA
1821;4;2050;TRATAMIENTO ANTI-TERMITAS GENERALIZADO.;1;Ciutat Vella;Particular;26;NO;NO;0;NO;NA;No aplicable;2023-04-27;NA
1839;4;2068;PAPELERAS EN LA GOLA;19;6;Particular;9;NO;NO;0;NO;NA;No aplicable;2023-04-27;NA
1941;4;2170;MEGAFONiA;19;7;Particular;22;SI;SI;150;SI;19564;No aplicable;2023-04-27;NA
1959;4;2188;GRANDES ViAS Y AVENIDAS MUCHO MaS VERDES.;20;No consta;Particular;21;NO;NO;0;NO;NA;No aplicable;2023-04-27;NA
2040;4;2269;ACCESO PEATONAL Y/O EN BICICLETA DESDE BENIMAMET HASTA BENIFERRI;20;No consta;Particular;24;SI;NO;0;NO;NA;No aplicable;2023-04-27;NA
2126;4;2355;MEJORA ILUMINACIoN CALLE ESCRITOR RAFAEL FERRERES (BARRIO MONTEOLIVETE);10;Quatre Carreres;Particular;34;SI;SI;325;SI;74020;No aplicable;2023-04-27;NA
2214;4;2443;REASFALTADO DEVESA GOLA DE PUCHOL DESDE EL NUMERO 14 AL 26, ACCESOS Y PERIMETRO;19;4;Representante GT;0;SI;SI;37;NO;30117;No aplicable;2023-04-27;NA
2228;4;2457;PASSAREL·LA RUSSAFA - ESTACIo JOAQUiN SOROLLA;20;No consta;Particular;5;NO;NO;0;NO;NA;No aplicable;2023-04-27;NA
2320;5;3008;REURBANITZACIo DE LES AVINGUDES PeREZ GALDoS I GIORGETA;Toda la ciudad;Toda la ciudad;Ayuntamiento;464;SI;SI;1810;NO;4000000;No aplicable;2023-04-27;NA
2441;5;3129;Unir los dos tramos del Carrer de Nicolau Primitiu Gomez Serrano;Toda la ciudad;Toda la ciudad;Particular;13;NO;NO;0;NO;NA;No aplicable;2023-04-27;NA
2481;5;3169;Cambiar el ESTACIONAMIENTO en linea de la Av. del Puerto por BATERiA;Toda la ciudad;Toda la ciudad;Particular;15;NO;NO;0;NO;NA;No aplicable;2023-04-27;NA
2484;5;3172;Control del ruido nocturno | Unidad especial de policia local;Toda la ciudad;Toda la ciudad;Particular;135;SI;NO;0;NO;NA;No aplicable;2023-04-27;NA
2528;5;3216;Valencia Central;Toda la ciudad;Toda la ciudad;Particular;47;NO;NO;0;NO;NA;No aplicable;2023-04-27;NA
2590;5;3278;REORDENAR UN TRAMO DE LA CALLE CAMPOS CRESPO;Toda la ciudad;Toda la ciudad;Particular;6;NO;NO;0;NO;NA;No aplicable;2023-04-27;NA
2614;5;3302;INSTALACIoN DE PUNTOS DE CARGA PARA VEHiCULOS ELeCTRICOS EN LA CIUDAD;Toda la ciudad;Toda la ciudad;Particular;61;NO;NO;0;NO;NA;No aplicable;2023-04-27;NA
2717;5;3405;CONTENEDORES “REVERSE VENDING” RECICLA I GUANYA DINERS;Toda la ciudad;Toda la ciudad;Particular;284;SI;SI;6323;SI;160000;No aplicable;2023-04-27;NA
2889;5;3578;Arreglar parque Pintor Nicolau;Toda la ciudad;Toda la ciudad;Particular;5;NO;NO;0;NO;NA;No aplicable;2023-04-27;NA
2904;5;3593;ACONDICIONAMIENTO ROTONDAS SAN VICENTE MARTIR – J0SE SOTO MICo – CV-400;Toda la ciudad;Toda la ciudad;Particular;50;NO;NO;0;NO;NA;No aplicable;2023-04-27;NA
2914;5;3603;Zona aparcamiento residentes Eixample-Russafa;Toda la ciudad;Toda la ciudad;Particular;22;NO;NO;0;NO;NA;No aplicable;2023-04-27;NA
2986;6;4042;RETEN DE POLICIA EN ANTIGUA GUARDERIA PLAZA FEDERICO MAYO;12;Camins al Grau;Particular;54;SI;NO;0;NO;NA;No aplicable;2023-04-27;NA
2995;6;4051;Ampliacion acera Parroquia San Miguel y San Sebastian.;3;Extramurs;Particular;78;SI;NO;0;NO;NA;No aplicable;2023-04-27;NA
3047;6;4103;Ciudad Ros Casares;8;Patraix;Particular;16;NO;NO;0;NO;NA;No aplicable;2023-04-27;NA
3084;6;4140;REBAJE DE ACERAS EN PASOS DE PEATONES Y ACONDICIONAMIENTO DE BALDOSAS DE MaRMOL;18;1;Particular;65;SI;SI;164;SI;177300;No aplicable;2023-04-27;NA
3116;6;4172;KEDAMOS? - (Multiespacio);18;1;Particular;18;SI;NO;0;NO;NA;No aplicable;2023-04-27;NA
3367;6;4423;REHABILITACIoN ALQUERiA DE PASTOR PARA CENTRO DE JUVENTUD;19;7;Particular;42;SI;NO;0;NO;NA;No aplicable;2023-04-27;NA
3508;6;4565;Creacio de colonia felina;17;7;Particular;45;SI;SI;40;SI;2500;No aplicable;2023-04-27;NA
3513;6;4570;Renovacion de libros de la Biblioteca de Beniferri-Joan de Timoneda.;18;2;Particular;29;SI;SI;31;SI;18000;No aplicable;2023-04-27;NA
3588;6;4645;URGENTE  Asistencia social;5;la Saidia;Particular;18;NO;NO;0;NO;NA;No aplicable;2023-04-27;NA
3640;6;4697;Aparcament public i places lliures de cotxes;17;2;Particular;11;NO;NO;0;NO;NA;No aplicable;2023-04-27;NA
3779;6;4839;Huerto urbano en solar 3 de Abril de 1979;12;Camins al Grau;Particular;10;NO;NO;0;NO;NA;No aplicable;2023-04-27;NA
3866;6;4927;PARQUE EN SUSTITUCION ZONA AJARDINADA INSERVIBLE;16;Benicalap;Particular;17;NO;NO;0;NO;NA;No aplicable;2023-04-27;NA
4030;6;5092;Reurbanizacion y ajardinamiento de la Calle Puebla de Valverde, nº 3 a 5;8;Patraix;Particular;39;SI;NO;0;NO;NA;No aplicable;2023-04-27;NA
4055;6;5117;AMPLIACIoN Y REPARACIoN TRAMO ACERA CALLE LITERATO GABRIEL MIRo 51;3;Extramurs;Particular;30;SI;SI;213;NO;60000;No aplicable;2023-04-27;NA
4092;6;5154;Colocacion de zonas de sombra/toldos en Parque Lineal;18;1;Particular;6;NO;NO;0;NO;NA;No aplicable;2023-04-27;NA
4152;6;5214;Peatonalizar plaza Marques de Bellet;9;Jesus;Particular;89;SI;SI;290;NO;204000;No aplicable;2023-04-27;NA
4212;6;5274;Eje carril bici Ruaya - Reus;5;la Saidia;Particular;7;NO;NO;0;NO;NA;No aplicable;2023-04-27;NA
4268;7;5330;Zona para residentes;19;5;Particular;24;SI;NO;0;NO;NA;No aplicable;2023-04-27;NA
4352;7;5414;SUPERMANZANA ABASTAS ADECUACIoN ENTORNO CALLES ALEDAÑAS;3;Extramurs;Particular;33;SI;SI;325;NO;52000;Sin etiqueta;2023-04-27;NA
4369;7;5431;Calle San Bruno ciclocalle;5;la Saidia;Particular;4;NO;NO;0;NO;NA;No aplicable;2023-04-27;NA
4377;7;5439;SOTERRAMIENTO CONTENEDORES BASURA;2;l'Eixample;Particular;18;NO;NO;0;NO;NA;No aplicable;2023-04-27;NA
4427;7;5489;Parque infantil en nuevo parque Reina Violant;4;Campanar;Particular;38;SI;NO;0;NO;NA;No aplicable;2023-04-27;NA
4480;7;5542;Control de plaga de palomas Avda. Giorgeta;3;Extramurs;Particular;36;SI;NO;0;NO;NA;No aplicable;2023-04-27;NA
4659;7;5721;Mejora del espacio publico en las calles del barrio En Corts;10;Quatre Carreres;Particular;41;SI;SI;360;NO;72600;Sin etiqueta;2023-04-27;NA
4664;7;5726;LIMPIEZA Y MEJOR DE MALVAROSA;11;Poblats Maritims;Particular;13;NO;NO;0;NO;NA;No aplicable;2023-04-27;NA
4720;7;5782;Fuente Ludica o chorros;18;1;Particular;6;NO;NO;0;NO;NA;No aplicable;2023-04-27;NA
4827;7;5889;Instalar bolardos en Ruzafa para que las aceras esten libres de vehiculos;2;l'Eixample;Particular;11;NO;NO;0;NO;NA;No aplicable;2023-04-27;NA
4869;7;5931;CARRIL BICI PARA LA CALLE JESUS  y Gaspar Aguilar (H.Dr.Peset);8;Patraix;Particular;41;SI;NO;0;NO;NA;No aplicable;2023-04-27;NA
5015;7;6077;Urbanizar 80 metros C/ Vicente Zaragoza desde rotonda del Mirador;14;Benimaclet;Particular;20;NO;NO;0;NO;NA;No aplicable;2023-04-27;NA
5017;7;6079;Adecuacion descampados Luis Braille - Salvador Tuset - Betxi;16;Benicalap;Particular;3;NO;NO;0;NO;NA;No aplicable;2023-04-27;NA
5036;7;6098;Propuestas Barrio Penyaroja;12;Camins al Grau;Representante GT;0;SI;NO;0;NO;NA;No aplicable;2023-04-27;NA
5060;7;6122;Aparcamiento;10;Quatre Carreres;Particular;5;NO;NO;0;NO;NA;No aplicable;2023-04-27;NA
5070;7;6132;Carrer Antonio Ferrandis: Acondicionamiento acera peatonal y carril bici;10;Quatre Carreres;Particular;40;SI;NO;0;NO;NA;No aplicable;2023-04-27;NA
5189;7;6251;Nova rampa d'acces al riu carrer Teruel - conexio carril bici;3;Extramurs;Particular;17;NO;NO;0;NO;NA;No aplicable;2023-04-27;NA
5224;7;6286;Colegios;16;Benicalap;Particular;19;NO;NO;0;NO;NA;No aplicable;2023-04-27;NA
5282;7;6344;Instalacion de placas solares en Campo Municipal de Futbol de Malilla;10;Quatre Carreres;Particular;36;SI;SI;378;NO;240000;Sin etiqueta;2023-04-27;NA
5322;7;6384;REAPERTURA QUIOSCO-BAR MEDIANA BLASCO IBAÑEZ Y PARQUE INFANTIL;13;Algiros;Particular;55;SI;SI;117;NO;315000;Sin etiqueta;2023-04-27;NA
5372;7;6434;Urbanitzacio del cami de les fonts entre la ronda nord i el Carrer Murta;14;Benimaclet;Particular;30;SI;NO;0;NO;NA;No aplicable;2023-04-27;NA
5413;7;6475;PLATAFORMAS MOVILES DE RECOGIDA DE RESIDUOS EN AVDA. OESTE Y PZA. SAN AGUSTIN;1;Ciutat Vella;Representante GT;0;SI;NO;0;NO;NA;No aplicable;2023-04-27;NA
5421;7;6483;Limpieza y mejora del parque el Banquito (junto a la Ronda Norte);16;Benicalap;Particular;15;NO;NO;0;NO;NA;No aplicable;2023-04-27;NA
5475;7;6537;Cementerio Vivo o Bosque del Recuerdo;9;Jesus;Particular;6;NO;NO;0;NO;NA;No aplicable;2023-04-27;NA
5489;7;6551;Aparcamiento motos y paso peatones Torrefiel;15;Rascanya;Particular;4;NO;NO;0;NO;NA;No aplicable;2023-04-27;NA
5536;7;6598;Mas servicios publicos en la playa;11;Poblats Maritims;Particular;19;NO;NO;0;NO;NA;No aplicable;2023-04-27;NA
5542;7;6604;Instalacion de aparatos en Biosaludables en el Jardin de Impresor Monfort;8;Patraix;Representante GT;0;SI;SI;644;SI;10000;Sin etiqueta;2023-04-27;NA
5574;7;6636;MEJORA DE LA ACCESIBILIDAD DE LAS ACERAS;19;1;Particular;20;SI;SI;26;SI;55970;Con etiqueta;2023-04-27;NA
5674;7;6736;VIA SEGURA DESDE BENIFARAIG AL CEIP MANUEL GONZALEZ MARTI;17;1;Particular;54;SI;NO;0;NO;NA;No aplicable;2023-04-27;NA
5715;7;6777;Adecuacion / Asfaltado descampado C/Hermanos Rivas;7;l'Olivereta;Particular;11;NO;NO;0;NO;NA;No aplicable;2023-04-27;NA
5734;7;6796;Arbolado de sombra;4;Campanar;Particular;2;NO;NO;0;NO;NA;No aplicable;2023-04-27;NA
5773;7;6835;Remodelacion de la Plaza del Pueblo;17;3;Ayuntamiento;0;SI;SI;13;NO;12000;Sin etiqueta;2023-04-27;NA
5563;7;6625;Pasos de cebra cruce calle de planas/ calle de las nieves/ calle Aben Amir;10;Quatre Carreres;Particular;14;NO;NO;0;NO;NA;No aplicable;2023-04-27;NA
5669;7;6731;Residencia y Centro para Mayores y Dependientes;16;Benicalap;Particular;30;SI;NO;0;NO;NA;No aplicable;2023-04-27;NA
5774;7;6836;Repavimentacion calzada C/ Pascual Cortina;17;4;Ayuntamiento;0;SI;SI;3;SI;28256;Sin etiqueta;2023-04-27;NA
2655;5;3343;Transformar urbanisticamente Carretera Malilla como la Avda. Peris y Valero;Toda la ciudad;Toda la ciudad;Particular;15;NO;NO;0;NO;NA;No aplicable;2023-04-27;NA
2807;5;3495;BAÑOS PuBLICOS EN LA CIUDAD;Toda la ciudad;Toda la ciudad;Particular;21;NO;NO;0;NO;NA;No aplicable;2023-04-27;NA
2890;5;3579;Mercado de Malilla;Toda la ciudad;Toda la ciudad;Particular;6;NO;NO;0;NO;NA;No aplicable;2023-04-27;NA
2990;6;4046;Rehabilitacion centro historico de Patraix;8;Patraix;Particular;228;SI;NO;0;NO;NA;No aplicable;2023-04-27;NA
3016;6;4072;Mas espacio de juego en parque Enrique Granados Patraix;8;Patraix;Particular;192;SI;SI;438;SI;116232;No aplicable;2023-04-27;NA
3489;6;4546;INSTALACIoN DE SENSORES EN LAS PLAZAS DE ESTACIONAMIENTO PARA CARGA Y DESCARGA;1;Ciutat Vella;Particular;58;SI;SI;179;SI;10000;No aplicable;2023-04-27;NA
3493;6;4550;Playas accesibles a discapacitados con sombras y sillas anfibias;19;4;Particular;41;SI;NO;0;NO;NA;No aplicable;2023-04-27;NA
3552;6;4609;Bancos sentarse av Portugal numeros impares;5;la Saidia;Particular;1;NO;NO;0;NO;NA;No aplicable;2023-04-27;NA
3554;6;4611;REHABILITACIo DEL PATRONATO DE BENIFARAIG;17;1;Particular;68;SI;NO;0;NO;NA;No aplicable;2023-04-27;NA
3724;6;4782;Aparcabicis seguros para la movilidad sostenible en Marxalenes;5;la Saidia;Particular;32;SI;NO;0;NO;NA;No aplicable;2023-04-27;NA
3965;6;5027;Gimnasio municipal;19;3;Particular;4;NO;NO;0;NO;NA;No aplicable;2023-04-27;NA
4029;6;5091;Adecuacion zona cruce C/ Cuenca con Gran Via Ramon y Cajal;3;Extramurs;Particular;6;NO;NO;0;NO;NA;No aplicable;2023-04-27;NA
4064;6;5126;Instalacion de contenedores de aceite usado en el Barri de La Llum;7;l'Olivereta;Particular;9;NO;NO;0;NO;NA;No aplicable;2023-04-27;NA
83;1;2015-00111;NA;14;Benimaclet;Persona Juridica;0;No aplicable;NO;0;NO;NA;No aplicable;2023-04-27;NA
132;1;2015-00169;NA;2;l'Eixample;Persona Juridica;0;No aplicable;NO;0;NO;NA;No aplicable;2023-04-27;NA
212;1;2015-00256;NA;1;Ciutat Vella;Persona Juridica;0;No aplicable;NO;0;NO;NA;No aplicable;2023-04-27;NA
508;1;2016-00003;Propuesta ayuntamiento. ultima fase rehabilitacion inmueble municipal antigua cooperativa benifaraig;17;Pobles del Nord;Persona Juridica;0;No aplicable;SI;319;SI;150000;No aplicable;2023-04-27;NA
544;1;2016-00039;NA;2;l'Eixample;Persona Juridica;0;No aplicable;SI;5;NO;NA;No aplicable;2023-04-27;NA
645;2;26;Cambio de arboles en padre ferris;4;Campanar;Particular;1;NO;NO;0;NO;NA;No aplicable;2023-04-27;NA
790;2;171;EL MAPA DE RUIDO DE RUSSAFA: SONoMETROS MONITORIZADOS.;2;l'Eixample;Particular;118;SI;NO;0;NO;NA;No aplicable;2023-04-27;NA
846;2;227;Senda del Braç de Gabia de la Acequia de Favara;19;Pobles del Sud;Particular;38;SI;NO;0;NO;NA;No aplicable;2023-04-27;NA
866;2;247;Wifi Parque Orriols;15;Rascanya;Particular;3;NO;NO;0;NO;NA;No aplicable;2023-04-27;NA
1081;2;462;Biblioteca;19;Pobles del Sud;Particular;3;NO;NO;0;NO;NA;No aplicable;2023-04-27;NA
1082;2;463;Radares en las Grandes vias;2;l'Eixample;Particular;1;NO;NO;0;NO;NA;No aplicable;2023-04-27;NA
1088;2;469;Jardins verticals per al barri del Carme;1;Ciutat Vella;Particular;3;NO;NO;0;NO;NA;No aplicable;2023-04-27;NA
1180;2;561;Inundacion en el colegio;7;l'Olivereta;Particular;18;NO;NO;0;NO;NA;No aplicable;2023-04-27;NA
1202;2;583;Solar litografo pascual y abad con pedrones;9;Jesus;Particular;3;NO;NO;0;NO;NA;No aplicable;2023-04-27;NA
2776;5;3464;INFORMAR SOBRE LOS SERVICIOS Y CANALES DE ATENCIoN CIUDADANA (010 /web/ app);Toda la ciudad;Toda la ciudad;Particular;6;NO;NO;0;NO;NA;No aplicable;2023-04-27;NA
2910;5;3599;Ciclocalle Aben Al Abbar;Toda la ciudad;Toda la ciudad;Particular;14;NO;NO;0;NO;NA;No aplicable;2023-04-27;NA
2964;6;4020;Carril bici Grandes Vias;2;l'Eixample;Particular;160;SI;NO;0;NO;NA;No aplicable;2023-04-27;NA
3012;6;4068;Mes Contenidors;3;Extramurs;Particular;13;NO;NO;0;NO;NA;No aplicable;2023-04-27;NA
3021;6;4077;Mesas con tablero de parchis/ajedrez;18;1;Particular;7;NO;NO;0;NO;NA;No aplicable;2023-04-27;NA
3023;6;4079;MODERADORES VELOCIDAD CALLE LA SERRELLA;19;3;Particular;4;NO;NO;0;NO;NA;No aplicable;2023-04-27;NA
3039;6;4095;Espacios abandonados para servicios comunitarios;18;1;Particular;19;SI;NO;0;NO;NA;No aplicable;2023-04-27;NA
3045;6;4101;Polideportivo municipal;19;7;Particular;64;SI;SI;142;SI;40000;No aplicable;2023-04-27;NA
3068;6;4124;Espai ciclopeatonal segur per baix del pont de l'estacio del Ferrocarril;17;6;Particular;55;SI;NO;0;NO;NA;No aplicable;2023-04-27;NA
3128;6;4184;APERTURA DE CALLE ANTIGUO LAVADERO CONEXION DOS PARTES DEL BARRIO;19;7;Particular;64;SI;NO;0;NO;NA;No aplicable;2023-04-27;NA
3187;6;4243;Ciencias: Espacio Multiusos;10;Quatre Carreres;Particular;16;NO;NO;0;NO;NA;No aplicable;2023-04-27;NA
3199;6;4255;Comenzar zonas verdes junto Estacion del Cabañal, aprobadas en el Plan Cabañal;11;Poblats Maritims;Particular;99;SI;NO;0;NO;NA;No aplicable;2023-04-27;NA
3233;6;4289;Rehabilitacion completa avenida Perez Galdos Giorgeta;7;l'Olivereta;Particular;116;SI;NO;0;NO;NA;No aplicable;2023-04-27;NA
3279;6;4335;Descampado calle Olba;5;la Saidia;Particular;15;NO;NO;0;NO;NA;No aplicable;2023-04-27;NA
3336;6;4392;CENTRO DE JUVENTUD EN CRUZ CUBIERTA - SAN MARCELINO (JESUS);9;Jesus;Particular;110;SI;NO;0;NO;NA;No aplicable;2023-04-27;NA
3355;6;4411;Vallado perimetral en parque de Plaza Doctor Torrens;10;Quatre Carreres;Particular;15;NO;NO;0;NO;NA;No aplicable;2023-04-27;NA
3475;6;4532;Suciedad de escrementos en calles;16;Benicalap;Particular;29;NO;NO;0;NO;NA;No aplicable;2023-04-27;NA
3510;6;4567;asfaltar descampado bernat descoll junto pablo neruda;10;Quatre Carreres;Particular;18;NO;NO;0;NO;NA;No aplicable;2023-04-27;NA
3618;6;4675;Peatonalizacion, Pacificacion Trafico Entorno calle Quart-Zamenhof;3;Extramurs;Particular;20;NO;NO;0;NO;NA;No aplicable;2023-04-27;NA
3658;6;4716;CONCURS D'IDEES PER A LA REMODELACIo DE LA PLAÇA DEL POBLE DE CARPESA;17;3;Particular;30;SI;NO;0;NO;NA;No aplicable;2023-04-27;NA
3707;6;4765;#mejoromicompracercadecasa.;8;Patraix;Particular;35;SI;NO;0;NO;NA;No aplicable;2023-04-27;NA
3757;6;4817;UNIFICACION CONTENEDORES;9;Jesus;Particular;3;NO;NO;0;NO;NA;No aplicable;2023-04-27;NA
3888;6;4950;Reciclaje de la pista de Formula 1;11;Poblats Maritims;Particular;49;SI;NO;0;NO;NA;No aplicable;2023-04-27;NA
3925;6;4987;Ruta de la Salut al Grau;11;Poblats Maritims;Particular;46;SI;SI;294;SI;92000;No aplicable;2023-04-27;NA
3978;6;5040;RENOVACIo D'ENLLUMENAT DE LA ENTRADA SUD DE LA CIUTAT (PISTA DE SILLA);10;Quatre Carreres;Particular;7;NO;NO;0;NO;NA;No aplicable;2023-04-27;NA
3979;6;5041;VIGILANCIA, MANTENIMIENTO  Y CONTROL PARQUES PUBLICOS;13;Algiros;Particular;11;NO;NO;0;NO;NA;No aplicable;2023-04-27;NA
4060;6;5122;Traslado Para Bus 321 Carrer Sagunt - Sant Joan de la Creu;5;la Saidia;Particular;33;SI;NO;0;NO;NA;No aplicable;2023-04-27;NA
4083;6;5145;INSTALACIoN DE BANCOS EN LOS CRUCES DE CIRILO AMORoS;2;l'Eixample;Particular;10;NO;NO;0;NO;NA;No aplicable;2023-04-27;NA
4102;6;5164;REDISSENY DELS C/ DE L’ANGELICOT I DEL TRIADOR;1;Ciutat Vella;Representante GT;0;SI;SI;156;NO;31200;No aplicable;2023-04-27;NA
4137;6;5199;Plazas de aparcamiento (parking);19;1;Particular;2;NO;NO;0;NO;NA;No aplicable;2023-04-27;NA
4149;6;5211;CONTENEDORES ALIMENTACIoN COLONIAS FELINAS;8;Patraix;Particular;66;SI;SI;545;SI;6200;No aplicable;2023-04-27;NA
4200;6;5262;Espai Natura Orriols;15;Rascanya;Particular;59;SI;NO;0;NO;NA;No aplicable;2023-04-27;NA
4284;7;5346;INSTAL·LACIo DE PANELL INFORMATIU IL·LUMINAT / PANEL INFORMATIVO ILUMINADO;17;7;Particular;1;NO;NO;0;NO;NA;No aplicable;2023-04-27;NA
4293;7;5355;ADECUACIo ANTIC MATADERO COM MAGATZEM / ANTIGUO MATADERO PARA ALMACeN;17;7;Particular;16;SI;NO;0;NO;NA;No aplicable;2023-04-27;NA
4324;7;5386;Adecuacion del entorno de la iglesia;19;5;Particular;20;SI;SI;72;SI;34795;Con etiqueta;2023-04-27;NA
4380;7;5442;AMPLIACIoN DE LA CALZADA DE LA CALLE GIBRALTAR;2;l'Eixample;Particular;0;NO;NO;0;NO;NA;No aplicable;2023-04-27;NA
4416;7;5478;Continuar plantacion arboles en barrio Botanico;3;Extramurs;Particular;42;SI;SI;357;NO;65000;Sin etiqueta;2023-04-27;NA
4525;7;5587;La malvarrosa i l'horta;11;Poblats Maritims;Particular;50;SI;NO;0;NO;NA;No aplicable;2023-04-27;NA
4673;7;5735;PipiCan en parque Nuevo MALILLA;10;Quatre Carreres;Particular;8;NO;NO;0;NO;NA;No aplicable;2023-04-27;NA
4717;7;5779;Nuevo instituto Juan de Garay;8;Patraix;Particular;42;SI;NO;0;NO;NA;No aplicable;2023-04-27;NA
4859;7;5921;Reasfaltado y arreglo de aceras en C/ Luz Casanova;5;la Saidia;Particular;32;SI;SI;232;NO;96393;Sin etiqueta;2023-04-27;NA
4930;7;5992;MEJORA DE CONEXIONES METROVALENCIAS;8;Patraix;Particular;5;NO;NO;0;NO;NA;No aplicable;2023-04-27;NA
4962;7;6024;Vorera i asfalt al carrer Empar Iturbi (Avda.Poeta F Garcia Lorca - Carrer Murla;10;Quatre Carreres;Particular;8;NO;NO;0;NO;NA;No aplicable;2023-04-27;NA
4996;7;6058;Parque para perros;17;6;Particular;10;NO;NO;0;NO;NA;No aplicable;2023-04-27;NA
5042;7;6104;Pintura mural en valla de la Calle Azagador de las Monjas;8;Patraix;Particular;1;NO;NO;0;NO;NA;No aplicable;2023-04-27;NA
5076;7;6138;Acondicionar y acotar el pipican entre Nicasio Benlloch y Valle de Ayora;16;Benicalap;Particular;32;SI;SI;311;SI;75000;Sin etiqueta;2023-04-27;NA
5300;7;6362;Asfaltado calle Gimenez y Costa;19;7;Particular;42;SI;NO;0;NO;NA;No aplicable;2023-04-27;NA
5387;7;6449;Solar con huertas urbanas y transitables;5;la Saidia;Particular;7;NO;NO;0;NO;NA;No aplicable;2023-04-27;NA
5389;7;6451;Un barrio que NO suministre gasolina a la ciudad;8;Patraix;Particular;4;NO;NO;0;NO;NA;No aplicable;2023-04-27;NA
5404;7;6466;Dignificar Plaza Virgen de Lepanto;19;2;Particular;20;SI;NO;0;NO;NA;No aplicable;2023-04-27;NA
5428;7;6490;ADECUACIoN SOLAR CALLE JAIME II – CALLE ALQUERIAS DE BELLVER;16;Benicalap;Particular;39;SI;SI;271;NO;400000;Sin etiqueta;2023-04-27;NA
5573;7;6635;"Otorgar condicion de ""Barrios del deporte"" a Na Rovella y Cdad de las Ciencias";10;Quatre Carreres;Particular;6;NO;NO;0;NO;NA;No aplicable;2023-04-27;NA
5635;7;6697;VALLAR INSTALACIoN IDE TORREFIEL B (BALONCESTO Y FUTBOL);15;Rascanya;Particular;33;SI;NO;0;NO;NA;No aplicable;2023-04-27;NA
5646;7;6708;Arreglar carril bici en mal estado en su tramo en la Avenida de Burjassot;16;Benicalap;Particular;3;NO;NO;0;NO;NA;No aplicable;2023-04-27;NA
5716;7;6778;Ampliar el parque de Escultor Frechina en el solar sin urbanizar;9;Jesus;Particular;12;NO;NO;0;NO;NA;No aplicable;2023-04-27;NA
5742;7;6804;Pacificacion del trafico en Barrio Albors;12;Camins al Grau;Particular;32;SI;NO;0;NO;NA;No aplicable;2023-04-27;NA
23;1;2015-00027;NA;11;Poblats Maritims;Persona Fisica;NA;No aplicable;NO;0;NO;NA;No aplicable;2023-04-27;NA
26;1;2015-00032;NA;3;Extramurs;Persona Fisica;NA;No aplicable;NO;0;NO;NA;No aplicable;2023-04-27;NA
32;1;2015-00038;NA;15;Rascanya;Persona Fisica;NA;No aplicable;NO;0;NO;NA;No aplicable;2023-04-27;NA
71;1;2015-00094;NA;9;Jesus;Persona Fisica;NA;No aplicable;NO;0;NO;NA;No aplicable;2023-04-27;NA
107;1;2015-00141;NA;9;Jesus;Persona Juridica;NA;No aplicable;NO;0;NO;NA;No aplicable;2023-04-27;NA
138;1;2015-00175;NA;15;Rascanya;Persona Fisica;NA;No aplicable;NO;0;NO;NA;No aplicable;2023-04-27;NA
150;1;2015-00187;NA;8;Patraix;Persona Juridica;NA;No aplicable;SI;25;NO;NA;No aplicable;2023-04-27;NA
155;1;2015-00192;NA;8;Patraix;Persona Juridica;NA;No aplicable;NO;0;NO;NA;No aplicable;2023-04-27;NA
156;1;2015-00193;NA;1;Ciutat Vella;Persona Fisica;NA;No aplicable;NO;0;NO;NA;No aplicable;2023-04-27;NA
216;1;2015-00260;NA;14;Benimaclet;Persona Juridica;NA;No aplicable;NO;0;NO;NA;No aplicable;2023-04-27;NA
235;1;2015-00282;NA;10;Quatre Carreres;Persona Fisica;NA;No aplicable;NO;0;NO;NA;No aplicable;2023-04-27;NA
246;1;2015-00295;NA;10;Quatre Carreres;Persona Juridica;NA;No aplicable;NO;0;NO;NA;No aplicable;2023-04-27;NA
255;1;2015-00305;NA;10;Quatre Carreres;Persona Juridica;NA;No aplicable;NO;0;NO;NA;No aplicable;2023-04-27;NA
263;1;2015-00313;NA;9;Jesus;Persona Fisica;NA;No aplicable;NO;0;NO;NA;No aplicable;2023-04-27;NA
290;1;2015-00347;NA;12;Camins al Grau;Persona Fisica;NA;No aplicable;NO;0;NO;NA;No aplicable;2023-04-27;NA
360;1;2015-00423;NA;4;Campanar;Persona Juridica;NA;No aplicable;NO;0;NO;NA;No aplicable;2023-04-27;NA
362;1;2015-00425;NA;4;Campanar;Persona Fisica;NA;No aplicable;SI;9;NO;NA;No aplicable;2023-04-27;NA
374;1;2015-00437;NA;1;Ciutat Vella;Persona Juridica;NA;No aplicable;NO;0;NO;NA;No aplicable;2023-04-27;NA
388;1;2015-00453;NA;8;Patraix;Persona Juridica;NA;No aplicable;NO;0;NO;NA;No aplicable;2023-04-27;NA
430;1;2015-00506;NA;19;Pobles del Sud;Persona Fisica;NA;No aplicable;SI;99;NO;NA;No aplicable;2023-04-27;NA
497;1;2015-00596;NA;15;Rascanya;Persona Juridica;NA;No aplicable;NO;0;NO;NA;No aplicable;2023-04-27;NA
512;1;2016-00007;Propuesta ayuntamiento. Zona juegos infantiles benifaraig;17;Pobles del Nord;Persona Juridica;NA;No aplicable;SI;322;SI;70000;No aplicable;2023-04-27;NA
522;1;2016-00017;Propuesta Ayuntamiento. Mejora dotacion papeleras ordinarias, en calles, en jardines y para zonas de expansion caninca con expendedor de bolsas y cenicero;18;Pobles de l'Oest;Persona Juridica;NA;No aplicable;SI;24;SI;14000;No aplicable;2023-04-27;NA
547;1;2016-00042;NA;18;Pobles de l'Oest;Persona Juridica;NA;No aplicable;SI;2;NO;NA;No aplicable;2023-04-27;NA
604;1;2016-00100;Propuesta ayuntamiento. Medidas de pacificacion del trafico;15;Rascanya;Persona Juridica;NA;No aplicable;SI;11;SI;5000;No aplicable;2023-04-27;NA
629;2;10;Convertir solares en zona de ocio infantil y juvenil y parque de juegos;7;l'Olivereta;Particular;139;SI;SI;189;SI;200000;No aplicable;2023-04-27;NA
660;2;41;Via Ciclo-Peatonal que una la zona de Nazaret con Quatrecarreres;11;Poblats Maritims;Particular;95;SI;SI;234;SI;21000;No aplicable;2023-04-27;NA
671;2;52;Ampliar acera C/Cronista Rivelles y Santa Amalia y mejora semaforos;5;la Saidia;Particular;3;NO;NO;0;NO;NA;No aplicable;2023-04-27;NA
692;2;73;Parada autobus en deviament Benifaraig a l'altura del carrer Rector Aguilar;17;Pobles del Nord;Particular;10;NO;NO;0;NO;NA;No aplicable;2023-04-27;NA
702;2;83;Jardin  San Pancracio-Plaza Joaquin Dualde;5;la Saidia;Particular;5;NO;NO;0;NO;NA;No aplicable;2023-04-27;NA
805;2;186;zona deportiva c. Motilla del Palancar frente n 17  19  21;15;Rascanya;Particular;36;SI;SI;217;SI;60000;No aplicable;2023-04-27;NA
847;2;228;Crear un Skatepark en el barrio de La Torre;19;Pobles del Sud;Particular;37;SI;SI;165;NO;60000;No aplicable;2023-04-27;NA
934;2;315;Contenedores de Reciclaje;6;el Pla del Real;Representante GT;8;SI;NO;0;NO;NA;No aplicable;2023-04-27;NA
952;2;333;Ampliacion parque de Benicalap y rehabilitacion del chalet del Americano;16;Benicalap;Representante GT;23;SI;NO;0;NO;NA;No aplicable;2023-04-27;NA
1030;2;411;ZONA DEPORTIVA AL AIRE LIBRE :  PISTAS DE PADEL O MULTIDEPORTE;19;Pobles del Sud;Particular;1;NO;NO;0;NO;NA;No aplicable;2023-04-27;NA
1084;2;465;Creacion gran espacio cultural barrio Orriols;15;Rascanya;Particular;1;NO;NO;0;NO;NA;No aplicable;2023-04-27;NA
1120;2;501;RETIRAR SETOS BARRIO SANT PAU;4;Campanar;Representante GT;4;SI;NO;0;NO;NA;No aplicable;2023-04-27;NA
1195;2;576;PACIFICAR CAMPAMENTO-FELIPE VALLS;18;Pobles de l'Oest;Particular;2;NO;NO;0;NO;NA;No aplicable;2023-04-27;NA
1214;3;1004;REURBANITZACIo DE LES AVINGUDES PEReZ GALDoS I GIORGETA;Toda la ciudad;Toda la ciudad;Ayuntamiento;628;SI;SI;1499;NO;3500000;No aplicable;2023-04-27;NA
1226;3;1016;CONSTRUCCIo D’UN NOU CAMP DE FUTBOL I VESTUARIS;Toda la ciudad;Toda la ciudad;Ayuntamiento;213;SI;SI;677;NO;1600000;No aplicable;2023-04-27;NA
1274;3;1067;NI UN ALCORQUE VACiO;Toda la ciudad;Toda la ciudad;Particular;102;SI;NO;0;NO;NA;No aplicable;2023-04-27;NA
1336;3;1129;REURBANIZACIoN DE LAS CALLES SAN PEDRO Y LUIS DESPUIG DEL CABANYAL;Toda la ciudad;Toda la ciudad;Particular;11;NO;NO;0;NO;NA;No aplicable;2023-04-27;NA
1440;3;1233;PARQUE DE PARKOUR Y CALISTENIA;Toda la ciudad;Toda la ciudad;Particular;118;SI;SI;953;NO;450000;No aplicable;2023-04-27;NA
1465;3;1258;AMPLIAR ACERAS Y PLANTAR aRBOLES - BARRIO BOTaNICO;Toda la ciudad;Toda la ciudad;Particular;18;NO;NO;0;NO;NA;No aplicable;2023-04-27;NA
1466;3;1259;CONNEXIo DEL CARRIL BICI DEL PASSEIG MARiTIM;Toda la ciudad;Toda la ciudad;Particular;8;NO;NO;0;NO;NA;No aplicable;2023-04-27;NA
1613;3;1409;PABELLoN EN MARCHALENES;Toda la ciudad;Toda la ciudad;Particular;105;SI;SI;387;NO;2600000;No aplicable;2023-04-27;NA
1625;3;1421;CONTENEDORES PARA RECOGER EL ACEITE DOMeSTICO SOBRANTE.;Toda la ciudad;Toda la ciudad;Particular;9;NO;NO;0;NO;NA;No aplicable;2023-04-27;NA
1628;3;1424;POSTES S.O.S. - POSTES DE AVISO A LA POLICiA LOCAL Y EMERGENCIAS EN GENERAL;Toda la ciudad;Toda la ciudad;Particular;1;NO;NO;0;NO;NA;No aplicable;2023-04-27;NA
1652;3;1448;AMPLIACIo DEL NOMBRE DE PLACES D'ESTACIONAMENT AL BARRI DE RUSSAFA;Toda la ciudad;Toda la ciudad;Particular;2;NO;NO;0;NO;NA;No aplicable;2023-04-27;NA
1681;3;1477;ARREGLAR LA ACERA LLENA DE MONTICULOS QUE PRODUCEN CAIDAS DE ANCIANOS;Toda la ciudad;Toda la ciudad;Particular;2;NO;NO;0;NO;NA;No aplicable;2023-04-27;NA
1698;3;1494;TORRADEROS EN VALENCIA;Toda la ciudad;Toda la ciudad;Particular;4;NO;NO;0;NO;NA;No aplicable;2023-04-27;NA
1703;3;1499;HACER MaS VERDE EL DISTRITO DE BENICALAP;Toda la ciudad;Toda la ciudad;Particular;112;SI;SI;899;NO;610000;No aplicable;2023-04-27;NA
1713;3;1509;ADECUACIoN DEL SOLAR CALLE NINO BRAVO (FRENTE oPERA REINA SOFiA);Toda la ciudad;Toda la ciudad;Particular;5;NO;NO;0;NO;NA;No aplicable;2023-04-27;NA
1726;3;1522;BAÑOS PuBLICOS EN BENIMACLET;Toda la ciudad;Toda la ciudad;Particular;13;NO;NO;0;NO;NA;No aplicable;2023-04-27;NA
1729;3;1525;ESPACIO DE CONVIVENCIA CIUDADANA.;Toda la ciudad;Toda la ciudad;Particular;0;NO;NO;0;NO;NA;No aplicable;2023-04-27;NA
1753;3;1549;CREACION DE UN CENTRO DE ESCALADA INDOOR;Toda la ciudad;Toda la ciudad;Particular;130;SI;SI;585;NO;1700000;No aplicable;2023-04-27;NA
1826;4;2055;AUMENTO DE LA SEGURIDAD PARA LOS NIÑOS EN LA FUENTE DE RUZAFA (PZ. DR. LANDETE);2;l'Eixample;Particular;7;NO;NO;0;NO;NA;No aplicable;2023-04-27;NA
1838;4;2067;ASFALTAR  LA C/CREUETA ALTA Y ENTRADA CASA COLOMINS;19;1;Particular;41;SI;SI;33;SI;22453;No aplicable;2023-04-27;NA
1852;4;2081;AJARDINAMIENTO SOLAR EN BARRIO DE MONTOLIVET;10;Quatre Carreres;Particular;31;SI;SI;197;NO;535500;No aplicable;2023-04-27;NA
1940;4;2169;CARRIL BICI POR LA CALLE SERRERIA;12;Camins al Grau;Particular;34;SI;NO;0;NO;NA;No aplicable;2023-04-27;NA
1988;4;2217;PAELLEROS+MESAS PICNIC  PARA NUEVA ALCALDIA;17;4;Particular;17;SI;SI;3;NO;3400;No aplicable;2023-04-27;NA
2011;4;2240;ACERA FINCA PLAZA DE AVILA, 14;5;la Saidia;Particular;47;SI;SI;32;NO;200000;No aplicable;2023-04-27;NA
2046;4;2275;CREACIoN DE NUEVAS ZONAS AJARDINADAS, PARQUES Y ZONA PaRQUING;20;No consta;Particular;4;NO;NO;0;NO;NA;No aplicable;2023-04-27;NA
2060;4;2289;MEGAFONIA PARA BANDOS EN CASES DE BaRCENA Y CREACIoN DE APP PARA BANDOS.;17;4;Representante GT;0;SI;SI;0;NO;12000;No aplicable;2023-04-27;NA
2103;4;2332;AMPLIAR ZONA JUEGOS INFANTIL EN 3º FASE PARQUE JUAN BAUTISTA PASTOR (BORBOTo);17;7;Particular;30;SI;SI;64;SI;35306;No aplicable;2023-04-27;NA
2176;4;2405;INSTAL.LACIo DE BANCS A C/ PALLETER, aNGEL GUIMERa, JOAN LLORENÇ I MARTi L'HUMa;3;Extramurs;Representante GT;0;SI;SI;422;SI;18000;No aplicable;2023-04-27;NA
2196;4;2425;RENOVACIoN ALCORQUES DISTRITO 9  -JESuS-;9;Jesus;Particular;1;NO;NO;0;NO;NA;No aplicable;2023-04-27;NA
2280;4;2509;ASFALTADO CALLE MuSICO GOMIS.;8;Patraix;Particular;16;NO;NO;0;NO;NA;No aplicable;2023-04-27;NA
2296;4;2525;FUENTES PuBLICAS DE AGUA POTABLE EN EL CENTRO;1;Ciutat Vella;Particular;62;SI;SI;157;NO;50000;No aplicable;2023-04-27;NA
2349;5;3037;Soterrar los contenedores de Reig Genoves entre San Juan Bosco y Reig Genoves;Toda la ciudad;Toda la ciudad;Particular;11;NO;NO;0;NO;NA;No aplicable;2023-04-27;NA
2377;5;3065;Acabar el carril bici de la calle San Vicente y conectarlo con el otro tramo;Toda la ciudad;Toda la ciudad;Particular;129;SI;NO;0;NO;NA;No aplicable;2023-04-27;NA
2439;5;3127;AMPLIAR RUTAS Y UNIDADES DE LA EMT EN HORARIO NOCTURNO;Toda la ciudad;Toda la ciudad;Particular;136;SI;NO;0;NO;NA;No aplicable;2023-04-27;NA
2565;5;3253;Contenedores Reciclaje;Toda la ciudad;Toda la ciudad;Particular;20;NO;NO;0;NO;NA;No aplicable;2023-04-27;NA
2587;5;3275;Soterrar el trafico en el cruce de Primado Reig con C/ Cofrentes y V.Zaragoza;Toda la ciudad;Toda la ciudad;Particular;12;NO;NO;0;NO;NA;No aplicable;2023-04-27;NA
2715;5;3403;Modificar zona azul del barrio del Ensanche (CP 46005);Toda la ciudad;Toda la ciudad;Particular;9;NO;NO;0;NO;NA;No aplicable;2023-04-27;NA
2805;5;3493;Construccion PABELLoN municipal barrios Algiros y Camins al Grau;Toda la ciudad;Toda la ciudad;Particular;154;SI;NO;0;NO;NA;No aplicable;2023-04-27;NA
2838;5;3526;Auditorio Parque de Benicalap;Toda la ciudad;Toda la ciudad;Particular;20;NO;NO;0;NO;NA;No aplicable;2023-04-27;NA
2994;6;4050;Control y tratamiento generalizado anti-termitas;1;Ciutat Vella;Particular;95;SI;NO;0;NO;NA;No aplicable;2023-04-27;NA
3014;6;4070;Colocacion Bancos;10;Quatre Carreres;Particular;16;NO;NO;0;NO;NA;No aplicable;2023-04-27;NA
3054;6;4110;Font de Sant Lluis;10;Quatre Carreres;Particular;30;SI;NO;0;NO;NA;No aplicable;2023-04-27;NA
3172;6;4228;Nuevos parques infantiles de juego sin contacto;3;Extramurs;Particular;41;SI;NO;0;NO;NA;No aplicable;2023-04-27;NA
3322;6;4378;Velocidad y contaminacion acusticas;9;Jesus;Particular;12;NO;NO;0;NO;NA;No aplicable;2023-04-27;NA
3335;6;4391;Circuito canino agility;19;8;Particular;12;NO;NO;0;NO;NA;No aplicable;2023-04-27;NA
3351;6;4407;Avenida Ecuador;16;Benicalap;Particular;3;NO;NO;0;NO;NA;No aplicable;2023-04-27;NA
3421;6;4477;Papeleras para tod@s, accesibles a niñ@s y personas con movilidad reducida.;14;Benimaclet;Particular;39;SI;NO;0;NO;NA;No aplicable;2023-04-27;NA
3437;6;4493;Mantenimiento de arbolado y badenes Zona Falla Archiduque Carlos-Musico Gomis;8;Patraix;Particular;19;NO;NO;0;NO;NA;No aplicable;2023-04-27;NA
3485;6;4542;Ampliar aceras de la calle Marques de Sotelo (reurbanizacion definitiva);1;Ciutat Vella;Particular;30;SI;NO;0;NO;NA;No aplicable;2023-04-27;NA
3579;6;4636;Asfaltado de descampado en calle Alcacer;7;l'Olivereta;Particular;144;SI;NO;0;NO;NA;No aplicable;2023-04-27;NA
3722;6;4780;Quiosco y parque en la mediana de Blasco Ibañez a la altura de Plaza de Honduras;13;Algiros;Particular;51;SI;SI;178;NO;300000;No aplicable;2023-04-27;NA
3739;6;4799;Limpieza C/Leones, C/Pobla de Farnals, C/Duc de Gaeta y C/ Pepe Alba;13;Algiros;Particular;21;NO;NO;0;NO;NA;No aplicable;2023-04-27;NA
3748;6;4808;C/Ruzafa y Cirilo solo residentes.;2;l'Eixample;Particular;6;NO;NO;0;NO;NA;No aplicable;2023-04-27;NA
3814;6;4875;Purificadores con filtro HEPA y sensores de CO2 en los centros escolares;2;l'Eixample;Particular;76;SI;NO;0;NO;NA;No aplicable;2023-04-27;NA
3824;6;4885;INSTALACIoN DE FUENTES DE AGUA FILTRADA;4;Campanar;Particular;35;SI;SI;423;SI;37500;No aplicable;2023-04-27;NA
3872;6;4934;Finalizacion del campo de futbol SOCIOPOLIS;19;7;Particular;27;SI;NO;0;NO;NA;No aplicable;2023-04-27;NA
3890;6;4952;REUBICAR PARADA EMT PELIGROSA BARRIO ORRIOLS;15;Rascanya;Particular;32;SI;NO;0;NO;NA;No aplicable;2023-04-27;NA
3975;6;5037;Comisaria en castellar-oliveral;19;2;Particular;38;SI;NO;0;NO;NA;No aplicable;2023-04-27;NA
4016;6;5078;Ampliacion de acera en la Calle Dr. Andres Piquer (del nº60 al 42 muy peligroso);17;6;Particular;30;SI;NO;0;NO;NA;No aplicable;2023-04-27;NA
4118;6;5180;URBANIZACIoN CAMI DE VERoNICA PARA MEJORA ACCESO RESIDENCIAL CASALTAS;17;6;Particular;19;SI;NO;0;NO;NA;No aplicable;2023-04-27;NA
4219;6;5281;TRES FORQUES: LA CALLE DE LAS PERSONAS. Pacificacion del trafico (I);7;l'Olivereta;Particular;36;SI;SI;26;NO;280000;No aplicable;2023-04-27;NA
4238;7;5300;FUENTES DE AGUA POTABLE, FILTRADA Y REFRIGERADA;7;l'Olivereta;Particular;54;SI;SI;360;SI;47720;Con etiqueta;2023-04-27;NA
4243;7;5305;Dotar de iluminacion las canchas deportivas de la C/ Musico Gines;13;Algiros;Particular;38;SI;SI;273;SI;48390;Sin etiqueta;2023-04-27;NA
4267;7;5329;Adecuar Descampado Lebon;12;Camins al Grau;Particular;21;NO;NO;0;NO;NA;No aplicable;2023-04-27;NA
4276;7;5338;Carril bici en Santos Justo y Pastor;13;Algiros;Particular;45;SI;NO;0;NO;NA;No aplicable;2023-04-27;NA
4297;7;5359;Reforma integral del parc de la estacioneta (o del trenet);9;Jesus;Particular;50;SI;SI;362;SI;374000;Con etiqueta;2023-04-27;NA
4310;7;5372;APARCAMIENTO CEMENTERIO CAMPANAR;4;Campanar;Particular;34;SI;SI;100;NO;326000;Sin etiqueta;2023-04-27;NA
4330;7;5392;Mejorar Carril Bici Avenida Peris i Valero;2;l'Eixample;Particular;40;SI;SI;158;NO;450000;Sin etiqueta;2023-04-27;NA
4394;7;5456;? PARQUE DE BARRAS-CALISTENIA EN EL RiO (tramo Quatre Carreres);10;Quatre Carreres;Particular;35;SI;SI;324;NO;60000;Sin etiqueta;2023-04-27;NA
4407;7;5469;REMODELAR JARDIN PLAZA DEL CEDRO;13;Algiros;Representante GT;0;SI;SI;255;SI;69000;Con etiqueta;2023-04-27;NA
4438;7;5500;Lavabo publico: Acceso a los wc;19;5;Particular;17;SI;SI;11;NO;39795;Sin etiqueta;2023-04-27;NA
4444;7;5506;Biciparcs;13;Algiros;Particular;9;NO;NO;0;NO;NA;No aplicable;2023-04-27;NA
4469;7;5531;Paso de cebra Av. Perez Galdos numero 41;3;Extramurs;Particular;53;SI;NO;0;NO;NA;No aplicable;2023-04-27;NA
4496;7;5558;Pista de padel;19;3;Particular;44;SI;NO;0;NO;NA;No aplicable;2023-04-27;NA
4572;7;5634;Carril bici hasta el hospital Arnau de Vilanova;4;Campanar;Particular;7;NO;NO;0;NO;NA;No aplicable;2023-04-27;NA
4586;7;5648;Cambio recorrido linea 95 por Av. Las Moreras en ambos sentidos.;12;Camins al Grau;Particular;23;NO;NO;0;NO;NA;No aplicable;2023-04-27;NA
4592;7;5654;Cruce Peligroso Martinez Aloy con Pintor Segrelles.;3;Extramurs;Particular;5;NO;NO;0;NO;NA;No aplicable;2023-04-27;NA
4621;7;5683;Alqueria de Los Frailes;8;Patraix;Particular;9;NO;NO;0;NO;NA;No aplicable;2023-04-27;NA
4632;7;5694;ACABAMENT INSTAL.LACIo ESPORTIVA REINA VIOLANT;4;Campanar;Representante GT;0;SI;SI;525;SI;250000;Sin etiqueta;2023-04-27;NA
4803;7;5865;Piscina publica sin cloro;3;Extramurs;Particular;7;NO;NO;0;NO;NA;No aplicable;2023-04-27;NA
4808;7;5870;PACIFICAR EL TRAFICO EN AV. AUSIAS MARCH;10;Quatre Carreres;Particular;15;NO;NO;0;NO;NA;No aplicable;2023-04-27;NA
4845;7;5907;Nuevo centro Salud Nou Patraix ( Safranar);8;Patraix;Particular;21;NO;NO;0;NO;NA;No aplicable;2023-04-27;NA
4912;7;5974;"LOS JARDINES DEL GRUPO DE VIVIENDAS "" 8 DE MARZO "" DEL BARRIO TRES FORQUES.";7;l'Olivereta;Particular;7;NO;NO;0;NO;NA;No aplicable;2023-04-27;NA
4960;7;6022;Cambio areas de juego en varios parques infantiles;4;Campanar;Particular;5;NO;NO;0;NO;NA;No aplicable;2023-04-27;NA
4986;7;6048;Separacion de vial Maestro Rodrigo desde el nº52 hasta el nº40;4;Campanar;Particular;2;NO;NO;0;NO;NA;No aplicable;2023-04-27;NA
5008;7;6070;Dignificar la xona davant de Sant Valer;2;l'Eixample;Particular;29;NO;NO;0;NO;NA;No aplicable;2023-04-27;NA
5087;7;6149;Aceras inundables;2;l'Eixample;Particular;0;NO;NO;0;NO;NA;No aplicable;2023-04-27;NA
5106;7;6168;Cambio farolas Calle Alqueria de la Comtessa (IES Malilla);10;Quatre Carreres;Particular;6;NO;NO;0;NO;NA;No aplicable;2023-04-27;NA
5130;7;6192;PAVIMENTACIoN DE LOS VIALES DE LA DEVESA DE EL SALER.;19;4;Particular;30;SI;SI;118;SI;89110;Sin etiqueta;2023-04-27;NA
5137;7;6199;Excesos en la ocupacion de aceras;1;Ciutat Vella;Particular;14;NO;NO;0;NO;NA;No aplicable;2023-04-27;NA
5207;7;6269;Centro de salud;8;Patraix;Particular;28;NO;NO;0;NO;NA;No aplicable;2023-04-27;NA
5232;7;6294;PROPUESTA DE MODIFICACIoN DEL TRaFICO EN LA CALLE SOLLANA E IMPLANTACIoN DE UN P;10;Quatre Carreres;Representante GT;0;SI;SI;165;NO;58180;Sin etiqueta;2023-04-27;NA
5249;7;6311;Alumbrado calle Albalat dels Tarongers;13;Algiros;Particular;14;NO;NO;0;NO;NA;No aplicable;2023-04-27;NA
5346;7;6408;Urbanizacion Plaza Juan Pablo II;4;Campanar;Particular;33;SI;SI;119;NO;620000;Sin etiqueta;2023-04-27;NA
5438;7;6500;PLACAS FOTOVOLTAICAS PARA EL POLIDEPORTIVO DR. LLUCH;11;Poblats Maritims;Particular;47;SI;SI;215;SI;147986;Con etiqueta;2023-04-27;NA
5439;7;6501;Projecte tecnic;19;6;Particular;4;NO;NO;0;NO;NA;No aplicable;2023-04-27;NA
5460;7;6522;Readequacio del passatge Santa Mª Micaela i Horticultor Corset;3;Extramurs;Particular;112;SI;NO;0;NO;NA;No aplicable;2023-04-27;NA
5461;7;6523;Millora de la il·luminacio a la ronda nord;14;Benimaclet;Representante GT;0;SI;SI;267;SI;120000;Sin etiqueta;2023-04-27;NA
5483;7;6545;CIERRE NOCTURNO DE PARQUES MONTEOLIVETE;10;Quatre Carreres;Particular;32;SI;NO;0;NO;NA;No aplicable;2023-04-27;NA
5486;7;6548;Aprovechar el antiguo solar del cuartel de la guardia civil en Nazaret;11;Poblats Maritims;Particular;14;NO;NO;0;NO;NA;No aplicable;2023-04-27;NA
5496;7;6558;Adecentar el solar de calle Carolina alvarez 33-41 con un aparcamiento publico;12;Camins al Grau;Representante GT;0;SI;NO;0;NO;NA;No aplicable;2023-04-27;NA
5502;7;6564;MEJORA DE CALZADA Y CREACIoN DE ACERAS EN LA FONTETA;10;Quatre Carreres;Representante GT;0;SI;SI;254;NO;115000;Sin etiqueta;2023-04-27;NA
5504;7;6566;ACTUALIZACIoN PARTICIPATIVA DE LA PLAZA DE SAN ROQUE;16;Benicalap;Particular;16;NO;NO;0;NO;NA;No aplicable;2023-04-27;NA
5554;7;6616;Peatonalitzacio carrer Pare Alegre (entrada ppal CEIP Pare Catala);14;Benimaclet;Particular;42;SI;SI;219;NO;250000;Sin etiqueta;2023-04-27;NA
5558;7;6620;NATURALIZACIoN PLAZA LA BOTJA, PARQUE PARA NIÑ+S Y REHABILITACIoN PALACIO BALMES;1;Ciutat Vella;Particular;27;NO;NO;0;NO;NA;No aplicable;2023-04-27;NA
5603;7;6665;Remodelacion del parque Calle Archena nº20;7;l'Olivereta;Particular;67;SI;SI;202;NO;525000;Sin etiqueta;2023-04-27;NA
5619;7;6681;Superilla Pla del Remei;2;l'Eixample;Particular;49;SI;NO;0;NO;NA;No aplicable;2023-04-27;NA
5637;7;6699;Iluminacion Parque La carrasca - Campus de tarongers;13;Algiros;Particular;25;NO;NO;0;NO;NA;No aplicable;2023-04-27;NA
5671;7;6733;Propuesta Proyecto Decidim 2022;19;6;Particular;21;SI;SI;9;SI;16153;Sin etiqueta;2023-04-27;NA
5697;7;6759;Creacio d'ITINERARIS ACCESSIBLES a Ciutat Vella;1;Ciutat Vella;Particular;21;NO;NO;0;NO;NA;No aplicable;2023-04-27;NA
5701;7;6763;Eliminacion de farolas en C/Sta. Cruz de Tenerife;8;Patraix;Particular;11;NO;NO;0;NO;NA;No aplicable;2023-04-27;NA
5704;7;6766;Conectar el complejo sanitario de Campanar con la red de carriles bici;4;Campanar;Particular;5;NO;NO;0;NO;NA;No aplicable;2023-04-27;NA
5748;7;6810;Jardines en Chaflanes;3;Extramurs;Particular;32;SI;NO;0;NO;NA;No aplicable;2023-04-27;NA
5752;7;6814;Rocodromo en el rio;11;Poblats Maritims;Particular;3;NO;NO;0;NO;NA;No aplicable;2023-04-27;NA
5753;7;6815;RENOVACIoN Y MEJORA ALUMBRADO EN EL BARRIO CAMI REAL;8;Patraix;Particular;7;NO;NO;0;NO;NA;No aplicable;2023-04-27;NA
5778;7;6840;Repavimentacion calzada C/ Don Quijote;18;1;Ayuntamiento;0;SI;SI;142;SI;54562;Sin etiqueta;2023-04-27;NA
2;1;2015-00002;NA;5;la Saidia;Persona Fisica;0;No aplicable;SI;72;NO;NA;No aplicable;2023-04-27;NA
19;1;2015-00022;Eliminar barrera arquitectonica;8;Patraix;Persona Fisica;0;No aplicable;SI;48;SI;24500;No aplicable;2023-04-27;NA
92;1;2015-00120;NA;3;Extramurs;Persona Juridica;0;No aplicable;NO;0;NO;NA;No aplicable;2023-04-27;NA
119;1;2015-00154;NA;8;Patraix;Persona Juridica;0;No aplicable;NO;0;NO;NA;No aplicable;2023-04-27;NA
140;1;2015-00177;NA;19;Pobles del Sud;Persona Juridica;0;No aplicable;NO;0;NO;NA;No aplicable;2023-04-27;NA
152;1;2015-00189;NA;1;Ciutat Vella;Persona Fisica;0;No aplicable;NO;0;NO;NA;No aplicable;2023-04-27;NA
217;1;2015-00261;NA;9;Jesus;Persona Juridica;0;No aplicable;NO;0;NO;NA;No aplicable;2023-04-27;NA
239;1;2015-00286;Renovacion de contenedores basura;8;Patraix;Persona Fisica;0;No aplicable;SI;48;SI;66500;No aplicable;2023-04-27;NA
253;1;2015-00303;NA;1;Ciutat Vella;Persona Fisica;0;No aplicable;NO;0;NO;NA;No aplicable;2023-04-27;NA
262;1;2015-00312;NA;11;Poblats Maritims;Persona Fisica;0;No aplicable;SI;55;NO;NA;No aplicable;2023-04-27;NA
319;1;2015-00380;NA;11;Poblats Maritims;Persona Juridica;0;No aplicable;NO;0;NO;NA;No aplicable;2023-04-27;NA
357;1;2015-00420;NA;7;l'Olivereta;Persona Juridica;0;No aplicable;NO;0;NO;NA;No aplicable;2023-04-27;NA
413;1;2015-00482;NA;10;Quatre Carreres;Persona Fisica;0;No aplicable;SI;75;NO;NA;No aplicable;2023-04-27;NA
420;1;2015-00491;NA;10;Quatre Carreres;Persona Fisica;0;No aplicable;NO;0;NO;NA;No aplicable;2023-04-27;NA
539;1;2016-00034;NA;7;l'Olivereta;Persona Juridica;0;No aplicable;SI;13;NO;NA;No aplicable;2023-04-27;NA
572;1;2016-00067;Propuesta ayuntamiento. Mejora de la accesibilidad en paradas del transporte urbano de rascanya;15;Rascanya;Persona Juridica;0;No aplicable;SI;4;SI;33573;No aplicable;2023-04-27;NA
573;1;2016-00068;NA;7;l'Olivereta;Persona Juridica;0;No aplicable;SI;11;NO;NA;No aplicable;2023-04-27;NA
617;1;2016-00113;Propuesta ayuntamiento. Medidas de pacificacion del trafico;13;Algiros;Persona Juridica;0;No aplicable;SI;43;SI;3000;No aplicable;2023-04-27;NA
649;2;30;Pavimentar acera olvidada de los nºs pares en Rafael Cisternes;6;el Pla del Real;Particular;10;NO;NO;0;NO;NA;No aplicable;2023-04-27;NA
658;2;39;Carril bici en las grandes vias:  Germanias, Marques del Turia...;2;l'Eixample;Particular;637;SI;NO;0;NO;NA;No aplicable;2023-04-27;NA
669;2;50;Carril bici y calmado de trafico en Av. Constitucion, puentes y margenes del rio;5;la Saidia;Particular;250;SI;SI;211;SI;347394;No aplicable;2023-04-27;NA
670;2;51;Carril bici por la calle Maximiliano Thous;5;la Saidia;Particular;21;NO;NO;0;NO;NA;No aplicable;2023-04-27;NA
689;2;70;Bajar el carril bici de la Avenida del Puerto a la calzada;11;Poblats Maritims;Particular;176;SI;SI;228;SI;334607;No aplicable;2023-04-27;NA
694;2;75;Reacondicionament d'una vorera.;17;Pobles del Nord;Particular;33;SI;NO;0;NO;NA;No aplicable;2023-04-27;NA
701;2;82;Zonas para perros en todos los barrios;2;l'Eixample;Particular;35;SI;NO;0;NO;NA;No aplicable;2023-04-27;NA
736;2;117;"Campaña Perros si, ciudad limpia tambien"": + espacios + concienciacion - cacas""";13;Algiros;Particular;15;NO;NO;0;NO;NA;No aplicable;2023-04-27;NA
758;2;139;Carril bici que cruce toda la zona de malilla;10;Quatre Carreres;Particular;5;NO;NO;0;NO;NA;No aplicable;2023-04-27;NA
770;2;151;PARQUE CANINO;16;Benicalap;Particular;8;NO;NO;0;NO;NA;No aplicable;2023-04-27;NA
788;2;169;Parque Central;2;l'Eixample;Particular;15;NO;NO;0;NO;NA;No aplicable;2023-04-27;NA
810;2;191;Rehabilitacion kiosko/pergola en Parque municipal de Orriols;15;Rascanya;Particular;31;SI;SI;118;NO;235000;No aplicable;2023-04-27;NA
852;2;233;Crear Espacios de ocio saludable para adolescentes de 12 a 16 años;13;Algiros;Particular;11;NO;NO;0;NO;NA;No aplicable;2023-04-27;NA
874;2;255;CARRIL BICI y TRaFICO de UN SOLO SENTIDO Avda Cardenal Benlloch- Manuel Candela;13;Algiros;Particular;14;NO;NO;0;NO;NA;No aplicable;2023-04-27;NA
882;2;263;Jardin en el solar entre Pintor Maella y Samuel Ros;12;Camins al Grau;Representante GT;42;SI;SI;314;SI;236131;No aplicable;2023-04-27;NA
890;2;271;REFUGI DE LA GUERRA CIVIL A MASSARROJOS;17;Pobles del Nord;Particular;41;SI;SI;490;SI;23000;No aplicable;2023-04-27;NA
894;2;275;TARJETA RESIDENTE ZONA NARANJA;2;l'Eixample;Representante GT;9;SI;NO;0;NO;NA;No aplicable;2023-04-27;NA
958;2;339;Rediseño parque infantil calle Guardia Civil, Num. 20/21/22 y 23;14;Benimaclet;Representante GT;13;SI;NO;0;NO;NA;No aplicable;2023-04-27;NA
987;2;368;MODIFICACIoN  ACCESO PEATONAL ELEVADO CALLE SOT DE CHERA CON LA CALLE FORTALENI;18;Pobles de l'Oest;Particular;78;SI;SI;222;SI;84000;No aplicable;2023-04-27;NA
1060;2;441;Cambio de farolas en la Malvarrosa;11;Poblats Maritims;Particular;2;NO;NO;0;NO;NA;No aplicable;2023-04-27;NA
1061;2;442;ZONA DE JUEGOS INFANTILES (PARQUE INFANTIL) - CALLES HIEDRA/MALLORQUINS/LINTERNA;1;Ciutat Vella;Representante GT;17;SI;SI;250;SI;60000;No aplicable;2023-04-27;NA
1302;3;1095;ASFALTADO COMPLETO DE LA AVENIDA DE CARDENAL BENLLOCH.;Toda la ciudad;Toda la ciudad;Particular;20;NO;NO;0;NO;NA;No aplicable;2023-04-27;NA
1467;3;1260;BIBLIOTECA BARRIO SAN ISIDRO;Toda la ciudad;Toda la ciudad;Particular;15;NO;NO;0;NO;NA;No aplicable;2023-04-27;NA
1502;3;1295;DIFUSIoN ANIMALES EN ADOPCIoN EN ESPACIOS PuBLICOS;Toda la ciudad;Toda la ciudad;Particular;9;NO;NO;0;NO;NA;No aplicable;2023-04-27;NA
1517;3;1310;AMPLIACIoN Y MEJORA DEL PARQUE INFANTIL DEL RECINTO INTERIOR DEL MERCADO ABASTOS;Toda la ciudad;Toda la ciudad;Particular;11;NO;NO;0;NO;NA;No aplicable;2023-04-27;NA
1553;3;1347;SEÑALIZAR CON PLACAS LUMINOSAS PASOS DE PEATONES CALLE MAYOR DE NAZARET;Toda la ciudad;Toda la ciudad;Particular;2;NO;NO;0;NO;NA;No aplicable;2023-04-27;NA
1721;3;1517;DEJAR PESCAR EN LA GOLA DEL PUXOL LAS VEINS DEL SALER I GAVINES;Toda la ciudad;Toda la ciudad;Particular;2;NO;NO;0;NO;NA;No aplicable;2023-04-27;NA
1883;4;2112;REHABILITACIoN DEL SUELO DEL PABELLON ESCOLAR DEL COLEGIO MIGUEL HERNANDEZ;15;Rascanya;Particular;9;NO;NO;0;NO;NA;No aplicable;2023-04-27;NA
1919;4;2148;ESPACIO LIBRE PARA EL DESARROLLO DE ACTIVIDADES COMUNITARIAS;19;1;Representante GT;0;SI;NO;0;NO;NA;No aplicable;2023-04-27;NA
1997;4;2226;HABILITAR ZONA DESCaRREGA I CONTENIDORS MERCAT DEL CABANYAL;11;Poblats Maritims;Particular;10;NO;NO;0;NO;NA;No aplicable;2023-04-27;NA
2205;4;2434;CARACTERiSTICAS DE LOS aRBOLES DE LAS PLAZAS DEL DISTRITO DE PATRAIX;8;Patraix;Particular;15;NO;NO;0;NO;NA;No aplicable;2023-04-27;NA
2237;4;2466;COMETIDA DE AGUA Y/O CUARTO DE BAÑO EN LOCAL DE LA A. VV.;10;Quatre Carreres;Representante GT;0;SI;NO;0;NO;NA;No aplicable;2023-04-27;NA
2404;5;3092;Bolardo;Toda la ciudad;Toda la ciudad;Particular;4;NO;NO;0;NO;NA;No aplicable;2023-04-27;NA
2416;5;3104;Conectar Valencia con el Parque fluvial del Turia;Toda la ciudad;Toda la ciudad;Particular;212;SI;NO;0;NO;NA;No aplicable;2023-04-27;NA
2425;5;3113;Reforma calle Pedro de Valencia;Toda la ciudad;Toda la ciudad;Particular;12;NO;NO;0;NO;NA;No aplicable;2023-04-27;NA
2444;5;3132;benimamet, campito de futbito.;Toda la ciudad;Toda la ciudad;Particular;36;NO;NO;0;NO;NA;No aplicable;2023-04-27;NA
2486;5;3174;Ayudas fiscales a las familias monoparentales y monomarentales;Toda la ciudad;Toda la ciudad;Particular;15;NO;NO;0;NO;NA;No aplicable;2023-04-27;NA
2492;5;3180;Adecuar solar en Benicalap;Toda la ciudad;Toda la ciudad;Particular;109;SI;NO;0;NO;NA;No aplicable;2023-04-27;NA
2539;5;3227;Cruce Marina Baixa-Hospital Arnau;Toda la ciudad;Toda la ciudad;Particular;10;NO;NO;0;NO;NA;No aplicable;2023-04-27;NA
2544;5;3232;Carril Bici Castellar-Valencia, acceso a Valenbisi y motos electri. en Castellar;Toda la ciudad;Toda la ciudad;Particular;110;SI;SI;2745;SI;6000;No aplicable;2023-04-27;NA
2582;5;3270;Adecuar solar y hacer un parque en Benicalap;Toda la ciudad;Toda la ciudad;Particular;41;NO;NO;0;NO;NA;No aplicable;2023-04-27;NA
2638;5;3326;Reducir numero de asesores y destinar ese dinero a parques infantiles..;Toda la ciudad;Toda la ciudad;Particular;25;NO;NO;0;NO;NA;No aplicable;2023-04-27;NA
2837;5;3525;Desplazar parada autobuses de la linea amarilla;Toda la ciudad;Toda la ciudad;Particular;10;NO;NO;0;NO;NA;No aplicable;2023-04-27;NA
2870;5;3559;PASARELA CICLOPEATONAL  LA TORRE-SOCIOPOLIS CON SAN MARCELINO;Toda la ciudad;Toda la ciudad;Particular;34;NO;NO;0;NO;NA;No aplicable;2023-04-27;NA
3002;6;4058;Biblioteca y espacio de creacion colaborativa junto avenida Maestro Rodrigo;4;Campanar;Particular;286;SI;NO;0;NO;NA;No aplicable;2023-04-27;NA
3102;6;4158;¿QUe RUIDO HACE UNA PASTELERiA? REUBICACIoN DE LOS SONoMETROS DE RUZAFA;2;l'Eixample;Particular;63;SI;SI;169;NO;40000;No aplicable;2023-04-27;NA
3240;6;4296;Arcs d'entrada al barri xines;3;Extramurs;Particular;41;SI;SI;342;SI;14000;No aplicable;2023-04-27;NA
3311;6;4367;Rehabilitacion C/ Jordi de Sant Jordi;13;Algiros;Particular;10;NO;NO;0;NO;NA;No aplicable;2023-04-27;NA
3365;6;4421;Policia de barrio;12;Camins al Grau;Particular;45;SI;NO;0;NO;NA;No aplicable;2023-04-27;NA
3427;6;4483;Pacificar el trafico en la antigua carretera de Barcelona;17;4;Particular;7;NO;NO;0;NO;NA;No aplicable;2023-04-27;NA
3531;6;4588;Crear plaza en Monestir de Poblet con Aparicio Albiñana;4;Campanar;Particular;41;SI;SI;82;NO;330000;No aplicable;2023-04-27;NA
3686;6;4744;Educacion canina;15;Rascanya;Particular;15;NO;NO;0;NO;NA;No aplicable;2023-04-27;NA
3732;6;4790;REDACCIo DE PROJECTE PER A LA REHABILITACIo DE L'ESTACIo DEL GRAU;11;Poblats Maritims;Particular;37;SI;NO;0;NO;NA;No aplicable;2023-04-27;NA
3735;6;4793;Mejora acera y carril bici de ronda nord;15;Rascanya;Particular;31;SI;SI;245;NO;350000;No aplicable;2023-04-27;NA
3749;6;4809;PEATONALIZACIoN PARCIAL DE LA CALLE AReVALO BACA / PEATONALITZACIo PARCIAL DEL C;6;el Pla del Real;Particular;11;NO;NO;0;NO;NA;No aplicable;2023-04-27;NA
3753;6;4813;Propuesta para la creacion de un reten de policia en la zona vieja de Orriols;15;Rascanya;Particular;31;SI;NO;0;NO;NA;No aplicable;2023-04-27;NA
3831;6;4892;LLOCS PuBLICS ON APARCAR;16;Benicalap;Particular;13;NO;NO;0;NO;NA;No aplicable;2023-04-27;NA
3877;6;4939;Dos Pasos de Peatones en Perez Galdos;3;Extramurs;Particular;76;SI;NO;0;NO;NA;No aplicable;2023-04-27;NA
3915;6;4977;Mampara protectora;9;Jesus;Particular;58;SI;NO;0;NO;NA;No aplicable;2023-04-27;NA
3995;6;5057;Energia fotovoltaica en cerramientos laterales de edificios altos;1;Ciutat Vella;Particular;17;NO;NO;0;NO;NA;No aplicable;2023-04-27;NA
4058;6;5120;Reajuste y recolocacion de contenedores para no restar aparcamiento;7;l'Olivereta;Particular;8;NO;NO;0;NO;NA;No aplicable;2023-04-27;NA
4077;6;5139;Incremento de la iluminacion de forma sostenible en el Parque del Oeste;7;l'Olivereta;Particular;23;NO;NO;0;NO;NA;No aplicable;2023-04-27;NA
4086;6;5148;HUERTO URBANO: REUTILIZACIoN DEL SOLAR DE CALLE SAGUNTO/LeRIDA;5;la Saidia;Particular;21;NO;NO;0;NO;NA;No aplicable;2023-04-27;NA
4177;6;5239;ESCULTURA HOMENAJE A LOS SANITARIOS COVID-19 EN EL ENTORNO DEL HOSPITAL LA FE;10;Quatre Carreres;Particular;18;NO;NO;0;NO;NA;No aplicable;2023-04-27;NA
4265;7;5327;Reparar Ventanas - Fachada - Rejas - Escultura - Palacete Jardin Monforte;6;el Pla del Real;Particular;41;SI;SI;79;NO;372127;Sin etiqueta;2023-04-27;NA
4327;7;5389;Plantar cerezos Japoneses en la calle La Paz. Espectacular floracion primaveral.;1;Ciutat Vella;Particular;51;SI;NO;0;NO;NA;No aplicable;2023-04-27;NA
4411;7;5473;MEJORA CLIMATIZACIoN - ARCHIVO MUNICIPAL INTERMEDIO;8;Patraix;Particular;31;SI;SI;232;NO;50000;Sin etiqueta;2023-04-27;NA
4539;7;5601;Limpieza exhaustiva de calles y aceras de valencia y poda de arboles;10;Quatre Carreres;Particular;16;NO;NO;0;NO;NA;No aplicable;2023-04-27;NA
4554;7;5616;W.C. EN PARC DE MALILLA;10;Quatre Carreres;Representante GT;0;SI;SI;597;SI;130000;Sin etiqueta;2023-04-27;NA
4650;7;5712;Completar jardi/parc entre Ctra. Font Sant Lluis;10;Quatre Carreres;Particular;26;NO;NO;0;NO;NA;No aplicable;2023-04-27;NA
4710;7;5772;HACER NUEVA LA ACERA PAR DE LA CALLE INDUSTRIA;12;Camins al Grau;Particular;3;NO;NO;0;NO;NA;No aplicable;2023-04-27;NA
4814;7;5876;LiNEA DE AUTOBuS A UNIVERSIDAD Y PLAYA EN RONDA NORTE;16;Benicalap;Particular;35;SI;NO;0;NO;NA;No aplicable;2023-04-27;NA
4867;7;5929;PACIFICACIoN DEL TRaFICO EN LA CALLE aNGEL GUIMERa;3;Extramurs;Particular;5;NO;NO;0;NO;NA;No aplicable;2023-04-27;NA
4965;7;6027;Cambio direccion coches calle;9;Jesus;Particular;0;NO;NO;0;NO;NA;No aplicable;2023-04-27;NA
5255;7;6317;Plaza Maria Mazzarello Orriols;15;Rascanya;Particular;6;NO;NO;0;NO;NA;No aplicable;2023-04-27;NA
5352;7;6414;Sensibilizacion maltrato animal en la plaza de toros;1;Ciutat Vella;Particular;13;NO;NO;0;NO;NA;No aplicable;2023-04-27;NA
5384;7;6446;Soterramiento de los basureros;3;Extramurs;Particular;13;NO;NO;0;NO;NA;No aplicable;2023-04-27;NA
5393;7;6455;PARQUE PERROS - VALLADO DEL aREA DE SOCIALIZACIoN DE PERROS JUNTO NUEVO MESTALLA;16;Benicalap;Particular;27;NO;NO;0;NO;NA;No aplicable;2023-04-27;NA
5425;7;6487;Arbolado en Calle San Jacinto;3;Extramurs;Particular;8;NO;NO;0;NO;NA;No aplicable;2023-04-27;NA
5467;7;6529;Bancos en las calles de este barrio, casi son inexistentes.;7;l'Olivereta;Particular;7;NO;NO;0;NO;NA;No aplicable;2023-04-27;NA
5539;7;6601;Bancos alrededor del CEIP Eliseo Vidal;8;Patraix;Particular;57;SI;NO;0;NO;NA;No aplicable;2023-04-27;NA
5590;7;6652;Mejora recogida aguas pluviales en Gran Via Marques del Turia;6;el Pla del Real;Particular;3;NO;NO;0;NO;NA;No aplicable;2023-04-27;NA
5668;7;6730;ADECENTAR PASAJES CREANDO PASEOS PEATONALES CON ZONAS VERDES LIBRES DE HUMOS;10;Quatre Carreres;Particular;44;SI;SI;435;NO;48000;Sin etiqueta;2023-04-27;NA
237;1;2015-00284;NA;1;Ciutat Vella;Persona Juridica;0;No aplicable;NO;0;NO;NA;No aplicable;2023-04-27;NA
303;1;2015-00360;NA;12;Camins al Grau;Persona Juridica;0;No aplicable;SI;71;NO;NA;No aplicable;2023-04-27;NA
344;1;2015-00406;NA;5;la Saidia;Persona Juridica;0;No aplicable;NO;0;NO;NA;No aplicable;2023-04-27;NA
397;1;2015-00462;NA;3;Extramurs;Persona Fisica;0;No aplicable;NO;0;NO;NA;No aplicable;2023-04-27;NA
614;1;2016-00110;Repavimentacion con fonoabsorbente de la rotonda de blasco ibañez- cardenal benlloch y calle clariano;13;Algiros;Persona Juridica;0;No aplicable;SI;15;SI;258606;No aplicable;2023-04-27;NA
662;2;43;Ampliacion aceras en marginal turia entre tramo puente del Real y CAC;2;l'Eixample;Particular;3;NO;NO;0;NO;NA;No aplicable;2023-04-27;NA
700;2;81;Soterramiento contenedores C/QUART;3;Extramurs;Particular;19;NO;NO;0;NO;NA;No aplicable;2023-04-27;NA
765;2;146;NUEVO PARQUE DE CALISTENIA EN BENICALAP;16;Benicalap;Particular;39;SI;SI;149;SI;60000;No aplicable;2023-04-27;NA
834;2;215;Revision trafico rodado y aparcamiento en Malilla;10;Quatre Carreres;Particular;7;NO;NO;0;NO;NA;No aplicable;2023-04-27;NA
840;2;221;Adecuacion Parque Santa Maria Micaela;3;Extramurs;Particular;4;NO;NO;0;NO;NA;No aplicable;2023-04-27;NA
995;2;376;Camaras de vigilancia seguridad;16;Benicalap;Particular;0;NO;NO;0;NO;NA;No aplicable;2023-04-27;NA
1071;2;452;huerto urbano espacio multicultural;11;Poblats Maritims;Particular;48;SI;SI;270;SI;60000;No aplicable;2023-04-27;NA
1188;2;569;Anell de Vianants Tres Forques – Patraix  (tram de Patraix -- Colecamins);8;Patraix;Particular;52;SI;SI;572;SI;127000;No aplicable;2023-04-27;NA
1210;2;591;ACONDICIONAMIENTO DE ACERAS EN C/ VIVER, C/ JUAN GINER Y C/ING. ALBERTO DOÑATE;14;Benimaclet;Representante GT;0;SI;SI;28;NO;115000;No aplicable;2023-04-27;NA
1250;3;1041;REASFALTAR LA CALLE POETA EDUARDO BUiL Y PONER UN PASO DE CEBRA;Toda la ciudad;Toda la ciudad;Particular;63;NO;NO;0;NO;NA;No aplicable;2023-04-27;NA
1285;3;1078;ZONA DEPORTIVA EN LA PLAZA NOU MOLES/CALLE TORRES TORRES/CALLE CARTAGENA;Toda la ciudad;Toda la ciudad;Particular;6;NO;NO;0;NO;NA;No aplicable;2023-04-27;NA
1354;3;1147;HABILITAR ZONAS EN EL RiO TURIA PARA SLACKLINE (EQUILIBRIOS SOBRE CUERDA FLOJA);Toda la ciudad;Toda la ciudad;Particular;16;NO;NO;0;NO;NA;No aplicable;2023-04-27;NA
1611;3;1407;CIERRE DE CONTENEDORES;Toda la ciudad;Toda la ciudad;Particular;1;NO;NO;0;NO;NA;No aplicable;2023-04-27;NA
1659;3;1455;MILLORES AL CEIP JOSe SENENT DE MASSARROJOS;Toda la ciudad;Toda la ciudad;Particular;113;SI;NO;0;NO;NA;No aplicable;2023-04-27;NA
1682;3;1478;APERTURA BIBLIOTECA PuBLICA DE VIVEROS;Toda la ciudad;Toda la ciudad;Particular;1;NO;NO;0;NO;NA;No aplicable;2023-04-27;NA
1755;3;1551;APARCAMIENTO EN EL PUEBLO DEL SALER;Toda la ciudad;Toda la ciudad;Particular;3;NO;NO;0;NO;NA;No aplicable;2023-04-27;NA
1776;4;2005;BAJAR EL CARRIL BICI DE LA AVENIDA DEL PUERTO A LA CALZADA.;20;No consta;Particular;215;SI;NO;0;NO;NA;No aplicable;2023-04-27;NA
1798;4;2027;CINTURO CICLISTA LAS POBLATS DEL NORT I VALENCIA;17;2;Particular;71;SI;SI;25;SI;5000;No aplicable;2023-04-27;NA
1856;4;2085;REURBANIZAR RAMIRO DE MAEZTU, HACIENDO DOBLE SENTIDO Y CREAR CARRIL BICI.;12;Camins al Grau;Particular;49;SI;NO;0;NO;NA;No aplicable;2023-04-27;NA
1889;4;2118;REMODELACION PZ CRONISTA FCO MOMBLANCH Y LIBERTADOR SIMON BOLiVAR;11;Poblats Maritims;Representante GT;0;SI;SI;74;NO;457600;No aplicable;2023-04-27;NA
1928;4;2157;"AMPLIACIoN DEL ""PARKING"" DISUASORIO DEL SOLAR DEL METRO EN BARRIO SAN ISIDRO";8;Patraix;Representante GT;0;SI;NO;0;NO;NA;No aplicable;2023-04-27;NA
1944;4;2173;ZONA NARANJA RUSSAFA;2;l'Eixample;Particular;2;NO;NO;0;NO;NA;No aplicable;2023-04-27;NA
2002;4;2231;AJARDINAMIENTO MEDIANAS Y ALCORQUES;10;Quatre Carreres;Particular;7;NO;NO;0;NO;NA;No aplicable;2023-04-27;NA
2013;4;2242;PEATONALITZACIo C/ANDREU JULIa I ELIMINACIo BOLARDOS DEL COL·LEGI CERVANTES;3;Extramurs;Particular;38;SI;SI;32;NO;200000;No aplicable;2023-04-27;NA
2016;4;2245;ACONDICIONAR E INSONORIZAR AULA DE ESTUDIOS. O BIBLIOTECA Y PONER WIFFI EL LOS O;19;6;Particular;8;NO;NO;0;NO;NA;No aplicable;2023-04-27;NA
2124;4;2353;AMPLIACIoN PANELES FONOABSORVENTES SITUADOS ENTRE V-30 Y CIUTAT DE L`APRENENT.;9;Jesus;Particular;6;NO;NO;0;NO;NA;No aplicable;2023-04-27;NA
2142;4;2371;ADQUISICIo DE TAULES PLEGABLES DE MALETA PER A CARPESA;17;3;Particular;24;SI;SI;60;SI;2500;No aplicable;2023-04-27;NA
2155;4;2384;ANFITEATRO AL AIRE LIBRE DE BENIMaMET  CUBRIR CON MaS LONAS Y PERGOLAS;18;1;Particular;46;SI;NO;0;NO;NA;No aplicable;2023-04-27;NA
2158;4;2387;PARALLAMPS AL POBLE (ESGLeSIA, ESCOLA I ALTOS);17;6;Particular;22;SI;SI;54;NO;14000;No aplicable;2023-04-27;NA
2204;4;2433;PASO PEATONES/SEMaFO EN GENERAL AVILeS A LA ALTURA DELUiS BUÑUEL (MERCADONA);4;Campanar;Particular;10;NO;NO;0;NO;NA;No aplicable;2023-04-27;NA
2260;4;2489;GARANTIZAR LA SEGURIDAD DE LOS VIANDANTES  EN ACERAS C/ HERNAN CORTES Y PIZARRO;2;l'Eixample;Particular;52;SI;NO;0;NO;NA;No aplicable;2023-04-27;NA
2265;4;2494;RESTAURACIoN ALQUERIA C/ OLBA 9 /11;5;la Saidia;Particular;43;SI;SI;144;NO;160000;No aplicable;2023-04-27;NA
2266;4;2495;REHABILITAR I CANVIAR EL RECORREGUT DEL CARRIL BICI PEL PASSEIG MARiTM;11;Poblats Maritims;Particular;61;SI;SI;270;SI;260000;No aplicable;2023-04-27;NA
2358;5;3046;Segunda Fase Rehabilitacion Alqueria Falco;Toda la ciudad;Toda la ciudad;Particular;81;NO;NO;0;NO;NA;No aplicable;2023-04-27;NA
2378;5;3066;Ampliar aceras de la CALLE SAN VICENTE;Toda la ciudad;Toda la ciudad;Particular;39;NO;NO;0;NO;NA;No aplicable;2023-04-27;NA
2395;5;3083;Una base en condiciones para el voluntariado de proteccion civil de Valencia.;Toda la ciudad;Toda la ciudad;Particular;12;NO;NO;0;NO;NA;No aplicable;2023-04-27;NA
2409;5;3097;Paso de peatones y embellecer campa enfrente Camino Nuevo Paterna;Toda la ciudad;Toda la ciudad;Particular;21;NO;NO;0;NO;NA;No aplicable;2023-04-27;NA
2412;5;3100;Construir una biblioteca publica en la Malvarrosa;Toda la ciudad;Toda la ciudad;Particular;63;NO;NO;0;NO;NA;No aplicable;2023-04-27;NA
2428;5;3116;Carril Bici Carrer Russafa (entre Peris i Valero-Marques del Turia);Toda la ciudad;Toda la ciudad;Particular;32;NO;NO;0;NO;NA;No aplicable;2023-04-27;NA
2448;5;3136;Incrementar arees verdes Russafa;Toda la ciudad;Toda la ciudad;Particular;83;NO;NO;0;NO;NA;No aplicable;2023-04-27;NA
2478;5;3166;NUEVO CARRIL BICI ENTRE ZAIDiA Y MARCHALENES Y RECUPERACIoN DE LAS ACERAS;Toda la ciudad;Toda la ciudad;Particular;105;SI;SI;1941;NO;250000;No aplicable;2023-04-27;NA
2488;5;3176;Trinquete publico en barrio patraix;Toda la ciudad;Toda la ciudad;Particular;102;SI;SI;976;NO;500000;No aplicable;2023-04-27;NA
2509;5;3197;Vallado seguro nuevo parque c/Silla (Antiguo solar Calatrava) Benimamet;Toda la ciudad;Toda la ciudad;Particular;27;NO;NO;0;NO;NA;No aplicable;2023-04-27;NA
2514;5;3202;PISCINA MUNICIPAL EN BARRIO CAMPANAR;Toda la ciudad;Toda la ciudad;Particular;45;NO;NO;0;NO;NA;No aplicable;2023-04-27;NA
2585;5;3273;Reforma calle Gorgos y reordenacion carril bici;Toda la ciudad;Toda la ciudad;Particular;14;NO;NO;0;NO;NA;No aplicable;2023-04-27;NA
2606;5;3294;Soterramiento  contenedores de basura en benicalap;Toda la ciudad;Toda la ciudad;Particular;17;NO;NO;0;NO;NA;No aplicable;2023-04-27;NA
2631;5;3319;Creacio de carrils bici a la Fonteta de Sant Lluis;Toda la ciudad;Toda la ciudad;Particular;9;NO;NO;0;NO;NA;No aplicable;2023-04-27;NA
2705;5;3393;Centro salud MALILLA. Que sea una realidad!;Toda la ciudad;Toda la ciudad;Particular;128;SI;NO;0;NO;NA;No aplicable;2023-04-27;NA
2719;5;3407;MEJORA DEL PARQUE INFANTIL Y AREA DEPORTIVA LEBON;Toda la ciudad;Toda la ciudad;Particular;116;SI;SI;1425;NO;250000;No aplicable;2023-04-27;NA
2767;5;3455;Pacificacion camino de Moncada;Toda la ciudad;Toda la ciudad;Particular;7;NO;NO;0;NO;NA;No aplicable;2023-04-27;NA
2789;5;3477;Accesibilidad con pictogramas;Toda la ciudad;Toda la ciudad;Particular;180;SI;NO;0;NO;NA;No aplicable;2023-04-27;NA
2828;5;3516;Zona de socializacion de perros en CAMPANAR;Toda la ciudad;Toda la ciudad;Particular;11;NO;NO;0;NO;NA;No aplicable;2023-04-27;NA
2854;5;3542;Contenedores con pedal en todos los barrios de la ciudad;Toda la ciudad;Toda la ciudad;Particular;7;NO;NO;0;NO;NA;No aplicable;2023-04-27;NA
2922;5;3611;Horts urbans i millora instal.lacions Parc Fluvial del Turia;Toda la ciudad;Toda la ciudad;Particular;12;NO;NO;0;NO;NA;No aplicable;2023-04-27;NA
2968;6;4024;Adecuamiento de solar en Benicalap;16;Benicalap;Particular;89;SI;NO;0;NO;NA;No aplicable;2023-04-27;NA
2984;6;4040;Jardin en parcela municipal junto Escuelas Jesuitas (C/ Reina Violante);4;Campanar;Particular;309;SI;NO;0;NO;NA;No aplicable;2023-04-27;NA
3041;6;4097;Aceras;3;Extramurs;Particular;37;SI;SI;35;NO;238000;No aplicable;2023-04-27;NA
3061;6;4117;ELIMINAR PLAZAS APARCAMIENTO MEDIANERA FINAL JUSTO Y PASTOR;13;Algiros;Particular;31;SI;NO;0;NO;NA;No aplicable;2023-04-27;NA
3063;6;4119;SOTERRAMIENTO CONTENEDORES - AMPLIACIoN BOCA DE VERTIDO CONTENEDOR;3;Extramurs;Particular;68;SI;SI;222;NO;130000;No aplicable;2023-04-27;NA
3079;6;4135;AMPLIACIoN APARCAMIENTO JUNTO AL METRO EN SAN ISIDRO;8;Patraix;Particular;63;SI;NO;0;NO;NA;No aplicable;2023-04-27;NA
3087;6;4143;Ampliacion de espacio peatonal en Emilio Baro y Dolores Marques;14;Benimaclet;Particular;99;SI;NO;0;NO;NA;No aplicable;2023-04-27;NA
3103;6;4159;Ampliacion Jardin Botanico  - Parcela Jesuitas;3;Extramurs;Particular;110;SI;NO;0;NO;NA;No aplicable;2023-04-27;NA
3180;6;4236;AMPLIACIO VORERES CARRER DE BAIX DE MASSARROJOS;17;6;Particular;7;NO;NO;0;NO;NA;No aplicable;2023-04-27;NA
3225;6;4281;Pacificar parque Gayano Lluch;16;Benicalap;Particular;37;SI;NO;0;NO;NA;No aplicable;2023-04-27;NA
3228;6;4284;Eliminar solares y edificios ruinosos calles Pepita y Ruaya.;5;la Saidia;Particular;111;SI;NO;0;NO;NA;No aplicable;2023-04-27;NA
3242;6;4298;COLOCAR BANDAS SONORAS EN SAN VICENTE MARTIR;9;Jesus;Particular;22;NO;NO;0;NO;NA;No aplicable;2023-04-27;NA
3282;6;4338;Peatonalizar calle Albacete salida Colegio Agustinos;3;Extramurs;Particular;19;NO;NO;0;NO;NA;No aplicable;2023-04-27;NA
3315;6;4371;Carril bici en tunel de la Gran Via Ramon y Cajal con Gran Via de las Germanias;3;Extramurs;Particular;70;SI;NO;0;NO;NA;No aplicable;2023-04-27;NA
3379;6;4435;? NUEVO GIMNASIO DE BARRAS JUNTO PUENTE DE LOS SERRANOS<;5;la Saidia;Particular;31;SI;SI;228;NO;60000;No aplicable;2023-04-27;NA
3450;6;4506;plaza monteolivete- asfaltado calle;10;Quatre Carreres;Particular;37;SI;SI;32;NO;285000;No aplicable;2023-04-27;NA
3454;6;4510;Energia Solar;11;Poblats Maritims;Particular;35;SI;NO;0;NO;NA;No aplicable;2023-04-27;NA
3476;6;4533;NUEVO CENTRO MAYORES CAMINS AL GRAU;12;Camins al Grau;Particular;53;SI;NO;0;NO;NA;No aplicable;2023-04-27;NA
3564;6;4621;CAMBIO FAROLAS AUTOPISTA - L`alqueria de la Comtessa  MALILLA;10;Quatre Carreres;Particular;13;NO;NO;0;NO;NA;No aplicable;2023-04-27;NA
3603;6;4660;CICLOCALLE HASTA ESTACIoN JOAQUiN SOROLLA (POR MAESTRO SOSA);3;Extramurs;Particular;31;SI;NO;0;NO;NA;No aplicable;2023-04-27;NA
3649;6;4707;Incorporaciones para vehiculos en Avda Maestro Rodrigo en Catriel central;4;Campanar;Particular;17;NO;NO;0;NO;NA;No aplicable;2023-04-27;NA
3667;6;4725;Eix Verd Paral·lel a Peris i Valero - Eje Peatonal Pepita Samper;10;Quatre Carreres;Particular;37;SI;NO;0;NO;NA;No aplicable;2023-04-27;NA
3684;6;4742;REURBANIZACIoN CALLE ALBACETE Y MAESTRO SOSA;3;Extramurs;Particular;38;SI;SI;210;SI;35310;No aplicable;2023-04-27;NA
3690;6;4748;Aumento de la luminosidad en las calles del barrio Nou Moles;7;l'Olivereta;Particular;20;NO;NO;0;NO;NA;No aplicable;2023-04-27;NA
3699;6;4757;Rehabilitacion de la antigua casona como escuela tsller;18;1;Particular;15;SI;NO;0;NO;NA;No aplicable;2023-04-27;NA
3750;6;4810;Acabar el nuevo paseo de Justo Ramirez y adecentar solares de esa zona;5;la Saidia;Particular;16;NO;NO;0;NO;NA;No aplicable;2023-04-27;NA
3832;6;4893;Ajardinamiento centro salud padre Jofre y aparatos personas mayores;8;Patraix;Particular;58;SI;NO;0;NO;NA;No aplicable;2023-04-27;NA
3860;6;4921;Readoquinar la calle La Floresta;11;Poblats Maritims;Particular;3;NO;NO;0;NO;NA;No aplicable;2023-04-27;NA
3907;6;4969;Revertir el mur de l’ampliacio nord del port;11;Poblats Maritims;Particular;438;SI;NO;0;NO;NA;No aplicable;2023-04-27;NA
3917;6;4979;Carril bici, clicocarrer en la Malva-rosa. (Associacio VVAA Malva-rosa);11;Poblats Maritims;Particular;53;SI;NO;0;NO;NA;No aplicable;2023-04-27;NA
3929;6;4991;Carril bici angel Guimera y calle Linares;3;Extramurs;Particular;13;NO;NO;0;NO;NA;No aplicable;2023-04-27;NA
3943;6;5005;Control de velocidad en grandes avenidas: Inst Obrero, Pte Montolivete, Maristas;10;Quatre Carreres;Particular;5;NO;NO;0;NO;NA;No aplicable;2023-04-27;NA
3982;6;5044;CANCHA DE PRACTICAS DE GOLF PARA FOMENTAR EL GOLF EN LOS NIÑOS Y LAS FAMILIAS;11;Poblats Maritims;Particular;22;NO;NO;0;NO;NA;No aplicable;2023-04-27;NA
3989;6;5051;CAMBIO ALUMBRADO C/ SANTOS JUSTO Y PASTOR (TRAMO C/INDUSTRIA - C/SERERiA);13;Algiros;Particular;7;NO;NO;0;NO;NA;No aplicable;2023-04-27;NA
3993;6;5055;area socializacion de perros patraix.;8;Patraix;Particular;15;NO;NO;0;NO;NA;No aplicable;2023-04-27;NA
3999;6;5061;CAMBIO DE ACERAS DE LA CALLE JULIaN PEÑA;7;l'Olivereta;Particular;6;NO;NO;0;NO;NA;No aplicable;2023-04-27;NA
4002;6;5064;Carril bici benimaclet;14;Benimaclet;Particular;15;NO;NO;0;NO;NA;No aplicable;2023-04-27;NA
4046;6;5108;Puntos de alimentacion para Colonias Felinas Urbanas;10;Quatre Carreres;Particular;40;SI;SI;447;SI;8400;No aplicable;2023-04-27;NA
4053;6;5115;Zona de skaters en Ciutat Fallera;16;Benicalap;Particular;8;NO;NO;0;NO;NA;No aplicable;2023-04-27;NA
4087;6;5149;Acondicionament/Ajardinar l'espai public al carrer Bono i Barber;16;Benicalap;Particular;8;NO;NO;0;NO;NA;No aplicable;2023-04-27;NA
4089;6;5151;Benimaclet mes verd. Renaturalizacion de la calle Cueva Santa;14;Benimaclet;Particular;13;NO;NO;0;NO;NA;No aplicable;2023-04-27;NA
4114;6;5176;Mejora de las instalaciones de las plazas del barrio 8 de Marzo;7;l'Olivereta;Representante GT;0;SI;SI;17;NO;336000;No aplicable;2023-04-27;NA
4153;6;5215;Asfaltar y adecentar las calles de Nazaret;12;Camins al Grau;Particular;7;NO;NO;0;NO;NA;No aplicable;2023-04-27;NA
4174;6;5236;Continuidad carril bici Amado Granell hasta parada Valenbisi Peris y Valero;10;Quatre Carreres;Particular;8;NO;NO;0;NO;NA;No aplicable;2023-04-27;NA
4215;6;5277;Tueri - Digitaliza los procesos contractuales de tu empresa;6;el Pla del Real;Particular;0;NO;NO;0;NO;NA;No aplicable;2023-04-27;NA
4261;7;5323;AJARDINAR MEDIANA FINAL SANTOS JUSTO Y PASTOR;13;Algiros;Particular;11;NO;NO;0;NO;NA;No aplicable;2023-04-27;NA
4281;7;5343;Mejora de iluminacion Av. Amado Granell y C/Huerto de San Valero;10;Quatre Carreres;Particular;23;NO;NO;0;NO;NA;No aplicable;2023-04-27;NA
4309;7;5371;Parque infantil y zona perros;6;el Pla del Real;Particular;32;SI;SI;115;SI;95000;Sin etiqueta;2023-04-27;NA
4323;7;5385;"Mejora de comunicacion vial Carpesa-Centro de Valencia ""Carril ciclista-aceras""";17;3;Particular;52;SI;NO;0;NO;NA;No aplicable;2023-04-27;NA
4333;7;5395;MEJORA ARMARIOS COMPACTUS - ARCHIVO MUNICIPAL INTERMEDIO;8;Patraix;Particular;32;SI;SI;75;NO;240000;Sin etiqueta;2023-04-27;NA
4348;7;5410;Carril bici cauce Rio Campo la exposicion tramo VIII;6;el Pla del Real;Particular;9;NO;NO;0;NO;NA;No aplicable;2023-04-27;NA
4413;7;5475;Centro historico de Patraix;8;Patraix;Particular;24;NO;NO;0;NO;NA;No aplicable;2023-04-27;NA
4417;7;5479;Cambio ubicacion contenedores;15;Rascanya;Particular;16;NO;NO;0;NO;NA;No aplicable;2023-04-27;NA
4454;7;5516;ASFALTADO DESCAMPADO BERNAT DESCOLL;10;Quatre Carreres;Particular;26;NO;NO;0;NO;NA;No aplicable;2023-04-27;NA
4481;7;5543;Recuperar sentido de circulacion de la C/ Perez Pujol, desde Lauria a Las Barcas;1;Ciutat Vella;Particular;12;NO;NO;0;NO;NA;No aplicable;2023-04-27;NA
4483;7;5545;Apertura Calle Obispo Puchol Montis;16;Benicalap;Particular;14;NO;NO;0;NO;NA;No aplicable;2023-04-27;NA
4489;7;5551;Graffitis en paredes medianeras;2;l'Eixample;Particular;23;NO;NO;0;NO;NA;No aplicable;2023-04-27;NA
4503;7;5565;Convertir en plazas de aparcamiento un carril de la Calle Cuenca;3;Extramurs;Particular;5;NO;NO;0;NO;NA;No aplicable;2023-04-27;NA
4507;7;5569;Dos Supermanzanas para La Roqueta;3;Extramurs;Particular;67;SI;NO;0;NO;NA;No aplicable;2023-04-27;NA
4551;7;5613;PASO DE CEBRA EN BERNAT DESCOLL 57;10;Quatre Carreres;Particular;13;NO;NO;0;NO;NA;No aplicable;2023-04-27;NA
4555;7;5617;Dotacion policial en el acceso al CEIP el Grau;12;Camins al Grau;Particular;41;SI;NO;0;NO;NA;No aplicable;2023-04-27;NA
4580;7;5642;TUNELAR EN AV. DEL CID LA MAYORiA DEL TRaFICO Y CREAR RAMBLA DEL CID;7;l'Olivereta;Particular;6;NO;NO;0;NO;NA;No aplicable;2023-04-27;NA
4595;7;5657;Instituto de ESO y secundaria;6;el Pla del Real;Particular;37;SI;NO;0;NO;NA;No aplicable;2023-04-27;NA
4606;7;5668;Reurbanizacion calle Eduardo Bosca;12;Camins al Grau;Particular;9;NO;NO;0;NO;NA;No aplicable;2023-04-27;NA
4629;7;5691;Ampliar y rediseñar parque infantil plaza portadors de la verge;19;3;Particular;6;NO;NO;0;NO;NA;No aplicable;2023-04-27;NA
4675;7;5737;Instalacion de Placas solares fotovoltaicos CEIP Pablo Neruda;10;Quatre Carreres;Particular;18;NO;NO;0;NO;NA;No aplicable;2023-04-27;NA
4685;7;5747;Iluminacion  Plaza Actor Enrique Rambal;13;Algiros;Particular;9;NO;NO;0;NO;NA;No aplicable;2023-04-27;NA
4688;7;5750;Rehabilitacion quiosco Blasco Ibañez altura Honduras y parque infantil;13;Algiros;Particular;28;NO;NO;0;NO;NA;No aplicable;2023-04-27;NA
4770;7;5832;Servicios publicos;11;Poblats Maritims;Particular;14;NO;NO;0;NO;NA;No aplicable;2023-04-27;NA
4783;7;5845;ELIMINAR CARRILES BICIS JUNTO AL CAUCE VIEJO;1;Ciutat Vella;Particular;26;NO;NO;0;NO;NA;No aplicable;2023-04-27;NA
4830;7;5892;"Substitucion de plaga de arboles ""Pica-Pica"" Lagunaria Patersonii";5;la Saidia;Particular;7;NO;NO;0;NO;NA;No aplicable;2023-04-27;NA
4849;7;5911;CONTINUACIoN PROYECTO REHABILITACION ALQUERIA DEL TENIS EN PENYAROJA;12;Camins al Grau;Particular;37;SI;NO;0;NO;NA;No aplicable;2023-04-27;NA
4875;7;5937;Mejora de la accesibilidad de aceras y pasos de peatones;14;Benimaclet;Particular;5;NO;NO;0;NO;NA;No aplicable;2023-04-27;NA
4884;7;5946;Luces Calle almudaina;9;Jesus;Particular;13;NO;NO;0;NO;NA;No aplicable;2023-04-27;NA
4902;7;5964;Tunel de paso para cruzar el talud de las vias del tren.;8;Patraix;Particular;3;NO;NO;0;NO;NA;No aplicable;2023-04-27;NA
4929;7;5991;Crear un Centro de Ocio Juvenil en el antiguo Hogar del Jubilado de Benicalap;16;Benicalap;Particular;27;NO;NO;0;NO;NA;No aplicable;2023-04-27;NA
4973;7;6035;Pipi-Can en Plaza del Horticultor Corset;3;Extramurs;Particular;13;NO;NO;0;NO;NA;No aplicable;2023-04-27;NA
5007;7;6069;AJARDINAMIENTO SENCILLO ZONA - CALLE PUEBLA DE VALVERDE / DOCTOR PEREZ FELIU;8;Patraix;Particular;6;NO;NO;0;NO;NA;No aplicable;2023-04-27;NA
5028;7;6090;Soterramiento contenedores zona Calle Planas- Aben Amir;10;Quatre Carreres;Particular;13;NO;NO;0;NO;NA;No aplicable;2023-04-27;NA
5083;7;6145;Carrer Vicent Clavel;8;Patraix;Particular;3;NO;NO;0;NO;NA;No aplicable;2023-04-27;NA
5107;7;6169;REMODELACIo PLAÇA PORTADORS DE LA VERGE - PINEDO;19;3;Particular;39;SI;SI;73;SI;109036;Sin etiqueta;2023-04-27;NA
5113;7;6175;Acondicionamiento solar CENTRO SALUD;16;Benicalap;Particular;35;SI;NO;0;NO;NA;No aplicable;2023-04-27;NA
5128;7;6190;REASFALTADO AVENIDA DE FRANCIA;12;Camins al Grau;Particular;5;NO;NO;0;NO;NA;No aplicable;2023-04-27;NA
5152;7;6214;Mas espacios verdes para vecinos y pipi can para perros;9;Jesus;Particular;11;NO;NO;0;NO;NA;No aplicable;2023-04-27;NA
5156;7;6218;Nuevo pavimentado Gran Via Fernando el Catolico;3;Extramurs;Particular;17;NO;NO;0;NO;NA;No aplicable;2023-04-27;NA
5201;7;6263;Ampliar tramo acera en Joaquin Ballester;4;Campanar;Particular;31;SI;SI;91;NO;165000;Sin etiqueta;2023-04-27;NA
5202;7;6264;Campo de discgolf en el Parc de Capçelera;4;Campanar;Particular;31;SI;SI;324;SI;20000;Sin etiqueta;2023-04-27;NA
5217;7;6279;Mas mesas merendero en el Jardin del Turia;6;el Pla del Real;Particular;19;NO;NO;0;NO;NA;No aplicable;2023-04-27;NA
5219;7;6281;CARRIL PARA BICIS Y PEATONES EN CAMINO VIEJO DE PATERNA - C/PADRE BARRANCO;4;Campanar;Particular;59;SI;NO;0;NO;NA;No aplicable;2023-04-27;NA
5252;7;6314;Creacion de Zona de Esparcimiento Canino en Patraix;8;Patraix;Particular;49;SI;NO;0;NO;NA;No aplicable;2023-04-27;NA
5258;7;6320;Asfaltado de solar en Calle Carolina alvarez para aparcamiento;12;Camins al Grau;Particular;32;SI;NO;0;NO;NA;No aplicable;2023-04-27;NA
5260;7;6322;DERRIBO CASA Y CREACIoN DE ENTORNO AMABLE  EN FUTURO CENTRO DE SALUD MALILLA;10;Quatre Carreres;Representante GT;0;SI;NO;0;NO;NA;No aplicable;2023-04-27;NA
5290;7;6352;Modernizacion pavimento y mobiliario urbano inclusivo en la plaza de Casas de Ba;17;4;Particular;13;NO;NO;0;NO;NA;No aplicable;2023-04-27;NA
5336;7;6398;Iluminacion de la entrada principal de Horno de Alcedo;19;1;Particular;12;NO;NO;0;NO;NA;No aplicable;2023-04-27;NA
5349;7;6411;Sustituir los baculos de carretera y renovacion de la instalacion de alumbrado;11;Poblats Maritims;Representante GT;0;SI;SI;63;NO;276000;Sin etiqueta;2023-04-27;NA
5370;7;6432;Creacion de un nuevo parque de patinaje (Pumptruck);15;Rascanya;Particular;31;SI;SI;222;SI;180000;Sin etiqueta;2023-04-27;NA
5383;7;6445;Libre de plaga de palomas;8;Patraix;Particular;32;SI;NO;0;NO;NA;No aplicable;2023-04-27;NA
5399;7;6461;Zona Deportiva pelota;19;1;Particular;17;SI;NO;0;NO;NA;No aplicable;2023-04-27;NA
5437;7;6499;MONUMENTO A LAS NORMAS DEL PUIG EN EL 40 ANIVERSARIO DEL ACTO DE ADHESIoN;1;Ciutat Vella;Particular;43;SI;NO;0;NO;NA;No aplicable;2023-04-27;NA
5481;7;6543;Remodelacion jardines calles Archiduque Carlos y Enguera;8;Patraix;Representante GT;0;SI;NO;0;NO;NA;No aplicable;2023-04-27;NA
5488;7;6550;Renovacion parques infantiles del Parque Viejo de San Isidro;8;Patraix;Particular;32;SI;SI;103;NO;618000;Sin etiqueta;2023-04-27;NA
5493;7;6555;Asfaltar descampado Felipe de gauna;11;Poblats Maritims;Particular;4;NO;NO;0;NO;NA;No aplicable;2023-04-27;NA
5501;7;6563;Instalacion de exhibidores (toten);14;Benimaclet;Representante GT;0;SI;NO;0;NO;NA;No aplicable;2023-04-27;NA
5548;7;6610;Huerto Urbano;4;Campanar;Particular;19;NO;NO;0;NO;NA;No aplicable;2023-04-27;NA
5571;7;6633;Canchas de deportes red en Malilla;10;Quatre Carreres;Particular;46;SI;SI;584;SI;120000;Sin etiqueta;2023-04-27;NA
5582;7;6644;Muro acustico natural;18;2;Particular;16;SI;NO;0;NO;NA;No aplicable;2023-04-27;NA
5604;7;6666;INSTALACIoN DE FUENTES DE AGUA FILTRADA Y REFRIGERADA;13;Algiros;Particular;32;SI;SI;348;SI;47720;Con etiqueta;2023-04-27;NA
5627;7;6689;Rehabilitacion alquerias de detras de la Ermita del Pouet;4;Campanar;Particular;53;SI;NO;0;NO;NA;No aplicable;2023-04-27;NA
5632;7;6694;Monolito en memoria de los/las afectados/as por la fiesta fallera;1;Ciutat Vella;Particular;8;NO;NO;0;NO;NA;No aplicable;2023-04-27;NA
5662;7;6724;Censo canino obligatorio de ADN;5;la Saidia;Particular;71;SI;NO;0;NO;NA;No aplicable;2023-04-27;NA
5685;7;6747;Propuesta de vegetacion y creacion de espacios de estancia y convivencia (Plaza;9;Jesus;Particular;31;SI;SI;137;NO;357140;Sin etiqueta;2023-04-27;NA
5694;7;6756;Mejora accesibilidad Parque Central;2;l'Eixample;Particular;5;NO;NO;0;NO;NA;No aplicable;2023-04-27;NA
5723;7;6785;cruce c\ santa cruz de tenerife con av. tres forques;7;l'Olivereta;Particular;16;NO;NO;0;NO;NA;No aplicable;2023-04-27;NA
5740;7;6802;Carril bici en Sant Isidre hasta la estacion de metro y cercanias;8;Patraix;Particular;31;SI;NO;0;NO;NA;No aplicable;2023-04-27;NA
5747;7;6809;Carril bici calle Ernest Ferrer;6;el Pla del Real;Particular;9;NO;NO;0;NO;NA;No aplicable;2023-04-27;NA
5780;7;6842;Repavimentacion calzada Azagador de la Torre (tramo paralelo a Ausias March);19;1;Ayuntamiento;0;SI;SI;9;NO;55970;Sin etiqueta;2023-04-27;NA
28;1;2015-00034;NA;10;Quatre Carreres;Persona Fisica;NA;No aplicable;NO;0;NO;NA;No aplicable;2023-04-27;NA
91;1;2015-00119;NA;14;Benimaclet;Persona Juridica;NA;No aplicable;SI;142;NO;NA;No aplicable;2023-04-27;NA
93;1;2015-00121;NA;15;Rascanya;Persona Juridica;NA;No aplicable;NO;0;NO;NA;No aplicable;2023-04-27;NA
133;1;2015-00170;NA;19;Pobles del Sud;Persona Juridica;NA;No aplicable;NO;0;NO;NA;No aplicable;2023-04-27;NA
182;1;2015-00224;NA;9;Jesus;Persona Juridica;NA;No aplicable;NO;0;NO;NA;No aplicable;2023-04-27;NA
197;1;2015-00241;NA;2;l'Eixample;Persona Fisica;NA;No aplicable;NO;0;NO;NA;No aplicable;2023-04-27;NA
205;1;2015-00249;NA;19;Pobles del Sud;Persona Fisica;NA;No aplicable;NO;0;NO;NA;No aplicable;2023-04-27;NA
274;1;2015-00328;NA;17;Pobles del Nord;Persona Fisica;NA;No aplicable;NO;0;NO;NA;No aplicable;2023-04-27;NA
297;1;2015-00354;NA;3;Extramurs;Persona Fisica;NA;No aplicable;NO;0;NO;NA;No aplicable;2023-04-27;NA
306;1;2015-00364;NA;15;Rascanya;Persona Fisica;NA;No aplicable;NO;0;NO;NA;No aplicable;2023-04-27;NA
345;1;2015-00407;NA;5;la Saidia;Persona Fisica;NA;No aplicable;NO;0;NO;NA;No aplicable;2023-04-27;NA
393;1;2015-00458;NA;15;Rascanya;Persona Fisica;NA;No aplicable;NO;0;NO;NA;No aplicable;2023-04-27;NA
406;1;2015-00475;NA;3;Extramurs;Persona Fisica;NA;No aplicable;NO;0;NO;NA;No aplicable;2023-04-27;NA
423;1;2015-00494;NA;11;Poblats Maritims;Persona Juridica;NA;No aplicable;NO;0;NO;NA;No aplicable;2023-04-27;NA
426;1;2015-00497;NA;5;la Saidia;Persona Fisica;NA;No aplicable;NO;0;NO;NA;No aplicable;2023-04-27;NA
428;1;2015-00499;NA;19;Pobles del Sud;Persona Juridica;NA;No aplicable;NO;0;NO;NA;No aplicable;2023-04-27;NA
463;1;2015-00555;NA;2;l'Eixample;Persona Fisica;NA;No aplicable;NO;0;NO;NA;No aplicable;2023-04-27;NA
465;1;2015-00557;NA;8;Patraix;Persona Juridica;NA;No aplicable;NO;0;NO;NA;No aplicable;2023-04-27;NA
469;1;2015-00561;NA;15;Rascanya;Persona Fisica;NA;No aplicable;NO;0;NO;NA;No aplicable;2023-04-27;NA
537;1;2016-00032;NA;15;Rascanya;Persona Juridica;NA;No aplicable;SI;18;NO;NA;No aplicable;2023-04-27;NA
552;1;2016-00047;Propuesta ayuntamiento. Actuaciones tramificadas de renovacion con pavimento fonoabsorbente en la avda de cid.;7;l'Olivereta;Persona Juridica;NA;No aplicable;SI;19;SI;200000;No aplicable;2023-04-27;NA
627;2;8;Adquirir mas radares de medicion de velocidad en la via publica.;5;la Saidia;Particular;11;NO;NO;0;NO;NA;No aplicable;2023-04-27;NA
675;2;56;Jardin-Parque Gaspar Aguilar-Nicolas Factor-Perez Fuster Metge-Franco Tormo;8;Patraix;Particular;71;SI;NO;0;NO;NA;No aplicable;2023-04-27;NA
679;2;60;Carril bici en la C/Santos Justo y Pastor entre C/Manuel Candela y C/Serreria;13;Algiros;Particular;71;SI;SI;345;SI;210000;No aplicable;2023-04-27;NA
796;2;177;Jardin en C/Republica Costa Marfil (costa D'ibori);9;Jesus;Particular;5;NO;NO;0;NO;NA;No aplicable;2023-04-27;NA
828;2;209;Zones canines a Orriols/San Llorenç;15;Rascanya;Particular;10;NO;NO;0;NO;NA;No aplicable;2023-04-27;NA
841;2;222;ELIMINACION DEL DEPOSITO DE GAS EN EL PARQUE DE LA C/ PERE II EL CERIMONIOS;12;Camins al Grau;Particular;6;NO;NO;0;NO;NA;No aplicable;2023-04-27;NA
881;2;262;Ampliacion aceras calles Doctor Andres Piquer y Rocafort de Massarrojos;17;Pobles del Nord;Particular;52;SI;NO;0;NO;NA;No aplicable;2023-04-27;NA
896;2;277;Ampliacio de la vorera del carrer Sant Vicent i creacio de carril bici;3;Extramurs;Representante GT;19;SI;SI;74;NO;327247;No aplicable;2023-04-27;NA
1059;2;440;CAMPO DE FUTBOL 11 PARA TORREFIEL;15;Rascanya;Representante GT;222;SI;NO;0;NO;NA;No aplicable;2023-04-27;NA
1063;2;444;Bolardos para la seguridad;10;Quatre Carreres;Particular;34;SI;NO;0;NO;NA;No aplicable;2023-04-27;NA
1080;2;461;Cubrir alcorques en las aceras;3;Extramurs;Particular;2;NO;NO;0;NO;NA;No aplicable;2023-04-27;NA
1093;2;474;Deficiencias en Calle Santa Rosa;6;el Pla del Real;Particular;35;SI;SI;54;NO;120000;No aplicable;2023-04-27;NA
1125;2;506;Mejora de las instalaciones deportivas;16;Benicalap;Particular;44;SI;NO;0;NO;NA;No aplicable;2023-04-27;NA
1129;2;510;AMPLIACION CAMPO FUTBOL 8 CALLE RIO SEGRE Y JARDIN CON ESPARCIMIENTO CANINO;16;Benicalap;Particular;33;SI;NO;0;NO;NA;No aplicable;2023-04-27;NA
1131;2;512;Paso de Cebra frente al 27 y 24 de Maestro Sosa para acceder al parque;3;Extramurs;Particular;4;NO;NO;0;NO;NA;No aplicable;2023-04-27;NA
1140;2;521;"CARRIL BICI CARRER EMILI BARo""""";14;Benimaclet;Representante GT;28;SI;SI;208;NO;297000;No aplicable;2023-04-27;NA
1142;2;523;REMODELACIo PLAÇA PORTADORS DE LA VERGE - PINEDO;19;Pobles del Sud;Representante GT;1;SI;SI;402;SI;100000;No aplicable;2023-04-27;NA
1146;2;527;Zona para perros en Ruzafa;2;l'Eixample;Particular;1;NO;NO;0;NO;NA;No aplicable;2023-04-27;NA
1159;2;540;Urbanitzar el tram entre Fray Fco. Cabezas i Hnos Machado;15;Rascanya;Particular;1;NO;NO;0;NO;NA;No aplicable;2023-04-27;NA
1173;2;554;Cubrir la piscina del Polideportivo de Benimaclet para un uso todo el año;14;Benimaclet;Particular;30;SI;NO;0;NO;NA;No aplicable;2023-04-27;NA
1190;2;571;Piscina y gimnasio municipal en Malvarrosa;11;Poblats Maritims;Particular;2;NO;NO;0;NO;NA;No aplicable;2023-04-27;NA
1215;3;1005;CARRIL BICI EN GGVV FERRAN EL CAToLIC-RAMoN I CAJAL;Toda la ciudad;Toda la ciudad;Ayuntamiento;783;SI;SI;2939;SI;320000;No aplicable;2023-04-27;NA
1284;3;1077;PEATONALIZACIoN Y REHABILITACIoN DE PUENTES HISToRICOS DE LA CIUDAD DE VALeNCIA;Toda la ciudad;Toda la ciudad;Particular;4;NO;NO;0;NO;NA;No aplicable;2023-04-27;NA
1320;3;1113;APARCAMIENTO EN CIUTAT VELLA uNICAMENTE PARA RESIDENTES;Toda la ciudad;Toda la ciudad;Particular;2;NO;NO;0;NO;NA;No aplicable;2023-04-27;NA
1324;3;1117;HABILITAR VARIAS ZONAS DE BAÑO PARA PERROS EN EL  ANTIGÜO CAUCE DEL RiO TURIA;Toda la ciudad;Toda la ciudad;Particular;152;SI;NO;0;NO;NA;No aplicable;2023-04-27;NA
1326;3;1119;PINTAR “CEDAS EL PASO” EN TODOS LOS CRUCES SIN SEÑALIZAR DE BENIMAMET;Toda la ciudad;Toda la ciudad;Particular;33;NO;NO;0;NO;NA;No aplicable;2023-04-27;NA
1345;3;1138;PISCINA PuBLICA ABIERTA;Toda la ciudad;Toda la ciudad;Particular;1;NO;NO;0;NO;NA;No aplicable;2023-04-27;NA
1371;3;1164;IL·LUMINACIo PISTA DE CANUT DE PINEDO;Toda la ciudad;Toda la ciudad;Particular;6;NO;NO;0;NO;NA;No aplicable;2023-04-27;NA
1395;3;1188;UN POCO DE COLOR.;Toda la ciudad;Toda la ciudad;Particular;1;NO;NO;0;NO;NA;No aplicable;2023-04-27;NA
1404;3;1197;FIBRA oPTICA PER A L'INTERNET EN BENIFARAIG, POBLE NOU I MAHUELLA;Toda la ciudad;Toda la ciudad;Particular;227;SI;NO;0;NO;NA;No aplicable;2023-04-27;NA
1412;3;1205;PARQUE CANINO;Toda la ciudad;Toda la ciudad;Particular;6;NO;NO;0;NO;NA;No aplicable;2023-04-27;NA
1437;3;1230;COMISARiA POLICiA;Toda la ciudad;Toda la ciudad;Particular;1;NO;NO;0;NO;NA;No aplicable;2023-04-27;NA
1460;3;1253;FAROLAS SOLARES PARA LOS PARQUES INFANTILES;Toda la ciudad;Toda la ciudad;Particular;5;NO;NO;0;NO;NA;No aplicable;2023-04-27;NA
1488;3;1281;URBANITZACIo I CONSTRUCCIo DE L'APARCAMENT DE LA PLAÇA D'AMPARO ARCE;Toda la ciudad;Toda la ciudad;Particular;0;NO;NO;0;NO;NA;No aplicable;2023-04-27;NA
1492;3;1285;ASFALTADO CALLE MAESTRO GOZALBO. TERCER INTENTO.;Toda la ciudad;Toda la ciudad;Particular;2;NO;NO;0;NO;NA;No aplicable;2023-04-27;NA
1529;3;1322;PAPELERAS URBANAS QUE INCLUYAN CENICERO;Toda la ciudad;Toda la ciudad;Particular;2;NO;NO;0;NO;NA;No aplicable;2023-04-27;NA
1575;3;1371;(PATRAIX) AJARDINAMIENTO JUNTO A TRANSFORMADOR DE IBERDROLA;Toda la ciudad;Toda la ciudad;Particular;12;NO;NO;0;NO;NA;No aplicable;2023-04-27;NA
1581;3;1377;HABILITAR PERSONAL Y RECURSOS PARA LIBERAR A NUESTRAS CALLES DE EXCREMENTOS;Toda la ciudad;Toda la ciudad;Particular;5;NO;NO;0;NO;NA;No aplicable;2023-04-27;NA
1612;3;1408;AYUDAR A LA INVESTIGACIoN DEL CANCER;Toda la ciudad;Toda la ciudad;Particular;7;NO;NO;0;NO;NA;No aplicable;2023-04-27;NA
1637;3;1433;ACERAS DE ANCHO SUFICIENTE PARA TRANSITAR. AUMENTAR EL ANCHO DE LAS MISMAS;Toda la ciudad;Toda la ciudad;Particular;3;NO;NO;0;NO;NA;No aplicable;2023-04-27;NA
1674;3;1470;REMODELACION PARQUE INFANTIL PLAZA VANNES;Toda la ciudad;Toda la ciudad;Particular;3;NO;NO;0;NO;NA;No aplicable;2023-04-27;NA
1714;3;1510;PASO DE PEATONES EN NOU CAMPANAR - AVDA GENERAL AVILeS 79;Toda la ciudad;Toda la ciudad;Particular;47;NO;NO;0;NO;NA;No aplicable;2023-04-27;NA
1812;4;2041;TODO HA DE SER DIGITAL;19;6;Particular;22;SI;NO;0;NO;NA;No aplicable;2023-04-27;NA
1814;4;2043;DIGNIFICAR LA CALLE ALPUENTE;18;1;Particular;10;NO;NO;0;NO;NA;No aplicable;2023-04-27;NA
1832;4;2061;RUTA ESCOLAR SEGURA ENTORNO AYUNTAMIENTO BENIMaMET;18;1;Particular;26;SI;NO;0;NO;NA;No aplicable;2023-04-27;NA
1863;4;2092;REMODELACIo INTEGRAL DEL PARC EIVISSA (EL GRAU);11;Poblats Maritims;Particular;44;SI;SI;75;NO;454610;No aplicable;2023-04-27;NA
1882;4;2111;CENTRO DE SALUD;12;Camins al Grau;Particular;5;NO;NO;0;NO;NA;No aplicable;2023-04-27;NA
1903;4;2132;CREACIoN DE ESPACIOS DE SOMBRA SOBRE LA ESTACIoN DE METRO AYORA;12;Camins al Grau;Representante GT;0;SI;NO;0;NO;NA;No aplicable;2023-04-27;NA
1961;4;2190;ENDEREZAR PASOS DE PEATONES SEGUN RECORRIDOS A PIE E INCREMENTO SEGURIDAD.;10;Quatre Carreres;Particular;13;NO;NO;0;NO;NA;No aplicable;2023-04-27;NA
1973;4;2202;PACIFICAR EL TRANSIT RODAT EN AVINGUDA PALMARET DE CARPESA.;17;3;Particular;18;SI;SI;53;SI;26500;No aplicable;2023-04-27;NA
1993;4;2222;REFORMA AVENIDA ARAGoN;6;el Pla del Real;Particular;22;NO;NO;0;NO;NA;No aplicable;2023-04-27;NA
2043;4;2272;AJARDINAMIENTO SOLAR CALLE BENETuSSER-DR. SORIANO BENLLOCH;18;1;Particular;40;SI;NO;0;NO;NA;No aplicable;2023-04-27;NA
2045;4;2274;ACONDICIONAMENT D'UNA VORERA EN L'AVINGUDA PALMARET DE CARPESA;17;3;Particular;27;SI;NO;0;NO;NA;No aplicable;2023-04-27;NA
2062;4;2291;ZONA SOCIALIZACIoN CANINA C/ VTE.BELTRaN GRIMAL, PERE II EL CEREMONIoS;12;Camins al Grau;Particular;8;NO;NO;0;NO;NA;No aplicable;2023-04-27;NA
2084;4;2313;REPARACIoN SOCAVONES CALZADA;2;l'Eixample;Particular;5;NO;NO;0;NO;NA;No aplicable;2023-04-27;NA
2105;4;2334;REURBANIZACIoN DE LAS ACERAS DE LAS CALLES CARMEN CRESPO Y SAN FRANCISCO DE ASiS;14;Benimaclet;Representante GT;0;SI;SI;123;NO;160332;No aplicable;2023-04-27;NA
2137;4;2366;TEMPLETE PARA ACTUACIONES MUSICALES EN PARQUE MARXALENES;5;la Saidia;Representante GT;0;SI;SI;289;NO;57600;No aplicable;2023-04-27;NA
2198;4;2427;20 TAULES PLEGABLES DE MALETA PER A BENIFARAIG;17;1;Particular;24;SI;SI;89;SI;2500;No aplicable;2023-04-27;NA
2256;4;2485;CENTRO SOCIAL EN  LES GAVINES;19;4;Particular;8;NO;NO;0;NO;NA;No aplicable;2023-04-27;NA
2258;4;2487;COMPRA DE PROYECTOR CON PANTALLA Y EQUIPO DE SONIDO PARA LA JUNTA D'ABASTOS;3;Extramurs;Representante GT;0;SI;SI;319;SI;3000;No aplicable;2023-04-27;NA
2269;4;2498;SOMBRATGE EN LA PORTA DEL CP CASTELLAR-L'OLIVERAL;19;2;Particular;21;SI;NO;0;NO;NA;No aplicable;2023-04-27;NA
2274;4;2503;ENSANCHAMIENTO DE LAS ACERAS EN LA CALLE ALICANTE Y CICLOCALLE.;2;l'Eixample;Representante GT;0;SI;SI;145;NO;162700;No aplicable;2023-04-27;NA
2284;4;2513;ACCeS NORD POBLE DEL SALER;19;4;Particular;23;SI;NO;0;NO;NA;No aplicable;2023-04-27;NA
2288;4;2517;CAMPO DE FuTBOL;17;6;Particular;6;NO;NO;0;NO;NA;No aplicable;2023-04-27;NA
2294;4;2523;ALINEAR LA UNIoN DE LA CALLE PLANAS CON FUENTE DE SAN LUIS;10;Quatre Carreres;Particular;5;NO;NO;0;NO;NA;No aplicable;2023-04-27;NA
2295;4;2524;CONTINUAR CARRIL BICI DE AVD. TRES CRUCES EN INTERSECCIoN CON C/ TRES FORQUES;8;Patraix;Particular;79;SI;SI;925;SI;25000;No aplicable;2023-04-27;NA
2312;4;2541;ESPACIO DE ALMACENAJE COLECTIVO;13;Algiros;Representante GT;0;SI;NO;0;NO;NA;No aplicable;2023-04-27;NA
2329;5;3017;INSTAL·LACIo DE LAVABOS PuBLICS A LES PLATGES DE VALeNCIA;Toda la ciudad;Toda la ciudad;Ayuntamiento;221;SI;SI;4693;SI;180000;No aplicable;2023-04-27;NA
2341;5;3029;Arreglo con cesped artificial tramo de tranvia;Toda la ciudad;Toda la ciudad;Particular;10;NO;NO;0;NO;NA;No aplicable;2023-04-27;NA
2344;5;3032;HACER RESPETAR LA ORDENANZA CANINA;Toda la ciudad;Toda la ciudad;Particular;292;SI;NO;0;NO;NA;No aplicable;2023-04-27;NA
2351;5;3039;Parque plaza escultor Pastor La Fonteta;Toda la ciudad;Toda la ciudad;Particular;20;NO;NO;0;NO;NA;No aplicable;2023-04-27;NA
2353;5;3041;Urbanizacion solar municipal en esquina Maestro Rodrigo con Camp de Turia;Toda la ciudad;Toda la ciudad;Particular;20;NO;NO;0;NO;NA;No aplicable;2023-04-27;NA
2398;5;3086;ZAS NO: LAS 4 DISCOTECAS DE  RUZAFA AL PARQUE CENTRAL;Toda la ciudad;Toda la ciudad;Particular;114;SI;NO;0;NO;NA;No aplicable;2023-04-27;NA
2407;5;3095;Peatonalizacion de C/Senda Secanet - Benimamet;Toda la ciudad;Toda la ciudad;Particular;31;NO;NO;0;NO;NA;No aplicable;2023-04-27;NA
2411;5;3099;Benimamet- Beniferri mas comunicados con una pasarela.;Toda la ciudad;Toda la ciudad;Particular;134;SI;NO;0;NO;NA;No aplicable;2023-04-27;NA
2426;5;3114;Carril Bici Calle Sorni;Toda la ciudad;Toda la ciudad;Particular;7;NO;NO;0;NO;NA;No aplicable;2023-04-27;NA
2456;5;3144;Circuito de running en Benimamet;Toda la ciudad;Toda la ciudad;Particular;30;NO;NO;0;NO;NA;No aplicable;2023-04-27;NA
2502;5;3190;Colegio e instituto Benicalap;Toda la ciudad;Toda la ciudad;Particular;284;SI;NO;0;NO;NA;No aplicable;2023-04-27;NA
2518;5;3206;CARRIL BICI CALLE DOLORES MARQUeS Y ENLAZARLO CON EL DE BOTaNICO CAVANILLES;Toda la ciudad;Toda la ciudad;Particular;41;NO;NO;0;NO;NA;No aplicable;2023-04-27;NA
2523;5;3211;Calle con ENCANTO: VINATEA on fire (peatonal o poner aceras dignas)!!!;Toda la ciudad;Toda la ciudad;Particular;27;NO;NO;0;NO;NA;No aplicable;2023-04-27;NA
2559;5;3247;Nuevos pasos de peatones en Gran via Fernando el Catolico;Toda la ciudad;Toda la ciudad;Particular;29;NO;NO;0;NO;NA;No aplicable;2023-04-27;NA
2681;5;3369;Aclimatacion piscina polideportivo Benimaclet;Toda la ciudad;Toda la ciudad;Particular;121;SI;SI;1094;NO;2000000;No aplicable;2023-04-27;NA
2746;5;3434;PUNTOS DE RECARGA PARA MoVILES EN MONUMENTOS;Toda la ciudad;Toda la ciudad;Particular;8;NO;NO;0;NO;NA;No aplicable;2023-04-27;NA
2806;5;3494;Reordenacio Avinguda Els Salesians – Benicalap;Toda la ciudad;Toda la ciudad;Particular;6;NO;NO;0;NO;NA;No aplicable;2023-04-27;NA
2992;6;4048;Estaciones de Valenbisi en Parque Central;2;l'Eixample;Particular;34;SI;NO;0;NO;NA;No aplicable;2023-04-27;NA
3124;6;4180;Colocacion vaden en C/ Rafael Tenes Escrich en paso de peatones num 53 - 55;18;1;Particular;2;NO;NO;0;NO;NA;No aplicable;2023-04-27;NA
3154;6;4210;contaminacion acustica y ambiental barrio de la Fonteta;10;Quatre Carreres;Particular;13;NO;NO;0;NO;NA;No aplicable;2023-04-27;NA
3192;6;4248;Proyectos de centro de dia, hogar del jubilado;;;;;;;;;;;;
3204;6;4260;Creacion de zonas para pasear perros y recoger su basura en el Barrio Botanico;3;Extramurs;Particular;18;NO;NO;0;NO;NA;No aplicable;2023-04-27;NA
3330;6;4386;Ruido en la salida de los tuneles del rio y otros tuneles con viviendas cercanas;4;Campanar;Particular;9;NO;NO;0;NO;NA;No aplicable;2023-04-27;NA
3337;6;4393;Camaras dgt;16;Benicalap;Particular;11;NO;NO;0;NO;NA;No aplicable;2023-04-27;NA
3399;6;4455;Semaforo y apertura de mediana en la avenida Peris y Valero con calle Cabo Jubi;2;l'Eixample;Particular;4;NO;NO;0;NO;NA;No aplicable;2023-04-27;NA
3416;6;4472;Actualizacion del Registro Municipal de Solares y Edificios a Rehabilitar(RMSER);1;Ciutat Vella;Particular;20;NO;NO;0;NO;NA;No aplicable;2023-04-27;NA
3532;6;4589;Realitzar projecte d´estudi soterrament part Ronda Nord;14;Benimaclet;Particular;102;SI;NO;0;NO;NA;No aplicable;2023-04-27;NA
3635;6;4692;BASURA  EN  ORRIOLS;15;Rascanya;Particular;55;SI;NO;0;NO;NA;No aplicable;2023-04-27;NA
3701;6;4759;Instal·lar un parc de calistenia a Castellar-l´Oliveral;19;2;Particular;59;SI;SI;35;NO;60000;No aplicable;2023-04-27;NA
3756;6;4816;INSTALACIoN DE  PAPELERAS CON DISPENSADOR DE BOLSAS(EXCREMENTOS DE LAS MASCOTAS);13;Algiros;Particular;8;NO;NO;0;NO;NA;No aplicable;2023-04-27;NA
3769;6;4829;FINALIZAR PROYECTO PLAZA AJARDINADA JUAN PABLO II;4;Campanar;Particular;58;SI;SI;458;SI;50000;No aplicable;2023-04-27;NA
3837;6;4898;Remodelacion de la zona ajardinada de la calle Alqueria de Benlloch;8;Patraix;Particular;11;NO;NO;0;NO;NA;No aplicable;2023-04-27;NA
3904;6;4966;VALLA PERIMETRAL EN EL PARQUE INFANTIL DE LA PLAZA DE HONDURAS;13;Algiros;Particular;9;NO;NO;0;NO;NA;No aplicable;2023-04-27;NA
4033;6;5095;PISTAS POLIDEPORTIVAS PuBLICAS.;16;Benicalap;Particular;36;SI;NO;0;NO;NA;No aplicable;2023-04-27;NA
4163;6;5225;PUNTOS DE ALIMENTACIoN EN COLONIAS FELINAS URBANAS;11;Poblats Maritims;Particular;38;SI;SI;323;SI;5200;No aplicable;2023-04-27;NA
4251;7;5313;NUEVO PARQUE SOSTENIBLE EN PATRAIX!!;8;Patraix;Particular;42;SI;SI;245;NO;262000;Sin etiqueta;2023-04-27;NA
4295;7;5357;Construccion Piscina Municipal Cuartel de Zapadores y arreglo de la comisaria.;10;Quatre Carreres;Particular;61;SI;NO;0;NO;NA;No aplicable;2023-04-27;NA
4325;7;5387;Universidad popular en la alqueria sita junto camino cementerio de Campanar;4;Campanar;Particular;52;SI;NO;0;NO;NA;No aplicable;2023-04-27;NA
4342;7;5404;PACIFICACIo I REURBANITZACIo AV. CONSTITUCIo;15;Rascanya;Particular;14;NO;NO;0;NO;NA;No aplicable;2023-04-27;NA
4367;7;5429;Colocacion de pergolas -sombras en parques infantiles;3;Extramurs;Particular;31;SI;NO;0;NO;NA;No aplicable;2023-04-27;NA
4391;7;5453;Paseo ajardinado en Santos Justo y Pastor;13;Algiros;Particular;30;SI;NO;0;NO;NA;No aplicable;2023-04-27;NA
4415;7;5477;SUPERILLA MONTEOLIVETE;10;Quatre Carreres;Particular;18;NO;NO;0;NO;NA;No aplicable;2023-04-27;NA
4423;7;5485;Insonorizacion salida tunel General Aviles 9;4;Campanar;Particular;3;NO;NO;0;NO;NA;No aplicable;2023-04-27;NA
4468;7;5530;Recuperacion de campos para cultivo de cañamo industrial;18;1;Particular;2;NO;NO;0;NO;NA;No aplicable;2023-04-27;NA
4517;7;5579;DOTACIoN DE LIBROS PARA LA BIBLIOTECA DE MALILLA-ROiS DE CORELLA;10;Quatre Carreres;Particular;60;SI;SI;840;SI;28000;Sin etiqueta;2023-04-27;NA
4541;7;5603;Peatonalitzacio entrada Escola de Jardineria - antic sanatori Sta Rosa;6;el Pla del Real;Particular;9;NO;NO;0;NO;NA;No aplicable;2023-04-27;NA
4543;7;5605;Biblioteca de Benimaclet. Actualizacion de fondos y adquisicion de proyector;14;Benimaclet;Particular;79;SI;SI;506;SI;20000;Sin etiqueta;2023-04-27;NA
4597;7;5659;PARQUE DE PERROS ZONA TABACALERA. CALLE NATURALISTA CIRTERNAS;6;el Pla del Real;Particular;13;NO;NO;0;NO;NA;No aplicable;2023-04-27;NA
4647;7;5709;Cuestiones de aparcamiento y mercadillo de los viernes;14;Benimaclet;Particular;8;NO;NO;0;NO;NA;No aplicable;2023-04-27;NA
4690;7;5752;Acondicionamiento solar calle nicolau primitiu -profesor angel la calle;8;Patraix;Particular;5;NO;NO;0;NO;NA;No aplicable;2023-04-27;NA
4745;7;5807;Paso de peatones entre el cruce de las calles Franco Tormo y Jacinto Labaila;8;Patraix;Particular;4;NO;NO;0;NO;NA;No aplicable;2023-04-27;NA
4789;7;5851;CARRIL BICI CALLE SAGUNTO + MAXIMILIANO THOUS;5;la Saidia;Particular;46;SI;SI;207;NO;450000;Sin etiqueta;2023-04-27;NA
4838;7;5900;Reparar desnivel y acera en C/Ciudad de Melilla;8;Patraix;Particular;2;NO;NO;0;NO;NA;No aplicable;2023-04-27;NA
4914;7;5976;Continuidad Calle Nicolau Primitiu Gomez Serrano (Alqueria dels Frares);8;Patraix;Particular;24;NO;NO;0;NO;NA;No aplicable;2023-04-27;NA
4919;7;5981;ARREGLO PARCELAS Calle SAN GUILLEM y TARRA;5;la Saidia;Particular;11;NO;NO;0;NO;NA;No aplicable;2023-04-27;NA
4945;7;6007;Control de aparcamiento para residentes en la zona de Mont-olivet;10;Quatre Carreres;Particular;7;NO;NO;0;NO;NA;No aplicable;2023-04-27;NA
4961;7;6023;COMISARIA EN ORRIOLS;15;Rascanya;Particular;102;SI;NO;0;NO;NA;No aplicable;2023-04-27;NA
4988;7;6050;Solar de carrer Soria amb Enginyer Jose Sirera;9;Jesus;Particular;33;SI;NO;0;NO;NA;No aplicable;2023-04-27;NA
5026;7;6088;Pipican autentico;2;l'Eixample;Particular;2;NO;NO;0;NO;NA;No aplicable;2023-04-27;NA
5073;7;6135;Creacion  de una zona de estacionamiento  en la zona Cami Real;19;7;Particular;0;NO;NO;0;NO;NA;No aplicable;2023-04-27;NA
5086;7;6148;Adecuacion solares publicos;15;Rascanya;Particular;42;SI;NO;0;NO;NA;No aplicable;2023-04-27;NA
5101;7;6163;Apertura via urbana;19;2;Particular;19;SI;NO;0;NO;NA;No aplicable;2023-04-27;NA
5105;7;6167;Millora senyalitzacio;19;3;Particular;15;SI;NO;0;NO;NA;No aplicable;2023-04-27;NA
5163;7;6225;Creacion de zonas de estacionamiento para residentes en el Cabanyal;11;Poblats Maritims;Particular;28;NO;NO;0;NO;NA;No aplicable;2023-04-27;NA
5297;7;6359;Cambio de ubicacion de contenedores o soterramiento de los mismos;8;Patraix;Particular;0;NO;NO;0;NO;NA;No aplicable;2023-04-27;NA
5309;7;6371;Carril bici hasta la escuela;4;Campanar;Particular;6;NO;NO;0;NO;NA;No aplicable;2023-04-27;NA
5347;7;6409;REPAVIMENTACIo I CONDICIONAMENT DE LES VORERES DEL C/ PINTOR SALVADOR ABRIL;2;l'Eixample;Particular;6;NO;NO;0;NO;NA;No aplicable;2023-04-27;NA
5355;7;6417;Arbolado y jardin en cruce peatonal Avda. del Cid esq Rincon de Ademus;7;l'Olivereta;Particular;20;NO;NO;0;NO;NA;No aplicable;2023-04-27;NA
5361;7;6423;Pavimento calle Los platanos altura n°40;16;Benicalap;Particular;4;NO;NO;0;NO;NA;No aplicable;2023-04-27;NA
5378;7;6440;Mejora general de la iluminacion en Font Santa;7;l'Olivereta;Representante GT;0;SI;SI;55;NO;300000;Sin etiqueta;2023-04-27;NA
5380;7;6442;Zona infantil en los tramos VIII a XI del rio;1;Ciutat Vella;Particular;16;NO;NO;0;NO;NA;No aplicable;2023-04-27;NA
5381;7;6443;CREACIoN DE ZONAS DE ESTACIONAMIENTO RESERVADAS PARA RESIDENTES;11;Poblats Maritims;Particular;2;NO;NO;0;NO;NA;No aplicable;2023-04-27;NA
5382;7;6444;Nuevo colegio publico e instituto;16;Benicalap;Particular;34;SI;NO;0;NO;NA;No aplicable;2023-04-27;NA
5405;7;6467;Instalar sombra en puente peatonal Pont de fusta.;5;la Saidia;Particular;41;SI;NO;0;NO;NA;No aplicable;2023-04-27;NA
5407;7;6469;PEATONALIZAR TRAMO CALLE LUIS BOLINCHES;12;Camins al Grau;Particular;18;NO;NO;0;NO;NA;No aplicable;2023-04-27;NA
5485;7;6547;Refugio de acogida para gatos con necesidades especiales;16;Benicalap;Particular;88;SI;NO;0;NO;NA;No aplicable;2023-04-27;NA
5503;7;6565;Arbres a la Raiosa;9;Jesus;Particular;17;NO;NO;0;NO;NA;No aplicable;2023-04-27;NA
5505;7;6567;Proteccio, preservacio i rehabilitacio del braç d’Alegret de la sequia Mestalla;14;Benimaclet;Representante GT;0;SI;SI;269;NO;362677;Sin etiqueta;2023-04-27;NA
5509;7;6571;Creacion zona boulder en el rio bajo del puente de Campanar;4;Campanar;Particular;3;NO;NO;0;NO;NA;No aplicable;2023-04-27;NA
5510;7;6572;Mejorar enlaces carril bici;2;l'Eixample;Particular;12;NO;NO;0;NO;NA;No aplicable;2023-04-27;NA
5516;7;6578;Plantacion de Eucaliptos;14;Benimaclet;Particular;3;NO;NO;0;NO;NA;No aplicable;2023-04-27;NA
5522;7;6584;GIMNASIO EXTERIOR Y AMPLIACIoN DE GRADA EN EL CAMPO DE RUGBY – JARDiN DEL TURIA;5;la Saidia;Particular;202;SI;SI;400;SI;220000;Sin etiqueta;2023-04-27;NA
5526;7;6588;Parque Infantil (Av/Giorgeta 60);9;Jesus;Particular;14;NO;NO;0;NO;NA;No aplicable;2023-04-27;NA
5540;7;6602;PEATONALIZACIoN ENTORNO MERCADO JESuS;9;Jesus;Representante GT;0;SI;SI;392;SI;55000;Con etiqueta;2023-04-27;NA
5547;7;6609;ENTRADA LA RAMBLETA;9;Jesus;Representante GT;0;SI;NO;0;NO;NA;No aplicable;2023-04-27;NA
5597;7;6659;Carril Bici en Avenida Tres forques;8;Patraix;Particular;36;SI;NO;0;NO;NA;No aplicable;2023-04-27;NA
5636;7;6698;DESCAMPADO WAKSMAN/NIEVES. Zona de esparcimiento canino, Parque infantil y zona;10;Quatre Carreres;Particular;36;SI;NO;0;NO;NA;No aplicable;2023-04-27;NA
5642;7;6704;Peatonalizacion parcial y renaturalizacion de la calle Dr. Zamenhof;3;Extramurs;Particular;9;NO;NO;0;NO;NA;No aplicable;2023-04-27;NA
5652;7;6714;Jardi al descampat del Carrer Germans Rives;7;l'Olivereta;Particular;18;NO;NO;0;NO;NA;No aplicable;2023-04-27;NA
5682;7;6744;Prolongacion c/ Lebon- Padre Tomas de Montañana;11;Poblats Maritims;Particular;1;NO;NO;0;NO;NA;No aplicable;2023-04-27;NA
5684;7;6746;MEJORA DEL ASFALTADO/SUELO JARDINES DE VIVEROS;5;la Saidia;Particular;16;NO;NO;0;NO;NA;No aplicable;2023-04-27;NA
5700;7;6762;Mejora infraestructuras tranvia - engrasado de vias en Pont de Fusta;5;la Saidia;Particular;15;NO;NO;0;NO;NA;No aplicable;2023-04-27;NA
5719;7;6781;Plantar arboles alrededor de las pista deportiva;14;Benimaclet;Particular;14;NO;NO;0;NO;NA;No aplicable;2023-04-27;NA
5738;7;6800;Mejora trafico Ensanche;2;l'Eixample;Particular;6;NO;NO;0;NO;NA;No aplicable;2023-04-27;NA
5756;7;6818;Millora de l'allumenacio del circuit 5k del jardi del Turia/Mejora de la ilum...;4;Campanar;Particular;8;NO;NO;0;NO;NA;No aplicable;2023-04-27;NA
5782;7;6844;Repavimentacion calzada Cami Tremolar entorno del nº 73;19;2;Ayuntamiento;0;SI;SI;92;NO;24801;Sin etiqueta;2023-04-27;NA
8;1;2015-00009;NA;14;Benimaclet;Persona Fisica;0;No aplicable;SI;76;NO;NA;No aplicable;2023-04-27;NA
29;1;2015-00035;NA;8;Patraix;Persona Fisica;0;No aplicable;NO;0;NO;NA;No aplicable;2023-04-27;NA
136;1;2015-00173;NA;15;Rascanya;Persona Fisica;0;No aplicable;NO;0;NO;NA;No aplicable;2023-04-27;NA
151;1;2015-00188;NA;7;l'Olivereta;Persona Fisica;0;No aplicable;NO;0;NO;NA;No aplicable;2023-04-27;NA
218;1;2015-00262;NA;5;la Saidia;Persona Juridica;0;No aplicable;NO;0;NO;NA;No aplicable;2023-04-27;NA
276;1;2015-00332;NA;2;l'Eixample;Persona Juridica;0;No aplicable;NO;0;NO;NA;No aplicable;2023-04-27;NA
323;1;2015-00384;NA;1;Ciutat Vella;Persona Fisica;0;No aplicable;NO;0;NO;NA;No aplicable;2023-04-27;NA
376;1;2015-00440;NA;4;Campanar;Persona Fisica;0;No aplicable;SI;17;NO;NA;No aplicable;2023-04-27;NA
434;1;2015-00513;NA;19;Pobles del Sud;Persona Juridica;0;No aplicable;NO;0;NO;NA;No aplicable;2023-04-27;NA
437;1;2015-00519;NA;2;l'Eixample;Persona Fisica;0;No aplicable;NO;0;NO;NA;No aplicable;2023-04-27;NA
450;1;2015-00535;NA;11;Poblats Maritims;Persona Juridica;0;No aplicable;NO;0;NO;NA;No aplicable;2023-04-27;NA
466;1;2015-00558;NA;9;Jesus;Persona Juridica;0;No aplicable;SI;39;NO;NA;No aplicable;2023-04-27;NA
482;1;2015-00576;NA;19;Pobles del Sud;Persona Fisica;0;No aplicable;NO;0;NO;NA;No aplicable;2023-04-27;NA
491;1;2015-00587;NA;19;Pobles del Sud;Persona Juridica;0;No aplicable;NO;0;NO;NA;No aplicable;2023-04-27;NA
505;1;2015-00604;NA;8;Patraix;Persona Juridica;0;No aplicable;NO;0;NO;NA;No aplicable;2023-04-27;NA
559;1;2016-00054;NA;15;Rascanya;Persona Juridica;0;No aplicable;SI;2;NO;NA;No aplicable;2023-04-27;NA
564;1;2016-00059;NA;18;Pobles de l'Oest;Persona Juridica;0;No aplicable;SI;0;NO;NA;No aplicable;2023-04-27;NA
570;1;2016-00065;Propuesta ayuntamiento. Mejora de la accesibilidad en paradas del transporte urbano de L'Eixample;2;l'Eixample;Persona Juridica;0;No aplicable;SI;18;SI;44629;No aplicable;2023-04-27;NA
592;1;2016-00088;Propuesta ayuntamiento. Señales aviso presencia escolares;7;l'Olivereta;Persona Juridica;0;No aplicable;SI;7;SI;2500;No aplicable;2023-04-27;NA
606;1;2016-00102;Propuesta ayuntamiento. Implemento seguridad pasos peatones y personas con movilidad reducida;18;Pobles de l'Oest;Persona Juridica;0;No aplicable;SI;52;SI;8000;No aplicable;2023-04-27;NA
683;2;64;ARBOLADO EN ARCHIDUQUE CARLOS;8;Patraix;Particular;25;NO;NO;0;NO;NA;No aplicable;2023-04-27;NA
744;2;125;Pasarelas y otros  en la avda. del Cid;7;l'Olivereta;Particular;9;NO;NO;0;NO;NA;No aplicable;2023-04-27;NA
771;2;152;C/REINA VIOLANTE: PARQUE AJARDINADO, ZONA DE JUEGOS...;4;Campanar;Particular;41;SI;NO;0;NO;NA;No aplicable;2023-04-27;NA
798;2;179;Mejora aceras calle Jalance;13;Algiros;Particular;35;SI;SI;165;SI;47735;No aplicable;2023-04-27;NA
807;2;188;Peatonalizacion del puente de San Jose;1;Ciutat Vella;Particular;15;NO;NO;0;NO;NA;No aplicable;2023-04-27;NA
811;2;192;Embellecimiento cruce calles Turia y Quart - vista de las Torres de Quart;3;Extramurs;Particular;6;NO;NO;0;NO;NA;No aplicable;2023-04-27;NA
833;2;214;PARQUE MUNICIPAL;15;Rascanya;Particular;17;NO;NO;0;NO;NA;No aplicable;2023-04-27;NA
929;2;310;MEDIANA OBRA>;6;el Pla del Real;Representante GT;7;SI;NO;0;NO;NA;No aplicable;2023-04-27;NA
930;2;311;Mejora de la ordenacion vial de la C/Xiprers de Beniferri.;18;Pobles de l'Oest;Representante GT;6;SI;NO;0;NO;NA;No aplicable;2023-04-27;NA
951;2;332;ZONA DE  SOCIALIZACIoN PARA PERROS;13;Algiros;Representante GT;14;SI;NO;0;NO;NA;No aplicable;2023-04-27;NA
953;2;334;Rehabilitacion de las alquerias de la Torre y del Moro;16;Benicalap;Representante GT;16;SI;NO;0;NO;NA;No aplicable;2023-04-27;NA
1003;2;384;Gasolineras Dolores Marques con Avda. Valladolid;14;Benimaclet;Particular;1;NO;NO;0;NO;NA;No aplicable;2023-04-27;NA
1049;2;430;Proteccion zona infantil frente a trafico rodado en Plaza Doctor Landete;2;l'Eixample;Representante GT;17;SI;NO;0;NO;NA;No aplicable;2023-04-27;NA
1062;2;443;Paneles informativos de control de velocidad en calles 30 del barrio de Botanic;3;Extramurs;Representante GT;1;SI;NO;0;NO;NA;No aplicable;2023-04-27;NA
1083;2;464;Mejorar parques  y piscina al aire libre en antiguo Cauce del Rio Turia;3;Extramurs;Particular;5;NO;NO;0;NO;NA;No aplicable;2023-04-27;NA
1127;2;508;Espai de socialitzacio per a gossos;11;Poblats Maritims;Representante GT;9;SI;SI;184;NO;60000;No aplicable;2023-04-27;NA
1130;2;511;Carril bici-paseo por la huerta Benimamet y Beniferri.;18;Pobles de l'Oest;Particular;30;SI;NO;0;NO;NA;No aplicable;2023-04-27;NA
1135;2;516;ESPACIO PUBLICO ZONA VERDE SOLAR  C/ ZAPATERIA NIÑOS, NUMANCIA, MARTIN MENGOD;1;Ciutat Vella;Particular;8;NO;NO;0;NO;NA;No aplicable;2023-04-27;NA
1161;2;542;Creacion de ciclocalles en el Barrio de Benimaclet.;14;Benimaclet;Particular;46;SI;NO;0;NO;NA;No aplicable;2023-04-27;NA
1187;2;568;Urbanizar siempre las calles con arboles funcionales antiextincion a l'horta Sud;19;Pobles del Sud;Particular;1;NO;NO;0;NO;NA;No aplicable;2023-04-27;NA
1194;2;575;finalizar peatonalmente y accesible para carros la calle santiago apostol benife;18;Pobles de l'Oest;Particular;0;NO;NO;0;NO;NA;No aplicable;2023-04-27;NA
1287;3;1080;CARRIL BICI EN EL CARRER ALACANT;Toda la ciudad;Toda la ciudad;Particular;102;SI;NO;0;NO;NA;No aplicable;2023-04-27;NA
1331;3;1124;CARRIL BICI VALLE DE LA BALLESTERA REUS RUAYA;Toda la ciudad;Toda la ciudad;Particular;6;NO;NO;0;NO;NA;No aplicable;2023-04-27;NA
1332;3;1125;ROCODROMO EN EL RIO TURIA;Toda la ciudad;Toda la ciudad;Particular;95;NO;NO;0;NO;NA;No aplicable;2023-04-27;NA
1364;3;1157;ENSANCHE ACERAS C/ GARBi, MaS PLAZAS DE APARCAMIENTO EN C/ SAFOR Y NUEVA ROTONDA;Toda la ciudad;Toda la ciudad;Particular;15;NO;NO;0;NO;NA;No aplicable;2023-04-27;NA
1420;3;1213;URBANIZACIoN ENTORNO DE LA ALQUERiA DE LA PONSA EN EL BARRIO DE LA AGUJA;Toda la ciudad;Toda la ciudad;Particular;4;NO;NO;0;NO;NA;No aplicable;2023-04-27;NA
1434;3;1227;PARQUE INFANTIL ZONA AMISTAD;Toda la ciudad;Toda la ciudad;Particular;5;NO;NO;0;NO;NA;No aplicable;2023-04-27;NA
1453;3;1246;TERMINAR 2º FASE PARQUE JUAN BAUTISTA PASTOR (BORBOTo);Toda la ciudad;Toda la ciudad;Particular;139;SI;SI;1568;NO;48000;No aplicable;2023-04-27;NA
1516;3;1309;DEFICIENCIAS EN CALLE SANTA ROSA;Toda la ciudad;Toda la ciudad;Particular;42;NO;NO;0;NO;NA;No aplicable;2023-04-27;NA
1521;3;1314;CONECTAR BORBOTO Y GODELLA RUTA PEATONES;Toda la ciudad;Toda la ciudad;Particular;122;SI;NO;0;NO;NA;No aplicable;2023-04-27;NA
1576;3;1372;"SUSTITUCIoN FAROLAS TIPO ""GLOBO"" CALLE LA GUARDIA CIVIL";Toda la ciudad;Toda la ciudad;Particular;1;NO;NO;0;NO;NA;No aplicable;2023-04-27;NA
1596;3;1392;ALFALTADO GRANDES ViAS - ELIMINACIoN CONTAMINACIoN ACuSTICA;Toda la ciudad;Toda la ciudad;Particular;5;NO;NO;0;NO;NA;No aplicable;2023-04-27;NA
1609;3;1405;BANCOS EN CALLE;Toda la ciudad;Toda la ciudad;Particular;2;NO;NO;0;NO;NA;No aplicable;2023-04-27;NA
1642;3;1438;CAMBIAR ACCESO AL PARKING DEL AMBULATORIO DE CAMPANAR;Toda la ciudad;Toda la ciudad;Particular;49;NO;NO;0;NO;NA;No aplicable;2023-04-27;NA
1654;3;1450;PLAZA MAGUNCIA - MEJORA PARQUE INFANTIL + ZONA SOCIALIZACIoN CANINA;Toda la ciudad;Toda la ciudad;Particular;51;NO;NO;0;NO;NA;No aplicable;2023-04-27;NA
1680;3;1476;"DESTINAR UN LOCAL PARA ""ESPAI DE LES DONES""";Toda la ciudad;Toda la ciudad;Particular;149;SI;NO;0;NO;NA;No aplicable;2023-04-27;NA
1689;3;1485;INSTALACIoN DE SEMaFOROS EN EL CRUCE JERoNIMO DE MONTSORIU Y JOSe AGUILAR;Toda la ciudad;Toda la ciudad;Particular;1;NO;NO;0;NO;NA;No aplicable;2023-04-27;NA
1693;3;1489;CENTRO DE ESGRIMA EN ELS POBLATS MARiTIMS;Toda la ciudad;Toda la ciudad;Particular;115;SI;SI;235;NO;2000000;No aplicable;2023-04-27;NA
1701;3;1497;PAVIMENTACIoN ANTIRRUIDO EN EL PASO ELEVADO DE AVD.  GIORGETA;Toda la ciudad;Toda la ciudad;Particular;4;NO;NO;0;NO;NA;No aplicable;2023-04-27;NA
1706;3;1502;PARQUE PARA NIÑOS DE 8-12 AÑOS ZONA AVDA. ARAGoN;Toda la ciudad;Toda la ciudad;Particular;1;NO;NO;0;NO;NA;No aplicable;2023-04-27;NA
1712;3;1508;ACONDICIONAMIENTO DESCAMPADO C/LLIRI BLAU DEVESA - C/MISTRAL;Toda la ciudad;Toda la ciudad;Particular;10;NO;NO;0;NO;NA;No aplicable;2023-04-27;NA
1746;3;1542;CREACIoN CARRIL BICI EN C/GASCo OLIAG (CONEXIoN BENIMACLET CON BLASCO IBAÑEZ);Toda la ciudad;Toda la ciudad;Particular;1;NO;NO;0;NO;NA;No aplicable;2023-04-27;NA
1759;3;1555;CARRIL BICI EN EL CAMINO DE MONCADA (DE MONCADA-ALFARA A TORREFIEL);Toda la ciudad;Toda la ciudad;Particular;7;NO;NO;0;NO;NA;No aplicable;2023-04-27;NA
1772;3;1568;AUMENTO DE LA DIGITALIZACIoN DE LAS BIBLIOTECAS PARA ATRAER A JoVENES;Toda la ciudad;Toda la ciudad;Particular;1;NO;NO;0;NO;NA;No aplicable;2023-04-27;NA
1799;4;2028;CARRIL BICI Y APARCAMIENTO DE MOTOS EN LA AVENIDA CARDENAL BENLLOCH;20;No consta;Particular;17;NO;NO;0;NO;NA;No aplicable;2023-04-27;NA
1819;4;2048;CREACIoN DE UN SISTEMA DE RECICLAJE EFICAZ;20;No consta;Particular;38;SI;NO;0;NO;NA;No aplicable;2023-04-27;NA
1845;4;2074;REALIZACION DE LA ESCUELA OFICIAL DE IDIOMAS EN ANTONIO FERRANDIS;10;Quatre Carreres;Particular;147;SI;NO;0;NO;NA;No aplicable;2023-04-27;NA
1860;4;2089;LAS  CALLES QUE ESTEN HECHAS COMO LAS ACERAS QUE SEAN PEATONALES;19;6;Particular;1;NO;NO;0;NO;NA;No aplicable;2023-04-27;NA
1876;4;2105;FOMENTAR RUTAS PEATONALES EN VELLUTERS: PASOS DE CEBRA EN C/MALDONADO;1;Ciutat Vella;Particular;14;NO;NO;0;NO;NA;No aplicable;2023-04-27;NA
1894;4;2123;PARC DE MARXALENES ACCESIBLE E INCLUSIVO PARA INFANCIA CON Y SIN DISCAPACIDAD;5;la Saidia;Particular;76;SI;SI;240;NO;180000;No aplicable;2023-04-27;NA
1922;4;2151;ACERA Y CARRIL BICI EN UN TRAMO DE C/ GUADALQUIVIR;19;1;Particular;21;SI;NO;0;NO;NA;No aplicable;2023-04-27;NA
1981;4;2210;ZONA DE APARCAMIENTOS PARA MOTOCICLETAS,;15;Rascanya;Particular;2;NO;NO;0;NO;NA;No aplicable;2023-04-27;NA
1986;4;2215;PeRGOLA PER A ACTIVITATS MUSICALS I CULTURALS AL BARRI DE MALILLA;10;Quatre Carreres;Representante GT;0;SI;SI;389;SI;57600;No aplicable;2023-04-27;NA
2025;4;2254;TOLDO FIJO - POBLE NOU;17;2;Representante GT;0;SI;NO;0;NO;NA;No aplicable;2023-04-27;NA
2053;4;2282;ILUMINACIoN ANTI-VIOLACIoN EN C/ MENORCA (EN LA PISTA DE FuTBOL Y BASKET);12;Camins al Grau;Representante GT;0;SI;SI;392;SI;15000;No aplicable;2023-04-27;NA
2116;4;2345;REDUCCIoN BRECHA DIGITAL PERSONAS MAYORES;9;Jesus;Representante GT;0;SI;SI;211;SI;64780;No aplicable;2023-04-27;NA
2154;4;2383;SEMAFOROS EN ORRIOLS;15;Rascanya;Representante GT;0;SI;NO;0;NO;NA;No aplicable;2023-04-27;NA
2165;4;2394;RENOVACIoN DEL PARQUE INFANTIL DE C/ MANUEL SIMo Y CONVERSIoN EN PARQUE NATURAL;8;Patraix;Representante GT;0;SI;SI;546;SI;125000;No aplicable;2023-04-27;NA
2172;4;2401;TRANViA LANZADERA EN PONT DE FUSTA;5;la Saidia;Particular;11;NO;NO;0;NO;NA;No aplicable;2023-04-27;NA
2272;4;2501;CONTINUAR CARRIL BICI DE AVD. TRES CRUCES EN INTERSECCIoN CON C/ TRES FORQUES;8;Patraix;Particular;23;NO;NO;0;NO;NA;No aplicable;2023-04-27;NA
2292;4;2521;CARRIL BICI C/BAILeN + REFORMA ACERA BOCA ACCESO A TuNEL PEATONAL DE LA GRAN ViA;3;Extramurs;Particular;47;SI;SI;247;NO;150000;No aplicable;2023-04-27;NA
2308;4;2537;REDACCIoN DE UN PLAN QUE DOTE DE TRATAMIENTO HOMOGeNEO AL BARRIO DEL ENSANCHE;2;l'Eixample;Particular;61;SI;NO;0;NO;NA;No aplicable;2023-04-27;NA
2376;5;3064;Arreglar las aceras rotas por los arboles en toda la ciudad;Toda la ciudad;Toda la ciudad;Particular;67;NO;NO;0;NO;NA;No aplicable;2023-04-27;NA
2380;5;3068;Piscina al aire libre en Campanar;Toda la ciudad;Toda la ciudad;Particular;157;SI;NO;0;NO;NA;No aplicable;2023-04-27;NA
2391;5;3079;Restauracion Alqueria de los Frailes (San Isidro) y terrenos colindantes;Toda la ciudad;Toda la ciudad;Particular;64;NO;NO;0;NO;NA;No aplicable;2023-04-27;NA
2418;5;3106;Carril bici de Blasco Ibañez fins a Vicent Zaragoza;Toda la ciudad;Toda la ciudad;Particular;133;SI;SI;2627;SI;250000;No aplicable;2023-04-27;NA
2430;5;3118;Carril bici patinable en el paseo maritimo;Toda la ciudad;Toda la ciudad;Particular;40;NO;NO;0;NO;NA;No aplicable;2023-04-27;NA
2451;5;3139;Ampliacion centro de salud Benimamet;Toda la ciudad;Toda la ciudad;Particular;121;SI;NO;0;NO;NA;No aplicable;2023-04-27;NA
2457;5;3145;Urbanizacion de la calle Espronceda en Benimamet;Toda la ciudad;Toda la ciudad;Particular;11;NO;NO;0;NO;NA;No aplicable;2023-04-27;NA
2547;5;3235;Parque de perros en Marchalenes;Toda la ciudad;Toda la ciudad;Particular;18;NO;NO;0;NO;NA;No aplicable;2023-04-27;NA
2553;5;3241;PARQUE DE BARRAS / STREET WORKOUT RiO TuRIA - TORRES DE SERRANO (LA ZAIDiA);Toda la ciudad;Toda la ciudad;Particular;106;SI;NO;0;NO;NA;No aplicable;2023-04-27;NA
2575;5;3263;Peatonalizar calle Alpuente (Benimamet);Toda la ciudad;Toda la ciudad;Particular;13;NO;NO;0;NO;NA;No aplicable;2023-04-27;NA
2643;5;3331;Equipamiento infantil y jardin en la C/gorgos junto Colegio El Pilar;Toda la ciudad;Toda la ciudad;Particular;21;NO;NO;0;NO;NA;No aplicable;2023-04-27;NA
2648;5;3336;Reasfaltat de carrers degradats de El Palmar;Toda la ciudad;Toda la ciudad;Particular;113;SI;SI;944;NO;192000;No aplicable;2023-04-27;NA
2654;5;3342;Escenario de obra (Borboto);Toda la ciudad;Toda la ciudad;Particular;5;NO;NO;0;NO;NA;No aplicable;2023-04-27;NA
2669;5;3357;Juegos de mesa;Toda la ciudad;Toda la ciudad;Particular;6;NO;NO;0;NO;NA;No aplicable;2023-04-27;NA
2683;5;3371;pinta los kioscos de violeta;Toda la ciudad;Toda la ciudad;Particular;7;NO;NO;0;NO;NA;No aplicable;2023-04-27;NA
2689;5;3377;Huertos urbanos de barrio en solar de Jesuitas;Toda la ciudad;Toda la ciudad;Particular;11;NO;NO;0;NO;NA;No aplicable;2023-04-27;NA
2701;5;3389;Il·luminacio del mural homenatge a Josep Renau;Toda la ciudad;Toda la ciudad;Particular;20;NO;NO;0;NO;NA;No aplicable;2023-04-27;NA
2735;5;3423;Tùnel;Toda la ciudad;Toda la ciudad;Particular;4;NO;NO;0;NO;NA;No aplicable;2023-04-27;NA
2774;5;3462;Urbanitzacio barri Fonteta de sant Lluis;Toda la ciudad;Toda la ciudad;Particular;21;NO;NO;0;NO;NA;No aplicable;2023-04-27;NA
2810;5;3498;Humanizar la Plaza de España: adaptar los cruces a los peatones, hoy en peligro;Toda la ciudad;Toda la ciudad;Particular;11;NO;NO;0;NO;NA;No aplicable;2023-04-27;NA
2831;5;3519;Terminar el parque infantil y de mayores en la zona central de la calle musGines;Toda la ciudad;Toda la ciudad;Particular;2;NO;NO;0;NO;NA;No aplicable;2023-04-27;NA
2856;5;3544;Parquings de bicis vigilats als recintes esportius de masses;Toda la ciudad;Toda la ciudad;Particular;6;NO;NO;0;NO;NA;No aplicable;2023-04-27;NA
2868;5;3556;Arreglar el jardin frente a La Ceramo y reivindicar asi su rehabilitacion;Toda la ciudad;Toda la ciudad;Particular;10;NO;NO;0;NO;NA;No aplicable;2023-04-27;NA
2882;5;3571;SUSTITUCIoN ARBOLADO EN PLAZA INTERIOR MIGUEL ASINS ARBO;Toda la ciudad;Toda la ciudad;Particular;7;NO;NO;0;NO;NA;No aplicable;2023-04-27;NA
2927;5;3616;Mas mesas ping-pong;Toda la ciudad;Toda la ciudad;Particular;5;NO;NO;0;NO;NA;No aplicable;2023-04-27;NA
2997;6;4053;REURBANIZAR CALLE LEPANTO;3;Extramurs;Particular;113;SI;SI;292;SI;114000;No aplicable;2023-04-27;NA
3008;6;4064;Paso de Peatones Tres Forques;8;Patraix;Particular;56;SI;NO;0;NO;NA;No aplicable;2023-04-27;NA
3009;6;4065;Ampliacion de aceras en Maximiliano Thous;5;la Saidia;Particular;51;SI;NO;0;NO;NA;No aplicable;2023-04-27;NA
3044;6;4100;Vallar el parque de las canchas;5;la Saidia;Particular;43;SI;NO;0;NO;NA;No aplicable;2023-04-27;NA
3143;6;4199;REPARAR EL PAVIMENT DEL PASSEIG MARITIM DE PINEDO;19;3;Particular;51;SI;SI;85;SI;47225;No aplicable;2023-04-27;NA
3153;6;4209;Convertir la plaza de la Bocha en una verdadera plaza;1;Ciutat Vella;Particular;104;SI;NO;0;NO;NA;No aplicable;2023-04-27;NA
3262;6;4318;reasfaltado de la avenida Cardenal Benlloch, y adecuacion de su espacio central;6;el Pla del Real;Particular;43;SI;NO;0;NO;NA;No aplicable;2023-04-27;NA
3270;6;4326;Remodelar la calle Sagunto;5;la Saidia;Particular;98;SI;NO;0;NO;NA;No aplicable;2023-04-27;NA
3285;6;4341;creacio ruta cicloturista poblats del nord;17;6;Particular;35;SI;NO;0;NO;NA;No aplicable;2023-04-27;NA
3286;6;4342;Paso de peatones C/Archena 10;7;l'Olivereta;Particular;35;SI;NO;0;NO;NA;No aplicable;2023-04-27;NA
3313;6;4369;ELIMINACIoN TAPoN URBANiSTICO EN  CALLE ACORAZADO;4;Campanar;Particular;46;SI;NO;0;NO;NA;No aplicable;2023-04-27;NA
3327;6;4383;Iluminacion adecuada en el rio;2;l'Eixample;Particular;43;SI;NO;0;NO;NA;No aplicable;2023-04-27;NA
3348;6;4404;Cambio de farolas de carretera en Malilla.;10;Quatre Carreres;Particular;66;SI;SI;130;NO;270000;No aplicable;2023-04-27;NA
3371;6;4427;Paseo de peatones y union calle Ministro Luis Mayans;5;la Saidia;Particular;53;SI;SI;430;SI;60000;No aplicable;2023-04-27;NA
3380;6;4436;Remodelacion parque Infantil del Parque de la Estacioneta de Jesus.;9;Jesus;Particular;40;SI;SI;306;SI;104092;No aplicable;2023-04-27;NA
3415;6;4471;CENTRO MUNICIPAL PENYAROJA (Centro de Salud + Biblioteca);12;Camins al Grau;Particular;247;SI;NO;0;NO;NA;No aplicable;2023-04-27;NA
3418;6;4474;SENSORIZACIoN DE LAS PLAZAS DE CARGA Y DESCARGA;9;Jesus;Particular;7;NO;NO;0;NO;NA;No aplicable;2023-04-27;NA
3423;6;4479;Laboratorio cientifico ciudadano;1;Ciutat Vella;Particular;8;NO;NO;0;NO;NA;No aplicable;2023-04-27;NA
3459;6;4515;Crear un pipican vallado en el Jardi de Morvedre;5;la Saidia;Particular;15;NO;NO;0;NO;NA;No aplicable;2023-04-27;NA
3492;6;4549;INSTALACIoN DE SENSORES EN LAS PLAZAS DE ESTACIONAMIENTO PARA CARGA Y DESCARGA;2;l'Eixample;Particular;33;SI;SI;147;NO;20000;No aplicable;2023-04-27;NA
3553;6;4610;Millorar la seguretat viaria davant de la cooperativa, en el Cami de Carpesa;17;2;Particular;18;SI;NO;0;NO;NA;No aplicable;2023-04-27;NA
3619;6;4676;Mejora de alumbrado calle Alqueria de la Comtessa;10;Quatre Carreres;Particular;4;NO;NO;0;NO;NA;No aplicable;2023-04-27;NA
3683;6;4741;Asfaltar carril bici;1;Ciutat Vella;Particular;14;NO;NO;0;NO;NA;No aplicable;2023-04-27;NA
3695;6;4753;CARRIL BICI EN DOLORES MARQUeS + NUEVO CRUCE DE SEMaFORO EN PRIMADO REIG;14;Benimaclet;Particular;72;SI;SI;317;NO;297000;No aplicable;2023-04-27;NA
3730;6;4788;EVITAR ACCIDENTES EN PERIS Y VALERO;2;l'Eixample;Particular;14;NO;NO;0;NO;NA;No aplicable;2023-04-27;NA
3742;6;4802;MEJORA DEL PASDO POR LA ZONA PEATONAL DE LA C/ CAMPOAMOR (CRUCE CON C/ JALANCE);13;Algiros;Particular;32;SI;NO;0;NO;NA;No aplicable;2023-04-27;NA
3770;6;4830;Ordenador e Impresora para la Asociacion de Vecinos  Cultural de Monteolivete;10;Quatre Carreres;Particular;12;NO;NO;0;NO;NA;No aplicable;2023-04-27;NA
3797;6;4857;Instalacion fuentes de agua potable filtrada en los barrios del distrito;2;l'Eixample;Particular;35;SI;SI;295;SI;37500;No aplicable;2023-04-27;NA
3800;6;4860;BIBLIOTECA DE PATRAIX. ACTUALIZACIoN DE FONDOS Y ADECUACIoN INSTALACIONES.;8;Patraix;Particular;118;SI;SI;768;SI;45000;No aplicable;2023-04-27;NA
3813;6;4874;Suprimir obstaculos en la acera.;10;Quatre Carreres;Representante GT;0;SI;NO;0;NO;NA;No aplicable;2023-04-27;NA
3855;6;4916;CENTRO DE ATENCIoN COVID-19;12;Camins al Grau;Particular;3;NO;NO;0;NO;NA;No aplicable;2023-04-27;NA
3878;6;4940;ROTONDA en la conexion calles Albalat dels Tarongers con calle Clariano;13;Algiros;Particular;31;SI;NO;0;NO;NA;No aplicable;2023-04-27;NA
3940;6;5002;Malvarrosa,  el barrio de los libros libres.;11;Poblats Maritims;Particular;22;NO;NO;0;NO;NA;No aplicable;2023-04-27;NA
4101;6;5163;Ralentizadores en calles residenciales del Cabanyal;11;Poblats Maritims;Particular;8;NO;NO;0;NO;NA;No aplicable;2023-04-27;NA
4201;6;5263;Iluminacion mercado de Abastos;3;Extramurs;Particular;8;NO;NO;0;NO;NA;No aplicable;2023-04-27;NA
4209;6;5271;Paso de peatones en c/Blanquerias a la altura de la c/Padre Huerfanos;1;Ciutat Vella;Particular;8;NO;NO;0;NO;NA;No aplicable;2023-04-27;NA
4210;6;5272;INCREMENTAR EL EMPLEO PARA PYMES Y ARTESANOS, AL MEJORAR EL MEDIO AMBIENTE;4;Campanar;Particular;36;SI;NO;0;NO;NA;No aplicable;2023-04-27;NA
4222;6;5284;Zona de socializacion canina en parque de la Plaza Jose Maria Gimenez Fayos;16;Benicalap;Particular;3;NO;NO;0;NO;NA;No aplicable;2023-04-27;NA
4241;7;5303;AVDA BLASCO IBAÑEZ: CARRIL-BICI POR LA CALZADA: TRAMO: Cardenal Benlloch-Viveros;6;el Pla del Real;Particular;26;NO;NO;0;NO;NA;No aplicable;2023-04-27;NA
4260;7;5322;Unir Gaspar Aguilar con la V30 para aliviar el trafico en San Vicente.;9;Jesus;Particular;36;SI;NO;0;NO;NA;No aplicable;2023-04-27;NA
4273;7;5335;Circulacion peatonal y carril bici;17;2;Particular;19;SI;NO;0;NO;NA;No aplicable;2023-04-27;NA
4283;7;5345;ACONDICIONAMENT PASSEIG GERMANS MACHADO EN EL PARC DE VIVERS.;5;la Saidia;Particular;0;NO;NO;0;NO;NA;No aplicable;2023-04-27;NA
4290;7;5352;Adequacio de l'entorn de la parada de l'EMT del poble del Saler;19;4;Particular;26;SI;SI;51;NO;35000;Sin etiqueta;2023-04-27;NA
4313;7;5375;UN JARDiN PARA MONTEOLIVETE!!!;10;Quatre Carreres;Particular;66;SI;SI;345;NO;720000;Sin etiqueta;2023-04-27;NA
4337;7;5399;Dolar senda Sant Miquel de Soternes;7;l'Olivereta;Particular;17;NO;NO;0;NO;NA;No aplicable;2023-04-27;NA
4343;7;5405;Cambio de arboles pica pica por otros aptos para entorno urbano;5;la Saidia;Representante GT;0;SI;SI;210;NO;211000;Sin etiqueta;2023-04-27;NA
4357;7;5419;Adequacio de l'enllumenat dels carrers per evitar contaminacio luminica.;19;2;Particular;6;NO;NO;0;NO;NA;No aplicable;2023-04-27;NA
4368;7;5430;Mejorar el parque y su puente;19;5;Particular;17;SI;SI;19;NO;16100;Sin etiqueta;2023-04-27;NA
4383;7;5445;Parque Multiaventura Juvenil - Alqueria Benlloch;8;Patraix;Particular;48;SI;SI;206;NO;430000;Sin etiqueta;2023-04-27;NA
4406;7;5468;Mejora de Seguridad Vial entra Plaza Nelson Mandela y calle Javea;14;Benimaclet;Particular;4;NO;NO;0;NO;NA;No aplicable;2023-04-27;NA
4447;7;5509;Reparacio en Aviunguda Palmaret de Carpesa;17;3;Particular;20;SI;SI;57;SI;64857;Con etiqueta;2023-04-27;NA
4487;7;5549;Finalizar la urbanizacion de la calle Serpis;13;Algiros;Particular;58;SI;NO;0;NO;NA;No aplicable;2023-04-27;NA
4501;7;5563;Asfaltat de cami d´horta Poble Nou-Borboto;17;2;Particular;19;SI;NO;0;NO;NA;No aplicable;2023-04-27;NA
4506;7;5568;Peatonalizar nucleo historico de Campanar;4;Campanar;Particular;31;SI;SI;493;SI;10000;Con etiqueta;2023-04-27;NA
4566;7;5628;Ampliacion aceras Av. dels Germans Machado (Ronda Norte);15;Rascanya;Particular;51;SI;NO;0;NO;NA;No aplicable;2023-04-27;NA
4574;7;5636;Rediseño acera;17;5;Particular;8;NO;NO;0;NO;NA;No aplicable;2023-04-27;NA
4633;7;5695;Mejora conexiones transporte publico NOU BENICALAP;16;Benicalap;Particular;67;SI;NO;0;NO;NA;No aplicable;2023-04-27;NA
4651;7;5713;Acceso peatonal entre Calle Lebon y Padre Tomas de Montañana;12;Camins al Grau;Particular;27;NO;NO;0;NO;NA;No aplicable;2023-04-27;NA
4654;7;5716;Mejorar iluminacion nocturna y vigilancia Parque del Hospital;1;Ciutat Vella;Particular;37;SI;SI;343;SI;50000;Sin etiqueta;2023-04-27;NA
4655;7;5717;Soterramiento de contenedores en la Roqueta;3;Extramurs;Particular;35;SI;NO;0;NO;NA;No aplicable;2023-04-27;NA
4666;7;5728;Crear bulevar en Avda de Aragon;6;el Pla del Real;Particular;59;SI;NO;0;NO;NA;No aplicable;2023-04-27;NA
4707;7;5769;Acondicionamiento Pasaje Santa Maria Micaela - Pl. Horticultor Corset;3;Extramurs;Particular;95;SI;NO;0;NO;NA;No aplicable;2023-04-27;NA
4726;7;5788;Eliminar semaforos innecesarios;8;Patraix;Particular;0;NO;NO;0;NO;NA;No aplicable;2023-04-27;NA
4761;7;5823;PISCINA MUNICIPAL MALVARROSA;11;Poblats Maritims;Particular;46;SI;NO;0;NO;NA;No aplicable;2023-04-27;NA
4766;7;5828;Mobiliario urbano;19;1;Particular;0;NO;NO;0;NO;NA;No aplicable;2023-04-27;NA
4854;7;5916;PASO de PEATONES en Av. Peris y Valero 94 confluencia con C/. Cabo Juby;2;l'Eixample;Particular;2;NO;NO;0;NO;NA;No aplicable;2023-04-27;NA
4887;7;5949;HARMONITZACIo I PACIFICACIo ILLA ANTIC CONVENT DE JESuS;8;Patraix;Particular;8;NO;NO;0;NO;NA;No aplicable;2023-04-27;NA
4908;7;5970;ELIMINAR BARRERAS ARQUITECToNICAS - MUSEO BELLAS ARTES;5;la Saidia;Particular;35;SI;NO;0;NO;NA;No aplicable;2023-04-27;NA
4985;7;6047;Fte En Corts;10;Quatre Carreres;Particular;20;NO;NO;0;NO;NA;No aplicable;2023-04-27;NA
4987;7;6049;cargadores vehiculos electricos;10;Quatre Carreres;Particular;15;NO;NO;0;NO;NA;No aplicable;2023-04-27;NA
5005;7;6067;Mejoras en el mercado de Castella;7;l'Olivereta;Particular;30;SI;NO;0;NO;NA;No aplicable;2023-04-27;NA
5025;7;6087;MEJORA ENTORNO COLEGIO CERVANTES;3;Extramurs;Particular;65;SI;SI;139;NO;400000;Sin etiqueta;2023-04-27;NA
5034;7;6096;Ciudadania;16;Benicalap;Particular;0;NO;NO;0;NO;NA;No aplicable;2023-04-27;NA
5059;7;6121;APARCAMIENTOS SUBTERRaNEOS EN GRAN ViA DE MARQUES DEL TURIA Y FERNANDO EL CATOLI;2;l'Eixample;Particular;9;NO;NO;0;NO;NA;No aplicable;2023-04-27;NA
5061;7;6123;Centre Civic Extramurs;3;Extramurs;Particular;6;NO;NO;0;NO;NA;No aplicable;2023-04-27;NA
5077;7;6139;REHABILITACIoN INTEGRAL GRUPO DE VIVIENDAS VIRGEN DE LOS DESAMPARADOS-TRES FORQU;7;l'Olivereta;Particular;9;NO;NO;0;NO;NA;No aplicable;2023-04-27;NA
5091;7;6153;Rehabilitacion y puesta en marcha de La Casa del Agua y pasarela amarilla.;7;l'Olivereta;Particular;61;SI;SI;264;NO;360000;Sin etiqueta;2023-04-27;NA
5093;7;6155;Modificar los tiempos de los semaforos al pasar a rojo en peatones;13;Algiros;Particular;1;NO;NO;0;NO;NA;No aplicable;2023-04-27;NA
5115;7;6177;Balcones con vida;14;Benimaclet;Particular;4;NO;NO;0;NO;NA;No aplicable;2023-04-27;NA
5240;7;6302;Ampliacion del parque del camino Moncada;15;Rascanya;Particular;3;NO;NO;0;NO;NA;No aplicable;2023-04-27;NA
5273;7;6335;REASFALTADO DE LAS CALLES VICENTE SANCHO TELLO;6;el Pla del Real;Particular;8;NO;NO;0;NO;NA;No aplicable;2023-04-27;NA
5278;7;6340;Creacion de plazas de aparcamiento en el entorno de la Calle Carteros;9;Jesus;Particular;31;SI;NO;0;NO;NA;No aplicable;2023-04-27;NA
5374;7;6436;Parque infantil;13;Algiros;Particular;8;NO;NO;0;NO;NA;No aplicable;2023-04-27;NA
5431;7;6493;Segon Camp de Rugbi (Tram V);4;Campanar;Particular;51;SI;NO;0;NO;NA;No aplicable;2023-04-27;NA
5443;7;6505;ACCTUACION DE ENTORNO ESCOLAR SEGURO EN EL COLEGIO CEIP ANGELINA CARNICER;12;Camins al Grau;Particular;43;SI;SI;333;SI;123036;Con etiqueta;2023-04-27;NA
5445;7;6507;REFORMA DE LA ACERA C/PONIENTE Y MEJORA DEL ESPACIO PuBLICO PARA PERSONAS...;9;Jesus;Representante GT;0;SI;SI;259;NO;141300;Sin etiqueta;2023-04-27;NA
5446;7;6508;SALVEMOS LOS aRBOLES DE LA ALAMEDA/ Replantemos los alcorques de Penyaroja;12;Camins al Grau;Particular;45;SI;NO;0;NO;NA;No aplicable;2023-04-27;NA
5447;7;6509;Senda peatonal entre El Perellonet y la Devesa del Saler;19;6;Particular;44;SI;NO;0;NO;NA;No aplicable;2023-04-27;NA
5451;7;6513;PAVIMENTACIoN CARRIL BICI DOLORS ALCAIDE;9;Jesus;Representante GT;0;SI;SI;322;NO;21300;Sin etiqueta;2023-04-27;NA
5474;7;6536;Renovacion alumbrado Betero;11;Poblats Maritims;Representante GT;0;SI;SI;87;NO;365000;Sin etiqueta;2023-04-27;NA
5517;7;6579;AGRANDAR ACERA  C/CUENCA TRAMO DESDE BEATO NICOLAS FACTOR -DIBUJANTE MANUEL GAGO;8;Patraix;Particular;34;SI;SI;649;SI;50000;Con etiqueta;2023-04-27;NA
5531;7;6593;Jardin de Indiano en el Casino del Americano.;16;Benicalap;Particular;36;SI;NO;0;NO;NA;No aplicable;2023-04-27;NA
5585;7;6647;Millorar l'enllumenat del mercat municipal de Jesus;9;Jesus;Representante GT;0;SI;NO;0;NO;NA;No aplicable;2023-04-27;NA
5658;7;6720;RECUPERAR Y HABILITAR UN ESPACIO EN BENIMaMET PARA  ACTIVIDADES CULTURALES;18;1;Particular;70;SI;NO;0;NO;NA;No aplicable;2023-04-27;NA
5693;7;6755;Solicitud ordenadores para centro Municipal de personas mayores Arniches.;7;l'Olivereta;Particular;44;SI;SI;444;SI;13000;Sin etiqueta;2023-04-27;NA
5712;7;6774;Adecuacion de la pinada y el Pouet de El Saler en la Devesa de l’Albufera;19;4;Particular;39;SI;SI;51;NO;11500;Sin etiqueta;2023-04-27;NA
5717;7;6779;Ciutat Universitaria Maritima;11;Poblats Maritims;Particular;48;SI;NO;0;NO;NA;No aplicable;2023-04-27;NA
5762;7;6824;CONTROL DE LA VELOCIDAD EN AVENIDAS GIORGETA - PeREZ GALDoS;3;Extramurs;Particular;16;NO;NO;0;NO;NA;No aplicable;2023-04-27;NA
5;1;2015-00006;NA;17;Pobles del Nord;Persona Fisica;0;No aplicable;SI;69;NO;NA;No aplicable;2023-04-27;NA
82;1;2015-00110;NA;12;Camins al Grau;Persona Fisica;0;No aplicable;SI;68;NO;NA;No aplicable;2023-04-27;NA
90;1;2015-00118;NA;15;Rascanya;Persona Fisica;0;No aplicable;NO;0;NO;NA;No aplicable;2023-04-27;NA
188;1;2015-00230;NA;8;Patraix;Persona Juridica;0;No aplicable;NO;0;NO;NA;No aplicable;2023-04-27;NA
295;1;2015-00352;NA;8;Patraix;Persona Fisica;0;No aplicable;SI;61;NO;NA;No aplicable;2023-04-27;NA
310;1;2015-00370;NA;1;Ciutat Vella;Persona Fisica;0;No aplicable;NO;0;NO;NA;No aplicable;2023-04-27;NA
312;1;2015-00372;Instalacion de una pergola fotovoltaica en el jardin de la calle Ruaya;5;la Saidia;Persona Fisica;0;No aplicable;SI;78;SI;120000;No aplicable;2023-04-27;NA
359;1;2015-00422;NA;7;l'Olivereta;Persona Juridica;0;No aplicable;NO;0;NO;NA;No aplicable;2023-04-27;NA
384;1;2015-00449;NA;8;Patraix;Persona Juridica;0;No aplicable;NO;0;NO;NA;No aplicable;2023-04-27;NA
396;1;2015-00461;NA;11;Poblats Maritims;Persona Juridica;0;No aplicable;NO;0;NO;NA;No aplicable;2023-04-27;NA
586;1;2016-00082;Propuesta ayuntamiento. Implemento seguridad pasos peatones y personas con movilidad reducida;2;l'Eixample;Persona Juridica;0;No aplicable;SI;20;SI;8000;No aplicable;2023-04-27;NA
654;2;35;Arreglar solar junto Subestacion Patraix;8;Patraix;Particular;51;SI;NO;0;NO;NA;No aplicable;2023-04-27;NA
793;2;174;Reordenar C/ Quart entre Botanico y Fernando el Catolico y ampliar como calle 30;3;Extramurs;Particular;13;NO;NO;0;NO;NA;No aplicable;2023-04-27;NA
804;2;185;Dotacio d'elements de sala d'actes i exposicions a l'alcaldia de Carpesa;17;Pobles del Nord;Particular;31;SI;NO;0;NO;NA;No aplicable;2023-04-27;NA
829;2;210;Peatonalizacion calle Carricola - Valvanera;9;Jesus;Particular;3;NO;NO;0;NO;NA;No aplicable;2023-04-27;NA
830;2;211;VIA VERDA DEL FORN D’ALCEDO A SEDAVi. PRIMERA FASE: ACCESSOS URBANS;19;Pobles del Sud;Particular;85;SI;NO;0;NO;NA;No aplicable;2023-04-27;NA
1070;2;451;Construir un parking publico en el barrio de Patraix;8;Patraix;Particular;2;NO;NO;0;NO;NA;No aplicable;2023-04-27;NA
1077;2;458;TRASLADAR O SOTERRAR EL CENTRO DE TRANSFORMACION DE IBERDROLA C/ BOTaNICO.;3;Extramurs;Particular;24;NO;NO;0;NO;NA;No aplicable;2023-04-27;NA
1108;2;489;PABELLoN CUBIERTO FuTBOL SALA;15;Rascanya;Particular;34;SI;SI;131;NO;60000;No aplicable;2023-04-27;NA
1133;2;514;ACERAS DE VERGÜENZA, AMPLIAR ACERA EN MAESTRO SOSA DEL 17 AL 31;3;Extramurs;Particular;4;NO;NO;0;NO;NA;No aplicable;2023-04-27;NA
1199;2;580;COMERCIOS: Facilitarles el trabajo;18;Pobles de l'Oest;Particular;1;NO;NO;0;NO;NA;No aplicable;2023-04-27;NA
1219;3;1009;RESTAURACIo REFUGI GUERRA CIVIL;Toda la ciudad;Toda la ciudad;Ayuntamiento;287;SI;SI;2159;NO;250000;No aplicable;2023-04-27;NA
1238;3;1029;REFORMA CALLE JOSE MARiA HARO;Toda la ciudad;Toda la ciudad;Particular;33;NO;NO;0;NO;NA;No aplicable;2023-04-27;NA
1243;3;1034;CARRIL BICI ENTRE EL PUENTE DE FUSTA AL PUENTE DE SAN JOSe EN LA PARTE DE ZAIDiA;Toda la ciudad;Toda la ciudad;Particular;40;NO;NO;0;NO;NA;No aplicable;2023-04-27;NA
1268;3;1060;AJARDINAMENT DEL SOLAR SITUAT AL CARRER FRANCO TORMO.;Toda la ciudad;Toda la ciudad;Particular;3;NO;NO;0;NO;NA;No aplicable;2023-04-27;NA
1280;3;1073;DESMONTAJE DE MIRADOR Y REFORMA DE ROTONDA DE ACCESO NORTE A VALENCIA;Toda la ciudad;Toda la ciudad;Particular;22;NO;NO;0;NO;NA;No aplicable;2023-04-27;NA
1314;3;1107;REHABILITACIo I MILLORA DE LA ZONA DE JOCS INFANTILS CARRERS LATOVA I ARCHENA;Toda la ciudad;Toda la ciudad;Particular;28;NO;NO;0;NO;NA;No aplicable;2023-04-27;NA
1369;3;1162;CUIDEMOS EL PLANETA EMPEZANDO POR LA NEVERA. VIVIR VEGAN;Toda la ciudad;Toda la ciudad;Particular;79;NO;NO;0;NO;NA;No aplicable;2023-04-27;NA
1370;3;1163;QUE EL LAGO DEL CAUCE DEL RIO A LA ALTURA DEL GULLIVER PUEDAN ESTAR LOS PERROS..;Toda la ciudad;Toda la ciudad;Particular;10;NO;NO;0;NO;NA;No aplicable;2023-04-27;NA
1392;3;1185;REFORMA I POSADA EN VALOR DEL MERCAT DE SANT PERE NOLASC;Toda la ciudad;Toda la ciudad;Particular;10;NO;NO;0;NO;NA;No aplicable;2023-04-27;NA
1402;3;1195;MILLORAR LA SENYALITZACIo AL VOLTANT PARC ZONA DE JOCS DE BENIFARAIG.;Toda la ciudad;Toda la ciudad;Particular;129;SI;NO;0;NO;NA;No aplicable;2023-04-27;NA
1406;3;1199;SOLUCION PARA GATOS CASEROS ABANDONADOS.;Toda la ciudad;Toda la ciudad;Particular;12;NO;NO;0;NO;NA;No aplicable;2023-04-27;NA
1422;3;1215;ACABAR LA LINEA DE METRO QUE UNE NAZARET AL CENTRO;Toda la ciudad;Toda la ciudad;Particular;167;SI;NO;0;NO;NA;No aplicable;2023-04-27;NA
1446;3;1239;URBANITZACIo CARRER XAVIER CASP;Toda la ciudad;Toda la ciudad;Particular;1;NO;NO;0;NO;NA;No aplicable;2023-04-27;NA
1472;3;1265;ROTONDA  EN AV. CONSTITUCIoN - C/ CONDE DE LUMINARES (TORREFIEL);Toda la ciudad;Toda la ciudad;Particular;5;NO;NO;0;NO;NA;No aplicable;2023-04-27;NA
1491;3;1284;AMPLIACIoN DE ACERAS Y ASFALTADO DE CALLE GREGORIO MAYANS;Toda la ciudad;Toda la ciudad;Particular;2;NO;NO;0;NO;NA;No aplicable;2023-04-27;NA
1501;3;1294;CARRIL BICI + REFORMA DE LA ZONA DE LA BOCA OESTE DEL TuNEL PEATONAL DE GRAN ViA;Toda la ciudad;Toda la ciudad;Particular;18;NO;NO;0;NO;NA;No aplicable;2023-04-27;NA
1510;3;1303;PLAZA EN LUZ CASANOVA, QUE VUELVA A SER PLAZA TRANQUILA, NO UN PARQUE.;Toda la ciudad;Toda la ciudad;Particular;2;NO;NO;0;NO;NA;No aplicable;2023-04-27;NA
1538;3;1331;SANTUARIO ANIMAL;Toda la ciudad;Toda la ciudad;Particular;2;NO;NO;0;NO;NA;No aplicable;2023-04-27;NA
1559;3;1353;SUSTITUCION DE ARBOLES DE ALTO MANTENIMIENTO;Toda la ciudad;Toda la ciudad;Particular;2;NO;NO;0;NO;NA;No aplicable;2023-04-27;NA
1562;3;1356;LEBON  PARQUE CIUDADANO EN LA CALLE LEBON PROMETIDO HACE 35 AÑOS;Toda la ciudad;Toda la ciudad;Particular;18;NO;NO;0;NO;NA;No aplicable;2023-04-27;NA
1564;3;1358;ADECUACIoN APARCAMIENTO DEL SOLAR ENTRE CALLES VICENTE PeRIS Y LUIS CRUMIERE;Toda la ciudad;Toda la ciudad;Particular;15;NO;NO;0;NO;NA;No aplicable;2023-04-27;NA
1566;3;1361;PRORROGAR LA LiNEA 99 HASTA LA AVENIDA DE LOS NARANJOS Y PLAYA DE LA MALVARROSA;Toda la ciudad;Toda la ciudad;Particular;11;NO;NO;0;NO;NA;No aplicable;2023-04-27;NA
1636;3;1432;UN ESPACIO URBANO PARA EL OCIO NOCTURNO;Toda la ciudad;Toda la ciudad;Particular;2;NO;NO;0;NO;NA;No aplicable;2023-04-27;NA
1661;3;1457;ILUMINACIoN DEL CARRIL RUNNER EN EL JARDiN DEL TURIA;Toda la ciudad;Toda la ciudad;Particular;2;NO;NO;0;NO;NA;No aplicable;2023-04-27;NA
1663;3;1459;AMPLIAR ZONA PEATONAL EN RONDA NORTE;Toda la ciudad;Toda la ciudad;Particular;1;NO;NO;0;NO;NA;No aplicable;2023-04-27;NA
1664;3;1460;CONSTRUCCIoN DE CENTRO DEPORTIVO MULTIDISCIPLINAR EN EL BARRIO DE MORERAS;Toda la ciudad;Toda la ciudad;Particular;1;NO;NO;0;NO;NA;No aplicable;2023-04-27;NA
1732;3;1528;VALENBISI EN PARQUE SEGURIDAD SOCIAL;Toda la ciudad;Toda la ciudad;Particular;3;NO;NO;0;NO;NA;No aplicable;2023-04-27;NA
1743;3;1539;PAVIMENTO FONOABSORBENTE EN MANUEL CANDELA PARA REDUCCIoN RUIDO;Toda la ciudad;Toda la ciudad;Particular;2;NO;NO;0;NO;NA;No aplicable;2023-04-27;NA
1800;4;2029;MOBILIARIO EDUCATIVO;19;6;Representante GT;0;SI;SI;4;NO;3000;No aplicable;2023-04-27;NA
1831;4;2060;PEATONALIZAR ENTORNO MERCADO;18;1;Particular;20;SI;SI;176;SI;35000;No aplicable;2023-04-27;NA
1874;4;2103;MILLORA DE LA MOBILITAT DELS VEiNS DEL CAMi DE LA CREUETA ALTA, FORN D'ALCEDO;19;1;Particular;29;SI;SI;8;NO;22453;No aplicable;2023-04-27;NA
1910;4;2139;INSTAL.LACIo RECOLLIDA SEL.LECTIVA D RESIDUS EN POLIESPORTIU MUNICIPAL DE RUGBY;10;Quatre Carreres;Particular;3;NO;NO;0;NO;NA;No aplicable;2023-04-27;NA
1917;4;2146;JARDiN EN LA RAIOSA;9;Jesus;Particular;35;SI;NO;0;NO;NA;No aplicable;2023-04-27;NA
1999;4;2228;AJARDINAR SOLAR Y PARQUE INFANTIL DETRAS DEL AMBULATORIO DE ESPECIALIDADES;10;Quatre Carreres;Representante GT;0;SI;NO;0;NO;NA;No aplicable;2023-04-27;NA
2037;4;2266;ACERAS NUEVAS CALLE PINTOR VILAR;5;la Saidia;Representante GT;0;SI;SI;112;NO;155941;No aplicable;2023-04-27;NA
2071;4;2300;ASFALTAR CAMi FORN D’ALCEDO;19;1;Particular;10;NO;NO;0;NO;NA;No aplicable;2023-04-27;NA
2102;4;2331;ASFALTADO DE CALLES EN LOS TRAMOS MaS DETERIORADOS;18;1;Representante GT;0;SI;SI;149;NO;317120;No aplicable;2023-04-27;NA
2113;4;2342;PIPICAN EN EL CENTRO DE BENICALAP.;16;Benicalap;Representante GT;0;SI;NO;0;NO;NA;No aplicable;2023-04-27;NA
2152;4;2381;*** CYBER-ESPAI RUSSAFA *** JoVENES  CON LAS NUEVAS TeCNOLOGiAS ( T.I.C.);2;l'Eixample;Particular;38;SI;SI;164;NO;25000;No aplicable;2023-04-27;NA
2168;4;2397;URBANIZACIoN INTEGRAL DEL VIAL ENTRE EL TANATORIO MUNICIPAL Y LA V30;9;Jesus;Particular;35;SI;NO;0;NO;NA;No aplicable;2023-04-27;NA
2226;4;2455;AJARDINAMIENTO SOLAR LINDANTE AVDA GENERAL URRUTIA Y CALLE JUAN RIBERA BERENGUER;10;Quatre Carreres;Particular;57;SI;NO;0;NO;NA;No aplicable;2023-04-27;NA
2240;4;2469;SEMaFOROS;17;4;Particular;10;NO;NO;0;NO;NA;No aplicable;2023-04-27;NA
2249;4;2478;REASFALTADO DEL DETERIORADO CARRIL BICI ENTRE C/URUGUAY Y C/ROiS DE CORELLA;9;Jesus;Particular;34;SI;SI;258;SI;41000;No aplicable;2023-04-27;NA
2261;4;2490;ADQUISICIo DE TAULES PLEGABLES DE MALETA;17;2;Particular;15;SI;SI;17;SI;35938;No aplicable;2023-04-27;NA
2303;4;2532;PANELES SOLARES EN EL MERCADO DE RUSSAFA;2;l'Eixample;Particular;58;SI;NO;0;NO;NA;No aplicable;2023-04-27;NA
2330;5;3018;NOU ESPAI DONES I IGUALTAT;Toda la ciudad;Toda la ciudad;Ayuntamiento;261;SI;SI;2686;SI;100000;No aplicable;2023-04-27;NA
2333;5;3021;CARRIL BICI TRES FORQUES, PATRAIX, FONTSANTA, VARA DE QUART;Toda la ciudad;Toda la ciudad;Ayuntamiento;347;SI;SI;2201;NO;900000;No aplicable;2023-04-27;NA
2346;5;3034;Colocacion de bolardos y elementos disuasorios zona Guardia Civil;Toda la ciudad;Toda la ciudad;Particular;24;NO;NO;0;NO;NA;No aplicable;2023-04-27;NA
2363;5;3051;Proyecto Tunel  Jardin Viveros y Museo Bellas Artes Valencia (SAN PIO V);Toda la ciudad;Toda la ciudad;Particular;107;SI;SI;3411;SI;18000;No aplicable;2023-04-27;NA
2394;5;3082;PATRAIX_Renovacion del parque infantil  localizado en C/Montesa;Toda la ciudad;Toda la ciudad;Particular;122;SI;SI;1370;NO;160000;No aplicable;2023-04-27;NA
2427;5;3115;Carril Bici a Cardenal Benlloch-Eduard Bosca;Toda la ciudad;Toda la ciudad;Particular;62;NO;NO;0;NO;NA;No aplicable;2023-04-27;NA
2450;5;3138;PARKING DEBAJO DE LA ALAMEDA (FUENTE A FUENTE);Toda la ciudad;Toda la ciudad;Particular;21;NO;NO;0;NO;NA;No aplicable;2023-04-27;NA
2474;5;3162;Sustitucion arbolado calle Antonio Suarez y adyacentes;Toda la ciudad;Toda la ciudad;Particular;4;NO;NO;0;NO;NA;No aplicable;2023-04-27;NA
2476;5;3164;Mejora del acceso a la Ciudad Fallera y a Benicalap desde la Ronda Norte;Toda la ciudad;Toda la ciudad;Particular;109;SI;NO;0;NO;NA;No aplicable;2023-04-27;NA
2479;5;3167;Valencia, ciudad de Calistenia y Street Workout;Toda la ciudad;Toda la ciudad;Particular;144;SI;NO;0;NO;NA;No aplicable;2023-04-27;NA
2504;5;3192;PEATONALIZAR PUENTE DE LA TRINIDAD;Toda la ciudad;Toda la ciudad;Particular;22;NO;NO;0;NO;NA;No aplicable;2023-04-27;NA
2521;5;3209;Parque SUPERTOBOGANES en la ciudad de Valencia;Toda la ciudad;Toda la ciudad;Particular;42;NO;NO;0;NO;NA;No aplicable;2023-04-27;NA
2551;5;3239;Parque acuatico urbano sin profundidad;Toda la ciudad;Toda la ciudad;Particular;105;SI;SI;1907;NO;300000;No aplicable;2023-04-27;NA
2568;5;3256;Accessibilitat a l'encreuament entre els carrers Palancia i Ruben Dario.;Toda la ciudad;Toda la ciudad;Particular;11;NO;NO;0;NO;NA;No aplicable;2023-04-27;NA
2579;5;3267;Paso de peatones en Av General Aviles;Toda la ciudad;Toda la ciudad;Particular;131;SI;SI;1936;NO;52000;No aplicable;2023-04-27;NA
2583;5;3271;Calles Amables;Toda la ciudad;Toda la ciudad;Particular;108;SI;NO;0;NO;NA;No aplicable;2023-04-27;NA
2593;5;3281;Reforma de Gran via Marques del Turia;Toda la ciudad;Toda la ciudad;Particular;17;NO;NO;0;NO;NA;No aplicable;2023-04-27;NA
2601;5;3289;Proyecto del Solar para Multiusos, Centro de Dia,Univ. popular, Casa Cultura,etc;Toda la ciudad;Toda la ciudad;Particular;116;SI;NO;0;NO;NA;No aplicable;2023-04-27;NA
2608;5;3296;Asfaltar calle Floresta;Toda la ciudad;Toda la ciudad;Particular;7;NO;NO;0;NO;NA;No aplicable;2023-04-27;NA
2658;5;3346;parques infantiles SAFRANAR;Toda la ciudad;Toda la ciudad;Particular;12;NO;NO;0;NO;NA;No aplicable;2023-04-27;NA
2668;5;3356;Parque socializacion perros entre Avda Juan XXIII-Camino de Moncada;Toda la ciudad;Toda la ciudad;Particular;19;NO;NO;0;NO;NA;No aplicable;2023-04-27;NA
2675;5;3363;Demoler casa en ruinas en Campanar;Toda la ciudad;Toda la ciudad;Particular;11;NO;NO;0;NO;NA;No aplicable;2023-04-27;NA
2723;5;3411;Carril bici en el eje angel Guimera-Linares;Toda la ciudad;Toda la ciudad;Particular;12;NO;NO;0;NO;NA;No aplicable;2023-04-27;NA
2729;5;3417;creacio d´un aparcament en Av. Real de Madrit- C/ Ruiz;Toda la ciudad;Toda la ciudad;Particular;26;NO;NO;0;NO;NA;No aplicable;2023-04-27;NA
2756;5;3444;Quitar el carril bici Av.Constitucion + Crear zonas de aparcamientos en torrefie;Toda la ciudad;Toda la ciudad;Particular;9;NO;NO;0;NO;NA;No aplicable;2023-04-27;NA
2793;5;3481;REDUCCIo DE VELOCITAT AL CARRER PIO IX S/N;Toda la ciudad;Toda la ciudad;Particular;114;SI;NO;0;NO;NA;No aplicable;2023-04-27;NA
2859;5;3547;ZAIDIA.SANEAMIENTO DE C/ ORIHUELA Y PERPENDICULARES;Toda la ciudad;Toda la ciudad;Particular;105;SI;SI;1223;NO;575000;No aplicable;2023-04-27;NA
2875;5;3564;HABILITAR ZONAS PESCA RECREATIVA EN EL PUERTO DE VALENCIA;Toda la ciudad;Toda la ciudad;Particular;9;NO;NO;0;NO;NA;No aplicable;2023-04-27;NA
2880;5;3569;Remodelacion de la Plaza de Baden Powell;Toda la ciudad;Toda la ciudad;Particular;8;NO;NO;0;NO;NA;No aplicable;2023-04-27;NA
2931;5;3620;Creacio jardi en el solar al carrer Noguera nº8.;Toda la ciudad;Toda la ciudad;Particular;5;NO;NO;0;NO;NA;No aplicable;2023-04-27;NA
2985;6;4041;Restauracion y peatonalizacion definitiva puente de San Jose;5;la Saidia;Particular;127;SI;NO;0;NO;NA;No aplicable;2023-04-27;NA
3194;6;4250;Aceras;12;Camins al Grau;Particular;19;NO;NO;0;NO;NA;No aplicable;2023-04-27;NA
3207;6;4263;Habilitar zona de aparcamiento solar calle Murta;14;Benimaclet;Particular;82;SI;NO;0;NO;NA;No aplicable;2023-04-27;NA
3259;6;4315;ABRIR CALLEJON CALLE SAN PASCUAL;11;Poblats Maritims;Particular;15;NO;NO;0;NO;NA;No aplicable;2023-04-27;NA
3309;6;4365;SOLARES ABANDONADOS PARA LA EDUCACIoN;5;la Saidia;Particular;126;SI;NO;0;NO;NA;No aplicable;2023-04-27;NA
3346;6;4402;Zona deportiva;18;2;Particular;25;SI;NO;0;NO;NA;No aplicable;2023-04-27;NA
3456;6;4512;Iluminacion parque entra Calles Vicente Clavel y Alqueria de Benlloch;8;Patraix;Particular;26;NO;NO;0;NO;NA;No aplicable;2023-04-27;NA
3494;6;4551;Creacion de una barrera arborea y arbustiva en la Avenida Ausias March;10;Quatre Carreres;Particular;78;SI;NO;0;NO;NA;No aplicable;2023-04-27;NA
3526;6;4583;INVERNADERO MUNICIPAL Plantas del mundo;8;Patraix;Particular;49;SI;NO;0;NO;NA;No aplicable;2023-04-27;NA
3652;6;4710;DESRATIZACIoN PERIoDICA EN PLAZA JULIO VERNE;9;Jesus;Particular;12;NO;NO;0;NO;NA;No aplicable;2023-04-27;NA
3673;6;4731;COMPLEX CULTURAL AL CIE DE SAPADORS;10;Quatre Carreres;Particular;57;SI;NO;0;NO;NA;No aplicable;2023-04-27;NA
3715;6;4773;RUZAFA: FAROLAS QUE UTILIZAN LA ENERGiA QUE GENERAMOS AL CAMINAR;2;l'Eixample;Particular;46;SI;NO;0;NO;NA;No aplicable;2023-04-27;NA
3746;6;4806;Arreglo zona de actividades c/Pio XI;8;Patraix;Particular;43;SI;SI;335;NO;80000;No aplicable;2023-04-27;NA
3812;6;4873;Parque al aire libre del complejo cultural la Pechina.;3;Extramurs;Particular;32;SI;SI;264;SI;60000;No aplicable;2023-04-27;NA
3923;6;4985;PROTECCIoN DEL ARBOLADO Y DEL PEAToN EN EL ENTORNO DEL MERCADO DE COLoN;2;l'Eixample;Particular;36;SI;NO;0;NO;NA;No aplicable;2023-04-27;NA
3926;6;4988;Arbolado en las aceras orientadas al sur;7;l'Olivereta;Particular;7;NO;NO;0;NO;NA;No aplicable;2023-04-27;NA
4032;6;5094;Rocodromo al aire libre en un solar cedido al barrio;16;Benicalap;Particular;87;SI;SI;481;SI;60000;No aplicable;2023-04-27;NA
4062;6;5124;Creacion de aparcamiento en solares junto a C/ Dr Oloriz y C/ Vicente Peris;5;la Saidia;Particular;12;NO;NO;0;NO;NA;No aplicable;2023-04-27;NA
4097;6;5159;Salida desde Sant Isidre al poligono Vara de Quart;8;Patraix;Particular;13;NO;NO;0;NO;NA;No aplicable;2023-04-27;NA
4256;7;5318;Creacion de un espacio de ocio canino;16;Benicalap;Particular;36;SI;NO;0;NO;NA;No aplicable;2023-04-27;NA
4311;7;5373;Mejora del alumbrado en C/Diputado Ricardo Samper;5;la Saidia;Particular;11;NO;NO;0;NO;NA;No aplicable;2023-04-27;NA
4355;7;5417;Poda Naranjos, ajardinamiento parque central y colocacion en la C/ Guillem anola;12;Camins al Grau;Particular;7;NO;NO;0;NO;NA;No aplicable;2023-04-27;NA
4524;7;5586;ADECUACIoN DEL PARQUE DE LA C/GORGOS (DETRaS DEL COLEGIO EL PILAR);6;el Pla del Real;Particular;14;NO;NO;0;NO;NA;No aplicable;2023-04-27;NA
4645;7;5707;Cerrar por las noches el parque de la calle Sor Guillermina.;10;Quatre Carreres;Particular;24;NO;NO;0;NO;NA;No aplicable;2023-04-27;NA
4671;7;5733;PLAZA REINO DE VALENCIA;2;l'Eixample;Particular;24;NO;NO;0;NO;NA;No aplicable;2023-04-27;NA
4692;7;5754;Paso de peatones a la altura de maestro Rodrigo 84;4;Campanar;Particular;7;NO;NO;0;NO;NA;No aplicable;2023-04-27;NA
4813;7;5875;AMPLIACIoN TIEMPO SEMaFORO CNO NUEVO DE PICAÑA Nº1 AL LIDL Y MC DONALD'S;8;Patraix;Particular;1;NO;NO;0;NO;NA;No aplicable;2023-04-27;NA
4893;7;5955;ELIMINACION DE PIVOTE DE INICIO CABALLEROS CON INSTALACION DE CAMARA DE CONTROL;1;Ciutat Vella;Particular;13;NO;NO;0;NO;NA;No aplicable;2023-04-27;NA
4926;7;5988;Asfaltado calle Vicente Peris;5;la Saidia;Particular;4;NO;NO;0;NO;NA;No aplicable;2023-04-27;NA
4948;7;6010;plaza del cedro;11;Poblats Maritims;Particular;3;NO;NO;0;NO;NA;No aplicable;2023-04-27;NA
4979;7;6041;Ampliacion y mejora zona deportiva e infantil Calle Menorca -Carolina Alvarez;12;Camins al Grau;Particular;45;SI;SI;503;SI;150000;Con etiqueta;2023-04-27;NA
5072;7;6134;Conexion tramos de carril bici Ciencias-A.Ferrandis (impares)-Fuente San Luis;10;Quatre Carreres;Particular;50;SI;SI;400;NO;400000;Sin etiqueta;2023-04-27;NA
5131;7;6193;Ampliacion calle Pintor Maella a la altura del Av. Del Puerto;12;Camins al Grau;Particular;5;NO;NO;0;NO;NA;No aplicable;2023-04-27;NA
5162;7;6224;Creacio de 6 menjadors-refugis per a les colonies de gats;18;1;Particular;36;SI;SI;173;SI;5000;Sin etiqueta;2023-04-27;NA
5165;7;6227;Millora del parc de Blancaneus;10;Quatre Carreres;Particular;24;NO;NO;0;NO;NA;No aplicable;2023-04-27;NA
5167;7;6229;Humanitzacio zona Carrer Alzira i Carrer Francesc de Borja.;3;Extramurs;Particular;3;NO;NO;0;NO;NA;No aplicable;2023-04-27;NA
5185;7;6247;Mejora de las instalaciones deportivas (Padel);17;7;Particular;26;SI;SI;32;SI;25000;Sin etiqueta;2023-04-27;NA
5206;7;6268;Plantar arboles en la zona de avenida real de madrid desde el numero 127 al 139;19;7;Particular;9;NO;NO;0;NO;NA;No aplicable;2023-04-27;NA
5316;7;6378;Linea d'autobus Hospital;19;2;Particular;50;SI;NO;0;NO;NA;No aplicable;2023-04-27;NA
5394;7;6456;C/Serpis: carril bici y doble sentido (altura de plaza Honduras);13;Algiros;Particular;30;SI;NO;0;NO;NA;No aplicable;2023-04-27;NA
5564;7;6626;REFORMA VESTUARIOS PISCINA FUENTE DE SAN LUiS;10;Quatre Carreres;Particular;37;SI;SI;459;SI;100000;Sin etiqueta;2023-04-27;NA
5699;7;6761;kakas;1;Ciutat Vella;Particular;45;SI;NO;0;NO;NA;No aplicable;2023-04-27;NA
5776;7;6838;Repavimentacion calzada Camino del Trinquete;17;7;Ayuntamiento;0;SI;SI;10;NO;44760;Sin etiqueta;2023-04-27;NA
61;1;2015-00080;NA;6;el Pla del Real;Persona Fisica;NA;No aplicable;NO;0;NO;NA;No aplicable;2023-04-27;NA
79;1;2015-00105;NA;8;Patraix;Persona Juridica;NA;No aplicable;NO;0;NO;NA;No aplicable;2023-04-27;NA
100;1;2015-00128;NA;15;Rascanya;Persona Fisica;NA;No aplicable;NO;0;NO;NA;No aplicable;2023-04-27;NA
123;1;2015-00160;NA;1;Ciutat Vella;Persona Fisica;NA;No aplicable;NO;0;NO;NA;No aplicable;2023-04-27;NA
148;1;2015-00185;NA;15;Rascanya;Persona Fisica;NA;No aplicable;NO;0;NO;NA;No aplicable;2023-04-27;NA
189;1;2015-00231;NA;10;Quatre Carreres;Persona Juridica;NA;No aplicable;NO;0;NO;NA;No aplicable;2023-04-27;NA
222;1;2015-00267;Adecuacion zona canina en la mediana de musico gines;12;Camins al Grau;Persona Juridica;NA;No aplicable;SI;116;SI;97966;No aplicable;2023-04-27;NA
269;1;2015-00322;NA;3;Extramurs;Persona Fisica;NA;No aplicable;SI;66;NO;NA;No aplicable;2023-04-27;NA
321;1;2015-00382;Mejora de la señalizacion calle peñiscola;15;Rascanya;Persona Fisica;NA;No aplicable;SI;5;SI;2400;No aplicable;2023-04-27;NA
408;1;2015-00477;NA;10;Quatre Carreres;Persona Fisica;NA;No aplicable;NO;0;NO;NA;No aplicable;2023-04-27;NA
459;1;2015-00549;NA;9;Jesus;Persona Fisica;NA;No aplicable;NO;0;NO;NA;No aplicable;2023-04-27;NA
489;1;2015-00584;NA;11;Poblats Maritims;Persona Fisica;NA;No aplicable;NO;0;NO;NA;No aplicable;2023-04-27;NA
502;1;2015-00601;NA;1;Ciutat Vella;Persona Fisica;NA;No aplicable;NO;0;NO;NA;No aplicable;2023-04-27;NA
507;1;2016-00002;Propuesta ayuntamiento. Finalizacion habilitacion local c/ crisostomo martinez;18;Pobles de l'Oest;Persona Juridica;NA;No aplicable;SI;35;SI;60000;No aplicable;2023-04-27;NA
589;1;2016-00085;NA;6;el Pla del Real;Persona Juridica;NA;No aplicable;SI;0;NO;NA;No aplicable;2023-04-27;NA
608;1;2016-00104;Propuesta ayuntamiento. Mejora de la accesibilidad en paradas del transporte urbano de pobles del sud;19;Pobles del Sud;Persona Juridica;NA;No aplicable;SI;120;SI;28851;No aplicable;2023-04-27;NA
690;2;71;Pasos de peatones en Dolores Marques;14;Benimaclet;Particular;86;SI;SI;252;SI;16000;No aplicable;2023-04-27;NA
723;2;104;Adecuar pasos de cebra cruce Botanico-Lepanto;3;Extramurs;Particular;9;NO;NO;0;NO;NA;No aplicable;2023-04-27;NA
772;2;153;OPTIMIZACION PARQUES;15;Rascanya;Particular;8;NO;NO;0;NO;NA;No aplicable;2023-04-27;NA
871;2;252;Alumbrado en avenida Giorgeta, altura paso elevado.;9;Jesus;Particular;6;NO;NO;0;NO;NA;No aplicable;2023-04-27;NA
884;2;265;Terminar el segundo carril de la calle Serpis;13;Algiros;Particular;72;SI;NO;0;NO;NA;No aplicable;2023-04-27;NA
898;2;279;Asociacion juvenil , apoyo educativo, alternativas de ocio sano.;15;Rascanya;Particular;1;NO;NO;0;NO;NA;No aplicable;2023-04-27;NA
906;2;287;APARCA BICIS delante del Centro de Dia de menores sed-vies C/Erudito Orellana 11;3;Extramurs;Particular;31;SI;NO;0;NO;NA;No aplicable;2023-04-27;NA
920;2;301;INSTALACIoN SONoMETROS. MAPA DEL RUIDO RUZAFA;2;l'Eixample;Representante GT;31;SI;SI;248;SI;205000;No aplicable;2023-04-27;NA
963;2;344;ACONDICIONAMIENTO PAVIMENTO CENTRO HISTORICO;14;Benimaclet;Representante GT;10;SI;NO;0;NO;NA;No aplicable;2023-04-27;NA
1001;2;382;CARRIL BICI EN AVENIDA JUAN XXIII;16;Benicalap;Representante GT;92;SI;SI;194;SI;350000;No aplicable;2023-04-27;NA
1051;2;432;Espacios con uso civico, ludico, cultural ,creativo y participativo.;14;Benimaclet;Particular;81;SI;NO;0;NO;NA;No aplicable;2023-04-27;NA
1068;2;449;PISTAS DEPORTIVAS SOLAR ENTRE CEIP GINER DE LOS RiOS Y IGLESIA SAN LUIS OBISPO;4;Campanar;Representante GT;14;SI;SI;227;SI;60000;No aplicable;2023-04-27;NA
1228;3;1018;PACIFICACIoN DEL TRaFICO EN AVENIDA PERIS Y VALERO.;Toda la ciudad;Toda la ciudad;Particular;115;SI;NO;0;NO;NA;No aplicable;2023-04-27;NA
1417;3;1210;PROTECTORA/SANTUARIO DE ANIMALES A GRAN ESCALA;Toda la ciudad;Toda la ciudad;Particular;172;SI;NO;0;NO;NA;No aplicable;2023-04-27;NA
1452;3;1245;CONVERTIR EN PARQUE-JARDIN TODO EL ENTORNO DEL VELODROMO LUIS PUIG;Toda la ciudad;Toda la ciudad;Particular;4;NO;NO;0;NO;NA;No aplicable;2023-04-27;NA
1486;3;1279;REFORMA PARQUE AMBULATORIO PADRE JOFRE;Toda la ciudad;Toda la ciudad;Particular;24;NO;NO;0;NO;NA;No aplicable;2023-04-27;NA
1629;3;1425;APLICACIo PRoPIA PER A VALENBISI;Toda la ciudad;Toda la ciudad;Particular;3;NO;NO;0;NO;NA;No aplicable;2023-04-27;NA
1687;3;1483;TRES CRUCES - RECUPERACIoN PARQUE INFANTIL INCENDIADO;Toda la ciudad;Toda la ciudad;Particular;67;NO;NO;0;NO;NA;No aplicable;2023-04-27;NA
1758;3;1554;ARCeN  Y ACERAS DE CARPESA A VALENCIA Y TAVERNES;Toda la ciudad;Toda la ciudad;Particular;2;NO;NO;0;NO;NA;No aplicable;2023-04-27;NA
1807;4;2036;REURBANIZACIoN C/ DUQUE DE MANDAS;15;Rascanya;Particular;39;SI;SI;328;SI;12000;No aplicable;2023-04-27;NA
1846;4;2075;"MEJORA EN LAS CONDICIONES DE LOS ANIMALES DE LA "" PERRERA"" DE BENIMAMET";18;1;Particular;156;SI;NO;0;NO;NA;No aplicable;2023-04-27;NA
1861;4;2090;URBANIZACIoN ZONA AJARDINADA ENTRE VALLE DE BALLESTERA Y POETA ANTONINO CHOCHOM;4;Campanar;Particular;10;NO;NO;0;NO;NA;No aplicable;2023-04-27;NA
1862;4;2091;PEATONALIZAR EL CAMINO VIEJO DE PATERNA (BENIMaMET - BENIFERRI - CAMPANAR);20;No consta;Particular;44;SI;NO;0;NO;NA;No aplicable;2023-04-27;NA
1871;4;2100;PROTECCIo XIQUETS DEL TRaNSIT DE VEHICLES, PLAÇA DEL POBLE DE CARPESA;17;3;Representante GT;0;SI;NO;0;NO;NA;No aplicable;2023-04-27;NA
1926;4;2155;RENOVAR ALUMBRADO EN C/ CAMINO NUEVO DE PICAÑA DEL 1 AL 49 Y 2 AL 12AC;8;Patraix;Particular;17;NO;NO;0;NO;NA;No aplicable;2023-04-27;NA
1935;4;2164;SOSTENIBILIDAD ENERGETICA DE LA ILUMINACION DEL CAMPO MUNICIPAL DE SAN MARELINO;9;Jesus;Particular;42;SI;SI;173;NO;65000;No aplicable;2023-04-27;NA
1977;4;2206;PACIFICAR TRaNSIT RODAT EN REVERENDO JOSE VALERO DE CARPESA.;17;3;Particular;21;SI;SI;35;NO;26500;No aplicable;2023-04-27;NA
2184;4;2413;PER UN ACCeS A VALeNCIA MeS AMABLE;10;Quatre Carreres;Particular;34;SI;SI;51;NO;540998;No aplicable;2023-04-27;NA
2282;4;2511;PARARRAYOS;17;6;Particular;4;NO;NO;0;NO;NA;No aplicable;2023-04-27;NA
2350;5;3038;SEGUNDO ANILLO CICLISTA;Toda la ciudad;Toda la ciudad;Particular;357;SI;SI;3232;SI;1350000;No aplicable;2023-04-27;NA
2437;5;3125;FINALIZAR LA ADECUACIoN PEATONAL Y AJARDINAR EL PASEO EN FRAY JUNIPERO SERRA;Toda la ciudad;Toda la ciudad;Particular;17;NO;NO;0;NO;NA;No aplicable;2023-04-27;NA
2522;5;3210;En bici a La Fonteta;Toda la ciudad;Toda la ciudad;Particular;30;NO;NO;0;NO;NA;No aplicable;2023-04-27;NA
2627;5;3315;Remodelar las instalaciones del polideportivo Fuente San Luis;Toda la ciudad;Toda la ciudad;Particular;32;NO;NO;0;NO;NA;No aplicable;2023-04-27;NA
2770;5;3458;CONCURSO PLAZA NaPOLES Y SICILIA;Toda la ciudad;Toda la ciudad;Particular;7;NO;NO;0;NO;NA;No aplicable;2023-04-27;NA
2814;5;3502;REHABILITACION MONASTERIO ROQUETA Y CREACION DE LA CASA DEL PEREGRINO;Toda la ciudad;Toda la ciudad;Particular;14;NO;NO;0;NO;NA;No aplicable;2023-04-27;NA
2962;6;4018;Cargadores coches electricos;13;Algiros;Particular;49;SI;NO;0;NO;NA;No aplicable;2023-04-27;NA
3004;6;4060;Parque;16;Benicalap;Particular;61;SI;NO;0;NO;NA;No aplicable;2023-04-27;NA
3142;6;4198;ARBOLADO C. PERE ALEIXANDRE. MONTEOLIVETE.;10;Quatre Carreres;Particular;26;NO;NO;0;NO;NA;No aplicable;2023-04-27;NA
3212;6;4268;Mejoras para Torrefiel;15;Rascanya;Particular;29;NO;NO;0;NO;NA;No aplicable;2023-04-27;NA
3321;6;4377;Mercado Central Beniferri / Tiendas de cercania y de huerta;18;2;Particular;35;SI;NO;0;NO;NA;No aplicable;2023-04-27;NA
3338;6;4394;FUENTES DE AGUA POTABLE, FILTRADA Y REFRIGERADA, para Quatre Carreres;10;Quatre Carreres;Particular;74;SI;SI;331;SI;62500;No aplicable;2023-04-27;NA
3408;6;4464;Actuacion de mejora en el cruce de Av/. Juan XXIII con C/. Rio Bidasoa;16;Benicalap;Particular;16;NO;NO;0;NO;NA;No aplicable;2023-04-27;NA
3420;6;4476;CREACIoN DE UN CENTRO DE JUVENTUD;16;Benicalap;Particular;93;SI;NO;0;NO;NA;No aplicable;2023-04-27;NA
3590;6;4647;CONTROL Y SANCIONES;11;Poblats Maritims;Particular;10;NO;NO;0;NO;NA;No aplicable;2023-04-27;NA
3642;6;4699;REMODELACION PARQUE ASTURIAS-ANDRES MANCEBO;12;Camins al Grau;Particular;46;SI;SI;252;NO;200000;No aplicable;2023-04-27;NA
3810;6;4871;Paso peatonal en la Av. de la Plata con Señera;10;Quatre Carreres;Particular;18;NO;NO;0;NO;NA;No aplicable;2023-04-27;NA
3842;6;4903;Carrils bici barri Malvarrosa;11;Poblats Maritims;Particular;22;NO;NO;0;NO;NA;No aplicable;2023-04-27;NA
3977;6;5039;Mejora alcantarillado Av levante ud;16;Benicalap;Particular;6;NO;NO;0;NO;NA;No aplicable;2023-04-27;NA
4069;6;5131;REMODELACIoN ZONA VERDE CALLE JACINTO LABAILA/ESCULTOR RICARD BOIX;8;Patraix;Particular;22;NO;NO;0;NO;NA;No aplicable;2023-04-27;NA
4095;6;5157;BENIMACLET MeS VERD. RENATURALITZACIo DEL CARRER MuSIC BELANDO;14;Benimaclet;Particular;10;NO;NO;0;NO;NA;No aplicable;2023-04-27;NA
4116;6;5178;ADECUACIoN DE UNA ZONA EN EL EDIFICIO DE LA JUNTA DE ABASTOS PARA EQUIPAMIENTO;3;Extramurs;Representante GT;0;SI;SI;9;NO;250000;No aplicable;2023-04-27;NA
4151;6;5213;AMPLIACIoN ACERAS ACCESO A COLEGIOS LA ANUNCIACIoN Y ANTONIO GARCiA LoPEZ;12;Camins al Grau;Representante GT;0;SI;SI;400;SI;50000;No aplicable;2023-04-27;NA
4158;6;5220;Peatonalizar calle Convento Jerusalen;3;Extramurs;Particular;10;NO;NO;0;NO;NA;No aplicable;2023-04-27;NA
4231;7;5293;Control de plaga palomas en distrito maritimo;11;Poblats Maritims;Particular;56;SI;NO;0;NO;NA;No aplicable;2023-04-27;NA
4275;7;5337;Añadir un paso de peatones para cruzar la Gran Via Fernando el Catolico nº 83;3;Extramurs;Particular;31;SI;NO;0;NO;NA;No aplicable;2023-04-27;NA
4289;7;5351;Paso de peatones chaflan C/ Norte con C/ San Jacinto. - Ayuda visibilidad STOP.;3;Extramurs;Particular;11;NO;NO;0;NO;NA;No aplicable;2023-04-27;NA
4298;7;5360;MEJORA DE LA URBANIZACION DE CALLES DEL BARRIO GRAU-CANYAMELAR;11;Poblats Maritims;Representante GT;0;SI;SI;144;NO;959606;Sin etiqueta;2023-04-27;NA
4336;7;5398;Proyecto Rehabilitacion - Alqueria Beato Gaspar Bono;3;Extramurs;Particular;49;SI;SI;71;NO;411900;Sin etiqueta;2023-04-27;NA
4347;7;5409;SOTERRAMIENTO DE CONTENEDORES;2;l'Eixample;Particular;5;NO;NO;0;NO;NA;No aplicable;2023-04-27;NA
4354;7;5416;PINTOR MONLEoN - ADECUACIoN SOLAR COMO PLAZA CON PARQUE INFANTIL;6;el Pla del Real;Particular;36;SI;NO;0;NO;NA;No aplicable;2023-04-27;NA
4426;7;5488;Mejora del descampado de Albalat dels Tarongers;13;Algiros;Particular;17;NO;NO;0;NO;NA;No aplicable;2023-04-27;NA
1;1;2015-00001;NA;1;Ciutat Vella;Persona Fisica;NA;No aplicable;NO;0;NO;NA;No aplicable;2023-04-27;NA
18;1;2015-00021;NA;13;Algiros;Persona Fisica;NA;No aplicable;NO;0;NO;NA;No aplicable;2023-04-27;NA
35;1;2015-00041;NA;9;Jesus;Persona Juridica;NA;No aplicable;NO;0;NO;NA;No aplicable;2023-04-27;NA
49;1;2015-00059;NA;5;la Saidia;Persona Fisica;NA;No aplicable;NO;0;NO;NA;No aplicable;2023-04-27;NA
56;1;2015-00068;NA;3;Extramurs;Persona Fisica;NA;No aplicable;NO;0;NO;NA;No aplicable;2023-04-27;NA
85;1;2015-00113;NA;1;Ciutat Vella;Persona Juridica;NA;No aplicable;NO;0;NO;NA;No aplicable;2023-04-27;NA
88;1;2015-00116;NA;12;Camins al Grau;Persona Fisica;NA;No aplicable;NO;0;NO;NA;No aplicable;2023-04-27;NA
118;1;2015-00153;NA;4;Campanar;Persona Fisica;NA;No aplicable;SI;10;NO;NA;No aplicable;2023-04-27;NA
165;1;2015-00206;NA;10;Quatre Carreres;Persona Fisica;NA;No aplicable;NO;0;NO;NA;No aplicable;2023-04-27;NA
185;1;2015-00227;NA;15;Rascanya;Persona Fisica;NA;No aplicable;NO;0;NO;NA;No aplicable;2023-04-27;NA
194;1;2015-00237;NA;8;Patraix;Persona Fisica;NA;No aplicable;NO;0;NO;NA;No aplicable;2023-04-27;NA
220;1;2015-00265;NA;14;Benimaclet;Persona Juridica;NA;No aplicable;NO;0;NO;NA;No aplicable;2023-04-27;NA
229;1;2015-00275;NA;12;Camins al Grau;Persona Fisica;NA;No aplicable;NO;0;NO;NA;No aplicable;2023-04-27;NA
233;1;2015-00280;NA;17;Pobles del Nord;Persona Juridica;NA;No aplicable;NO;0;NO;NA;No aplicable;2023-04-27;NA
257;1;2015-00307;NA;19;Pobles del Sud;Persona Fisica;NA;No aplicable;NO;0;NO;NA;No aplicable;2023-04-27;NA
370;1;2015-00433;NA;1;Ciutat Vella;Persona Fisica;NA;No aplicable;SI;74;NO;NA;No aplicable;2023-04-27;NA
383;1;2015-00448;NA;8;Patraix;Persona Juridica;NA;No aplicable;NO;0;NO;NA;No aplicable;2023-04-27;NA
403;1;2015-00471;NA;10;Quatre Carreres;Persona Fisica;NA;No aplicable;NO;0;NO;NA;No aplicable;2023-04-27;NA
435;1;2015-00514;NA;16;Benicalap;Persona Fisica;NA;No aplicable;NO;0;NO;NA;No aplicable;2023-04-27;NA
455;1;2015-00543;NA;7;l'Olivereta;Persona Juridica;NA;No aplicable;NO;0;NO;NA;No aplicable;2023-04-27;NA
458;1;2015-00548;NA;19;Pobles del Sud;Persona Juridica;NA;No aplicable;NO;0;NO;NA;No aplicable;2023-04-27;NA
496;1;2015-00595;NA;19;Pobles del Sud;Persona Juridica;NA;No aplicable;NO;0;NO;NA;No aplicable;2023-04-27;NA
500;1;2015-00599;NA;1;Ciutat Vella;Persona Fisica;NA;No aplicable;NO;0;NO;NA;No aplicable;2023-04-27;NA
558;1;2016-00053;NA;15;Rascanya;Persona Juridica;NA;No aplicable;SI;2;NO;NA;No aplicable;2023-04-27;NA
638;2;19;Arbolado y ampliacion de aceras en la calle Castellon;2;l'Eixample;Particular;35;SI;NO;0;NO;NA;No aplicable;2023-04-27;NA
718;2;99;Problemas de aparcamiento y uso de solares;7;l'Olivereta;Particular;3;NO;NO;0;NO;NA;No aplicable;2023-04-27;NA
735;2;116;Limpieza y mantenimiento zona Calle Uruguay, San Vicente Martir, La Raiosa;9;Jesus;Particular;13;NO;NO;0;NO;NA;No aplicable;2023-04-27;NA
832;2;213;Parque para perros en Avenida Blasco Ibañez;11;Poblats Maritims;Particular;20;NO;NO;0;NO;NA;No aplicable;2023-04-27;NA
879;2;260;Acondicionamiento Cami de la Partida de Dalt;4;Campanar;Particular;37;SI;SI;75;NO;187000;No aplicable;2023-04-27;NA
912;2;293;Voreres i carrers, a Castellar-L’Oliveral.;19;Pobles del Sud;Particular;81;SI;SI;64;NO;179572;No aplicable;2023-04-27;NA
924;2;305;Reformar los vados para vehiculos en las aceras de la calle Navarro Cabanes;7;l'Olivereta;Representante GT;14;SI;SI;73;NO;90000;No aplicable;2023-04-27;NA
943;2;324;Uso del descampado entre el archivo y la C/ franco tormo para mercadillo sabados;8;Patraix;Particular;6;NO;NO;0;NO;NA;No aplicable;2023-04-27;NA
966;2;347;Instalacion Deportiva Elemental (IDE) en Vara de Quart, Safranar y Favara;8;Patraix;Representante GT;21;SI;SI;457;SI;60000;No aplicable;2023-04-27;NA
969;2;350;AJARDINAMIENTO Y ZONA DE OCIO  CON JUEGOS INFANTILES;19;Pobles del Sud;Particular;1;NO;NO;0;NO;NA;No aplicable;2023-04-27;NA
970;2;351;Creacio de Camp de Futbol al CEIP Lluis Guarner;16;Benicalap;Particular;36;SI;NO;0;NO;NA;No aplicable;2023-04-27;NA
974;2;355;RENOVACION DE LA PZA. FEDERICO MAYO, ZONA VERDE Y PEATONALIZACIoN;12;Camins al Grau;Representante GT;28;SI;SI;135;NO;250000;No aplicable;2023-04-27;NA
1019;2;400;Descampado/Solar zona Av/ Doctor Waksman- Carrer Neus;10;Quatre Carreres;Particular;6;NO;NO;0;NO;NA;No aplicable;2023-04-27;NA
1022;2;403;Zonas deportivas en Nou Campanar;4;Campanar;Particular;20;NO;NO;0;NO;NA;No aplicable;2023-04-27;NA
1046;2;427;Pasarel·la peatonal entre Russafa (Av.Filipines) y estacio AVE Joaquin Sorolla;3;Extramurs;Particular;7;NO;NO;0;NO;NA;No aplicable;2023-04-27;NA
1050;2;431;Paso de cebra carrera Malilla.;10;Quatre Carreres;Particular;34;SI;NO;0;NO;NA;No aplicable;2023-04-27;NA
1072;2;453;Semaforo en Av. Pio Baroja frente parque de bomberos;4;Campanar;Particular;2;NO;NO;0;NO;NA;No aplicable;2023-04-27;NA
1096;2;477;Control y Plan de distribucion urbana de mercancias (Ciutat Vella);1;Ciutat Vella;Particular;3;NO;NO;0;NO;NA;No aplicable;2023-04-27;NA
1113;2;494;Itineraris segurs a les escoles.;19;Pobles del Sud;Representante GT;4;SI;NO;0;NO;NA;No aplicable;2023-04-27;NA
1167;2;548;instalacion luminosa para los paso de peatones en las calles de beniferri;18;Pobles de l'Oest;Particular;7;NO;NO;0;NO;NA;No aplicable;2023-04-27;NA
1169;2;550;Optimizacio d’espais: Espai multiusos i ampliacio de la biblioteca Carola Reig;14;Benimaclet;Particular;30;SI;NO;0;NO;NA;No aplicable;2023-04-27;NA
1203;2;584;Ordenar el aparcamiento publico que hay en la Avda de la Plata;10;Quatre Carreres;Particular;0;NO;NO;0;NO;NA;No aplicable;2023-04-27;NA
1207;2;588;Reurbanitzacio de les Av. Giorgeta - Perez Galdos i pacificacio de trafic;9;Jesus;Particular;111;SI;SI;174;SI;72500;No aplicable;2023-04-27;NA
1260;3;1051;PEATONALIZAR PLAZA AYUNTAMIENTO PARA SIEMPRE;Toda la ciudad;Toda la ciudad;Particular;1343;SI;SI;3867;SI;450000;No aplicable;2023-04-27;NA
1300;3;1093;CARRIL BICI DESDE MISLATA A PINEDO POR EL CAUCE NUEVO RiO TURIA;Toda la ciudad;Toda la ciudad;Particular;65;NO;NO;0;NO;NA;No aplicable;2023-04-27;NA
1318;3;1111;REDUCIR A 30 KM/HORA LA VELOCIDAD MaXIMA PERMITIDA EN CALLES DE BARRIO;Toda la ciudad;Toda la ciudad;Particular;27;NO;NO;0;NO;NA;No aplicable;2023-04-27;NA
1361;3;1154;SEGURIDAD EN EL CARRIL BICI DE LA CALLE CARTEROS;Toda la ciudad;Toda la ciudad;Particular;2;NO;NO;0;NO;NA;No aplicable;2023-04-27;NA
1368;3;1161;HACER MaS PARQUES DE STREET WORKOUT Y CALISTENIA EN EL JARDiN DEL TURIA;Toda la ciudad;Toda la ciudad;Particular;4;NO;NO;0;NO;NA;No aplicable;2023-04-27;NA
1382;3;1175;REDUCIR RUIDO RESPIRADEROS METRO C/EMILIO BARO;Toda la ciudad;Toda la ciudad;Particular;3;NO;NO;0;NO;NA;No aplicable;2023-04-27;NA
1389;3;1182;SOCIALIZACIoN DEL BARRIO DE LA ROQUETA.;Toda la ciudad;Toda la ciudad;Particular;10;NO;NO;0;NO;NA;No aplicable;2023-04-27;NA
1398;3;1191;PARQUE INFANTIL Y JARDIN EN LAS C/NUMANCIA-SABATERIA DELS XIQUETS-MARITN MENGOD;Toda la ciudad;Toda la ciudad;Particular;2;NO;NO;0;NO;NA;No aplicable;2023-04-27;NA
1448;3;1241;MaS SEGURIDAD, CUBRIR LAS PLAZAS DE POLICIA LOCAL NECESARIAS;Toda la ciudad;Toda la ciudad;Particular;10;NO;NO;0;NO;NA;No aplicable;2023-04-27;NA
1457;3;1250;ASFALTAR LA CALLE MENORCA CON ASFALTO FONOABSORVENTE;Toda la ciudad;Toda la ciudad;Particular;2;NO;NO;0;NO;NA;No aplicable;2023-04-27;NA
1532;3;1325;CREAR UN SISTEMA DE DENUNCIA PARA VEHiCULOS MAL ESTACIONADOS.;Toda la ciudad;Toda la ciudad;Particular;3;NO;NO;0;NO;NA;No aplicable;2023-04-27;NA
1535;3;1328;REESTRUCTURACIoN PARQUE/PLAZA A. CANDEL (PARQUE JUNTO A COLEGIO MESTALLA);Toda la ciudad;Toda la ciudad;Particular;24;NO;NO;0;NO;NA;No aplicable;2023-04-27;NA
1548;3;1342;AMPLIACIoN DEL METRO PARA QUE LLEGUE A LA PEDANiA DE LA TORRE (SOCIoPOLIS);Toda la ciudad;Toda la ciudad;Particular;50;NO;NO;0;NO;NA;No aplicable;2023-04-27;NA
1571;3;1367;MEJORA PARQUES INFANTILES ZONA PATRAIX, JESUS, FAVARA;Toda la ciudad;Toda la ciudad;Particular;17;NO;NO;0;NO;NA;No aplicable;2023-04-27;NA
1577;3;1373;IMPEDIR LAS FIESTAS NOCTURNAS EN EL ANTIGUO CAUCE DEL RiO TURIA;Toda la ciudad;Toda la ciudad;Particular;3;NO;NO;0;NO;NA;No aplicable;2023-04-27;NA
1580;3;1376;CENTRO VALENCIANO DE GIMNASIA ARTiSTICA;Toda la ciudad;Toda la ciudad;Particular;273;SI;SI;925;NO;2600000;No aplicable;2023-04-27;NA
1589;3;1385;INSTITUTO PuBLICO ZONA CAMPANAR-BENIFERRI;Toda la ciudad;Toda la ciudad;Particular;15;NO;NO;0;NO;NA;No aplicable;2023-04-27;NA
1593;3;1389;CREAR UNA APP DE MoVIL PARA NOTIFICAR INCIDENCIAS EN LA CIUDAD;Toda la ciudad;Toda la ciudad;Particular;2;NO;NO;0;NO;NA;No aplicable;2023-04-27;NA
1603;3;1399;RECUPERAR LA PLAÇA MAJOR DE RUSSAFA/ RECUPERAR LA P. MAYOR DE RUZAFA;Toda la ciudad;Toda la ciudad;Particular;74;NO;NO;0;NO;NA;No aplicable;2023-04-27;NA
1604;3;1400;CENTRO INTEGRAL  DE AYUDA PARA PERSONAS SIN HOGAR;Toda la ciudad;Toda la ciudad;Particular;168;SI;NO;0;NO;NA;No aplicable;2023-04-27;NA
1618;3;1414;ACCESO AL MIRADOR DE LA ALBUFERA SEGURO;Toda la ciudad;Toda la ciudad;Particular;27;NO;NO;0;NO;NA;No aplicable;2023-04-27;NA
1622;3;1418;DEBATE CIUDADANO SOBRE LA SUPUESTA ECONOMiA COLABORATIVA: AIRBNB, UBER,DELIVEROO;Toda la ciudad;Toda la ciudad;Particular;5;NO;NO;0;NO;NA;No aplicable;2023-04-27;NA
1645;3;1441;L'ATZUCAC DE LA VERGONYA;Toda la ciudad;Toda la ciudad;Particular;16;NO;NO;0;NO;NA;No aplicable;2023-04-27;NA
1653;3;1449;ACCESOS DE HORNO DE ALCEDO A RENFE FTE SAN LUIS Y LA FE;Toda la ciudad;Toda la ciudad;Particular;12;NO;NO;0;NO;NA;No aplicable;2023-04-27;NA
1669;3;1465;PROLONGACIoN Y PARQUE;Toda la ciudad;Toda la ciudad;Particular;2;NO;NO;0;NO;NA;No aplicable;2023-04-27;NA
1688;3;1484;DESVIAR EL PASO DE AVIONES TAN BAJOS;Toda la ciudad;Toda la ciudad;Particular;2;NO;NO;0;NO;NA;No aplicable;2023-04-27;NA
1692;3;1488;CARRIL BICI EN PeREZ-GALDoS/AVENIDA GIORGETA;Toda la ciudad;Toda la ciudad;Particular;2;NO;NO;0;NO;NA;No aplicable;2023-04-27;NA
1749;3;1545;JARDINES DE MONFORTE;Toda la ciudad;Toda la ciudad;Particular;0;NO;NO;0;NO;NA;No aplicable;2023-04-27;NA
1763;3;1559;ZONA BIOSALUDABLE Y PARQUE INFANTIL, EN UNO DE ZONAS VERDES DEL LA CALLE PELAYO;Toda la ciudad;Toda la ciudad;Particular;1;NO;NO;0;NO;NA;No aplicable;2023-04-27;NA
1787;4;2016;CUBIERTA EN LA 2º FASE PARQUE JUAN BAUTISTA PASTOR (BORBOTo);17;7;Representante GT;0;SI;NO;0;NO;NA;No aplicable;2023-04-27;NA
1830;4;2059;ARBOLADO EN LA CALLE GENERAL GIL DOLZ Y EN LA CALLE AMADEO DE SABOYA;6;el Pla del Real;Particular;6;NO;NO;0;NO;NA;No aplicable;2023-04-27;NA
1848;4;2077;AJARDINAMIENTO SOLAR ESCULTOR JOSE CAPUZ, 5- AVDA. REINO DE VALENCIA, 94;10;Quatre Carreres;Particular;39;SI;NO;0;NO;NA;No aplicable;2023-04-27;NA
1865;4;2094;REURBANITZACIo I PACIFICACIo DE L'ENTORN DEL CEIP VICENTE GAOS (Bº SANT JOSEP);13;Algiros;Particular;37;SI;SI;178;NO;383752;No aplicable;2023-04-27;NA
1877;4;2106;REFORMA PASEO DE LA ALAMEDA ENTRE EL PUENTE DE ARAGoN Y EL PUENTE DEL REAL;6;el Pla del Real;Particular;31;SI;SI;266;SI;234385;No aplicable;2023-04-27;NA
1895;4;2124;CALLE ASPIROZ, PEATONAL, CON CIRCULACIÔN AUTORIZADA A SOLO VECINOS.;17;6;Particular;17;SI;SI;4;NO;102810;No aplicable;2023-04-27;NA
1967;4;2196;ASFALTADO DETRAS DEL HOSPITAL DE LA NUEVA FE;10;Quatre Carreres;Particular;17;NO;NO;0;NO;NA;No aplicable;2023-04-27;NA
2010;4;2239;ACONDICIONAMIENTO EN EL SOLAR DE LA RONDA NORTE CON CONDE LUMIARES;15;Rascanya;Particular;5;NO;NO;0;NO;NA;No aplicable;2023-04-27;NA
2030;4;2259;ATLETISMO-DOTACION MODULO ATLETISMO (CABANYAL-CANYAMERAL);11;Poblats Maritims;Representante GT;0;SI;SI;306;SI;180000;No aplicable;2023-04-27;NA
2064;4;2293;CERRAR CON  REJA EL SOLAR POSTERIOR AL CENTRO DE ESPECIALIDADES;10;Quatre Carreres;Particular;31;SI;NO;0;NO;NA;No aplicable;2023-04-27;NA
2090;4;2319;CREAR UNA AGENCIA PuBLICA, SIN SUBCONTRATAS, DE AYUDA A DOMICILIO;20;No consta;Particular;15;NO;NO;0;NO;NA;No aplicable;2023-04-27;NA
2092;4;2321;REURBANIZACIoN DE LA CALLE MURTA, SIGUIENTE FASE;14;Benimaclet;Representante GT;0;SI;SI;520;SI;246144;No aplicable;2023-04-27;NA
2222;4;2451;BOLARDOS EN CALLES PEATONALES PLAZA DE LA IGLESIA.;4;Campanar;Particular;4;NO;NO;0;NO;NA;No aplicable;2023-04-27;NA
2244;4;2473;AMPLIAR JUEGOS EN PARQUE MuSICO CUESTA;10;Quatre Carreres;Particular;4;NO;NO;0;NO;NA;No aplicable;2023-04-27;NA
2248;4;2477;MEJORA PARQUE PLAZA BERENGUER FERRER;7;l'Olivereta;Particular;31;SI;SI;76;NO;300000;No aplicable;2023-04-27;NA
2252;4;2481;AMPLIAR ACERAS Y AÑADIR aRBOLES EN LA CALLE LEPANTO;3;Extramurs;Particular;19;NO;NO;0;NO;NA;No aplicable;2023-04-27;NA
2253;4;2482;PASOS DE PEATONES EN EL RECORRIDO PONT SANT JOSEP - DR. OLoRIZ, AV CONSTITUCIoN;5;la Saidia;Particular;27;NO;NO;0;NO;NA;No aplicable;2023-04-27;NA
2304;4;2533;JUEGOS INFANTILES EN LA DEVESA DEL SALER;19;4;Particular;34;SI;NO;0;NO;NA;No aplicable;2023-04-27;NA
2342;5;3030;Carril bici por calle San Vicente Martir;Toda la ciudad;Toda la ciudad;Particular;203;SI;NO;0;NO;NA;No aplicable;2023-04-27;NA
2383;5;3071;Acabar carril bici de Serreria entre de Blasco Ibañez y la avd Puerto;Toda la ciudad;Toda la ciudad;Particular;205;SI;NO;0;NO;NA;No aplicable;2023-04-27;NA
2386;5;3074;Nuevo carril bici en la calle Gasco Oliag;Toda la ciudad;Toda la ciudad;Particular;24;NO;NO;0;NO;NA;No aplicable;2023-04-27;NA
2388;5;3076;Centro municipal joven Benimamet;Toda la ciudad;Toda la ciudad;Particular;120;SI;NO;0;NO;NA;No aplicable;2023-04-27;NA
2455;5;3143;IDES en Benicalap y Ciutat del Artista Faller;Toda la ciudad;Toda la ciudad;Particular;140;SI;NO;0;NO;NA;No aplicable;2023-04-27;NA
2473;5;3161;rocodromo municipal;Toda la ciudad;Toda la ciudad;Particular;51;NO;NO;0;NO;NA;No aplicable;2023-04-27;NA
2496;5;3184;PARQUE DE BARRAS - STREET WORKOUT EN LA PLAYA DE LA MALVARROSA (CABAÑAL);Toda la ciudad;Toda la ciudad;Particular;132;SI;NO;0;NO;NA;No aplicable;2023-04-27;NA
2529;5;3217;Mantenimiento, higiene y seguridad en parques de Benimamet;Toda la ciudad;Toda la ciudad;Particular;8;NO;NO;0;NO;NA;No aplicable;2023-04-27;NA
2595;5;3283;Finalizar urbanizacion calle Junipero Serra;Toda la ciudad;Toda la ciudad;Particular;8;NO;NO;0;NO;NA;No aplicable;2023-04-27;NA
2602;5;3290;Cambiar farolas de Humanista Mariner;Toda la ciudad;Toda la ciudad;Particular;20;NO;NO;0;NO;NA;No aplicable;2023-04-27;NA
2625;5;3313;Eliminacion de tapones urbanisticos en Benicalap (calle Garbi - Pintor Matarana);Toda la ciudad;Toda la ciudad;Particular;7;NO;NO;0;NO;NA;No aplicable;2023-04-27;NA
2649;5;3337;Construccion Campo de Sofbol/Beisbol;Toda la ciudad;Toda la ciudad;Particular;164;SI;SI;556;NO;1100000;No aplicable;2023-04-27;NA
2724;5;3412;Adecuacion aceras plaza avila;Toda la ciudad;Toda la ciudad;Particular;4;NO;NO;0;NO;NA;No aplicable;2023-04-27;NA
2768;5;3456;que esta web se permita votar tanto a favor como en contra;Toda la ciudad;Toda la ciudad;Particular;13;NO;NO;0;NO;NA;No aplicable;2023-04-27;NA
2795;5;3483;Crear pasarela cruzar vias del tren Moreras;Toda la ciudad;Toda la ciudad;Particular;9;NO;NO;0;NO;NA;No aplicable;2023-04-27;NA
2809;5;3497;Construccion de carril bici en el Puente de Monteolivete;Toda la ciudad;Toda la ciudad;Particular;10;NO;NO;0;NO;NA;No aplicable;2023-04-27;NA
2840;5;3528;Instalar estacion valenbici en el Colegio CEIP 103;Toda la ciudad;Toda la ciudad;Particular;28;NO;NO;0;NO;NA;No aplicable;2023-04-27;NA
2863;5;3551;Derruir fabricas, muros y casas en ruinas con posterior ajardinamiento en Jesus;Toda la ciudad;Toda la ciudad;Particular;13;NO;NO;0;NO;NA;No aplicable;2023-04-27;NA
2926;5;3615;Reduccion de la contaminacion acustica de las vias principales de la ciudad;Toda la ciudad;Toda la ciudad;Particular;25;NO;NO;0;NO;NA;No aplicable;2023-04-27;NA
3052;6;4108;Mejoras zona deportiva parque Camales;18;1;Particular;10;NO;NO;0;NO;NA;No aplicable;2023-04-27;NA
3069;6;4125;CREACIoN DE UN RETeN FIJO DE POLICiA LOCAL EN BENIMaMET - BENIFERRI;18;1;Particular;151;SI;NO;0;NO;NA;No aplicable;2023-04-27;NA
3082;6;4138;RESTABLECER JARDIN CON JUEGOS PARA NIÑAS Y NIÑOS, C. ALBORAYA,  13 46010 Valenci;5;la Saidia;Particular;198;SI;NO;0;NO;NA;No aplicable;2023-04-27;NA
3109;6;4165;Creacion de un panel historico - Cuevas Camales (Parque);18;1;Particular;5;NO;NO;0;NO;NA;No aplicable;2023-04-27;NA
3119;6;4175;Instalacion bancos para sentarse en el paseo;19;4;Particular;37;SI;NO;0;NO;NA;No aplicable;2023-04-27;NA
3129;6;4185;Parques para ir en bicicleta como viveros;3;Extramurs;Particular;3;NO;NO;0;NO;NA;No aplicable;2023-04-27;NA
3140;6;4196;PARQUE SOCIALIZACIoN PERROS;11;Poblats Maritims;Particular;25;NO;NO;0;NO;NA;No aplicable;2023-04-27;NA
3141;6;4197;Carril bici en angel Guimera - Eje vertebrador de la bici en el Extramurs;3;Extramurs;Particular;130;SI;SI;96;NO;386000;No aplicable;2023-04-27;NA
3150;6;4206;remodelacion de la Pl. Saidia para facilitar el acceso al jardin del Turia;5;la Saidia;Particular;71;SI;SI;416;SI;46000;No aplicable;2023-04-27;NA
3155;6;4211;Connexio per a vianants i bicis amb el Cami Vell de Godella;16;Benicalap;Particular;63;SI;NO;0;NO;NA;No aplicable;2023-04-27;NA
3189;6;4245;CAMBIAR EL CONTENEDOR-POR EL RUIDO Y GOLPETEOS DE LOS CONTENEDORES.;4;Campanar;Particular;4;NO;NO;0;NO;NA;No aplicable;2023-04-27;NA
3252;6;4308;CARRIL BICI Y ARBOLADO EN LA CALLE EDUARDO BOSCa;12;Camins al Grau;Particular;50;SI;SI;129;NO;385000;No aplicable;2023-04-27;NA
3281;6;4337;ACONDICIONAMIENTO ZONA VERDE EN CALLE 3 DE ABRIL DE 1979;12;Camins al Grau;Particular;63;SI;NO;0;NO;NA;No aplicable;2023-04-27;NA
3298;6;4354;Ampliacion Linea 64 EMT a Ciudad Fallera - Nou Benicalap;16;Benicalap;Particular;81;SI;NO;0;NO;NA;No aplicable;2023-04-27;NA
3310;6;4366;Apertura peatonal Carrer La Serrella - C/ Mossen Cuenca;19;3;Particular;31;SI;NO;0;NO;NA;No aplicable;2023-04-27;NA
3312;6;4368;NAZARET - aREA LuDICO DEPORTIVA;11;Poblats Maritims;Particular;36;SI;NO;0;NO;NA;No aplicable;2023-04-27;NA
3364;6;4420;NECESIDAD DE CARRIL PARA PEATONES Y BICICLETA CAMINO CEMENTERIO A GODELLA.;17;7;Particular;31;SI;NO;0;NO;NA;No aplicable;2023-04-27;NA
3374;6;4430;Reasfaltado calle Amigos del Corpus y supresion de matorrales en su acera;16;Benicalap;Particular;18;NO;NO;0;NO;NA;No aplicable;2023-04-27;NA
3397;6;4453;ABRIR EL ACCESO PENDIENTE DESDE LA ROTONDA (RONDA NORTE) A BENIMACLET;14;Benimaclet;Particular;262;SI;NO;0;NO;NA;No aplicable;2023-04-27;NA
3422;6;4478;Adquisicion de local y equipamiento para la apertura de biblioteca en Soternes.;7;l'Olivereta;Particular;81;SI;NO;0;NO;NA;No aplicable;2023-04-27;NA
3430;6;4486;PAVIMENTAR ZONA ENTRADA ESCUELA INFANTIL;8;Patraix;Particular;72;SI;SI;771;SI;6000;No aplicable;2023-04-27;NA
3438;6;4494;comunicacio amb la poblacio, megafonia per tot el poble;19;6;Representante GT;0;SI;NO;0;NO;NA;No aplicable;2023-04-27;NA
3443;6;4499;SOTERRAMENT CANVI ABOCADORS-CONTENIDORS RESIDUS C/ QUART -PLAÇA TOSSAL;1;Ciutat Vella;Particular;55;SI;NO;0;NO;NA;No aplicable;2023-04-27;NA
3487;6;4544;Vecinos de Nou Patraix. Linea de autobus.;8;Patraix;Particular;46;SI;NO;0;NO;NA;No aplicable;2023-04-27;NA
3529;6;4586;Carril bici carrer Cuenca;8;Patraix;Particular;133;SI;NO;0;NO;NA;No aplicable;2023-04-27;NA
3539;6;4596;Ampliar aceras en la calle Actor Llorens;13;Algiros;Particular;21;NO;NO;0;NO;NA;No aplicable;2023-04-27;NA
3567;6;4624;AMPLIACIo DEL JARDi I CANVI DE LA IL·LUMINACIo DEL C/ ALBALAT DELS TARONGERS;13;Algiros;Particular;42;SI;NO;0;NO;NA;No aplicable;2023-04-27;NA
3573;6;4630;ESPACIO PuBLICO. VARIOS. APERTURA DE PASOS PEATONALES Y RODADOS.;19;3;Particular;13;NO;NO;0;NO;NA;No aplicable;2023-04-27;NA
3596;6;4653;Projecte d’instal•lacio d’una xarxa wi-fi potent i de qualitat per a Les Casotes;19;3;Particular;22;SI;NO;0;NO;NA;No aplicable;2023-04-27;NA
3626;6;4683;Recuperar el parc infantil de Poble Nou i millorar l’espai;17;2;Particular;18;SI;SI;18;SI;63360;No aplicable;2023-04-27;NA
3641;6;4698;CASA DEL RELOJERO JUNTO AL MIGUELETE;1;Ciutat Vella;Particular;15;NO;NO;0;NO;NA;No aplicable;2023-04-27;NA
3660;6;4718;COMPLETAR EL JARDIN ENTRE AV/ HERMANOS MACHADO CON SANTO DOMINGO EL SAVIO;15;Rascanya;Particular;9;NO;NO;0;NO;NA;No aplicable;2023-04-27;NA
3696;6;4754;DESCAMPATS DESeRTICS DE TERRA I FANG QUAN PLOU.-;9;Jesus;Particular;13;NO;NO;0;NO;NA;No aplicable;2023-04-27;NA
3719;6;4777;PLAN DE ACONDIONAMIENTO DE ACERAS, Y REBAJE DE SUS BORDILLOS.;12;Camins al Grau;Particular;14;NO;NO;0;NO;NA;No aplicable;2023-04-27;NA
3747;6;4807;Adecuacion solar avenida Burjassot con calle del acorazado;4;Campanar;Particular;31;SI;NO;0;NO;NA;No aplicable;2023-04-27;NA
3762;6;4822;Pistas de Padel en Pontdefusta;5;la Saidia;Particular;12;NO;NO;0;NO;NA;No aplicable;2023-04-27;NA
3767;6;4827;HABILITAR SENTIDO DE SALIDA ENTRE C/CULLERA Y ROTONDA DE LA AVENIDA FERIAS;18;1;Particular;20;SI;SI;46;NO;196000;No aplicable;2023-04-27;NA
3793;6;4853;Recuperar el canal del Tremolar;19;2;Particular;58;SI;NO;0;NO;NA;No aplicable;2023-04-27;NA
3798;6;4858;HABILITAR SOLAR PARA APARCAMIENTO PROVISIONAL C/ REMONTA Y C/ BEATO JUAN GRANDE;11;Poblats Maritims;Particular;31;SI;NO;0;NO;NA;No aplicable;2023-04-27;NA
3805;6;4866;ENDERROCAMENT DE LES NAUS DE LA COPA DE L´AMeRICA DE LA MARINA SUD;11;Poblats Maritims;Particular;52;SI;NO;0;NO;NA;No aplicable;2023-04-27;NA
3911;6;4973;Asfaltar el descampado de la rotonda del mirador;14;Benimaclet;Particular;24;NO;NO;0;NO;NA;No aplicable;2023-04-27;NA
3935;6;4997;CARRIL BICI MANUEL DE FALLA-MENENDEZ PIDAL (DESDE CARREFOUR HASTA PONT DE LES AR;4;Campanar;Particular;20;NO;NO;0;NO;NA;No aplicable;2023-04-27;NA
3970;6;5032;Remodelacion parque c/Archena nº20 - Valencia (Cuando la infancia habla);7;l'Olivereta;Particular;75;SI;SI;210;NO;335000;No aplicable;2023-04-27;NA
3997;6;5059;ACCES SEGUR PER ALS ALUMNES EN AV. PLATA/CRA SANT LLUIS I ENTORN;10;Quatre Carreres;Particular;31;SI;SI;167;NO;225000;No aplicable;2023-04-27;NA
3998;6;5060;Iluminacion zona San Nicolas;1;Ciutat Vella;Particular;4;NO;NO;0;NO;NA;No aplicable;2023-04-27;NA
4017;6;5079;CAMBIO DE SENTIDO CALLE JUAN RAMON JIMENEZ;10;Quatre Carreres;Particular;5;NO;NO;0;NO;NA;No aplicable;2023-04-27;NA
4080;6;5142;BENIMACLET MeS VERD. RENATURALIZACIoN DE LA CALLE MURTA;14;Benimaclet;Particular;31;SI;SI;142;SI;44515;No aplicable;2023-04-27;NA
4085;6;5147;Sustituir arboles c/ Molinell y alrededores. Pinchos irritantes, suciedad.;5;la Saidia;Particular;38;SI;SI;234;NO;50000;No aplicable;2023-04-27;NA
4105;6;5167;REHABILITACIoN CALLE ISABEL LA CAToLICA;2;l'Eixample;Particular;25;NO;NO;0;NO;NA;No aplicable;2023-04-27;NA
4164;6;5226;Ejecucion de las obras de mejora de pavimento y peatonalizacion de Cirilo Amoros;2;l'Eixample;Particular;4;NO;NO;0;NO;NA;No aplicable;2023-04-27;NA
4185;6;5247;LIMPIEZA DE LA ZONA DEL CAMPO DE LA FUENTES Y ENTRADA A BENIMACLET;14;Benimaclet;Particular;68;SI;NO;0;NO;NA;No aplicable;2023-04-27;NA
4194;6;5256;Peatonalizar calle Alicante;2;l'Eixample;Particular;36;SI;NO;0;NO;NA;No aplicable;2023-04-27;NA
4255;7;5317;Museo y Casa Cultura;18;1;Particular;6;NO;NO;0;NO;NA;No aplicable;2023-04-27;NA
4280;7;5342;Parques para Perros - Estructuras Agility;12;Camins al Grau;Particular;4;NO;NO;0;NO;NA;No aplicable;2023-04-27;NA
4308;7;5370;Construccion de piscina al aire libre;12;Camins al Grau;Particular;108;SI;NO;0;NO;NA;No aplicable;2023-04-27;NA
4340;7;5402;SOTERRAMIENTO CONTENEDORES;5;la Saidia;Particular;89;SI;NO;0;NO;NA;No aplicable;2023-04-27;NA
4365;7;5427;Lectura en la biblioteca al aire libre;10;Quatre Carreres;Particular;36;SI;SI;625;SI;6400;Sin etiqueta;2023-04-27;NA
4385;7;5447;Ampliar la durada dels semafors en verd per vianants en la G.V Ferran el Catolic;3;Extramurs;Particular;36;SI;NO;0;NO;NA;No aplicable;2023-04-27;NA
4386;7;5448;FUENTE TRANSITABLE (chorros) EN EL PARQUE ENRIQUE GRANADOS  - PATRAIX -;8;Patraix;Particular;52;SI;SI;201;NO;565000;Sin etiqueta;2023-04-27;NA
4418;7;5480;Peatonalizacion Av. Tres Cruces y Av. Doctor Tomas Sala domingos por la mañana;8;Patraix;Particular;4;NO;NO;0;NO;NA;No aplicable;2023-04-27;NA
4473;7;5535;Un nuevo eje verde para Arrancapins y Extramurs;3;Extramurs;Particular;55;SI;SI;403;NO;75000;Sin etiqueta;2023-04-27;NA
4509;7;5571;Eliminar los restos de tuberias de uralita;10;Quatre Carreres;Particular;10;NO;NO;0;NO;NA;No aplicable;2023-04-27;NA
4533;7;5595;Parque Infantil Horticultor Corset;3;Extramurs;Particular;160;SI;SI;299;NO;235000;Sin etiqueta;2023-04-27;NA
4538;7;5600;CENTRO CULTURAL MULTIUSOS Y PARKING GRATUITO PARA LOS VECINOS;16;Benicalap;Particular;50;SI;NO;0;NO;NA;No aplicable;2023-04-27;NA
4548;7;5610;Ayudas a los que menos tienen , hay gente que se ha quedado atras...;3;Extramurs;Particular;4;NO;NO;0;NO;NA;No aplicable;2023-04-27;NA
4561;7;5623;Implementacion Mobiliario Pump Track;4;Campanar;Particular;31;SI;NO;0;NO;NA;No aplicable;2023-04-27;NA
4618;7;5680;Arbolado;3;Extramurs;Particular;4;NO;NO;0;NO;NA;No aplicable;2023-04-27;NA
4631;7;5693;Reordenacion zona ajardinada y salida de emergencia Artes y Oficios;13;Algiros;Particular;13;NO;NO;0;NO;NA;No aplicable;2023-04-27;NA
4646;7;5708;Asfaltar calle Heroe Romeu;3;Extramurs;Particular;5;NO;NO;0;NO;NA;No aplicable;2023-04-27;NA
4667;7;5729;Arreglo acera calle capitular de Gandia;9;Jesus;Particular;1;NO;NO;0;NO;NA;No aplicable;2023-04-27;NA
4668;7;5730;Reforma del Parque en el Carrer de l'Alcoia;4;Campanar;Particular;13;NO;NO;0;NO;NA;No aplicable;2023-04-27;NA
4698;7;5760;Renovacio Parc Eivissa;11;Poblats Maritims;Particular;30;SI;NO;0;NO;NA;No aplicable;2023-04-27;NA
4704;7;5766;Parking para el C.E.I.P Cami de l'Horta;4;Campanar;Particular;36;SI;NO;0;NO;NA;No aplicable;2023-04-27;NA
4752;7;5814;Renovacion del parque entre C/Poeta Bodria y C/Alboraya.;5;la Saidia;Representante GT;0;SI;NO;0;NO;NA;No aplicable;2023-04-27;NA
4753;7;5815;desbloquear elcarril bici calle Carteros;9;Jesus;Particular;29;NO;NO;0;NO;NA;No aplicable;2023-04-27;NA
4765;7;5827;CONSTRUCCION DE UN PUMPTRACK EN LA ZONA SOCIOPOLIS;19;7;Particular;9;NO;NO;0;NO;NA;No aplicable;2023-04-27;NA
4779;7;5841;EXCESO DE CONTENEDORES EN ALGUNOS TRAMOS;13;Algiros;Particular;2;NO;NO;0;NO;NA;No aplicable;2023-04-27;NA
4816;7;5878;AMBULATORIO NUEVO PATRAIX/SAFRANAR;8;Patraix;Particular;67;SI;NO;0;NO;NA;No aplicable;2023-04-27;NA
4837;7;5899;Circumval·lacio de Borboto;17;7;Particular;29;SI;NO;0;NO;NA;No aplicable;2023-04-27;NA
4861;7;5923;Deshacer reforma avenida perez galdos;3;Extramurs;Particular;7;NO;NO;0;NO;NA;No aplicable;2023-04-27;NA
4888;7;5950;Mirador de la Ronda Nord;14;Benimaclet;Particular;3;NO;NO;0;NO;NA;No aplicable;2023-04-27;NA
4920;7;5982;Carrer Martinez Ferrando;2;l'Eixample;Particular;0;NO;NO;0;NO;NA;No aplicable;2023-04-27;NA
4950;7;6012;Creacion area de Autocaravanas. AC.;4;Campanar;Particular;2;NO;NO;0;NO;NA;No aplicable;2023-04-27;NA
4968;7;6030;Prevencion de accidentes de trafico zona de Betero.;11;Poblats Maritims;Particular;1;NO;NO;0;NO;NA;No aplicable;2023-04-27;NA
4977;7;6039;Adequacio plaça de la patrona;17;7;Particular;5;NO;NO;0;NO;NA;No aplicable;2023-04-27;NA
4978;7;6040;ELIMINAR GASOLINERA DE CARRER RUALLA AMB CARRER MIRACULOSA;5;la Saidia;Particular;5;NO;NO;0;NO;NA;No aplicable;2023-04-27;NA
5031;7;6093;Solucionar Carril Bici en cruce entre las calles Tres Cruces y Tres Forques;8;Patraix;Particular;3;NO;NO;0;NO;NA;No aplicable;2023-04-27;NA
5108;7;6170;Reforzar el pavimento de las zonas peatonales;19;3;Particular;20;SI;SI;17;NO;109036;Sin etiqueta;2023-04-27;NA
5125;7;6187;Pavimentado del paseo interior Gran Via Fernando el Catolico;3;Extramurs;Particular;34;SI;NO;0;NO;NA;No aplicable;2023-04-27;NA
5129;7;6191;Chip control haces perros en calles;15;Rascanya;Particular;21;NO;NO;0;NO;NA;No aplicable;2023-04-27;NA
5168;7;6230;EXPROPIACIo PARCEL·LA PER ACABAR AMB EL TAP URBANiSTIC;19;3;Particular;15;SI;NO;0;NO;NA;No aplicable;2023-04-27;NA
5172;7;6234;Deporte en la playa;19;6;Particular;17;SI;NO;0;NO;NA;No aplicable;2023-04-27;NA
5186;7;6248;crear skatepark;8;Patraix;Particular;6;NO;NO;0;NO;NA;No aplicable;2023-04-27;NA
5211;7;6273;Al cole en bici- calle Lliri Blau Devesa;14;Benimaclet;Particular;38;SI;NO;0;NO;NA;No aplicable;2023-04-27;NA
5218;7;6280;PROTECCIoN DE LAS NAVES DE LA CALLE GUATLA;5;la Saidia;Particular;23;NO;NO;0;NO;NA;No aplicable;2023-04-27;NA
5270;7;6332;3ª Fase Urbanitzacio Plaça de la Llotgeta i pacificacio de transit;17;6;Particular;6;NO;NO;0;NO;NA;No aplicable;2023-04-27;NA
5386;7;6448;ENSANCHAR ACERAS entre PLAZA. de ESPAÑA y PLAZA de S. AGUSTiN;3;Extramurs;Particular;7;NO;NO;0;NO;NA;No aplicable;2023-04-27;NA
5422;7;6484;Parque vallado para perros y perras;15;Rascanya;Particular;53;SI;SI;124;SI;157500;Sin etiqueta;2023-04-27;NA
5610;7;6672;Mejora y ampliacion de los carriles bici del distrito de Benicalap;16;Benicalap;Particular;37;SI;SI;202;NO;960000;Sin etiqueta;2023-04-27;NA
5663;7;6725;Remodelacio passeig central Avgda. Jose Roca Coll;8;Patraix;Particular;4;NO;NO;0;NO;NA;No aplicable;2023-04-27;NA
5679;7;6741;Albergue publico juvenil - Consell de la Joventut de Valencia (CJV);13;Algiros;Particular;36;SI;NO;0;NO;NA;No aplicable;2023-04-27;NA
5692;7;6754;Fuentes publicas agua filtrada;11;Poblats Maritims;Particular;8;NO;NO;0;NO;NA;No aplicable;2023-04-27;NA
5702;7;6764;DISMINUCIoN DE LA POBLACIoN DE PALOMAS;8;Patraix;Particular;22;NO;NO;0;NO;NA;No aplicable;2023-04-27;NA
5707;7;6769;Naves industriales - Acceso Calle Guala;5;la Saidia;Particular;4;NO;NO;0;NO;NA;No aplicable;2023-04-27;NA
5768;7;6830;Monteolivete mas verde, amable y habitable;10;Quatre Carreres;Particular;45;SI;SI;695;SI;72600;Con etiqueta;2023-04-27;NA
5784;7;6846;Acondicionamiento del entorno del CEIP Castellar-Oliveral;19;2;Ayuntamiento;0;SI;SI;130;SI;12000;Sin etiqueta;2023-04-27;NA
80;1;2015-00106;NA;1;Ciutat Vella;Persona Fisica;0;No aplicable;NO;0;NO;NA;No aplicable;2023-04-27;NA
101;1;2015-00129;NA;17;Pobles del Nord;Persona Fisica;0;No aplicable;NO;0;NO;NA;No aplicable;2023-04-27;NA
134;1;2015-00171;NA;5;la Saidia;Persona Fisica;0;No aplicable;SI;17;NO;NA;No aplicable;2023-04-27;NA
146;1;2015-00183;NA;15;Rascanya;Persona Fisica;0;No aplicable;NO;0;NO;NA;No aplicable;2023-04-27;NA
184;1;2015-00226;NA;10;Quatre Carreres;Persona Juridica;0;No aplicable;NO;0;NO;NA;No aplicable;2023-04-27;NA
238;1;2015-00285;NA;17;Pobles del Nord;Persona Juridica;0;No aplicable;NO;0;NO;NA;No aplicable;2023-04-27;NA
250;1;2015-00299;NA;10;Quatre Carreres;Persona Fisica;0;No aplicable;NO;0;NO;NA;No aplicable;2023-04-27;NA
254;1;2015-00304;NA;4;Campanar;Persona Fisica;0;No aplicable;NO;0;NO;NA;No aplicable;2023-04-27;NA
309;1;2015-00368;NA;19;Pobles del Sud;Persona Fisica;0;No aplicable;NO;0;NO;NA;No aplicable;2023-04-27;NA
328;1;2015-00389;NA;15;Rascanya;Persona Fisica;0;No aplicable;NO;0;NO;NA;No aplicable;2023-04-27;NA
343;1;2015-00404;NA;2;l'Eixample;Persona Juridica;0;No aplicable;NO;0;NO;NA;No aplicable;2023-04-27;NA
367;1;2015-00430;NA;16;Benicalap;Persona Fisica;0;No aplicable;SI;29;NO;NA;No aplicable;2023-04-27;NA
381;1;2015-00446;NA;3;Extramurs;Persona Fisica;0;No aplicable;NO;0;NO;NA;No aplicable;2023-04-27;NA
387;1;2015-00452;NA;16;Benicalap;Persona Fisica;0;No aplicable;NO;0;NO;NA;No aplicable;2023-04-27;NA
429;1;2015-00504;NA;4;Campanar;Persona Fisica;0;No aplicable;NO;0;NO;NA;No aplicable;2023-04-27;NA
516;1;2016-00011;NA;6;el Pla del Real;Persona Juridica;0;No aplicable;SI;4;NO;NA;No aplicable;2023-04-27;NA
531;1;2016-00026;NA;2;l'Eixample;Persona Juridica;0;No aplicable;SI;17;NO;NA;No aplicable;2023-04-27;NA
562;1;2016-00057;NA;18;Pobles de l'Oest;Persona Juridica;0;No aplicable;SI;0;NO;NA;No aplicable;2023-04-27;NA
623;2;4;Abrir el mercado se San Pedro Nolasco;5;la Saidia;Particular;18;NO;NO;0;NO;NA;No aplicable;2023-04-27;NA
640;2;21;Peatonalizacion parcial de la calle Jorge Juan;2;l'Eixample;Particular;10;NO;NO;0;NO;NA;No aplicable;2023-04-27;NA
666;2;47;BAJAR A LA CALZADA EL CARRIL BICI DE LA RONDA NORD;15;Rascanya;Particular;24;NO;NO;0;NO;NA;No aplicable;2023-04-27;NA
684;2;65;Remodelacion paso inferior Gran Via Germanias;2;l'Eixample;Particular;68;SI;NO;0;NO;NA;No aplicable;2023-04-27;NA
697;2;78;crear un jardin en calle archiduque carlos;8;Patraix;Particular;7;NO;NO;0;NO;NA;No aplicable;2023-04-27;NA
801;2;182;Mejora de la plaza de la c/Triador nº 11, 12, 13, 14 y 16;1;Ciutat Vella;Particular;4;NO;NO;0;NO;NA;No aplicable;2023-04-27;NA
815;2;196;ZONA NARANJA RESIDENTES RUZAFA Y GESTIoN COLABORATIVA DE APARCAMIENTO DISPONIBLE;2;l'Eixample;Particular;35;SI;NO;0;NO;NA;No aplicable;2023-04-27;NA
838;2;219;Aproximacion nucleo urbano a la Torre;19;Pobles del Sud;Particular;30;SI;SI;174;NO;125000;No aplicable;2023-04-27;NA
848;2;229;MEJORAR LA COMUNICACIoN CONTRANSPORTE PuBLICO ENTRE PATRAIX Y MALILLA;8;Patraix;Particular;2;NO;NO;0;NO;NA;No aplicable;2023-04-27;NA
873;2;254;pistas deportivas de libre acceso en el descampado calle Federico Alcacer Aguila;16;Benicalap;Particular;5;NO;NO;0;NO;NA;No aplicable;2023-04-27;NA
886;2;267;Elevar altura del pretil del Puente de Monteolivete. Peligro de caida!;10;Quatre Carreres;Particular;2;NO;NO;0;NO;NA;No aplicable;2023-04-27;NA
893;2;274;Recuperacion de dos espacios publicos en la calle Aben al Abbar;12;Camins al Grau;Particular;44;SI;NO;0;NO;NA;No aplicable;2023-04-27;NA
895;2;276;La manzana perdida de Ruzafa;2;l'Eixample;Representante GT;110;SI;NO;0;NO;NA;No aplicable;2023-04-27;NA
1000;2;381;Parc forestal amb zona de pic-nic;18;Pobles de l'Oest;Representante GT;34;SI;NO;0;NO;NA;No aplicable;2023-04-27;NA
1014;2;395;Contenedores accesibles en Eduardo Bosca;6;el Pla del Real;Particular;1;NO;NO;0;NO;NA;No aplicable;2023-04-27;NA
1017;2;398;Finalizacion de arreglo columpios Parque del Oeste;7;l'Olivereta;Particular;9;NO;NO;0;NO;NA;No aplicable;2023-04-27;NA
1024;2;405;Reducir gasto y contaminacion luminica;3;Extramurs;Particular;0;NO;NO;0;NO;NA;No aplicable;2023-04-27;NA
1032;2;413;Instal.lacions esportives al solar d’ampliacio del CEIP Max Aub;5;la Saidia;Representante GT;5;SI;NO;0;NO;NA;No aplicable;2023-04-27;NA
1035;2;416;CERRAMIENTO NOCTURNO DE TUNEL DE ACCESO A CENTRO DE SALUD GUILLEM DE CASTRO;3;Extramurs;Particular;35;SI;NO;0;NO;NA;No aplicable;2023-04-27;NA
1038;2;419;Semafor a POBLE NOU;17;Pobles del Nord;Representante GT;2;SI;NO;0;NO;NA;No aplicable;2023-04-27;NA
1075;2;456;Acondicionamiento entrada a parking Hospital Arnau de Vilanova;4;Campanar;Particular;5;NO;NO;0;NO;NA;No aplicable;2023-04-27;NA
1078;2;459;Habilitar local -taller-almacen para el trabajo de la colectiva invisibles;11;Poblats Maritims;Representante GT;4;SI;NO;0;NO;NA;No aplicable;2023-04-27;NA
1087;2;468;Nuevas lineas de autobus en Patraix;8;Patraix;Particular;1;NO;NO;0;NO;NA;No aplicable;2023-04-27;NA
1089;2;470;Reurbanizacion de las aceras en el barrio de Tendetes;4;Campanar;Representante GT;3;SI;SI;85;NO;141000;No aplicable;2023-04-27;NA
1183;2;564;Señalizacion de señal de Stop en el cruce Evaristo Bas con Lorenzo Saiz;18;Pobles de l'Oest;Particular;1;NO;NO;0;NO;NA;No aplicable;2023-04-27;NA
1209;2;590;Reurbanitzacio de les Av. Giorgeta - Perez Galdos i pacificacio de trafic;7;l'Olivereta;Particular;111;SI;SI;149;SI;72500;No aplicable;2023-04-27;NA
1234;3;1024;REHABILITACIoN Y PEATONALIZACION ENTORNO MERCADO MUNICIPAL SAN PEDRO NOLASCO;Toda la ciudad;Toda la ciudad;Particular;126;SI;SI;1087;NO;275000;No aplicable;2023-04-27;NA
1241;3;1032;ELIMINACIoN DEL TAPoN URBANISTICO DE LA CALLE PINTOR MATARANA EN BENICALAP;Toda la ciudad;Toda la ciudad;Particular;76;NO;NO;0;NO;NA;No aplicable;2023-04-27;NA
1255;3;1046;PLAZAS APARCAMIENTO C/BENAVITES;Toda la ciudad;Toda la ciudad;Particular;1;NO;NO;0;NO;NA;No aplicable;2023-04-27;NA
1263;3;1055;CREACION CENTRO JUVENTUD EN LA TORRE;Toda la ciudad;Toda la ciudad;Particular;92;NO;NO;0;NO;NA;No aplicable;2023-04-27;NA
1275;3;1068;APARCAMENT DE BICICLETES;Toda la ciudad;Toda la ciudad;Particular;7;NO;NO;0;NO;NA;No aplicable;2023-04-27;NA
1296;3;1089;PANELES ACuSTICOS PARA REDUCIR EL RUIDO DEL PUENTE DE GIORGIETA (SCALEXTRIX);Toda la ciudad;Toda la ciudad;Particular;5;NO;NO;0;NO;NA;No aplicable;2023-04-27;NA
1303;3;1096;UNIR BENIMAMET CON CENTRO COMERCIAL ADEMUZ Y CON VALENCIA;Toda la ciudad;Toda la ciudad;Particular;189;SI;NO;0;NO;NA;No aplicable;2023-04-27;NA
1356;3;1149;AUMENTO DE FRECUENCIA EN EL SERVICIO DE TRANSPORTE PuBLICO;Toda la ciudad;Toda la ciudad;Particular;652;SI;NO;0;NO;NA;No aplicable;2023-04-27;NA
1359;3;1152;PONER BADENES EN LA AVENIDA VALLADOLID;Toda la ciudad;Toda la ciudad;Particular;4;NO;NO;0;NO;NA;No aplicable;2023-04-27;NA
1435;3;1228;LINEA NOCTURNA CASTELLAR;Toda la ciudad;Toda la ciudad;Particular;76;NO;NO;0;NO;NA;No aplicable;2023-04-27;NA
1499;3;1292;QUE LA CALLE CARDA /MURILLO DEJE DE SER LA AUTOPISTA DE CIUTAT VELLA;Toda la ciudad;Toda la ciudad;Particular;26;NO;NO;0;NO;NA;No aplicable;2023-04-27;NA
1533;3;1326;CALLE PEATONAL AV.CONSTITUCIoN;Toda la ciudad;Toda la ciudad;Particular;1;NO;NO;0;NO;NA;No aplicable;2023-04-27;NA
1550;3;1344;APARCAMENTS, PARCS CANINS I PARCS INFANTILS ALS SOLARS DEL DISTRICTE DE TRaNSITS;Toda la ciudad;Toda la ciudad;Particular;2;NO;NO;0;NO;NA;No aplicable;2023-04-27;NA
1602;3;1398;CENTRO ACUaTICO DE RECUPERACIoN, READAPTACIoN Y REHABILITACIoN.;Toda la ciudad;Toda la ciudad;Particular;2;NO;NO;0;NO;NA;No aplicable;2023-04-27;NA
1673;3;1469;LINEA EMT DEL HOSPITAL PESET CON LOS BARRIOS A LOS QUE LES CORRESPONDE;Toda la ciudad;Toda la ciudad;Particular;74;NO;NO;0;NO;NA;No aplicable;2023-04-27;NA
1676;3;1472;MEJORA DE LA CONEXION DEL BARRIO DE SOTERNES CON EL JARDIN DEL TURIA Y NOU MOLES;Toda la ciudad;Toda la ciudad;Particular;9;NO;NO;0;NO;NA;No aplicable;2023-04-27;NA
1760;3;1556;CENTRO CiVICO POLIVALENTE ALQUERIA BENIMASOT;Toda la ciudad;Toda la ciudad;Particular;1;NO;NO;0;NO;NA;No aplicable;2023-04-27;NA
1773;4;2002;CARRIL BICI POR LA AVENIDA CARDENAL BENLLOCH;6;el Pla del Real;Particular;237;SI;SI;288;SI;25000;No aplicable;2023-04-27;NA
1797;4;2026;PONER UNA VALLA EN EL NUEVO PARQUE QUE HAY DONDE LA ERMITA DE SAN JERoNIMO;15;Rascanya;Particular;14;NO;NO;0;NO;NA;No aplicable;2023-04-27;NA
1822;4;2051;PARQUE SUPERTOBOGANES EN CIUTAT VELLA;1;Ciutat Vella;Particular;59;SI;NO;0;NO;NA;No aplicable;2023-04-27;NA
1828;4;2057;REDACCIoN PROYECTO REURBANIZACIoN CALLE MAXIMILIANO THOUS;5;la Saidia;Particular;39;SI;SI;236;NO;18000;No aplicable;2023-04-27;NA
1901;4;2130;CREACION DE UN PARQUE DE SKATE;20;No consta;Particular;1;NO;NO;0;NO;NA;No aplicable;2023-04-27;NA
1914;4;2143;PISTAS POLIDEPORTIVAS ENTRE EL   BULEVAR SUR Y GASPAR AGUILAR;9;Jesus;Representante GT;0;SI;NO;0;NO;NA;No aplicable;2023-04-27;NA
1970;4;2199;DAR CONTINUIDAD PEATONAL AL PASEO CENTRAL DE REINO DE VALENCIA;2;l'Eixample;Particular;34;SI;SI;337;SI;16500;No aplicable;2023-04-27;NA
1976;4;2205;PACIFICACIoN - CARRIL BICI C/JAUME ROIG;6;el Pla del Real;Particular;10;NO;NO;0;NO;NA;No aplicable;2023-04-27;NA
2003;4;2232;AJARDINAMIENTO DE LA ISLETA DE LA CALLE MANUEL DE FALLA;4;Campanar;Representante GT;0;SI;NO;0;NO;NA;No aplicable;2023-04-27;NA
2023;4;2252;AMPLIACIoN AVENIDA PIO BAROJA TRAMO ENTRE CALLES GENERAL AVILeS Y LA SAFOR;4;Campanar;Particular;11;NO;NO;0;NO;NA;No aplicable;2023-04-27;NA
2066;4;2295;ALUMBRADO Y MOBILIARIO URBANO EN LA PLAZA PEDAGOGO PESTALOZZI;10;Quatre Carreres;Particular;47;SI;SI;404;SI;49378;No aplicable;2023-04-27;NA
2068;4;2297;DOTACIo D'EQUIPAMENT PER A L'EDIFICI MUNICIPAL EL CASINO;17;1;Representante GT;0;SI;SI;93;SI;36121;No aplicable;2023-04-27;NA
2079;4;2308;"DOTACIo D'EQUIPAMENT MUSICAL PER A L'EDIFICI MUNICIPAL ""EL CASINO"" DE BENIFARAIG";17;1;Particular;25;SI;SI;34;SI;9000;No aplicable;2023-04-27;NA
2185;4;2414;CANVI DE DIRECCIo D'UN TRAM DEL CARRER SENENT IBaÑEZ;17;6;Particular;2;NO;NO;0;NO;NA;No aplicable;2023-04-27;NA
2190;4;2419;NUEVA ZONA VERDE EN MONTEOLIVETE (PENYAGOLOSA - AMADO GRANELL);10;Quatre Carreres;Particular;37;SI;SI;375;SI;120000;No aplicable;2023-04-27;NA
2199;4;2428;MILLORES EN LES INSTAL·LACIONS ESPORTIVES AL COSTAT DEL CEIP CARLES SALVADOR;15;Rascanya;Particular;51;SI;SI;315;SI;60000;No aplicable;2023-04-27;NA
2245;4;2474;ARBOLADO EN CALLE LUIS OLIAG;10;Quatre Carreres;Particular;1;NO;NO;0;NO;NA;No aplicable;2023-04-27;NA
2271;4;2500;ACONDICIONAMIENTO Y MANTENIMIENTO DEL PARQUE MANUEL GRANERO;2;l'Eixample;Particular;86;SI;NO;0;NO;NA;No aplicable;2023-04-27;NA
2286;4;2515;URBANITZACIo VORERA DRETA C/PIVEROT. REORDENACIo APARCAMENT DE VEHICLES.;19;4;Particular;22;SI;NO;0;NO;NA;No aplicable;2023-04-27;NA
2321;5;3009;REMODELACIo DE LA ZONA DE L'aGORA CENTRAL DEL PARC OEST;Toda la ciudad;Toda la ciudad;Ayuntamiento;50;NO;NO;0;NO;NA;No aplicable;2023-04-27;NA
2400;5;3088;Modificacion carril bici Avda Tres Cruces tramo desde Avda del Cid a Tres Forque;Toda la ciudad;Toda la ciudad;Particular;59;NO;NO;0;NO;NA;No aplicable;2023-04-27;NA
2417;5;3105;Usos de Solares Ciutat Vella;Toda la ciudad;Toda la ciudad;Particular;33;NO;NO;0;NO;NA;No aplicable;2023-04-27;NA
2421;5;3109;Carril bici en Instituto Obrero - Puente Monteolivete;Toda la ciudad;Toda la ciudad;Particular;24;NO;NO;0;NO;NA;No aplicable;2023-04-27;NA
2466;5;3154;Construccion jardin c/Siete Aguas, Rodrigo de Pertegas e Islas Canarias;Toda la ciudad;Toda la ciudad;Particular;132;SI;SI;1311;NO;365000;No aplicable;2023-04-27;NA
2489;5;3177;Auditorio en el distrito de transitos;Toda la ciudad;Toda la ciudad;Particular;188;SI;NO;0;NO;NA;No aplicable;2023-04-27;NA
2511;5;3199;Carril bici y renovacion del adoquinado en la calle angel Guimera;Toda la ciudad;Toda la ciudad;Particular;52;NO;NO;0;NO;NA;No aplicable;2023-04-27;NA
2558;5;3246;Carril Bici Amadeo de Saboya - Santos Justos y Pastor - Serreria;Toda la ciudad;Toda la ciudad;Particular;34;NO;NO;0;NO;NA;No aplicable;2023-04-27;NA
2569;5;3257;Mercado ROJAS CLEMENTE - Calle LEPANTO;Toda la ciudad;Toda la ciudad;Particular;15;NO;NO;0;NO;NA;No aplicable;2023-04-27;NA
2609;5;3297;Peatonalizacion calle Ciutat de Melilla;Toda la ciudad;Toda la ciudad;Particular;2;NO;NO;0;NO;NA;No aplicable;2023-04-27;NA
2635;5;3323;ACTUACION ARBOLES ZONA BENIFERRI Y OTRAS ZONAS/SUCIEDAD PRODUCIDA;Toda la ciudad;Toda la ciudad;Particular;9;NO;NO;0;NO;NA;No aplicable;2023-04-27;NA
2696;5;3384;Urbanizacion de las rotondas de Benimamet;Toda la ciudad;Toda la ciudad;Particular;3;NO;NO;0;NO;NA;No aplicable;2023-04-27;NA
2709;5;3397;CONSTRUCCIo D'UNA EDIFICACIo PER A LA UNITAT GAMMA DE POLICIA LOCAL DE VALeNCIA;Toda la ciudad;Toda la ciudad;Particular;15;NO;NO;0;NO;NA;No aplicable;2023-04-27;NA
2718;5;3406;Valenbici en Pasarel•la Malilla;Toda la ciudad;Toda la ciudad;Particular;15;NO;NO;0;NO;NA;No aplicable;2023-04-27;NA
2722;5;3410;Concurso de grafitti para el muro del museo San Pio V (C/Vuelta Ruiseñor);Toda la ciudad;Toda la ciudad;Particular;4;NO;NO;0;NO;NA;No aplicable;2023-04-27;NA
2733;5;3421;CREACIoN DE COLONIAS DE GATOS PARA FRENAR EL AUMENTO DE RATAS;Toda la ciudad;Toda la ciudad;Particular;43;NO;NO;0;NO;NA;No aplicable;2023-04-27;NA
2777;5;3465;Urbanizar zona Avda Pio XII, frente Nuevo Centro;Toda la ciudad;Toda la ciudad;Particular;5;NO;NO;0;NO;NA;No aplicable;2023-04-27;NA
2778;5;3466;Un solo sentido Juan Llorens tramo Gabriel Miro con Azcarraga;Toda la ciudad;Toda la ciudad;Particular;1;NO;NO;0;NO;NA;No aplicable;2023-04-27;NA
2822;5;3510;BIBLIOTECA DE MALILLA - ROiS DE CORELLA. PROPUESTA DE INVERSIoN;Toda la ciudad;Toda la ciudad;Particular;174;SI;SI;3061;SI;19900;No aplicable;2023-04-27;NA
2824;5;3512;WC publicos en todas las plazas y parques;Toda la ciudad;Toda la ciudad;Particular;25;NO;NO;0;NO;NA;No aplicable;2023-04-27;NA
2850;5;3538;"Mejora Instalaciones Camp de Futbol Municipal de ""TRES CREUS""";Toda la ciudad;Toda la ciudad;Particular;117;SI;SI;832;NO;150000;No aplicable;2023-04-27;NA
2852;5;3540;Carril bici en Gran Via Marques del Turia;Toda la ciudad;Toda la ciudad;Particular;14;NO;NO;0;NO;NA;No aplicable;2023-04-27;NA
2879;5;3568;MODIFICACIoN TRaFICO Y PASO DE PEATONES EN RAFAEL ALBIÑANA Y FONT DE SANT LLUIS;Toda la ciudad;Toda la ciudad;Particular;7;NO;NO;0;NO;NA;No aplicable;2023-04-27;NA
2885;5;3574;Parque y jardines del saler;Toda la ciudad;Toda la ciudad;Particular;4;NO;NO;0;NO;NA;No aplicable;2023-04-27;NA
2895;5;3584;Mesas picnic parque Avda. General Aviles 35;Toda la ciudad;Toda la ciudad;Particular;5;NO;NO;0;NO;NA;No aplicable;2023-04-27;NA
2903;5;3592;MEJORA ACCESOS PEATONALES PUENTE SOBRE EL NUEVO CAUCE DEL TURIA JOSe SOTO MICo –;Toda la ciudad;Toda la ciudad;Particular;39;NO;NO;0;NO;NA;No aplicable;2023-04-27;NA
2941;5;3630;ZONA DE APARCAMIENTO GRATUITO EN EL SALER;Toda la ciudad;Toda la ciudad;Particular;12;NO;NO;0;NO;NA;No aplicable;2023-04-27;NA
3048;6;4104;Contenedores soterrados en La Xerea - Ciutat Vella;1;Ciutat Vella;Particular;91;SI;SI;119;NO;130000;No aplicable;2023-04-27;NA
3053;6;4109;Pacificacion C/Jesus (Roqueta);3;Extramurs;Representante GT;0;SI;SI;87;NO;375000;No aplicable;2023-04-27;NA
3057;6;4113;PALMERAS, C. MINISTRO LUIS MAYANS, CAMBIAR POR ARBOLES PEQUEÑOS,;5;la Saidia;Particular;42;SI;SI;163;NO;90000;No aplicable;2023-04-27;NA
3058;6;4114;REFUGIO PARA GATOS ABANDONADOS EN LA CIUDAD DE VALENCIA;11;Poblats Maritims;Particular;153;SI;NO;0;NO;NA;No aplicable;2023-04-27;NA
3066;6;4122;Rotonda a la salida de sociopolis cv-407;19;7;Particular;26;SI;NO;0;NO;NA;No aplicable;2023-04-27;NA
3104;6;4160;Wifi public a les places i parcs;2;l'Eixample;Particular;17;NO;NO;0;NO;NA;No aplicable;2023-04-27;NA
3105;6;4161;Por un barrio limpio;12;Camins al Grau;Particular;135;SI;NO;0;NO;NA;No aplicable;2023-04-27;NA
3158;6;4214;MIRADOR PATACONA-PASARELA AL MAR;11;Poblats Maritims;Particular;36;SI;NO;0;NO;NA;No aplicable;2023-04-27;NA
3164;6;4220;Construccion de un pumptruck (circuito para bicis, patines o monopatines);18;1;Particular;33;SI;SI;253;SI;80000;No aplicable;2023-04-27;NA
3229;6;4285;PISCINA HABILITADA PER A LA PRaCTICA D'ESPORT FEDERAT;11;Poblats Maritims;Particular;82;SI;NO;0;NO;NA;No aplicable;2023-04-27;NA
3232;6;4288;Peatonalizacion Plaza Santa Monica y calle Madre Teresa Jornet;5;la Saidia;Particular;43;SI;SI;324;SI;110395;No aplicable;2023-04-27;NA
3277;6;4333;Ayudas a los pequeños negocios;5;la Saidia;Particular;26;NO;NO;0;NO;NA;No aplicable;2023-04-27;NA
3295;6;4351;Aparcamiento para residentes Barrio de la Roqueta;3;Extramurs;Particular;17;NO;NO;0;NO;NA;No aplicable;2023-04-27;NA
3299;6;4355;Zona ORA residentes (verde o naranja) en Calle San Jacinto;3;Extramurs;Particular;5;NO;NO;0;NO;NA;No aplicable;2023-04-27;NA
3358;6;4414;REFORMA CARRIL BICI;12;Camins al Grau;Particular;3;NO;NO;0;NO;NA;No aplicable;2023-04-27;NA
3381;6;4437;Ampliacion aceras en Art Major de la Seda y Hermanos Rivas;7;l'Olivereta;Particular;42;SI;SI;195;NO;187000;No aplicable;2023-04-27;NA
3404;6;4460;Restablecer el pipican ya construido en la calle Musico Gines;13;Algiros;Particular;30;SI;NO;0;NO;NA;No aplicable;2023-04-27;NA
3413;6;4469;Zonas Deportivas;9;Jesus;Particular;42;SI;NO;0;NO;NA;No aplicable;2023-04-27;NA
3424;6;4480;Bajar a calzada carril bici rotonda Avda. Plata-Walksman (esquina Zapadores);10;Quatre Carreres;Particular;41;SI;NO;0;NO;NA;No aplicable;2023-04-27;NA
3497;6;4554;PEATONALIZACIoN ENTORNO MERCADO DE ABASTOS;3;Extramurs;Particular;33;SI;SI;43;NO;302500;No aplicable;2023-04-27;NA
3499;6;4556;Urbanizar los solares que hay detras de la antigua Fe.;4;Campanar;Particular;34;SI;NO;0;NO;NA;No aplicable;2023-04-27;NA
3558;6;4615;Instalacion de semaforos o bandas sonoras en Torrefiel para evitar accidentes;15;Rascanya;Particular;4;NO;NO;0;NO;NA;No aplicable;2023-04-27;NA
3589;6;4646;PLAZA PATRONA;17;7;Particular;16;SI;SI;38;SI;49007;No aplicable;2023-04-27;NA
3601;6;4658;Peatonalizacion de un tramo de la Av. Tres Cruces los domingos por la mañana.;8;Patraix;Particular;15;NO;NO;0;NO;NA;No aplicable;2023-04-27;NA
3604;6;4661;Columpios de saquito;13;Algiros;Particular;12;NO;NO;0;NO;NA;No aplicable;2023-04-27;NA
3616;6;4673;FIBRA oPTICA PARA POBLE NOU;17;2;Particular;38;SI;NO;0;NO;NA;No aplicable;2023-04-27;NA
3681;6;4739;Descampado junto al Centro de Internamiento de Extranjeros en Waksman - Zapadore;10;Quatre Carreres;Particular;25;NO;NO;0;NO;NA;No aplicable;2023-04-27;NA
3743;6;4803;CREAR ZONA VERDE DE APARCAMIENTO EN RUZAFA;2;l'Eixample;Particular;11;NO;NO;0;NO;NA;No aplicable;2023-04-27;NA
3752;6;4812;Mejora y construccion de pista patinaje en el parque de Tres Forques con C/Chiva;8;Patraix;Particular;49;SI;NO;0;NO;NA;No aplicable;2023-04-27;NA
3760;6;4820;MEJORA ALUMBRADO CALLES: MESTRES, ALMIRANTE,BOIX, BARoN HERVES Y ADYACENTES;1;Ciutat Vella;Particular;2;NO;NO;0;NO;NA;No aplicable;2023-04-27;NA
3761;6;4821;Mantenir lliure el carril bici d'Amado Granell;10;Quatre Carreres;Particular;2;NO;NO;0;NO;NA;No aplicable;2023-04-27;NA
3788;6;4848;Mejora de la Plaza Baden Powell de Valencia;4;Campanar;Particular;41;SI;NO;0;NO;NA;No aplicable;2023-04-27;NA
3792;6;4852;Cerrar pisos turisticos ilegales;4;Campanar;Particular;11;NO;NO;0;NO;NA;No aplicable;2023-04-27;NA
3796;6;4856;Construccion de nueva pista de atletismo.;11;Poblats Maritims;Particular;359;SI;NO;0;NO;NA;No aplicable;2023-04-27;NA
3802;6;4863;Mejora de la Plaza Polo de Bernabe;6;el Pla del Real;Particular;39;SI;SI;218;SI;80000;No aplicable;2023-04-27;NA
3829;6;4890;Estudi per a la reorganitzacio del transit de vehicles.;19;2;Particular;42;SI;NO;0;NO;NA;No aplicable;2023-04-27;NA
3868;6;4930;PARQUE DR. LLUCH: VALLADO PARQUE PARA PERROS Y PARQUE INFANTIL;11;Poblats Maritims;Particular;10;NO;NO;0;NO;NA;No aplicable;2023-04-27;NA
3869;6;4931;Piscina municipal al aire libre;13;Algiros;Particular;51;SI;NO;0;NO;NA;No aplicable;2023-04-27;NA
3882;6;4944;SEMI-PEATONALIZACIoN CALLE PELAYO ROQUETAS;3;Extramurs;Particular;31;SI;NO;0;NO;NA;No aplicable;2023-04-27;NA
3891;6;4953;Renovacion de la Fuente de la Plaza del Ayuntamiento;1;Ciutat Vella;Particular;3;NO;NO;0;NO;NA;No aplicable;2023-04-27;NA
3895;6;4957;Urbanizar entorno alquerias c/ Olba - Tramontana;5;la Saidia;Particular;5;NO;NO;0;NO;NA;No aplicable;2023-04-27;NA
3948;6;5010;Carril bici del Pont de Campanar al Pont de les Arts.;4;Campanar;Particular;41;SI;SI;98;NO;330000;No aplicable;2023-04-27;NA
3961;6;5023;Restaurar matadero viejo;17;7;Particular;17;SI;NO;0;NO;NA;No aplicable;2023-04-27;NA
4000;6;5062;Al teu abast. Ruta segura al cole y por el barrio.;3;Extramurs;Particular;57;SI;NO;0;NO;NA;No aplicable;2023-04-27;NA
4024;6;5086;Carril Bici Justo y Pastor;13;Algiros;Particular;33;SI;NO;0;NO;NA;No aplicable;2023-04-27;NA
4037;6;5099;JARDiN Y ZONA DE OCIO SALUDABLE PARA TODAS LAS EDADES en Abastos;3;Extramurs;Particular;41;SI;SI;461;SI;40000;No aplicable;2023-04-27;NA
4051;6;5113;Difusion del Itinerario Peatonal Accesible a usuarios, comercios y actividades.;2;l'Eixample;Particular;15;NO;NO;0;NO;NA;No aplicable;2023-04-27;NA
4094;6;5156;Un espacio de creatividad en el barrio de malilla;10;Quatre Carreres;Particular;3;NO;NO;0;NO;NA;No aplicable;2023-04-27;NA
4109;6;5171;Alisar escalon de algunos pasos de peatones para sillas ruedas y carritos;5;la Saidia;Particular;1;NO;NO;0;NO;NA;No aplicable;2023-04-27;NA
4113;6;5175;Ampliar la acera de la calle San Bruno;5;la Saidia;Particular;8;NO;NO;0;NO;NA;No aplicable;2023-04-27;NA
4132;6;5194;Instal•lacio de wifi public en places i jardins de Benimaclet;14;Benimaclet;Particular;1;NO;NO;0;NO;NA;No aplicable;2023-04-27;NA
4173;6;5235;Dotacion Alquerias;10;Quatre Carreres;Ayuntamiento en rep. GT;0;SI;NO;0;NO;NA;No aplicable;2023-04-27;NA
4207;6;5269;Aparcamiento en Calle sin trafico y dificil uso alternativo. Gasto meditado;10;Quatre Carreres;Particular;1;NO;NO;0;NO;NA;No aplicable;2023-04-27;NA
4237;7;5299;CARRIL BICI DE LA CALLE BAILeN;3;Extramurs;Particular;35;SI;SI;62;NO;350000;Sin etiqueta;2023-04-27;NA
4246;7;5308;? CANCHA PuBLICA DE FuTBOL SALA Y BASKET ?;16;Benicalap;Particular;55;SI;SI;377;SI;200000;Sin etiqueta;2023-04-27;NA
4259;7;5321;BIBLIOTECA PuBLICA EN BARRIO OLIVERETA;7;l'Olivereta;Particular;84;SI;NO;0;NO;NA;No aplicable;2023-04-27;NA
4301;7;5363;ACCESO POLIGONO VARA DE QUART DESDE SANT ISIDRE;8;Patraix;Particular;14;NO;NO;0;NO;NA;No aplicable;2023-04-27;NA
4307;7;5369;Terminar Urbanizacion AV. Pio Baroja;4;Campanar;Particular;37;SI;NO;0;NO;NA;No aplicable;2023-04-27;NA
4371;7;5433;Badenes Calle San Bruno;5;la Saidia;Particular;4;NO;NO;0;NO;NA;No aplicable;2023-04-27;NA
4393;7;5455;Edificio de plazas de garaje publico;13;Algiros;Particular;10;NO;NO;0;NO;NA;No aplicable;2023-04-27;NA
4458;7;5520;Biblioteca publica L'Hort de Senabre;9;Jesus;Particular;16;NO;NO;0;NO;NA;No aplicable;2023-04-27;NA
4471;7;5533;URBANIZACIoN PLAZA DE AVILA, ACERAS Y APARCAMIENTO DE COCHES;5;la Saidia;Particular;25;NO;NO;0;NO;NA;No aplicable;2023-04-27;NA
4535;7;5597;CONSTRUCCION INSTITUTO PUBLICO, IES PARA BACHILLERATO;8;Patraix;Particular;45;SI;NO;0;NO;NA;No aplicable;2023-04-27;NA
4545;7;5607;Pavimentar descampado c/Siete Aguas;12;Camins al Grau;Particular;10;NO;NO;0;NO;NA;No aplicable;2023-04-27;NA
4562;7;5624;Parque calle fontanares- Jacinto labaila;8;Patraix;Particular;20;NO;NO;0;NO;NA;No aplicable;2023-04-27;NA
4607;7;5669;PEATONALIZACIoN DE LA CALLE ISLAS CANARIAS;12;Camins al Grau;Particular;14;NO;NO;0;NO;NA;No aplicable;2023-04-27;NA
4635;7;5697;Millores pista poliesportiva Juan Verdeguer;11;Poblats Maritims;Particular;10;NO;NO;0;NO;NA;No aplicable;2023-04-27;NA
4701;7;5763;carril bici hasta Castellar-L'oliveral;19;2;Particular;54;SI;NO;0;NO;NA;No aplicable;2023-04-27;NA
4714;7;5776;Murales de grafitti;1;Ciutat Vella;Particular;18;NO;NO;0;NO;NA;No aplicable;2023-04-27;NA
4727;7;5789;Sitio para mascotas;17;1;Particular;15;SI;NO;0;NO;NA;No aplicable;2023-04-27;NA
4782;7;5844;CAMBIAR ILUMINACION (FAROLAS DE CARRETERA) C/RAMIRO DE MAEZTU POR FAROLAS DE PIE;13;Algiros;Particular;10;NO;NO;0;NO;NA;No aplicable;2023-04-27;NA
4788;7;5850;Actualizar Jardin Calle Marques de San Juan;4;Campanar;Particular;1;NO;NO;0;NO;NA;No aplicable;2023-04-27;NA
4805;7;5867;Pistas de padel;19;1;Particular;3;NO;NO;0;NO;NA;No aplicable;2023-04-27;NA
4841;7;5903;Degradacion zona Cruz cubierta de Valencia;8;Patraix;Particular;10;NO;NO;0;NO;NA;No aplicable;2023-04-27;NA
4897;7;5959;PACIFICACIoN TRaFICO - C/SAN PiO V;5;la Saidia;Particular;37;SI;NO;0;NO;NA;No aplicable;2023-04-27;NA
4900;7;5962;Eliminar cambio de sentido Fontanars-Ricard Boix-Jacinto Labaila;8;Patraix;Particular;2;NO;NO;0;NO;NA;No aplicable;2023-04-27;NA
4943;7;6005;Carril bici avinguda Cardenal Benlloch y carrer d'Eduard Bosca;6;el Pla del Real;Particular;11;NO;NO;0;NO;NA;No aplicable;2023-04-27;NA
4974;7;6036;REACONDICIONAR EL RIO BAJO EL PUENTE DE CAMPANAR;4;Campanar;Representante GT;0;SI;NO;0;NO;NA;No aplicable;2023-04-27;NA
4980;7;6042;MEJORA URBANiSTICA DEL ACCESO A VALENCIA POR LA CV-36 (AUTOViA DE TORRENT);8;Patraix;Particular;15;NO;NO;0;NO;NA;No aplicable;2023-04-27;NA
4989;7;6051;REMODELACIoN DE CHAFLANES;3;Extramurs;Particular;33;SI;NO;0;NO;NA;No aplicable;2023-04-27;NA
5041;7;6103;Aparcamiento publico entre Cementerio Campanar y Escuela Infantil Sant Pau;4;Campanar;Particular;9;NO;NO;0;NO;NA;No aplicable;2023-04-27;NA
5043;7;6105;Instalacion de parque urbano de juegos de agua;5;la Saidia;Particular;40;SI;SI;139;NO;363000;Sin etiqueta;2023-04-27;NA
5062;7;6124;Badenes calle Gloria;19;2;Particular;7;NO;NO;0;NO;NA;No aplicable;2023-04-27;NA
5081;7;6143;Carrer Veneçuela;9;Jesus;Particular;10;NO;NO;0;NO;NA;No aplicable;2023-04-27;NA
5082;7;6144;Colocacion de puntos fijos de alimentacion y agua en espacios publicos;5;la Saidia;Particular;46;SI;SI;477;SI;4000;Sin etiqueta;2023-04-27;NA
5100;7;6162;Mejora del parque infantile ambulatorio medico de Guilerm de Castro;3;Extramurs;Particular;17;NO;NO;0;NO;NA;No aplicable;2023-04-27;NA
5134;7;6196;Alumbrado mas eficiente;4;Campanar;Particular;1;NO;NO;0;NO;NA;No aplicable;2023-04-27;NA
5139;7;6201;Reestructuracion del trafico de la calle Jose Maria de Haro y carril bici.;12;Camins al Grau;Particular;6;NO;NO;0;NO;NA;No aplicable;2023-04-27;NA
5169;7;6231;PISTA MULTIDEPORTE PARA TORREFIEL (PORQUE POLIDEPORTIVO DIREIS QUE NO HAY €);15;Rascanya;Representante GT;0;SI;SI;339;SI;160000;Sin etiqueta;2023-04-27;NA
5183;7;6245;Zona de Barbacoas en Benimamet;18;1;Particular;39;SI;SI;105;NO;300000;Sin etiqueta;2023-04-27;NA
5200;7;6262;Pavimentar con adoquines de granito las ubicaciones de las fallas;5;la Saidia;Particular;7;NO;NO;0;NO;NA;No aplicable;2023-04-27;NA
5215;7;6277;Allanar suelo de tierra entre Alqueria Ministro Luis Mayans y C Hermanos Fabrilo;5;la Saidia;Particular;9;NO;NO;0;NO;NA;No aplicable;2023-04-27;NA
5245;7;6307;Carril bici Cardenal Benlloch;13;Algiros;Particular;19;NO;NO;0;NO;NA;No aplicable;2023-04-27;NA
5265;7;6327;VIA VERDE CAUCE HISToRICO DEL RIO TURIA HASTA PARQUE DESEMBOCADURA EN NAZARET;11;Poblats Maritims;Representante GT;0;SI;NO;0;NO;NA;No aplicable;2023-04-27;NA
5295;7;6357;Redaccio i intervencio de la zona exterior de les alqueries del carrer d' Olba;5;la Saidia;Representante GT;0;SI;SI;216;NO;36000;Sin etiqueta;2023-04-27;NA
5360;7;6422;Punt de trobada, jocs infantils i per a majors a les Casetes de La Punta;10;Quatre Carreres;Particular;36;SI;SI;69;NO;1100000;Sin etiqueta;2023-04-27;NA
5366;7;6428;Peatonalizar el entorno del mercado de Jesus;8;Patraix;Particular;14;NO;NO;0;NO;NA;No aplicable;2023-04-27;NA
5395;7;6457;PARQUE PERROS - VALLADO DEL aREA DE SOCIALIZACIoN DE PERROS JUNTO NUEVO MESTALLA;16;Benicalap;Particular;35;SI;NO;0;NO;NA;No aplicable;2023-04-27;NA
5396;7;6458;Señalizar el recorrido invisible de la muralla musulmana;1;Ciutat Vella;Particular;39;SI;SI;384;SI;5000;Sin etiqueta;2023-04-27;NA
5416;7;6478;Parque canino;14;Benimaclet;Particular;37;SI;SI;208;SI;158409;Sin etiqueta;2023-04-27;NA
5427;7;6489;ACONDICIONAMIENTO DE JARDINES PLAZA HONDURAS;13;Algiros;Particular;62;SI;SI;89;NO;340000;Sin etiqueta;2023-04-27;NA
5448;7;6510;ARREGLO ZONAS AJARDINADAS PARTE TRASERA CALLE ANGEL VILLENA,9;10;Quatre Carreres;Particular;10;NO;NO;0;NO;NA;No aplicable;2023-04-27;NA
5527;7;6589;PASARELA NOU MORERES HACIA PASEO ALAMEDA;11;Poblats Maritims;Particular;116;SI;NO;0;NO;NA;No aplicable;2023-04-27;NA
5534;7;6596;Actuacion integral en los jardines de Poeta Duran y Tortajada 20;13;Algiros;Particular;8;NO;NO;0;NO;NA;No aplicable;2023-04-27;NA
5559;7;6621;Adecuacion solares publicos para estacionamiento y parque canino.;5;la Saidia;Representante GT;0;SI;SI;177;NO;327000;Sin etiqueta;2023-04-27;NA
5562;7;6624;BAÑOS PuBLICOS A O LARGO DEL PARQUE LINEAL;18;1;Representante GT;0;SI;SI;172;SI;130000;Sin etiqueta;2023-04-27;NA
5593;7;6655;REURBANIZAR PLAZA DE PENYETES;18;1;Representante GT;0;SI;SI;226;SI;18000;Con etiqueta;2023-04-27;NA
5611;7;6673;INSTALACIoN DE FUENTES DE AGUA FILTRADA Y REFRIGERADA;11;Poblats Maritims;Particular;8;NO;NO;0;NO;NA;No aplicable;2023-04-27;NA
5621;7;6683;APARCAMIENO DE BICICLETAS - CALLE ARZOBISPO FABIaN Y FUERO, 19.;5;la Saidia;Particular;6;NO;NO;0;NO;NA;No aplicable;2023-04-27;NA
5628;7;6690;Oficina Tecnica de Accesibilidad  del AYUNTAMIENTO DE VALENCIA;1;Ciutat Vella;Particular;4;NO;NO;0;NO;NA;No aplicable;2023-04-27;NA
5633;7;6695;Acondicionamiento de descampado zona de parking;7;l'Olivereta;Particular;31;SI;NO;0;NO;NA;No aplicable;2023-04-27;NA
5638;7;6700;Ampliar zona residencial de Grans Vies cap endins;3;Extramurs;Particular;3;NO;NO;0;NO;NA;No aplicable;2023-04-27;NA
5639;7;6701;CAMBIO LUCES CAMPO FUTBOL PONT DE FUSTA;5;la Saidia;Particular;1;NO;NO;0;NO;NA;No aplicable;2023-04-27;NA
5678;7;6740;Palomas Fuensanta;7;l'Olivereta;Particular;4;NO;NO;0;NO;NA;No aplicable;2023-04-27;NA
5728;7;6790;Calle Colon: reurbanizar ampliando la anchura de aceras y el carril bici;1;Ciutat Vella;Particular;31;SI;SI;131;NO;225000;Sin etiqueta;2023-04-27;NA
5743;7;6805;Carril bici en calle Campos Crespo por la estacion de metro de Safranar;8;Patraix;Particular;32;SI;SI;238;NO;450000;Sin etiqueta;2023-04-27;NA
5754;7;6816;PROPUESTA CARRIL BICI A LA MALVARROSA C/ GRAN CANARIA;11;Poblats Maritims;Particular;33;SI;SI;226;SI;480000;Con etiqueta;2023-04-27;NA
5769;7;6831;Conexion Carril Bici Perez Galdos- Pechina-Guillem Castro;3;Extramurs;Particular;49;SI;SI;92;NO;250000;Sin etiqueta;2023-04-27;NA
51;1;2015-00062;NA;1;Ciutat Vella;Persona Juridica;0;No aplicable;NO;0;NO;NA;No aplicable;2023-04-27;NA
54;1;2015-00066;NA;11;Poblats Maritims;Persona Fisica;0;No aplicable;NO;0;NO;NA;No aplicable;2023-04-27;NA
70;1;2015-00093;NA;8;Patraix;Persona Fisica;0;No aplicable;NO;0;NO;NA;No aplicable;2023-04-27;NA
87;1;2015-00115;NA;14;Benimaclet;Persona Juridica;0;No aplicable;SI;156;NO;NA;No aplicable;2023-04-27;NA
98;1;2015-00126;NA;3;Extramurs;Persona Juridica;0;No aplicable;NO;0;NO;NA;No aplicable;2023-04-27;NA
174;1;2015-00216;NA;8;Patraix;Persona Fisica;0;No aplicable;SI;13;NO;NA;No aplicable;2023-04-27;NA
178;1;2015-00220;Instalacion de bancos enfrente polo y peyrolon 44;6;el Pla del Real;Persona Fisica;0;No aplicable;SI;4;SI;2100;No aplicable;2023-04-27;NA
199;1;2015-00243;NA;16;Benicalap;Persona Fisica;0;No aplicable;NO;0;NO;NA;No aplicable;2023-04-27;NA
202;1;2015-00246;NA;3;Extramurs;Persona Fisica;0;No aplicable;NO;0;NO;NA;No aplicable;2023-04-27;NA
214;1;2015-00258;NA;2;l'Eixample;Persona Juridica;0;No aplicable;NO;0;NO;NA;No aplicable;2023-04-27;NA
291;1;2015-00348;NA;16;Benicalap;Persona Juridica;0;No aplicable;NO;0;NO;NA;No aplicable;2023-04-27;NA
296;1;2015-00353;NA;7;l'Olivereta;Persona Juridica;0;No aplicable;NO;0;NO;NA;No aplicable;2023-04-27;NA
313;1;2015-00373;NA;1;Ciutat Vella;Persona Fisica;0;No aplicable;SI;24;NO;NA;No aplicable;2023-04-27;NA
336;1;2015-00397;Construccion de una rotonda en calle reus confluencia con calle periodista llorente;5;la Saidia;Persona Fisica;0;No aplicable;SI;40;SI;15000;No aplicable;2023-04-27;NA
366;1;2015-00429;NA;1;Ciutat Vella;Persona Fisica;0;No aplicable;SI;42;NO;NA;No aplicable;2023-04-27;NA
375;1;2015-00438;Mejora parada emt;4;Campanar;Persona Fisica;0;No aplicable;SI;8;SI;11000;No aplicable;2023-04-27;NA
398;1;2015-00463;NA;1;Ciutat Vella;Persona Fisica;0;No aplicable;NO;0;NO;NA;No aplicable;2023-04-27;NA
431;1;2015-00507;NA;9;Jesus;Persona Juridica;0;No aplicable;NO;0;NO;NA;No aplicable;2023-04-27;NA
476;1;2015-00569;NA;16;Benicalap;Persona Juridica;0;No aplicable;NO;0;NO;NA;No aplicable;2023-04-27;NA
499;1;2015-00598;NA;19;Pobles del Sud;Persona Fisica;0;No aplicable;NO;0;NO;NA;No aplicable;2023-04-27;NA
534;1;2016-00029;NA;2;l'Eixample;Persona Juridica;0;No aplicable;SI;17;NO;NA;No aplicable;2023-04-27;NA
599;1;2016-00095;Propuesta ayuntamiento. Mejora del aparcamiento de bicicletas;18;Pobles de l'Oest;Persona Juridica;0;No aplicable;SI;4;SI;2000;No aplicable;2023-04-27;NA
630;2;11;Zona para perros;19;Pobles del Sud;Particular;52;SI;NO;0;NO;NA;No aplicable;2023-04-27;NA
633;2;14;Puente o pasarela que comunique la pedania Benimamet-Beniferri;18;Pobles de l'Oest;Particular;53;SI;NO;0;NO;NA;No aplicable;2023-04-27;NA
637;2;18;Urbanizacion Calle Dr. Oloriz (Tramo Economista Gay/Peset Aleixandre);5;la Saidia;Particular;19;NO;NO;0;NO;NA;No aplicable;2023-04-27;NA
653;2;34;zona deportiva solar entre Archivo de la Diputacion y colegio Jesus;8;Patraix;Particular;90;SI;NO;0;NO;NA;No aplicable;2023-04-27;NA
656;2;37;Creacion de area de juegos acuaticos infantiles Splashpark en jardines publicos;6;el Pla del Real;Particular;5;NO;NO;0;NO;NA;No aplicable;2023-04-27;NA
673;2;54;Paso de cebra Menendez y Pelayo (Aulario);6;el Pla del Real;Particular;4;NO;NO;0;NO;NA;No aplicable;2023-04-27;NA
695;2;76;Re-asfaltat Passeig Germans Machado en el parc de Vivers.;5;la Saidia;Particular;5;NO;NO;0;NO;NA;No aplicable;2023-04-27;NA
713;2;94;MEJORAS EN EL PARQUE DE LA PLAZA CONDE DE PESTAGUA;11;Poblats Maritims;Particular;23;NO;NO;0;NO;NA;No aplicable;2023-04-27;NA
715;2;96;PISTAS DE TENIS EN EL BARRIO DE MALILLA;10;Quatre Carreres;Particular;6;NO;NO;0;NO;NA;No aplicable;2023-04-27;NA
731;2;112;Horts escolars a Patraix;8;Patraix;Particular;262;SI;SI;458;SI;80000;No aplicable;2023-04-27;NA
778;2;159;Eliminacion de un carril en cada sentido y poner asfalto insonoro.;3;Extramurs;Particular;26;NO;NO;0;NO;NA;No aplicable;2023-04-27;NA
794;2;175;Mejorar la limpieza de la ciudad;16;Benicalap;Particular;7;NO;NO;0;NO;NA;No aplicable;2023-04-27;NA
797;2;178;Jardin en C/Republica Costa Marfil (costa D'ibori);9;Jesus;Particular;9;NO;NO;0;NO;NA;No aplicable;2023-04-27;NA
843;2;224;Parque de Socializacion Canina - La Torre;19;Pobles del Sud;Particular;16;NO;NO;0;NO;NA;No aplicable;2023-04-27;NA
863;2;244;pipican;19;Pobles del Sud;Particular;6;NO;NO;0;NO;NA;No aplicable;2023-04-27;NA
921;2;302;Instalacion de aparatos de gimnasia para mayores en espacios abiertos;10;Quatre Carreres;Representante GT;12;SI;SI;302;SI;40000;No aplicable;2023-04-27;NA
965;2;346;Eliminacio de Barreres arquitectoniques al CEIP Lluis Guarner;16;Benicalap;Particular;55;SI;NO;0;NO;NA;No aplicable;2023-04-27;NA
993;2;374;Camaras de vigilancia seguridad;16;Benicalap;Particular;1;NO;NO;0;NO;NA;No aplicable;2023-04-27;NA
1090;2;471;Creacio d'un poliesportiu;2;l'Eixample;Particular;3;NO;NO;0;NO;NA;No aplicable;2023-04-27;NA
1114;2;495;Nazareth NADIE SIN TECHO COMPRA VIVIENDA SOCIAL YA;11;Poblats Maritims;Particular;16;NO;NO;0;NO;NA;No aplicable;2023-04-27;NA
1151;2;532;hotel de asociaciones;14;Benimaclet;Particular;0;NO;NO;0;NO;NA;No aplicable;2023-04-27;NA
1176;2;557;Se necesita sombra para los niños del Colegio 9 Octubre;7;l'Olivereta;Particular;19;NO;NO;0;NO;NA;No aplicable;2023-04-27;NA
1200;2;581;colocar semaforo calle PIO XI cruce con calle mare de deu de la cabeza;8;Patraix;Particular;1;NO;NO;0;NO;NA;No aplicable;2023-04-27;NA
1224;3;1014;CENTRE MUNICIPAL D’ACTIVITAT PER A PERSONES MAJORS;Toda la ciudad;Toda la ciudad;Ayuntamiento;54;NO;NO;0;NO;NA;No aplicable;2023-04-27;NA
1242;3;1033;FER EL CARRER RAMON DE ROCAFULL PER ALS XIQUETS;Toda la ciudad;Toda la ciudad;Particular;23;NO;NO;0;NO;NA;No aplicable;2023-04-27;NA
1277;3;1070;CREACIoN DE UN PASO DE PEATONES EN AV. LEVANTE U.D. (NUEVA BENICALAP);Toda la ciudad;Toda la ciudad;Particular;6;NO;NO;0;NO;NA;No aplicable;2023-04-27;NA
1283;3;1076;REASFALTADO (Y MEJORA) DEL CARRIL BICI ENTRE C/URUGUAY Y C/ROiS DE CORELLA;Toda la ciudad;Toda la ciudad;Particular;19;NO;NO;0;NO;NA;No aplicable;2023-04-27;NA
1290;3;1083;DIQUE CAUCE ANTIGUO TURIA- CARRAIXET: PREVISIoN SUBIDA NIVEL DEL MAR 5 METROS.;Toda la ciudad;Toda la ciudad;Particular;2;NO;NO;0;NO;NA;No aplicable;2023-04-27;NA
1372;3;1165;AMPLIAR ACERAS EN CALLE ESCULTOR JOSE CAPUZ;Toda la ciudad;Toda la ciudad;Particular;6;NO;NO;0;NO;NA;No aplicable;2023-04-27;NA
1376;3;1169;CANCHA MuLTIPLE DEPORTIVO CUBIERTA MALILLA;Toda la ciudad;Toda la ciudad;Particular;53;NO;NO;0;NO;NA;No aplicable;2023-04-27;NA
1399;3;1192;MEJORA ASFALTO Y ACERAS BARRIO ZAIDIA;Toda la ciudad;Toda la ciudad;Particular;2;NO;NO;0;NO;NA;No aplicable;2023-04-27;NA
1503;3;1296;BIBLIOTECA PuBLICA EN EL BARRIO DE LA MALVARROSA;Toda la ciudad;Toda la ciudad;Particular;14;NO;NO;0;NO;NA;No aplicable;2023-04-27;NA
1520;3;1313;LiNEA DE AUTOBuS QUE CONECTE SOCIOPOLIS CON VALENCIA;Toda la ciudad;Toda la ciudad;Particular;138;SI;NO;0;NO;NA;No aplicable;2023-04-27;NA
1591;3;1387;ACCESO POLIDEPORTIVO BENIMAMET POR ROTONDA DE PATERNA;Toda la ciudad;Toda la ciudad;Particular;8;NO;NO;0;NO;NA;No aplicable;2023-04-27;NA
1601;3;1397;MALILLA: PARQUE TIPO LA RAMBLETA, ZONA DE MERENDEROS Y PISTAS DEPORTIVAS.;Toda la ciudad;Toda la ciudad;Particular;37;NO;NO;0;NO;NA;No aplicable;2023-04-27;NA
1619;3;1415;MEJORA DE ACERAS EN LA CALLE ALICANTE (ENTORNO ESTACIoN DEL NORTE);Toda la ciudad;Toda la ciudad;Particular;2;NO;NO;0;NO;NA;No aplicable;2023-04-27;NA
1635;3;1431;SENTIDO uNICO PARA LA CALLE ALBALAT DELS TARONGERS;Toda la ciudad;Toda la ciudad;Particular;1;NO;NO;0;NO;NA;No aplicable;2023-04-27;NA
1690;3;1486;REVITALIZAR SOLARES BARRIO SOTERNES;Toda la ciudad;Toda la ciudad;Particular;1;NO;NO;0;NO;NA;No aplicable;2023-04-27;NA
1696;3;1492;PARQUE EN C/LUIS BOLINCHES CON C/3 DE ABRIL DE 1979;Toda la ciudad;Toda la ciudad;Particular;2;NO;NO;0;NO;NA;No aplicable;2023-04-27;NA
1702;3;1498;INSTALACIoN Y REDISTRIBUCIoN DE CONTENEDORES DE RECICLAJE;Toda la ciudad;Toda la ciudad;Particular;0;NO;NO;0;NO;NA;No aplicable;2023-04-27;NA
1823;4;2052;CREAR UN SEGON CONSERVATORI MUNICIPAL EN LA ALQUERIA BEAT GASPAR BONO;3;Extramurs;Particular;23;NO;NO;0;NO;NA;No aplicable;2023-04-27;NA
1847;4;2076;CARRIL BICI AV/ L' OEST: TRAMO PLAZA DEL TOSSA-PLAZA BRUJAS-AV OESTE-SAN AGUSTiN;1;Ciutat Vella;Particular;78;SI;NO;0;NO;NA;No aplicable;2023-04-27;NA
1857;4;2086;¡LA CALLE SERRERiA NECESITA UN CARRIL BICI!;12;Camins al Grau;Particular;118;SI;NO;0;NO;NA;No aplicable;2023-04-27;NA
1868;4;2097;CARRIL BICI EN CALLE ALICANTE (CONEXIoN ANELL CICLISTA - RUZAFA);2;l'Eixample;Particular;94;SI;NO;0;NO;NA;No aplicable;2023-04-27;NA
1907;4;2136;ADECUACIoN ACCESO NOU CEIP 103;12;Camins al Grau;Particular;5;NO;NO;0;NO;NA;No aplicable;2023-04-27;NA
1930;4;2159;CAMBIO SENTIDO CALLE BORRULL Y CONVERSION A CICLOCALLE;3;Extramurs;Particular;16;NO;NO;0;NO;NA;No aplicable;2023-04-27;NA
1982;4;2211;CREACIo DE ZONA D’APARCAMENT EN SOLAR DE L’AJUNTAMENT EN CARPESA.;17;3;Particular;20;SI;NO;0;NO;NA;No aplicable;2023-04-27;NA
1998;4;2227;DAR SOPORTE NFC A LA APP DE EMT VALENCIA;20;No consta;Particular;7;NO;NO;0;NO;NA;No aplicable;2023-04-27;NA
2021;4;2250;CALIDAD DEL AGUA DE LAS PLAYAS;11;Poblats Maritims;Particular;43;SI;NO;0;NO;NA;No aplicable;2023-04-27;NA
2058;4;2287;ESPACIO SOCIO CULTURAL PARA LA POBLACION GITANA;10;Quatre Carreres;Particular;6;NO;NO;0;NO;NA;No aplicable;2023-04-27;NA
2072;4;2301;PROTECCION PARA PARKING DE MOTOS EN ARRANCAPINS Y PECHINA;3;Extramurs;Representante GT;0;SI;NO;0;NO;NA;No aplicable;2023-04-27;NA
2093;4;2322;AJARDINAMIENTO Y MANTENIMIENTO DEL MONUMENTO A LAS VICTIMAS RIADAS DEL TURIA;6;el Pla del Real;Representante GT;0;SI;NO;0;NO;NA;No aplicable;2023-04-27;NA
2138;4;2367;AJARDINAR SOLAR MUNICIPAL AVDA BURJASSOT ESQUINA NICASIO BENLLOCH;4;Campanar;Representante GT;0;SI;SI;179;NO;25000;No aplicable;2023-04-27;NA
2156;4;2385;ALQUERIA ALBORS;15;Rascanya;Particular;30;SI;SI;216;NO;160000;No aplicable;2023-04-27;NA
2182;4;2411;ASFALTAR CARRER GERMANA MERCe I GUERAU DE CERVELLo;17;6;Particular;22;SI;SI;2;NO;102810;No aplicable;2023-04-27;NA
2219;4;2448;JARDiN-PARQUE GASPAR AGUILAR-NICOLaS FACTOR-PeREZ FuSTER METGE-FRANCO TORMO;8;Patraix;Particular;12;NO;NO;0;NO;NA;No aplicable;2023-04-27;NA
2225;4;2454;MEJORA DE LAS ACERAS EN LA AVD. JESuS MORANTE BORRaS, ENTRE Nº 130-164 (LA PUNTA;10;Quatre Carreres;Particular;30;SI;NO;0;NO;NA;No aplicable;2023-04-27;NA
2270;4;2499;ZONA VERDE Y EXPROPIACIoN EN CALLE FRAY JUNiPERO SERRA;8;Patraix;Particular;68;SI;NO;0;NO;NA;No aplicable;2023-04-27;NA
2324;5;3012;LAVABOS ACCESIBLES AUTONETEJABLES;Toda la ciudad;Toda la ciudad;Ayuntamiento;161;NO;NO;0;NO;NA;No aplicable;2023-04-27;NA
2347;5;3035;Adaptar cruce de Av. Aragon con Ernesto Ferrer y Amadeo de Saboya a los peatones;Toda la ciudad;Toda la ciudad;Particular;28;NO;NO;0;NO;NA;No aplicable;2023-04-27;NA
2357;5;3045;Asfaltado estacionamiento Monteolivete (Ciudad de las Ciencias);Toda la ciudad;Toda la ciudad;Particular;30;NO;NO;0;NO;NA;No aplicable;2023-04-27;NA
2362;5;3050;Cambiar Sistema Conservacion Archivo Reino de Valencia;Toda la ciudad;Toda la ciudad;Particular;32;NO;NO;0;NO;NA;No aplicable;2023-04-27;NA
2364;5;3052;Rehabilitar La Ceramo.;Toda la ciudad;Toda la ciudad;Particular;147;SI;NO;0;NO;NA;No aplicable;2023-04-27;NA
2372;5;3060;Crear guarderia publica en la zona de pla de real - Mestalla;Toda la ciudad;Toda la ciudad;Particular;36;NO;NO;0;NO;NA;No aplicable;2023-04-27;NA
2414;5;3102;CAMPANAR: Remodelar la zona frente al CC Nuevo Centro en Pio XII;Toda la ciudad;Toda la ciudad;Particular;123;SI;NO;0;NO;NA;No aplicable;2023-04-27;NA
2562;5;3250;Poda de arboles en Cruz Cubierta y resto de ciudad;Toda la ciudad;Toda la ciudad;Particular;14;NO;NO;0;NO;NA;No aplicable;2023-04-27;NA
2572;5;3260;carril Bici desde Castellar -Oliveral a Pinedo playa;Toda la ciudad;Toda la ciudad;Particular;102;SI;NO;0;NO;NA;No aplicable;2023-04-27;NA
2604;5;3292;Eliminacion de la autopista urbana en la Av. General Aviles;Toda la ciudad;Toda la ciudad;Particular;18;NO;NO;0;NO;NA;No aplicable;2023-04-27;NA
2612;5;3300;Solucion mediana Calle Agullent;Toda la ciudad;Toda la ciudad;Particular;4;NO;NO;0;NO;NA;No aplicable;2023-04-27;NA
2618;5;3306;Soterramiento del tunel de la Avenida Perez Galdos;Toda la ciudad;Toda la ciudad;Particular;120;SI;NO;0;NO;NA;No aplicable;2023-04-27;NA
2628;5;3316;Carril BICI pobles del NORD hasta ronda Nord;Toda la ciudad;Toda la ciudad;Particular;26;NO;NO;0;NO;NA;No aplicable;2023-04-27;NA
2673;5;3361;Renovacion del carril bici del carril bici en el tramo malilla - CAC;Toda la ciudad;Toda la ciudad;Particular;6;NO;NO;0;NO;NA;No aplicable;2023-04-27;NA
2688;5;3376;Zona de juegos para niños en Blasco Ibañez 15;Toda la ciudad;Toda la ciudad;Particular;20;NO;NO;0;NO;NA;No aplicable;2023-04-27;NA
2737;5;3425;Radares fijos 50 km/h en las calles de la ciudad;Toda la ciudad;Toda la ciudad;Particular;12;NO;NO;0;NO;NA;No aplicable;2023-04-27;NA
2738;5;3426;Zonas peatonales cuidadas;Toda la ciudad;Toda la ciudad;Particular;5;NO;NO;0;NO;NA;No aplicable;2023-04-27;NA
2752;5;3440;Contenedores reciclaje Ciutat Vella;Toda la ciudad;Toda la ciudad;Particular;13;NO;NO;0;NO;NA;No aplicable;2023-04-27;NA
2761;5;3449;Cierre del McAuto 24Horas de Ronda Norte;Toda la ciudad;Toda la ciudad;Particular;14;NO;NO;0;NO;NA;No aplicable;2023-04-27;NA
2771;5;3459;NINGuN VAGABUNDO SIN TECHO;Toda la ciudad;Toda la ciudad;Particular;116;SI;NO;0;NO;NA;No aplicable;2023-04-27;NA
2782;5;3470;Ensanchamiento acera Guillem De Castro del numero 96 al museo de la beneficienci;Toda la ciudad;Toda la ciudad;Particular;10;NO;NO;0;NO;NA;No aplicable;2023-04-27;NA
2813;5;3501;AMPLIACIoN DE ACERAS Y CAMBIO DE LUMINARIAS QUATRE CARRERES;Toda la ciudad;Toda la ciudad;Particular;7;NO;NO;0;NO;NA;No aplicable;2023-04-27;NA
2830;5;3518;ACERAS CAMINO TREMOLAR - PINEDO Y CASTELLAR-OLIVERAL;Toda la ciudad;Toda la ciudad;Particular;22;NO;NO;0;NO;NA;No aplicable;2023-04-27;NA
2834;5;3522;Sala de oratoria ciudadana;Toda la ciudad;Toda la ciudad;Particular;3;NO;NO;0;NO;NA;No aplicable;2023-04-27;NA
2853;5;3541;Movilidad respetuosa para todos.;Toda la ciudad;Toda la ciudad;Particular;12;NO;NO;0;NO;NA;No aplicable;2023-04-27;NA
2858;5;3546;EJECUCION 2ªFASE PARQUE INFANTIL/Z. VERDE/EQUIP. DEPORT. (BARRIO BETERO/ALGIROS);Toda la ciudad;Toda la ciudad;Particular;21;NO;NO;0;NO;NA;No aplicable;2023-04-27;NA
2864;5;3552;Rutas escolares seguras e inteligentes en Eixample y Ruzafa / Russafa;Toda la ciudad;Toda la ciudad;Particular;110;SI;NO;0;NO;NA;No aplicable;2023-04-27;NA
2888;5;3577;arboles Monteolivete;Toda la ciudad;Toda la ciudad;Particular;5;NO;NO;0;NO;NA;No aplicable;2023-04-27;NA
2893;5;3582;Campo cubierto de futbol sala, balonmano, baloncesto en malilla;Toda la ciudad;Toda la ciudad;Particular;13;NO;NO;0;NO;NA;No aplicable;2023-04-27;NA
2897;5;3586;Arbolado  en Calle General Gil Dolz;Toda la ciudad;Toda la ciudad;Particular;2;NO;NO;0;NO;NA;No aplicable;2023-04-27;NA
2908;5;3597;Centro de salud de Malilla;Toda la ciudad;Toda la ciudad;Particular;13;NO;NO;0;NO;NA;No aplicable;2023-04-27;NA
2923;5;3612;HABILITACION FUENTE ORNAMENTAL PL DEL CEDRO Y UBICACION 5 FUENTES BEBEDERO;Toda la ciudad;Toda la ciudad;Particular;1;NO;NO;0;NO;NA;No aplicable;2023-04-27;NA
2940;5;3629;?????? Centro Civico 3F   (Tres Forques)   y donde sea necesario;Toda la ciudad;Toda la ciudad;Particular;123;SI;NO;0;NO;NA;No aplicable;2023-04-27;NA
2960;6;4016;Rehabilitacion de alqueria en Avda. Campanar 100-102 para uso vecinal.;4;Campanar;Particular;187;SI;SI;460;SI;50000;No aplicable;2023-04-27;NA
2971;6;4027;Camaras videovigilancia;18;1;Particular;16;SI;NO;0;NO;NA;No aplicable;2023-04-27;NA
2974;6;4030;Centro ocupacional artesania;18;1;Particular;18;SI;NO;0;NO;NA;No aplicable;2023-04-27;NA
3011;6;4067;Reurbanizacion Calle Doctor Oloriz;5;la Saidia;Particular;45;SI;NO;0;NO;NA;No aplicable;2023-04-27;NA
3171;6;4227;Eliminar vallas de las zonas ajardinadas;8;Patraix;Particular;22;NO;NO;0;NO;NA;No aplicable;2023-04-27;NA
3183;6;4239;PARALLAMPS EN LES LLOMETES;17;6;Particular;25;SI;NO;0;NO;NA;No aplicable;2023-04-27;NA
3216;6;4272;Vallado de zonas infantiles;14;Benimaclet;Particular;37;SI;NO;0;NO;NA;No aplicable;2023-04-27;NA
3237;6;4293;Pavimento aceras;7;l'Olivereta;Particular;31;SI;NO;0;NO;NA;No aplicable;2023-04-27;NA
3260;6;4316;Parasarela acceso de MORERAS a Av Franacia;11;Poblats Maritims;Particular;106;SI;NO;0;NO;NA;No aplicable;2023-04-27;NA
3300;6;4356;Adecuacion de aceras en calles Carda y Murillo;1;Ciutat Vella;Particular;44;SI;NO;0;NO;NA;No aplicable;2023-04-27;NA
3307;6;4363;Aparcamientos.;9;Jesus;Particular;76;SI;NO;0;NO;NA;No aplicable;2023-04-27;NA
3319;6;4375;Paso de peatones en la Av. Peris y Valero 92 a 105;2;l'Eixample;Particular;36;SI;SI;292;SI;30000;No aplicable;2023-04-27;NA
3343;6;4399;PARQUE FRENTE INSTITUTO DE MALILLA.;10;Quatre Carreres;Particular;63;SI;SI;139;NO;340000;No aplicable;2023-04-27;NA
3462;6;4519;REHABILITACIoN DEL PALACIO DE LA EXPOSICIoN REGIONAL;6;el Pla del Real;Particular;13;NO;NO;0;NO;NA;No aplicable;2023-04-27;NA
3503;6;4560;APROFITAMENT DE LES MITGERES PER UBICAR JARDINS VERTICALS;1;Ciutat Vella;Particular;55;SI;NO;0;NO;NA;No aplicable;2023-04-27;NA
3507;6;4564;Ampliacio del carril bici del carrer Sant Vicent fins a Sant Agusti;3;Extramurs;Particular;46;SI;NO;0;NO;NA;No aplicable;2023-04-27;NA
3518;6;4575;SENDA PEATONAL POR PATRAIX;8;Patraix;Particular;37;SI;NO;0;NO;NA;No aplicable;2023-04-27;NA
3523;6;4580;URBANIZAR FINAL DE LA CALLE MONTESA;8;Patraix;Particular;103;SI;NO;0;NO;NA;No aplicable;2023-04-27;NA
3555;6;4612;REPOSICIoN DE ARBOLADO EN MuSICO GINeS Y RESTO DEL BARRIO;13;Algiros;Particular;37;SI;NO;0;NO;NA;No aplicable;2023-04-27;NA
3572;6;4629;Cambio o adecuacion de pavimento;4;Campanar;Particular;30;SI;NO;0;NO;NA;No aplicable;2023-04-27;NA
3612;6;4669;CARRIL BICI A L'AVINGUDA GASPAR AGUILAR-CARRER JESuS-CENTRE VALeNCIA;8;Patraix;Particular;141;SI;NO;0;NO;NA;No aplicable;2023-04-27;NA
3615;6;4672;Carril bici en la calle Justo y Pastor;13;Algiros;Particular;69;SI;SI;184;NO;391000;No aplicable;2023-04-27;NA
3623;6;4680;Parkings bicicletas y patinetes;3;Extramurs;Particular;12;NO;NO;0;NO;NA;No aplicable;2023-04-27;NA
3647;6;4705;ACABAR REMODELACIo DE LA PLAÇA DEL MORERAL;17;7;Particular;8;NO;NO;0;NO;NA;No aplicable;2023-04-27;NA
3655;6;4713;Parque canino en benicalap.;16;Benicalap;Particular;33;SI;NO;0;NO;NA;No aplicable;2023-04-27;NA
3678;6;4736;REMODELACIoN iNTEGRA del PARQUE entrada COLEGIO MIGUEL HERNaNDEZ (ORRIOLS);15;Rascanya;Particular;16;NO;NO;0;NO;NA;No aplicable;2023-04-27;NA
3700;6;4758;COLOCACIoN BADENES A LA SALIDA DEL TUNEL DE ANGEL GUIMERa;3;Extramurs;Particular;15;NO;NO;0;NO;NA;No aplicable;2023-04-27;NA
3703;6;4761;ABRIR LA CONTINUIDAD DE LA CALLE MaLAGA.;5;la Saidia;Particular;11;NO;NO;0;NO;NA;No aplicable;2023-04-27;NA
3714;6;4772;Reparacion desperfectos en edificio de vestuarios y oficinas del Benimamet CF;18;1;Particular;18;SI;SI;128;NO;60000;No aplicable;2023-04-27;NA
3721;6;4779;Pavimentacion del solar junto al Colegio Pablo Neruda y Marti Sorolla;10;Quatre Carreres;Particular;57;SI;NO;0;NO;NA;No aplicable;2023-04-27;NA
3729;6;4787;Reasfaltat de la confluencia entre Joan XXIII, Germans Machado, V 30;16;Benicalap;Particular;11;NO;NO;0;NO;NA;No aplicable;2023-04-27;NA
3772;6;4832;Instalacion de semaforos sonoros para invidentes;10;Quatre Carreres;Particular;19;NO;NO;0;NO;NA;No aplicable;2023-04-27;NA
3782;6;4842;Acondicionar zona ajardinada entre Avda. de La Plata y C/ Alcalde Gisbert Rico;10;Quatre Carreres;Particular;31;SI;SI;64;NO;325000;No aplicable;2023-04-27;NA
3786;6;4846;Aceras desde Oliveral a Pinedo por el camino del Tremolar;19;2;Particular;127;SI;NO;0;NO;NA;No aplicable;2023-04-27;NA
3843;6;4904;Soterrar contenedores en Calle Pintor Vilar esquina con Calle Almassora;5;la Saidia;Particular;25;NO;NO;0;NO;NA;No aplicable;2023-04-27;NA
3885;6;4947;PARQUE DE PERROS ZONA TABACALERA;13;Algiros;Particular;5;NO;NO;0;NO;NA;No aplicable;2023-04-27;NA
3887;6;4949;CAMBIO NOMBRE PLAZA TETUaN POR PLAZA FUERZAS ARMADAS;1;Ciutat Vella;Particular;2;NO;NO;0;NO;NA;No aplicable;2023-04-27;NA
3921;6;4983;Nuevo Mercado en Benimaclet con aparcamiento subterraneo;14;Benimaclet;Particular;55;SI;NO;0;NO;NA;No aplicable;2023-04-27;NA
3927;6;4989;Cubre contenedores de madera;19;5;Particular;19;SI;NO;0;NO;NA;No aplicable;2023-04-27;NA
3934;6;4996;CONTENEDOR;6;el Pla del Real;Particular;6;NO;NO;0;NO;NA;No aplicable;2023-04-27;NA
3954;6;5016;Rotonda Dr. Ruiz i Comes - Tremolar;19;2;Particular;8;NO;NO;0;NO;NA;No aplicable;2023-04-27;NA
3973;6;5035;Acera en el tramo desde Serreria a la estacion de metro de Maritim-Serreria;12;Camins al Grau;Particular;13;NO;NO;0;NO;NA;No aplicable;2023-04-27;NA
3992;6;5054;Paso de peatones en Fernando el catolico zona hamburgueseria la f Fitzgerald;3;Extramurs;Particular;31;SI;NO;0;NO;NA;No aplicable;2023-04-27;NA
4003;6;5065;AMPLIACIoN CEIP VIVERS;5;la Saidia;Particular;184;SI;NO;0;NO;NA;No aplicable;2023-04-27;NA
4010;6;5072;Acondicionamiento acceso metro Maritim-Serreria;12;Camins al Grau;Particular;35;SI;SI;406;SI;10000;No aplicable;2023-04-27;NA
4014;6;5076;Mas columpios para bebes en Viveros;5;la Saidia;Particular;10;NO;NO;0;NO;NA;No aplicable;2023-04-27;NA
4026;6;5088;Bonificar las compras en los mercados municipales por retorno de envases.;16;Benicalap;Particular;24;NO;NO;0;NO;NA;No aplicable;2023-04-27;NA
4048;6;5110;Pistas de squash y escalada;2;l'Eixample;Particular;10;NO;NO;0;NO;NA;No aplicable;2023-04-27;NA
4070;6;5132;Pipican en calle Pepita Samper;10;Quatre Carreres;Particular;3;NO;NO;0;NO;NA;No aplicable;2023-04-27;NA
4074;6;5136;CONTENEDOR RESIDUOS ORGaNICOS EN BARRIO SAN JOSe;13;Algiros;Particular;2;NO;NO;0;NO;NA;No aplicable;2023-04-27;NA
4090;6;5152;Transformar solar Alqueria Albors en parking publico,rehabilitar casa colindante;15;Rascanya;Particular;3;NO;NO;0;NO;NA;No aplicable;2023-04-27;NA
4112;6;5174;Meditacio i Ioga;8;Patraix;Particular;2;NO;NO;0;NO;NA;No aplicable;2023-04-27;NA
4115;6;5177;Reduccion trafico-instalacion semaforos inteligentes;2;l'Eixample;Particular;4;NO;NO;0;NO;NA;No aplicable;2023-04-27;NA
4119;6;5181;Horts Urbans a Orriols;15;Rascanya;Particular;14;NO;NO;0;NO;NA;No aplicable;2023-04-27;NA
4128;6;5190;Zona deportiva o de jardin en descampado Avda.Maestro Rodrigo frente super Lidl;4;Campanar;Particular;30;SI;NO;0;NO;NA;No aplicable;2023-04-27;NA
4139;6;5201;Ampliar aceras calle General Gil Dolz;6;el Pla del Real;Particular;4;NO;NO;0;NO;NA;No aplicable;2023-04-27;NA
4203;6;5265;Encreuament amb semafor;6;el Pla del Real;Particular;7;NO;NO;0;NO;NA;No aplicable;2023-04-27;NA
4217;6;5279;"Ampliar oferta deportiva ""Polideportivo El Carmen"" usando los solares adyacentes";1;Ciutat Vella;Particular;8;NO;NO;0;NO;NA;No aplicable;2023-04-27;NA
4230;7;5292;SOSTENIBILIDAD Y ECONOMIA CIRCULAR;1;Ciutat Vella;Particular;6;NO;NO;0;NO;NA;No aplicable;2023-04-27;NA
4240;7;5302;Acabar con las autovias urbanas;13;Algiros;Particular;7;NO;NO;0;NO;NA;No aplicable;2023-04-27;NA
4252;7;5314;Aceras en callejon entre Maestro Alberto luz- Alpuente;18;1;Particular;9;NO;NO;0;NO;NA;No aplicable;2023-04-27;NA
4277;7;5339;Asfaltado calles y mayor limpieza;3;Extramurs;Particular;2;NO;NO;0;NO;NA;No aplicable;2023-04-27;NA
4287;7;5349;SOTERRAR CONTENIDORS PLAÇA PATRONA I MORERAL / SOTERRAR CONTENEDORES;17;7;Particular;6;NO;NO;0;NO;NA;No aplicable;2023-04-27;NA
4356;7;5418;Adequacio del poble a mobilitat sostenible;19;2;Particular;8;NO;NO;0;NO;NA;No aplicable;2023-04-27;NA
4421;7;5483;Projecte de restauracio i posterior execucio de cami historic.;17;3;Particular;15;SI;NO;0;NO;NA;No aplicable;2023-04-27;NA
4436;7;5498;Acera - Arbolado - Farolas;4;Campanar;Particular;45;SI;NO;0;NO;NA;No aplicable;2023-04-27;NA
4439;7;5501;NUEVO JARDiN JUNTO A LA ALQUERiA DE LOS FRAILES Y APERTURA CALLE PEATONAL;8;Patraix;Representante GT;0;SI;NO;0;NO;NA;No aplicable;2023-04-27;NA
4500;7;5562;CAMBIAR TRAFICO EN MAESTRO VALLS Nº 13 POR PALMERA;12;Camins al Grau;Particular;2;NO;NO;0;NO;NA;No aplicable;2023-04-27;NA
4569;7;5631;Estatua eqüestre de El Cid;2;l'Eixample;Particular;1;NO;NO;0;NO;NA;No aplicable;2023-04-27;NA
4729;7;5791;Remodelacion del parque Nicolas Maria Garelli;8;Patraix;Particular;4;NO;NO;0;NO;NA;No aplicable;2023-04-27;NA
4743;7;5805;Parque de segrelles;3;Extramurs;Particular;18;NO;NO;0;NO;NA;No aplicable;2023-04-27;NA
4777;7;5839;Nueva estacion Valenbisi;15;Rascanya;Particular;8;NO;NO;0;NO;NA;No aplicable;2023-04-27;NA
4800;7;5862;Garaje publico subterraneo;8;Patraix;Particular;9;NO;NO;0;NO;NA;No aplicable;2023-04-27;NA
4862;7;5924;Arreglo de acera;13;Algiros;Particular;0;NO;NO;0;NO;NA;No aplicable;2023-04-27;NA
4952;7;6014;Coberta camp futbol.;17;6;Particular;31;SI;NO;0;NO;NA;No aplicable;2023-04-27;NA
4963;7;6025;Ampliacion de acera en Calle Azcarraga;3;Extramurs;Particular;26;NO;NO;0;NO;NA;No aplicable;2023-04-27;NA
4972;7;6034;Comisaria de policia barrio Nazaret;11;Poblats Maritims;Particular;40;SI;NO;0;NO;NA;No aplicable;2023-04-27;NA
5010;7;6072;Luces luz equipamiento deportivo canchas Vinaroz 31;14;Benimaclet;Particular;20;NO;NO;0;NO;NA;No aplicable;2023-04-27;NA
5078;7;6140;Retirar aparcamiento central Pianista Amparo iturbi del n°1 al 32;9;Jesus;Particular;16;NO;NO;0;NO;NA;No aplicable;2023-04-27;NA
5088;7;6150;Sustitucion y renovacion farolas La Raiosa;9;Jesus;Particular;31;SI;SI;313;NO;98000;Sin etiqueta;2023-04-27;NA
5192;7;6254;urbanizacion calle Poeta Eduardo Buil;14;Benimaclet;Particular;42;SI;NO;0;NO;NA;No aplicable;2023-04-27;NA
5259;7;6321;Campo de Rugby en Benicalap;16;Benicalap;Particular;130;SI;NO;0;NO;NA;No aplicable;2023-04-27;NA
5277;7;6339;Pipican en San Isidro-Zafranar;8;Patraix;Particular;13;NO;NO;0;NO;NA;No aplicable;2023-04-27;NA
5325;7;6387;MEJORA DE LA INSONORIZACION DE LA BIBLIOTECA DE ABASTOS;3;Extramurs;Particular;9;NO;NO;0;NO;NA;No aplicable;2023-04-27;NA
5357;7;6419;Construir un LABERINTO VEGETAL en el Tramo 6 del Jardin del Turia;1;Ciutat Vella;Particular;45;SI;NO;0;NO;NA;No aplicable;2023-04-27;NA
5369;7;6431;COMEDERO CERRADO PARA COLONIA CONTROLADA;11;Poblats Maritims;Particular;40;SI;NO;0;NO;NA;No aplicable;2023-04-27;NA
5433;7;6495;Iluminacion de la rampa de acceso del rio al puente de las Gargolas;10;Quatre Carreres;Particular;2;NO;NO;0;NO;NA;No aplicable;2023-04-27;NA
5455;7;6517;Pista running blasco ibañez;13;Algiros;Particular;17;NO;NO;0;NO;NA;No aplicable;2023-04-27;NA
5469;7;6531;REHABILITAR EL ESPACIO DEL CMJ TRINITAT ACTUALIZANDO SUS EQUIPOS Y MODERNIZANDO;5;la Saidia;Particular;42;SI;SI;245;NO;170000;Sin etiqueta;2023-04-27;NA
5480;7;6542;URBANIZACIoN DEL SOLAR ENFRENTE DE NUEVO CENTRO;4;Campanar;Particular;143;SI;NO;0;NO;NA;No aplicable;2023-04-27;NA
5495;7;6557;INSONORIZACIoN SALIDA TuNEL AV. MENeNDEZ PIDAL 2, 3.A;4;Campanar;Particular;17;NO;NO;0;NO;NA;No aplicable;2023-04-27;NA
5557;7;6619;Canviar lluminaries de VSAP per LED traçat tramvia;16;Benicalap;Representante GT;0;SI;SI;369;SI;45000;Con etiqueta;2023-04-27;NA
5561;7;6623;Millora de la vorera tram C/ Conca / Mejora de la acera tramo C/ Cuenca;8;Patraix;Particular;5;NO;NO;0;NO;NA;No aplicable;2023-04-27;NA
5568;7;6630;PROYECTO DE EJECUCION E INTERVENCION EN LA  ALQUERIA DEL VOLANTE;10;Quatre Carreres;Representante GT;0;SI;NO;0;NO;NA;No aplicable;2023-04-27;NA
5634;7;6696;Calle Monjas (Bolseria) - El meadero municipal;1;Ciutat Vella;Particular;13;NO;NO;0;NO;NA;No aplicable;2023-04-27;NA
5653;7;6715;Zona escolar segura;19;4;Particular;7;NO;NO;0;NO;NA;No aplicable;2023-04-27;NA
73;1;2015-00096;NA;5;la Saidia;Persona Fisica;NA;No aplicable;NO;0;NO;NA;No aplicable;2023-04-27;NA
104;1;2015-00138;NA;8;Patraix;Persona Juridica;NA;No aplicable;SI;17;NO;NA;No aplicable;2023-04-27;NA
113;1;2015-00148;NA;12;Camins al Grau;Persona Juridica;NA;No aplicable;NO;0;NO;NA;No aplicable;2023-04-27;NA
186;1;2015-00228;Juegos infantiles detras de avenida aragon 40;6;el Pla del Real;Persona Fisica;NA;No aplicable;SI;15;SI;60500;No aplicable;2023-04-27;NA
204;1;2015-00248;Repavimentacion de las aceras y pavimento;4;Campanar;Persona Fisica;NA;No aplicable;SI;50;SI;173310;No aplicable;2023-04-27;NA
215;1;2015-00259;NA;1;Ciutat Vella;Persona Fisica;NA;No aplicable;NO;0;NO;NA;No aplicable;2023-04-27;NA
240;1;2015-00287;NA;12;Camins al Grau;Persona Fisica;NA;No aplicable;NO;0;NO;NA;No aplicable;2023-04-27;NA
248;1;2015-00297;NA;12;Camins al Grau;Persona Fisica;NA;No aplicable;SI;68;NO;NA;No aplicable;2023-04-27;NA
249;1;2015-00298;NA;6;el Pla del Real;Persona Fisica;NA;No aplicable;NO;0;NO;NA;No aplicable;2023-04-27;NA
474;1;2015-00567;Pacificacion del trafico en av. Burjassot;16;Benicalap;Persona Juridica;NA;No aplicable;SI;55;SI;343024;No aplicable;2023-04-27;NA
479;1;2015-00572;NA;5;la Saidia;Persona Fisica;NA;No aplicable;NO;0;NO;NA;No aplicable;2023-04-27;NA
535;1;2016-00030;NA;18;Pobles de l'Oest;Persona Juridica;NA;No aplicable;SI;8;NO;NA;No aplicable;2023-04-27;NA
551;1;2016-00046;NA;15;Rascanya;Persona Juridica;NA;No aplicable;SI;29;NO;NA;No aplicable;2023-04-27;NA
593;1;2016-00089;Propuesta ayuntamiento. Mejora del aparcamiento de bicicletas;7;l'Olivereta;Persona Juridica;NA;No aplicable;SI;6;SI;2000;No aplicable;2023-04-27;NA
619;1;2016-00115;Dos nuevos pasos de peatones semaforizados en la av. Blasco Ibañez;6;el Pla del Real;Persona Juridica;NA;No aplicable;SI;10;SI;31931;No aplicable;2023-04-27;NA
634;2;15;NUEVO HOSPITAL EN AVD. CAMPANAR;4;Campanar;Particular;124;SI;NO;0;NO;NA;No aplicable;2023-04-27;NA
651;2;32;Adecuacion parque infantil en Blasco Ibañez (entre C/ Belgica y Polo y Peiloron);13;Algiros;Particular;35;SI;SI;180;SI;70000;No aplicable;2023-04-27;NA
686;2;67;Paso de cebra para acceder el Parque de la Cultura y la Biblioteca del Hospital.;3;Extramurs;Particular;19;NO;NO;0;NO;NA;No aplicable;2023-04-27;NA
709;2;90;¡Suciedad acumulada en el barrio de Malilla NO!;10;Quatre Carreres;Particular;15;NO;NO;0;NO;NA;No aplicable;2023-04-27;NA
717;2;98;Arboles en Av. Gral. Aviles;4;Campanar;Particular;2;NO;NO;0;NO;NA;No aplicable;2023-04-27;NA
817;2;198;Carretera Calle Franco Tormo muy mal estado;8;Patraix;Particular;8;NO;NO;0;NO;NA;No aplicable;2023-04-27;NA
916;2;297;Sombratge i mirador a l’horta a l’entrada del CP Castellar-L’Oliveral.;19;Pobles del Sud;Particular;65;SI;SI;122;NO;220000;No aplicable;2023-04-27;NA
926;2;307;COLOCACIoN FAROLAS ILUMINACIoN LED;5;la Saidia;Representante GT;58;SI;SI;162;NO;88000;No aplicable;2023-04-27;NA
931;2;312;Pacificacio de transit i posada en valor de Palaus Historics del carrer Eixarchs;1;Ciutat Vella;Particular;49;SI;NO;0;NO;NA;No aplicable;2023-04-27;NA
935;2;316;ADECUACIoN SOLAR C/ SANTA PAULA MONTAL;4;Campanar;Particular;9;NO;NO;0;NO;NA;No aplicable;2023-04-27;NA
949;2;330;Instalacion de paneles luminosos para prevenir la contaminacion acustica;1;Ciutat Vella;Representante GT;21;SI;SI;119;SI;21096;No aplicable;2023-04-27;NA
961;2;342;Construccion jardin municipal en c/ Siete Aguas, Rodrigo Pertegas, I.Canarias;12;Camins al Grau;Representante GT;3;SI;SI;79;NO;280000;No aplicable;2023-04-27;NA
967;2;348;Reacondicionamiento de la plaza de Emilio Lluch en el barrio de Vara de Quart;8;Patraix;Particular;32;SI;NO;0;NO;NA;No aplicable;2023-04-27;NA
996;2;377;Acondicionar els següents carrer de Benifaraig:;17;Pobles del Nord;Representante GT;13;SI;SI;294;SI;32283;No aplicable;2023-04-27;NA
1011;2;392;Alcorques Torrefiel;15;Rascanya;Representante GT;4;SI;SI;164;SI;60500;No aplicable;2023-04-27;NA
1056;2;437;Reurbanizacion calle Murta, primera fase;14;Benimaclet;Representante GT;39;SI;SI;422;SI;260986;No aplicable;2023-04-27;NA
1064;2;445;Habilitar zona deportiva en Avda. Gaspar Aguilar cruce con Avda. Tomas Sala.;9;Jesus;Representante GT;13;SI;NO;0;NO;NA;No aplicable;2023-04-27;NA
1074;2;455;REHABILITACIoN ALQUERiA FALCO TORREFIEL;15;Rascanya;Particular;6;NO;NO;0;NO;NA;No aplicable;2023-04-27;NA
1099;2;480;MAS PUNTOS DE RECICLAJE EN EL BARRIO DE LA SEU Y CIUTAT VELLA;1;Ciutat Vella;Particular;2;NO;NO;0;NO;NA;No aplicable;2023-04-27;NA
1104;2;485;Propuesta de adecuacion y mejora de la plaza de Emilio Lluch;8;Patraix;Particular;53;SI;SI;411;SI;144305;No aplicable;2023-04-27;NA
1118;2;499;RENOVACIoN BANCOS BARRIO SANT PAU;4;Campanar;Representante GT;4;SI;SI;179;SI;21700;No aplicable;2023-04-27;NA
1273;3;1066;AJARDINAMIENTO AVDA. AUSIaS MARCH;Toda la ciudad;Toda la ciudad;Particular;71;NO;NO;0;NO;NA;No aplicable;2023-04-27;NA
1282;3;1075;RAMPA PARA CIUDADANOS CON MOVILIDAD REDUCIDA DE ARNICHES AL RiO TURIA. OLIVERETA;Toda la ciudad;Toda la ciudad;Particular;33;NO;NO;0;NO;NA;No aplicable;2023-04-27;NA
1456;3;1249;LiNEA DE AUTOBUS EMT DESDE EL BARRIO OLIVERETA HASTA BLASCO IBaÑEZ/UNIVERSIDADES;Toda la ciudad;Toda la ciudad;Particular;9;NO;NO;0;NO;NA;No aplicable;2023-04-27;NA
1464;3;1257;BANYS PuBLICS EN EL PASSEIG MARiTIM;Toda la ciudad;Toda la ciudad;Particular;8;NO;NO;0;NO;NA;No aplicable;2023-04-27;NA
1504;3;1297;CREAR UN PAR DE PISTAS DE PETANCA EN LA PLAZA DE SEGOVIA;Toda la ciudad;Toda la ciudad;Particular;0;NO;NO;0;NO;NA;No aplicable;2023-04-27;NA
1541;3;1335;PASARELAS AVENIDA DEL CID;Toda la ciudad;Toda la ciudad;Particular;1;NO;NO;0;NO;NA;No aplicable;2023-04-27;NA
1546;3;1340;MEJORA DEL SERVICIO DE VALENBISI EN LAS UNIVERSIDADES;Toda la ciudad;Toda la ciudad;Particular;1;NO;NO;0;NO;NA;No aplicable;2023-04-27;NA
1587;3;1383;MEJORAR LA ACCESIBILIDAD DEL JARDiN DEL TURIA;Toda la ciudad;Toda la ciudad;Particular;4;NO;NO;0;NO;NA;No aplicable;2023-04-27;NA
1697;3;1493;PLAZA RAQUEL PAYA;Toda la ciudad;Toda la ciudad;Particular;2;NO;NO;0;NO;NA;No aplicable;2023-04-27;NA
1741;3;1537;AMPLIACION DE LA AV. PIO BAROJA A LA SALIDA DE LA ROTONDA;Toda la ciudad;Toda la ciudad;Particular;1;NO;NO;0;NO;NA;No aplicable;2023-04-27;NA
1766;3;1562;INSTAL·LACIo HORTS URBANS I PARC AL COSTAT INSTITUT;Toda la ciudad;Toda la ciudad;Particular;1;NO;NO;0;NO;NA;No aplicable;2023-04-27;NA
1815;4;2044;aRBOLES EN PLAZA DE ESPAÑA Y BARRIO DE LA ROQUETA;3;Extramurs;Particular;57;SI;NO;0;NO;NA;No aplicable;2023-04-27;NA
1900;4;2129;INSTALACIoN PARA JOVENES;19;3;Particular;32;SI;NO;0;NO;NA;No aplicable;2023-04-27;NA
1918;4;2147;PROPUESTA MODIFICACIoN DEL CARRIL BICI RONDA NORTE;15;Rascanya;Representante GT;0;SI;SI;364;SI;80000;No aplicable;2023-04-27;NA
2070;4;2299;REURBANIZACIoNYAJARDINAMIENTO ZONA PUERTO;11;Poblats Maritims;Particular;33;SI;NO;0;NO;NA;No aplicable;2023-04-27;NA
2147;4;2376;INSTALACIoN SOLAR EN EL RiO PARA FERIAS;20;No consta;Particular;33;SI;NO;0;NO;NA;No aplicable;2023-04-27;NA
2224;4;2453;PERFORAR LA PISTA DE RUIZ Y COMES PARA EVITAR LAS RIADAS;19;2;Particular;10;NO;NO;0;NO;NA;No aplicable;2023-04-27;NA
2235;4;2464;ZONA PARA PERROS EN CORTS;10;Quatre Carreres;Particular;4;NO;NO;0;NO;NA;No aplicable;2023-04-27;NA
2246;4;2475;AMPLIACIoN Y MEJORA DE ACCESIBILIDAD PEATONAL EN CTRA. D’ALBA. (FAITANAR);19;8;Representante GT;0;SI;SI;63;SI;20342;No aplicable;2023-04-27;NA
2527;5;3215;CARRIL BICI EN CALÇADA. TRAM DE BLASCO IBAÑEZ ENTRE SEVERO OCHOA I DR. MOLINER;Toda la ciudad;Toda la ciudad;Particular;14;NO;NO;0;NO;NA;No aplicable;2023-04-27;NA
2751;5;3439;"Rehabilitacion ""PONT DE SANT JOSEP"" Barri La Zaidia";Toda la ciudad;Toda la ciudad;Particular;16;NO;NO;0;NO;NA;No aplicable;2023-04-27;NA
2825;5;3513;Carril Bici en Gaspar Aguilar;Toda la ciudad;Toda la ciudad;Particular;6;NO;NO;0;NO;NA;No aplicable;2023-04-27;NA
3037;6;4093;Purificadores de aire en centros educativos;13;Algiros;Particular;149;SI;NO;0;NO;NA;No aplicable;2023-04-27;NA
3072;6;4128;Talleres y cursos para ocio y tiempo libre  de todas las edades;18;1;Particular;22;SI;NO;0;NO;NA;No aplicable;2023-04-27;NA
3083;6;4139;Creacion Zona Perros en Jardin Camino Moncada;16;Benicalap;Particular;60;SI;NO;0;NO;NA;No aplicable;2023-04-27;NA
3086;6;4142;PIPICAN;19;1;Particular;33;SI;NO;0;NO;NA;No aplicable;2023-04-27;NA
3095;6;4151;Colocacion  de badenes en la calle Coronacion para control velocidad;18;1;Particular;9;NO;NO;0;NO;NA;No aplicable;2023-04-27;NA
3121;6;4177;Parque y zona verde en el solar de la calle Murta;14;Benimaclet;Particular;261;SI;SI;536;SI;250000;No aplicable;2023-04-27;NA
3149;6;4205;URBANIZACIoN CALLE ESPRONCEDA;18;1;Particular;16;SI;SI;21;NO;290000;No aplicable;2023-04-27;NA
3169;6;4225;Augmentar l'amplaria de les voreres al carrer Dolores Marques;14;Benimaclet;Particular;48;SI;NO;0;NO;NA;No aplicable;2023-04-27;NA
3248;6;4304;Ruta escolar segura Sant Isidre - IES Misericordia;8;Patraix;Particular;53;SI;SI;758;SI;15000;No aplicable;2023-04-27;NA
3250;6;4306;ARBOLADO EN LA CALLE TURIA;3;Extramurs;Particular;62;SI;SI;483;SI;30000;No aplicable;2023-04-27;NA
3264;6;4320;Aparcamiento publico para residentes centro historico del Cabanyal.;11;Poblats Maritims;Particular;35;SI;NO;0;NO;NA;No aplicable;2023-04-27;NA
3368;6;4424;Biblioteca de la Malvarrosa;11;Poblats Maritims;Particular;94;SI;NO;0;NO;NA;No aplicable;2023-04-27;NA
3449;6;4505;CONTENIDORS SOTERRATS A MALILLA;10;Quatre Carreres;Particular;97;SI;SI;302;SI;130000;No aplicable;2023-04-27;NA
3451;6;4507;Instalacion de semaforos en C/. Rio Nervion cruce C/. Rio Segre;16;Benicalap;Particular;15;NO;NO;0;NO;NA;No aplicable;2023-04-27;NA
3464;6;4521;MEJORAR ACCESOS A CARPESA;17;3;Particular;63;SI;NO;0;NO;NA;No aplicable;2023-04-27;NA
3490;6;4547;URGE PARKING ZONA ZAPADORES;2;l'Eixample;Particular;8;NO;NO;0;NO;NA;No aplicable;2023-04-27;NA
3491;6;4548;Reponer arbolado en Calle Isaac Peral;12;Camins al Grau;Particular;10;NO;NO;0;NO;NA;No aplicable;2023-04-27;NA
3521;6;4578;Reducir el ruido de trafico en Cardenal Benlloch;13;Algiros;Particular;51;SI;NO;0;NO;NA;No aplicable;2023-04-27;NA
3524;6;4581;Mejora del parque de las Atarazanas;12;Camins al Grau;Particular;7;NO;NO;0;NO;NA;No aplicable;2023-04-27;NA
3569;6;4626;Ampliar parque de San Isidro con descampado anexo;8;Patraix;Particular;32;SI;NO;0;NO;NA;No aplicable;2023-04-27;NA
3585;6;4642;Mejora calle Democracia (ampliacion aceras, arboles y terrazas);7;l'Olivereta;Particular;36;SI;SI;259;SI;120000;No aplicable;2023-04-27;NA
3668;6;4726;Peatonalizacion entorno Museo Bellas Artes de Valencia;5;la Saidia;Particular;40;SI;NO;0;NO;NA;No aplicable;2023-04-27;NA
3789;6;4849;PEATONALIZACIoN DE LA CALLE JORGE JUAN;2;l'Eixample;Particular;21;NO;NO;0;NO;NA;No aplicable;2023-04-27;NA
3854;6;4915;STREET ART RUZAFA: PROYECTO PARA LOS CONTENEDORES DE VIDRIO;2;l'Eixample;Particular;23;NO;NO;0;NO;NA;No aplicable;2023-04-27;NA
3942;6;5004;poner en valor jardin calle industria (proteccion civil) y la plaza Goerlich;12;Camins al Grau;Particular;21;NO;NO;0;NO;NA;No aplicable;2023-04-27;NA
3984;6;5046;Pavimentacio entrada edifici Les Casotes;19;3;Particular;20;SI;SI;25;NO;17600;No aplicable;2023-04-27;NA
4007;6;5069;Mejoras en carril bici y aceras: puente de Aragon, pza. America y pza. Zaragoza;6;el Pla del Real;Particular;40;SI;SI;169;SI;42068;No aplicable;2023-04-27;NA
4015;6;5077;Comederos y refugios para gatos;14;Benimaclet;Particular;55;SI;SI;357;SI;3400;No aplicable;2023-04-27;NA
4023;6;5085;Regulacion de la carga y descarga para proteger el entorno;2;l'Eixample;Particular;6;NO;NO;0;NO;NA;No aplicable;2023-04-27;NA
4031;6;5093;Autobuses no contaminantes;2;l'Eixample;Particular;10;NO;NO;0;NO;NA;No aplicable;2023-04-27;NA
4065;6;5127;Centro de acogimiento para gatos con necesidades especiales;16;Benicalap;Particular;78;SI;NO;0;NO;NA;No aplicable;2023-04-27;NA
4166;6;5228;CREACIoN CARRIL BICI, MURAL ARTiSTICO INSPIRADOR EN CALLE PEATONAL JOSE DE ORGA;13;Algiros;Particular;38;SI;NO;0;NO;NA;No aplicable;2023-04-27;NA
4499;7;5561;Soterramiento de los contenedores de las basuras en Calle de la Reina;12;Camins al Grau;Particular;5;NO;NO;0;NO;NA;No aplicable;2023-04-27;NA
4567;7;5629;Instituto publico;16;Benicalap;Particular;54;SI;NO;0;NO;NA;No aplicable;2023-04-27;NA
4657;7;5719;Creacion en un descampado o solar una colonia de gatos bien acotada;11;Poblats Maritims;Particular;48;SI;NO;0;NO;NA;No aplicable;2023-04-27;NA
4669;7;5731;jardineras en calle jaca (tramo entre alboraya-almassora);5;la Saidia;Particular;6;NO;NO;0;NO;NA;No aplicable;2023-04-27;NA
4772;7;5834;Parque Rojo - Poner mas columpios y que sean divertidos;15;Rascanya;Particular;8;NO;NO;0;NO;NA;No aplicable;2023-04-27;NA
4787;7;5849;Acondicionamiento y asfaltado Plaza Ascension Chirivella;12;Camins al Grau;Particular;61;SI;SI;450;NO;169000;Sin etiqueta;2023-04-27;NA
4815;7;5877;Conexion conecta;1;Ciutat Vella;Particular;4;NO;NO;0;NO;NA;No aplicable;2023-04-27;NA
4817;7;5879;Parque de niños;13;Algiros;Particular;4;NO;NO;0;NO;NA;No aplicable;2023-04-27;NA
4851;7;5913;Parque canino;13;Algiros;Particular;38;SI;NO;0;NO;NA;No aplicable;2023-04-27;NA
4864;7;5926;Mejora de la isleta entre la C. de la Democracia y el Pº de la Petxina;7;l'Olivereta;Particular;10;NO;NO;0;NO;NA;No aplicable;2023-04-27;NA
4873;7;5935;Juntas de dilatacion calle San Vicente Martir;3;Extramurs;Particular;13;NO;NO;0;NO;NA;No aplicable;2023-04-27;NA
4885;7;5947;Vigilancia y Peatonalizacion efectiva Plaza Maria Beneyto;3;Extramurs;Particular;9;NO;NO;0;NO;NA;No aplicable;2023-04-27;NA
4891;7;5953;Reurbanizacion angel Guimera;3;Extramurs;Particular;10;NO;NO;0;NO;NA;No aplicable;2023-04-27;NA
4922;7;5984;BADENES / RADARES DE VELOCIDAD EN AVENIDA VALLADOLID;14;Benimaclet;Particular;16;NO;NO;0;NO;NA;No aplicable;2023-04-27;NA
4959;7;6021;Acabado de edificios a medio construir para viviendas de alquiler joven.;13;Algiros;Particular;5;NO;NO;0;NO;NA;No aplicable;2023-04-27;NA
3630;6;4687;"Espectaculo teatral de Pamela Palenciano ""No solo duelen los golpes""";18;1;Particular;3;NO;NO;0;NO;NA;No aplicable;2023-04-27;NA
3694;6;4752;Arreglar asfalto primer tramo Calle Mistral;14;Benimaclet;Particular;30;SI;NO;0;NO;NA;No aplicable;2023-04-27;NA
3755;6;4815;Eixamplar la vorera est del carrer Sant Vicent Martir;3;Extramurs;Particular;12;NO;NO;0;NO;NA;No aplicable;2023-04-27;NA
3765;6;4825;Parque perros;13;Algiros;Particular;27;NO;NO;0;NO;NA;No aplicable;2023-04-27;NA
3808;6;4869;Recuperacion de vegetacion en pistas deportivas calle vinaroz;14;Benimaclet;Particular;49;SI;SI;150;NO;100000;No aplicable;2023-04-27;NA
3815;6;4876;Parque para mayores, circuito biosaludable en Jardin avda. blasco ibañez 16;6;el Pla del Real;Particular;34;SI;SI;140;NO;60000;No aplicable;2023-04-27;NA
3902;6;4964;Resalte  para controlar la velocidad en los accesos  al casco urbano;19;1;Particular;22;SI;NO;0;NO;NA;No aplicable;2023-04-27;NA
4066;6;5128;INSTALACIoN PUNTO ALIMENTACIoN COLONIAS FELINAS CARPESA;17;3;Particular;23;SI;SI;6;NO;3000;No aplicable;2023-04-27;NA
4146;6;5208;Biblioteca publica El patronato;17;1;Particular;10;NO;NO;0;NO;NA;No aplicable;2023-04-27;NA
4183;6;5245;ASFALTADO FONOREDUCTOR AVENIDA ARAGON PARA REDUCIR EL RUIDO DEL TRAFICO;6;el Pla del Real;Particular;7;NO;NO;0;NO;NA;No aplicable;2023-04-27;NA
4233;7;5295;Ampliacion Escuela Infantil Municipal Mestra Empar Navarro i Giner;10;Quatre Carreres;Particular;22;NO;NO;0;NO;NA;No aplicable;2023-04-27;NA
4262;7;5324;Abrir la c/ Nador hasta la c/ Almazora;5;la Saidia;Particular;10;NO;NO;0;NO;NA;No aplicable;2023-04-27;NA
4358;7;5420;Biblioteca y espacio de creacion colaborativa junto avenida Maestro Rodrigo;4;Campanar;Particular;81;SI;NO;0;NO;NA;No aplicable;2023-04-27;NA
4359;7;5421;Comunicar calle poeta Fernandez Heredia;5;la Saidia;Particular;12;NO;NO;0;NO;NA;No aplicable;2023-04-27;NA
4404;7;5466;Pistas de petanca en la Plaza de Segovia;9;Jesus;Particular;3;NO;NO;0;NO;NA;No aplicable;2023-04-27;NA
4442;7;5504;Ajardinar terrenos junto al Rastro;11;Poblats Maritims;Particular;7;NO;NO;0;NO;NA;No aplicable;2023-04-27;NA
4531;7;5593;REURBANIZACIoN DE LAS ACERAS Y CALLES DE SAN FRANCISCO DE ASiS Y CARMEN CRESPO;14;Benimaclet;Particular;37;SI;SI;131;NO;312700;Sin etiqueta;2023-04-27;NA
4578;7;5640;Carril bici;19;2;Particular;29;SI;NO;0;NO;NA;No aplicable;2023-04-27;NA
4603;7;5665;Adecuacion solar en calle rio Segre.;16;Benicalap;Particular;20;NO;NO;0;NO;NA;No aplicable;2023-04-27;NA
4665;7;5727;Revisar proyecto parque Avda Juan xxiii;16;Benicalap;Particular;6;NO;NO;0;NO;NA;No aplicable;2023-04-27;NA
4713;7;5775;Ampliacion Parque de La Rambleta;9;Jesus;Particular;34;SI;NO;0;NO;NA;No aplicable;2023-04-27;NA
4778;7;5840;Adecuacion jardin para todos. Plz Jose Mª Gimenez Fayos;16;Benicalap;Particular;16;NO;NO;0;NO;NA;No aplicable;2023-04-27;NA
4879;7;5941;Adecuacion Calle Roteros;1;Ciutat Vella;Particular;10;NO;NO;0;NO;NA;No aplicable;2023-04-27;NA
4894;7;5956;Rehabilitar interseccion Camino de Moncada/Avenida Constitucion;5;la Saidia;Particular;48;SI;NO;0;NO;NA;No aplicable;2023-04-27;NA
4899;7;5961;Cubierta pista de Hockey Sala Instalaciones Tarongers;13;Algiros;Particular;162;SI;SI;190;NO;140000;Sin etiqueta;2023-04-27;NA
5001;7;6063;Mural Chalet Republica;13;Algiros;Particular;2;NO;NO;0;NO;NA;No aplicable;2023-04-27;NA
5024;7;6086;Creacion de un pequeño jardin;16;Benicalap;Particular;16;NO;NO;0;NO;NA;No aplicable;2023-04-27;NA
5099;7;6161;PACIFICAR TRAFICO CL REVERENDO JOSE VALERO;17;3;Particular;20;SI;NO;0;NO;NA;No aplicable;2023-04-27;NA
5148;7;6210;ELIMINAR PLAGA DE PALOMAS en CAMINS AL GRAO;12;Camins al Grau;Particular;70;SI;NO;0;NO;NA;No aplicable;2023-04-27;NA
5236;7;6298;Skatepark de Nivel Medio en Betero;13;Algiros;Particular;48;SI;SI;132;NO;100000;Sin etiqueta;2023-04-27;NA
5348;7;6410;MEJOR PARQUE ZONA PEATONAL (Aben al Abbar 1);12;Camins al Grau;Particular;40;SI;SI;172;NO;520000;Sin etiqueta;2023-04-27;NA
5420;7;6482;ILUMINACION CAMPO DE FUTBOL UD BENICALAP;16;Benicalap;Particular;9;NO;NO;0;NO;NA;No aplicable;2023-04-27;NA
5430;7;6492;Jardin Monteolivete;10;Quatre Carreres;Particular;26;NO;NO;0;NO;NA;No aplicable;2023-04-27;NA
5441;7;6503;Mejora del carril bici en la calle Sant Vicent de Paül;15;Rascanya;Particular;11;NO;NO;0;NO;NA;No aplicable;2023-04-27;NA
5560;7;6622;Mejora de la Instalacion Polideportiva Quatre Carreres de Rugby;10;Quatre Carreres;Particular;78;SI;SI;237;NO;250000;Sin etiqueta;2023-04-27;NA
5600;7;6662;Plaza Segovia, suelo parque infantil;9;Jesus;Particular;7;NO;NO;0;NO;NA;No aplicable;2023-04-27;NA
5631;7;6693;Peatonalitzacio de la plaça de la Mare de Deu de Lepanto;19;2;Particular;23;SI;SI;85;NO;30000;Sin etiqueta;2023-04-27;NA
5640;7;6702;Adecuacion carril bici y ampliacion aceras Artes Graficas (conRodriguez Fornos);6;el Pla del Real;Particular;17;NO;NO;0;NO;NA;No aplicable;2023-04-27;NA
5688;7;6750;Poda de arboles;3;Extramurs;Particular;6;NO;NO;0;NO;NA;No aplicable;2023-04-27;NA
5722;7;6784;PUNTOS DE RECARGA DE VEHiCULOS ELeCTRICOS O HiBRIDOS ENCHUFABLES;3;Extramurs;Particular;10;NO;NO;0;NO;NA;No aplicable;2023-04-27;NA
7;1;2015-00008;NA;8;Patraix;Persona Fisica;0;No aplicable;NO;0;NO;NA;No aplicable;2023-04-27;NA
38;1;2015-00044;NA;15;Rascanya;Persona Juridica;0;No aplicable;SI;13;NO;NA;No aplicable;2023-04-27;NA
53;1;2015-00065;NA;3;Extramurs;Persona Fisica;0;No aplicable;SI;6;NO;NA;No aplicable;2023-04-27;NA
75;1;2015-00098;NA;6;el Pla del Real;Persona Fisica;0;No aplicable;NO;0;NO;NA;No aplicable;2023-04-27;NA
153;1;2015-00190;NA;7;l'Olivereta;Persona Fisica;0;No aplicable;SI;10;NO;NA;No aplicable;2023-04-27;NA
157;1;2015-00194;NA;8;Patraix;Persona Juridica;0;No aplicable;NO;0;NO;NA;No aplicable;2023-04-27;NA
243;1;2015-00290;NA;5;la Saidia;Persona Fisica;0;No aplicable;NO;0;NO;NA;No aplicable;2023-04-27;NA
280;1;2015-00336;NA;5;la Saidia;Persona Fisica;0;No aplicable;NO;0;NO;NA;No aplicable;2023-04-27;NA
301;1;2015-00358;NA;7;l'Olivereta;Persona Juridica;0;No aplicable;NO;0;NO;NA;No aplicable;2023-04-27;NA
467;1;2015-00559;NA;3;Extramurs;Persona Fisica;0;No aplicable;NO;0;NO;NA;No aplicable;2023-04-27;NA
514;1;2016-00009;NA;2;l'Eixample;Persona Juridica;0;No aplicable;SI;23;NO;NA;No aplicable;2023-04-27;NA
580;1;2016-00075;NA;7;l'Olivereta;Persona Juridica;0;No aplicable;SI;22;NO;NA;No aplicable;2023-04-27;NA
664;2;45;ELIMINACIoN DE DOS TAPONES URBANiSTICOS EN BENICALAP;16;Benicalap;Particular;34;SI;NO;0;NO;NA;No aplicable;2023-04-27;NA
707;2;88;Russafa espacio de convivencia vehiculos/personas;2;l'Eixample;Particular;11;NO;NO;0;NO;NA;No aplicable;2023-04-27;NA
802;2;183;Azotea verde ambulatorio benimaclet;14;Benimaclet;Particular;5;NO;NO;0;NO;NA;No aplicable;2023-04-27;NA
889;2;270;AJARDINAMIENTO SOLAR DE CALATRAVA;18;Pobles de l'Oest;Representante GT;106;SI;SI;220;SI;324332;No aplicable;2023-04-27;NA
913;2;294;Itinerari ciclo-peatonal, a Castellar-L’Oliveral.;19;Pobles del Sud;Particular;106;SI;NO;0;NO;NA;No aplicable;2023-04-27;NA
936;2;317;Transformacion mercado de San Pedro Nolasco;5;la Saidia;Representante GT;9;SI;NO;0;NO;NA;No aplicable;2023-04-27;NA
948;2;329;PASO DE PEATONES EN GV FERNANDO EL CAToLICO JUNTO ESQUINA CON DR. PESET CERVERA;3;Extramurs;Representante GT;18;SI;NO;0;NO;NA;No aplicable;2023-04-27;NA
986;2;367;"Carril bici Guillem de Castro - Pont de fusta"" pasando por el centro""";1;Ciutat Vella;Particular;7;NO;NO;0;NO;NA;No aplicable;2023-04-27;NA
988;2;369;Parque Maria Mazzarello;15;Rascanya;Representante GT;45;SI;SI;270;SI;252000;No aplicable;2023-04-27;NA
1041;2;422;Sustitucion farolas Plaza de Vannes (GV Ramon y Cajal);3;Extramurs;Particular;2;NO;NO;0;NO;NA;No aplicable;2023-04-27;NA
1119;2;500;Crear supermanzana en centro historico de Benicalap y aparcamientos perifericos;16;Benicalap;Representante GT;3;SI;NO;0;NO;NA;No aplicable;2023-04-27;NA
1232;3;1022;IL.LUMINACIo SOTA ELS PONTS DEL JARDi DEL TuRIA.;Toda la ciudad;Toda la ciudad;Particular;303;SI;SI;3243;SI;185324;No aplicable;2023-04-27;NA
1343;3;1136;ILUMINACIoN ESCASA AVDA. PIO BAROJA (ZONA CARREFOUR CAMPANAR);Toda la ciudad;Toda la ciudad;Particular;10;NO;NO;0;NO;NA;No aplicable;2023-04-27;NA
1508;3;1301;CONSTRUCCIoN DE UN PABELLoN ENTRE LA AVDA. ALFAHUIR Y LA C. PEÑiSCOLA;Toda la ciudad;Toda la ciudad;Particular;145;SI;SI;400;NO;2500000;No aplicable;2023-04-27;NA
1540;3;1334;AUMENTAR LA DESRATIZACIoN DE VALENCIA;Toda la ciudad;Toda la ciudad;Particular;9;NO;NO;0;NO;NA;No aplicable;2023-04-27;NA
1567;3;1362;CARRIL BICI EN AVENIDA INSTITUTO OBRERO - TOMaS DE MONTAÑANA - MANUEL CANDELA;Toda la ciudad;Toda la ciudad;Particular;8;NO;NO;0;NO;NA;No aplicable;2023-04-27;NA
1598;3;1394;"PEATONALIZACION ZONAS CON ""GORRITAS"" Y ABARROTADAS DE TRaFICO";Toda la ciudad;Toda la ciudad;Particular;0;NO;NO;0;NO;NA;No aplicable;2023-04-27;NA
1632;3;1428;APERTURA DE LA C/ NICOLAU PRIMITIU G. SERRANO BARRIO SAN ISIDRO;Toda la ciudad;Toda la ciudad;Particular;7;NO;NO;0;NO;NA;No aplicable;2023-04-27;NA
1644;3;1440;PISCINAS OLiMPICAS ZONA PUERTO Y CABAÑAL;Toda la ciudad;Toda la ciudad;Particular;5;NO;NO;0;NO;NA;No aplicable;2023-04-27;NA
1684;3;1480;CARRIL BICI EN ELS CARRERS MANUEL CANDELA I TOMaS DE MONTAÑANA FINS AL RIU;Toda la ciudad;Toda la ciudad;Particular;3;NO;NO;0;NO;NA;No aplicable;2023-04-27;NA
1719;3;1515;PASARELA PEATONAL DE MADERA EN CALLE DELFINES PERELLONET;Toda la ciudad;Toda la ciudad;Particular;2;NO;NO;0;NO;NA;No aplicable;2023-04-27;NA
1850;4;2079;SANACIo FORESTAL.;20;No consta;Particular;13;NO;NO;0;NO;NA;No aplicable;2023-04-27;NA
1886;4;2115;ENSANCHE DE LA ACERA Y ARBOLIZACIoN DE LA CALLE CABO JUBI CON CALLE CENTELLES.;2;l'Eixample;Particular;49;SI;SI;77;NO;326700;No aplicable;2023-04-27;NA
1938;4;2167;MODIFICACIoN DE ALTURAS DE ACERAS EN CALLE L´ALGUER;13;Algiros;Representante GT;0;SI;NO;0;NO;NA;No aplicable;2023-04-27;NA
1954;4;2183;FOMENTAR VOCACIONES DE LAS NIÑAS Y VISIBILIZAR LA LABOR CIENTiFICA DE LA MUJER;20;No consta;Particular;16;NO;NO;0;NO;NA;No aplicable;2023-04-27;NA
2078;4;2307;CARRIL BICI EN CALLE SAGUNTO O AVENIDA DE LA CONSTITUCIoN;5;la Saidia;Particular;76;SI;NO;0;NO;NA;No aplicable;2023-04-27;NA
2095;4;2324;EQUIPAMIENTO INFORMaTICO PARA CENTRO JUVENIL;10;Quatre Carreres;Particular;14;NO;NO;0;NO;NA;No aplicable;2023-04-27;NA
2117;4;2346;ENSANCHAR ACERAS QUE QUEDAN PENDIENTES Y REPLANTAR aRBOLES QUE FALTAN (6 A.V.C.);4;Campanar;Representante GT;0;SI;SI;104;NO;100000;No aplicable;2023-04-27;NA
2259;4;2488;REALITZACIo D´UN AVANTPROJECTE PEL PARC DEL CARRER ADOR.;19;2;Representante GT;0;SI;SI;119;SI;38876;No aplicable;2023-04-27;NA
2279;4;2508;MEJORA ACCESOS PEATONALES PUENTE NUEVO CAUCE DEL TURIA JOSe SOTO MICo –LA TORRE;20;No consta;Particular;32;SI;NO;0;NO;NA;No aplicable;2023-04-27;NA
2322;5;3010;PROJECTE DE REHABILITACIo DELS JARDINS DEL REAL;Toda la ciudad;Toda la ciudad;Ayuntamiento;169;NO;NO;0;NO;NA;No aplicable;2023-04-27;NA
2433;5;3121;Creacion de plazas de aparcamiento para coches;Toda la ciudad;Toda la ciudad;Particular;78;NO;NO;0;NO;NA;No aplicable;2023-04-27;NA
2436;5;3124;Parking publico de bicis en Sant Isidre;Toda la ciudad;Toda la ciudad;Particular;12;NO;NO;0;NO;NA;No aplicable;2023-04-27;NA
2519;5;3207;PONER NOMBRE A UNA PLAZA;Toda la ciudad;Toda la ciudad;Particular;5;NO;NO;0;NO;NA;No aplicable;2023-04-27;NA
2561;5;3249;Huertos urbanos en Benimamet;Toda la ciudad;Toda la ciudad;Particular;11;NO;NO;0;NO;NA;No aplicable;2023-04-27;NA
2678;5;3366;Reurbanizacion C/ conde Lumiares desde la JM de distrito hasta Ronda norte;Toda la ciudad;Toda la ciudad;Particular;10;NO;NO;0;NO;NA;No aplicable;2023-04-27;NA
2695;5;3383;Colocacion bolardos en aceras del cruce de las calles Leones y Poeta Mas y Ros;Toda la ciudad;Toda la ciudad;Particular;2;NO;NO;0;NO;NA;No aplicable;2023-04-27;NA
2730;5;3418;BARRERAS ANTI SONIDO EN PINEDO;Toda la ciudad;Toda la ciudad;Particular;7;NO;NO;0;NO;NA;No aplicable;2023-04-27;NA
2731;5;3419;Iluminar Monumentos con Leds de COLOR;Toda la ciudad;Toda la ciudad;Particular;6;NO;NO;0;NO;NA;No aplicable;2023-04-27;NA
2762;5;3450;URBANIZACIoN DEL ANTIGUO BARRIO DE LA FIGUERA (c/ PADRE DIEGO MIRoN);Toda la ciudad;Toda la ciudad;Particular;11;NO;NO;0;NO;NA;No aplicable;2023-04-27;NA
2765;5;3453;Polideportivo en La torre;Toda la ciudad;Toda la ciudad;Particular;87;NO;NO;0;NO;NA;No aplicable;2023-04-27;NA
2780;5;3468;CAMINO DE MADERA ACCESO DESDE ZONA DEVESA A PLAYA GARROFERA;Toda la ciudad;Toda la ciudad;Particular;62;NO;NO;0;NO;NA;No aplicable;2023-04-27;NA
2784;5;3472;Creacion parque infantil escoleta massarrojos;Toda la ciudad;Toda la ciudad;Particular;11;NO;NO;0;NO;NA;No aplicable;2023-04-27;NA
2871;5;3560;Rehabilitacion de la antigua estacion de Nazaret para uso cultural;Toda la ciudad;Toda la ciudad;Particular;104;SI;NO;0;NO;NA;No aplicable;2023-04-27;NA
2917;5;3606;Crear un mercado en Benimaclet;Toda la ciudad;Toda la ciudad;Particular;25;NO;NO;0;NO;NA;No aplicable;2023-04-27;NA
2945;6;4001;Carril Bici calle Humanista Furio (cerca Parque Ayora);12;Camins al Grau;Particular;53;SI;SI;158;NO;120000;No aplicable;2023-04-27;NA
3015;6;4071;LA UNIVERSIDAD POPULAR EN LA PLAZA FEDERICO MAYO.;12;Camins al Grau;Particular;49;SI;NO;0;NO;NA;No aplicable;2023-04-27;NA
3031;6;4087;ADECENTAR LOS PARQUES DE LAS PLAZAS DOCTOR TORRENS Y PEDAGOGO PESTALOZZI;10;Quatre Carreres;Particular;50;SI;SI;139;NO;110000;No aplicable;2023-04-27;NA
3074;6;4130;Aparcabicis y patinentes dentro de los colegios;12;Camins al Grau;Particular;75;SI;NO;0;NO;NA;No aplicable;2023-04-27;NA
3089;6;4145;Paso de Peatones central en Blasco Ibañez;13;Algiros;Particular;121;SI;NO;0;NO;NA;No aplicable;2023-04-27;NA
3107;6;4163;Eliminar carril bici en la Calle Colon;2;l'Eixample;Particular;140;SI;NO;0;NO;NA;No aplicable;2023-04-27;NA
3110;6;4166;Finalitzar parc Peris i Valero - Fonteta de Sant Lluis;10;Quatre Carreres;Representante GT;0;SI;NO;0;NO;NA;No aplicable;2023-04-27;NA
3134;6;4190;REDUCTORS DE VELOCITAT SOBREELEVATS D'OBRA EN DIVERSOS CARRERS;17;6;Particular;35;SI;SI;75;SI;43114;No aplicable;2023-04-27;NA
3144;6;4200;COMPRA DE EDIFICIO EN CALLE PENYETES 5 PARA USO MULTICULTURAL;18;1;Particular;21;SI;NO;0;NO;NA;No aplicable;2023-04-27;NA
3175;6;4231;AJARDINAR EL TRAMO DEL TALUD DEL TREN DE CERCANIAS A SU PASO POR SANT ISIDRO;8;Patraix;Particular;32;SI;NO;0;NO;NA;No aplicable;2023-04-27;NA
3193;6;4249;Mejora integral de la movilidad en Benicalap: aceras, bus, parking y bicis;16;Benicalap;Particular;102;SI;NO;0;NO;NA;No aplicable;2023-04-27;NA
3220;6;4276;Carril bici pel carrer Iecla / Yecla;13;Algiros;Particular;89;SI;SI;172;NO;330000;No aplicable;2023-04-27;NA
3245;6;4301;ASFALTADO DESCAMPADO PADRE TOMAS DE MONTAÑANA/ASTURIAS/LEBON;12;Camins al Grau;Particular;31;SI;NO;0;NO;NA;No aplicable;2023-04-27;NA
3263;6;4319;Reducir Zona Azul de la Avenida Del Cid;7;l'Olivereta;Particular;32;SI;NO;0;NO;NA;No aplicable;2023-04-27;NA
3302;6;4358;APARCA-BICICLETAS en la BIBLIOTECA MARTi GADEA;10;Quatre Carreres;Particular;30;SI;NO;0;NO;NA;No aplicable;2023-04-27;NA
3314;6;4370;CALLE ALTA ESPACIO SEGURO y VERDE;1;Ciutat Vella;Particular;37;SI;NO;0;NO;NA;No aplicable;2023-04-27;NA
3359;6;4415;SOTERRAMIENTO DE CONTENEDORES;7;l'Olivereta;Particular;14;NO;NO;0;NO;NA;No aplicable;2023-04-27;NA
3375;6;4431;LIMPIEZA BARRIO MALVA-ROSA Y PIPI-CANES  (OBLIGATORIOS PARA MASCOTAS);11;Poblats Maritims;Particular;30;SI;NO;0;NO;NA;No aplicable;2023-04-27;NA
3398;6;4454;Evitar embotellamiento en calle San Vicente de Paul con 2 carriles para vehiculo;15;Rascanya;Particular;55;SI;NO;0;NO;NA;No aplicable;2023-04-27;NA
3403;6;4459;Carril Bici en calle Gibraltar;2;l'Eixample;Particular;5;NO;NO;0;NO;NA;No aplicable;2023-04-27;NA
3429;6;4485;ILUMINACIoN  CAMPO MUNICIPAL EN PLAZA MIQUEL ADLERT NOGUEROL (BARRIO DE LA LUZ);7;l'Olivereta;Particular;44;SI;SI;122;NO;80000;No aplicable;2023-04-27;NA
3458;6;4514;ADECUACION CALLE CASTIELFABIB (ALTURA Nº 2);4;Campanar;Particular;15;NO;NO;0;NO;NA;No aplicable;2023-04-27;NA
3478;6;4535;ENLLUMENAT CARRER MARIANO CUBER;11;Poblats Maritims;Particular;19;NO;NO;0;NO;NA;No aplicable;2023-04-27;NA
3557;6;4614;Que ciclomotores o motocicletas de hasta 125cc puedan circular por el Carril Bus;2;l'Eixample;Particular;39;SI;NO;0;NO;NA;No aplicable;2023-04-27;NA
3565;6;4622;Adecuar sala usos multiples antiguo colegio.;19;6;Particular;18;SI;NO;0;NO;NA;No aplicable;2023-04-27;NA
3578;6;4635;Dignificacion Calle Sagunto;5;la Saidia;Particular;19;NO;NO;0;NO;NA;No aplicable;2023-04-27;NA
3592;6;4649;REFORMAR EL ANFITEATRO DEL PARQUE DE BENICALAP;16;Benicalap;Particular;67;SI;NO;0;NO;NA;No aplicable;2023-04-27;NA
3598;6;4655;Modernitzacio i renovacio de la sala d’estudi de Les Casotes;19;3;Particular;30;SI;SI;32;NO;14000;No aplicable;2023-04-27;NA
3602;6;4659;Contenedores de basura subterraneos.;19;3;Particular;32;SI;NO;0;NO;NA;No aplicable;2023-04-27;NA
3666;6;4724;Recinte poliesportiu accessible per a tot el poble;19;3;Particular;30;SI;NO;0;NO;NA;No aplicable;2023-04-27;NA
3689;6;4747;Pista patinaje, velodromo y atletismo;19;8;Particular;19;SI;NO;0;NO;NA;No aplicable;2023-04-27;NA
3704;6;4762;Crear arbolada que tape y minimice el ruido que genera la CV-400;19;8;Particular;22;SI;NO;0;NO;NA;No aplicable;2023-04-27;NA
3811;6;4872;PEATONALIZAR TRAMO DE LA CALLE JESUS (DE GUILLEM DE CASTRO A RAMoN Y CAJAL);3;Extramurs;Particular;13;NO;NO;0;NO;NA;No aplicable;2023-04-27;NA
3825;6;4886;PARQUE INFANTIL;14;Benimaclet;Particular;45;SI;NO;0;NO;NA;No aplicable;2023-04-27;NA
3834;6;4895;Mejora de iluminacion en Ruzafa;2;l'Eixample;Particular;19;NO;NO;0;NO;NA;No aplicable;2023-04-27;NA
3835;6;4896;Peatonalizar el entorno de las Torres de Serranos;1;Ciutat Vella;Particular;34;SI;SI;180;SI;60000;No aplicable;2023-04-27;NA
3844;6;4905;REDACCIo DEL PROJECTE DE REHABILITACIo DEL PATRONAT A BENIFARAIG;17;1;Particular;30;SI;SI;119;SI;68706;No aplicable;2023-04-27;NA
3856;6;4917;Obrir el C/Ministre Lluis Mayans a l’altura d’Argenter Suarez;5;la Saidia;Particular;3;NO;NO;0;NO;NA;No aplicable;2023-04-27;NA
3873;6;4935;BOLARDOS ANTI-ATROPELLOS;4;Campanar;Particular;11;NO;NO;0;NO;NA;No aplicable;2023-04-27;NA
3893;6;4955;centro deportivo;13;Algiros;Particular;39;SI;NO;0;NO;NA;No aplicable;2023-04-27;NA
3899;6;4961;PEATONALIZACIoN, PACIFICACIoN TRaFICO (Y AMPLIACIoN PATIO) CEIP VICENTE GAOS;13;Algiros;Particular;33;SI;SI;69;NO;390000;No aplicable;2023-04-27;NA
3914;6;4976;Habilitacio provisional aparcament al descampat ubicat entre Beato Juan Grande..;11;Poblats Maritims;Particular;41;SI;NO;0;NO;NA;No aplicable;2023-04-27;NA
4081;6;5143;Casetas de alimentacion y refugios en las colonias;15;Rascanya;Particular;10;NO;NO;0;NO;NA;No aplicable;2023-04-27;NA
4155;6;5217;Instalacion de refilling stations (fuentes de agua inteligentes).;10;Quatre Carreres;Particular;27;NO;NO;0;NO;NA;No aplicable;2023-04-27;NA
4157;6;5219;Aparcaments per bici en el entorn del Institut Serpis/Plaça Jose Mª Orense;12;Camins al Grau;Particular;3;NO;NO;0;NO;NA;No aplicable;2023-04-27;NA
4175;6;5237;Crear un eje verde en la avenida Ingeniero Manuel Soto;11;Poblats Maritims;Particular;31;SI;SI;213;SI;150000;No aplicable;2023-04-27;NA
4180;6;5242;CASA CULTURA ALS BARRiS MARINERS;11;Poblats Maritims;Particular;65;SI;NO;0;NO;NA;No aplicable;2023-04-27;NA
4184;6;5246;Transformacio del pati de l'escola CEIP ALEJANDRA SOLER DE RUSSAFA;2;l'Eixample;Particular;134;SI;NO;0;NO;NA;No aplicable;2023-04-27;NA
4195;6;5257;Mejora del Puente Amarillo de metal del cauce entre Manuel de Falla y Petxina;4;Campanar;Particular;10;NO;NO;0;NO;NA;No aplicable;2023-04-27;NA
4216;6;5278;Ampliacion de campo de futbol 8 a futbol 11,  en la calle Del Rio Segre.;16;Benicalap;Particular;76;SI;NO;0;NO;NA;No aplicable;2023-04-27;NA
4253;7;5315;Reforma y ampliacion aceras C/ Maximiliano Thous;5;la Saidia;Particular;44;SI;SI;641;SI;30000;Con etiqueta;2023-04-27;NA
4288;7;5350;Arbolado en Maestro Rodrigo;4;Campanar;Particular;22;NO;NO;0;NO;NA;No aplicable;2023-04-27;NA
4294;7;5356;Renovar alumbrado en Carrer de Molinell;5;la Saidia;Particular;32;SI;NO;0;NO;95000;No aplicable;2023-04-27;NA
4345;7;5407;Nueva sala de estudios para Russafa;2;l'Eixample;Particular;32;SI;NO;0;NO;NA;No aplicable;2023-04-27;NA
4400;7;5462;Biblioteca;19;3;Particular;35;SI;NO;0;NO;NA;No aplicable;2023-04-27;NA
4440;7;5502;Desmontaje del dique de abrigo de la ampliacion norte del Puerto de Valencia;11;Poblats Maritims;Particular;8;NO;NO;0;NO;NA;No aplicable;2023-04-27;NA
4579;7;5641;Terminar jardin en Carrer Fra Juripero Serra;8;Patraix;Particular;34;SI;NO;0;NO;NA;No aplicable;2023-04-27;NA
4585;7;5647;Pasarela de Filipinas;2;l'Eixample;Particular;0;NO;NO;0;NO;NA;No aplicable;2023-04-27;NA
4681;7;5743;Carril bici Av. Cardenal Benlloch;12;Camins al Grau;Particular;20;NO;NO;0;NO;NA;No aplicable;2023-04-27;NA
4695;7;5757;Ampliar la acera de la calle Hermanos Rivas;7;l'Olivereta;Particular;54;SI;NO;0;NO;NA;No aplicable;2023-04-27;NA
4718;7;5780;Solar calle litografo pascual abad con calle pedrones;9;Jesus;Particular;16;NO;NO;0;NO;NA;No aplicable;2023-04-27;NA
4750;7;5812;Realizar parque infantil y aparcamiento publico en la calle Nicolau Primitiu;8;Patraix;Particular;32;SI;NO;0;NO;NA;No aplicable;2023-04-27;NA
4844;7;5906;Eliminar trafico de drogas y prostitucion en Avenida del Oeste.;1;Ciutat Vella;Particular;58;SI;NO;0;NO;NA;No aplicable;2023-04-27;NA
4853;7;5915;CALLE MOLINELL BADENES PASOS DE PEAOTES PELIGROSOS NIÑOS;5;la Saidia;Particular;19;NO;NO;0;NO;NA;No aplicable;2023-04-27;NA
4896;7;5958;COLOCACIoN DE BADENES A LA SALIDA DEL TuNEL DE aNGEL GUIMERa;3;Extramurs;Particular;4;NO;NO;0;NO;NA;No aplicable;2023-04-27;NA
4918;7;5980;arreglar carril bici en la zona del edificio de la joroba de blasco ibañez;11;Poblats Maritims;Particular;3;NO;NO;0;NO;NA;No aplicable;2023-04-27;NA
4927;7;5989;Energia solar;11;Poblats Maritims;Particular;7;NO;NO;0;NO;NA;No aplicable;2023-04-27;NA
4941;7;6003;Arreglo descampado Avd. Maestro Rodrigo donde se realizan las mascletas.;4;Campanar;Particular;32;SI;SI;314;NO;180000;Sin etiqueta;2023-04-27;NA
4998;7;6060;Implementacion de Zona Verde de aparcamiento en La Roqueta;3;Extramurs;Particular;20;NO;NO;0;NO;NA;No aplicable;2023-04-27;NA
5022;7;6084;Parque infantil junto al colegio y la iglesia;19;7;Particular;24;SI;NO;0;NO;NA;No aplicable;2023-04-27;NA
5110;7;6172;Eliminar bordillo separador carril bus calle Escultor Jose Capuz;10;Quatre Carreres;Particular;2;NO;NO;0;NO;NA;No aplicable;2023-04-27;NA
5114;7;6176;Aparcamiento para bicis;5;la Saidia;Particular;1;NO;NO;0;NO;NA;No aplicable;2023-04-27;NA
5151;7;6213;Calle Almudaina. Arreglar acera, plantar arboles y sustituir farolas.;9;Jesus;Particular;33;SI;NO;0;NO;NA;No aplicable;2023-04-27;NA
5153;7;6215;ADECUACIoN DE LAS DUCHAS Y ACCESOS EN LA PLAYA DE EL SALER.;19;4;Particular;20;SI;SI;47;NO;9000;Sin etiqueta;2023-04-27;NA
5170;7;6232;Parque para Perros en Borboto;17;7;Particular;5;NO;NO;0;NO;NA;No aplicable;2023-04-27;NA
5228;7;6290;Nueva megafonia para el Mercado de Ruzafa;2;l'Eixample;Representante GT;0;SI;NO;0;NO;NA;No aplicable;2023-04-27;NA
5253;7;6315;PARQUE PERROS - Vallado del area de socializacion de perros junto a MediaMarkt.;4;Campanar;Particular;11;NO;NO;0;NO;NA;No aplicable;2023-04-27;NA
5292;7;6354;Un jardi al solar de Mossen Sorell - Dalt- Corona;1;Ciutat Vella;Particular;84;SI;NO;0;NO;NA;No aplicable;2023-04-27;NA
5315;7;6377;AMPLIACIoN ACERAS CL.SAN FRANCISCO DE BORJA-JESuS;3;Extramurs;Representante GT;0;SI;SI;265;NO;24200;Sin etiqueta;2023-04-27;NA
5340;7;6402;Rehabilitacio perimetral de la façana de l'edifici municipal El Patronato;17;1;Particular;67;SI;NO;0;NO;NA;No aplicable;2023-04-27;NA
5524;7;6586;Ampliacion parque Nuevo Malilla;10;Quatre Carreres;Particular;63;SI;NO;0;NO;NA;No aplicable;2023-04-27;NA
5736;7;6798;Mejora movilidad en Barrio Albors;12;Camins al Grau;Particular;34;SI;NO;0;NO;NA;No aplicable;2023-04-27;NA
2525;5;3213;Adquisicion de escenario para actividades culturales en Benifaraig;Toda la ciudad;Toda la ciudad;Particular;56;NO;NO;0;NO;NA;No aplicable;2023-04-27;NA
2823;5;3511;SOLICITUD DE PARARRAYOS EN URBANIZACIONES DE MASARROCHOS;Toda la ciudad;Toda la ciudad;Particular;6;NO;NO;0;NO;NA;No aplicable;2023-04-27;NA
3181;6;4237;Pistas deportivas y zona de recreo.;11;Poblats Maritims;Particular;39;SI;NO;0;NO;NA;No aplicable;2023-04-27;NA
3223;6;4279;Espacios Verdes y zonas infantiles;2;l'Eixample;Particular;41;SI;NO;0;NO;NA;No aplicable;2023-04-27;NA
3230;6;4286;arboles  vivos en alcorques;11;Poblats Maritims;Particular;25;NO;NO;0;NO;NA;No aplicable;2023-04-27;NA
3273;6;4329;Ampliacion de Acera Avenida nou d'octubre (enfrete conselleries);7;l'Olivereta;Particular;22;NO;NO;0;NO;NA;No aplicable;2023-04-27;NA
3519;6;4576;Pista outdoor baloncesto Favara/ Safranar;8;Patraix;Particular;35;SI;SI;413;NO;80000;No aplicable;2023-04-27;NA
3638;6;4695;Parque de perros en calle Miguel Servet;4;Campanar;Particular;12;NO;NO;0;NO;NA;No aplicable;2023-04-27;NA
3663;6;4721;RESIDENCIA DE ANCIANOS;5;la Saidia;Particular;6;NO;NO;0;NO;NA;No aplicable;2023-04-27;NA
3713;6;4771;CAMPAÑA CONCIENCIACION PARQUES LIMPIOS SIN ORINES NI EXCREMENTOS,;8;Patraix;Particular;32;SI;NO;0;NO;NA;No aplicable;2023-04-27;NA
3809;6;4870;Iluminacion y cambio arbolado en la la calle Escultor Vicente Rodilla;8;Patraix;Particular;43;SI;SI;124;NO;209000;No aplicable;2023-04-27;NA
3827;6;4888;HABILATACIoN DEL SOLAR DE LAS ANTIGUAS COCHERAS DE LA EMT;12;Camins al Grau;Particular;14;NO;NO;0;NO;NA;No aplicable;2023-04-27;NA
4054;6;5116;PUNTOS DE ALIMENTACIoN EN COLONIAS FELINAS URBANAS;3;Extramurs;Particular;45;SI;SI;365;SI;3400;No aplicable;2023-04-27;NA
4133;6;5195;Peatonalizar el entorno del Palacio de la Exposicion;6;el Pla del Real;Particular;6;NO;NO;0;NO;NA;No aplicable;2023-04-27;NA
4172;6;5234;Quitar pasarelas;10;Quatre Carreres;Ayuntamiento en rep. GT;0;SI;SI;24;NO;495000;No aplicable;2023-04-27;NA
4361;7;5423;Rails en les escales del riu per pujar/baixar bicicletes i patinets;3;Extramurs;Particular;3;NO;NO;0;NO;NA;No aplicable;2023-04-27;NA
4432;7;5494;Calle de doble sentido;4;Campanar;Particular;2;NO;NO;0;NO;NA;No aplicable;2023-04-27;NA
4450;7;5512;Puesta en valor del Solar detras del Museo Fallero;10;Quatre Carreres;Particular;10;NO;NO;0;NO;NA;No aplicable;2023-04-27;NA
4462;7;5524;Pagina Web Propia - Biblioteca Serrano Morales;1;Ciutat Vella;Particular;39;SI;NO;0;NO;NA;No aplicable;2023-04-27;NA
4519;7;5581;Ampliacion polideportivo Quatre Carreres + Zonas verdes;10;Quatre Carreres;Particular;77;SI;NO;0;NO;NA;No aplicable;2023-04-27;NA
4581;7;5643;Fibra optica;19;3;Particular;31;SI;NO;0;NO;NA;No aplicable;2023-04-27;NA
4617;7;5679;Pipican Devesa;19;4;Particular;2;NO;NO;0;NO;NA;No aplicable;2023-04-27;NA
4676;7;5738;Creacion Piscina municipal solar Sanchez Coello / Joan Mercader;11;Poblats Maritims;Particular;31;SI;NO;0;NO;NA;No aplicable;2023-04-27;NA
4678;7;5740;Equipamiento casetas para gatos en colonias felinas;12;Camins al Grau;Particular;84;SI;SI;613;SI;3000;Sin etiqueta;2023-04-27;NA
4733;7;5795;Zonas de socializacion canina;16;Benicalap;Particular;5;NO;NO;0;NO;NA;No aplicable;2023-04-27;NA
4836;7;5898;PABELLoN BENICALAP SUR, CREAR CUATRO PISTAS DE VOLEIBOL.;16;Benicalap;Particular;79;SI;NO;0;NO;NA;No aplicable;2023-04-27;NA
4909;7;5971;Paso de cebra Guillem de Castro a la altura del IVAM;3;Extramurs;Particular;4;NO;NO;0;NO;NA;No aplicable;2023-04-27;NA
4923;7;5985;Reasfaltado Calle Santa Rosa;6;el Pla del Real;Particular;8;NO;NO;0;NO;NA;No aplicable;2023-04-27;NA
5066;7;6128;DUPLICAR LA FRECUENCIA DEL TRANSPORTE PuBLICO;11;Poblats Maritims;Particular;23;NO;NO;0;NO;NA;No aplicable;2023-04-27;NA
5173;7;6235;Continuidad eje Gran Via Fdo Catolico (angel Guimera - Calle Cuenca);3;Extramurs;Particular;23;NO;NO;0;NO;NA;No aplicable;2023-04-27;NA
5182;7;6244;Colocar una valla metalica en la entrada del callejon Malabuche;3;Extramurs;Representante GT;0;SI;NO;0;NO;NA;No aplicable;2023-04-27;NA
5442;7;6504;Ampliacion zona recreativa infantil en Vivers;5;la Saidia;Particular;37;SI;SI;123;NO;350000;Sin etiqueta;2023-04-27;NA
5546;7;6608;Tratamiento y exterminacion de procesionaria de los pinos del CEIP Benifaraig;17;1;Particular;57;SI;NO;0;NO;NA;No aplicable;2023-04-27;NA
5569;7;6631;Remodelacion Jardin de plaza Escultor Ricart Boix;8;Patraix;Particular;16;NO;NO;0;NO;NA;No aplicable;2023-04-27;NA
5629;7;6691;Millora enllumenat del barri;19;2;Particular;23;SI;SI;131;SI;170000;Sin etiqueta;2023-04-27;NA
5664;7;6726;CAMPO LA EXPOSICIoN ( CAUCE RIO TURIA);6;el Pla del Real;Particular;54;SI;SI;178;SI;277127;Sin etiqueta;2023-04-27;NA
5683;7;6745;FONT LuDICA;18;1;Representante GT;0;SI;SI;90;NO;330000;Sin etiqueta;2023-04-27;NA
5698;7;6760;Nuevo espacio Soriano Benlloch con parque infantil grande.Actualmente abandonado;18;1;Particular;21;SI;SI;246;SI;21000;Con etiqueta;2023-04-27;NA
5795;7;6857;INSTALACIoN DE FUENTES DE AGUA FILTRADA Y REFRIGERADA;17;1;Ayuntamiento;0;SI;SI;29;SI;42523;Con etiqueta;2023-04-27;NA
16;1;2015-00019;NA;13;Algiros;Persona Fisica;0;No aplicable;NO;0;NO;NA;No aplicable;2023-04-27;NA
81;1;2015-00109;NA;7;l'Olivereta;Persona Fisica;0;No aplicable;NO;0;NO;NA;No aplicable;2023-04-27;NA
195;1;2015-00238;NA;1;Ciutat Vella;Persona Juridica;0;No aplicable;NO;0;NO;NA;No aplicable;2023-04-27;NA
268;1;2015-00320;NA;3;Extramurs;Persona Fisica;0;No aplicable;NO;0;NO;NA;No aplicable;2023-04-27;NA
361;1;2015-00424;NA;14;Benimaclet;Persona Fisica;0;No aplicable;NO;0;NO;NA;No aplicable;2023-04-27;NA
615;1;2016-00111;Propuesta ayuntamiento. Implemento seguridad pasos peatones y personas con movilidad reducida;13;Algiros;Persona Juridica;0;No aplicable;SI;51;SI;8000;No aplicable;2023-04-27;NA
663;2;44;Carril Bici por Padre Tomas de Montañana entre Av.Port y Av.Francia;12;Camins al Grau;Particular;40;SI;NO;0;NO;NA;No aplicable;2023-04-27;NA
708;2;89;Espai d'oci intergeneracional a l'aire lliure a la plaça de la Botja (Velluters);1;Ciutat Vella;Particular;46;SI;NO;0;NO;NA;No aplicable;2023-04-27;NA
711;2;92;Rehabilitacion y peatonalizacion entorno mercado municipal San Pedro Nolasco I;5;la Saidia;Particular;30;SI;SI;116;NO;105000;No aplicable;2023-04-27;NA
737;2;118;Proteccion del carril bici - Calle General Urrutia;10;Quatre Carreres;Particular;7;NO;NO;0;NO;NA;No aplicable;2023-04-27;NA
751;2;132;Podar las palmeras del jardin Albocasser/Poeta Altet;14;Benimaclet;Particular;6;NO;NO;0;NO;NA;No aplicable;2023-04-27;NA
760;2;141;Vayado alto con puerta en jardin c/filipinas para perros;2;l'Eixample;Particular;3;NO;NO;0;NO;NA;No aplicable;2023-04-27;NA
787;2;168;Paso de cebra en el cruce de Pedro Aleixandre con calle Granada;10;Quatre Carreres;Particular;33;SI;NO;0;NO;NA;No aplicable;2023-04-27;NA
849;2;230;MEJORAR LA COMUNICACIoN CONTRANSPORTE PuBLICO ENTRE PATRAIX Y MALILLA;8;Patraix;Particular;9;NO;NO;0;NO;NA;No aplicable;2023-04-27;NA
876;2;257;REURBANIZACION Y AJARDINAMIENTO ZONA PUERTO;11;Poblats Maritims;Particular;10;NO;NO;0;NO;NA;No aplicable;2023-04-27;NA
901;2;282;CREACIo D'UNA ZONA D'OCI INTERGENERACIONAL EN UN SOLAR DE LA PLAÇA DE LA BOTXA;1;Ciutat Vella;Representante GT;21;SI;NO;0;NO;NA;No aplicable;2023-04-27;NA
911;2;292;Carril Bici pintura de Bordillos y aceras;7;l'Olivereta;Representante GT;3;SI;NO;0;NO;NA;No aplicable;2023-04-27;NA
979;2;360;Renovacio d'accesos al recinte de l'escola;16;Benicalap;Particular;39;SI;NO;0;NO;NA;No aplicable;2023-04-27;NA
1002;2;383;MEJORA DEL JARDIN DEL PARQUE DEL CAMINO DE MONCADA;16;Benicalap;Representante GT;91;SI;NO;0;NO;NA;No aplicable;2023-04-27;NA
1020;2;401;INSTALACIoN DE CASETAS PARA LA RECUPERACIoN DE LOS MURCIeLAGOS;19;Pobles del Sud;Representante GT;9;SI;NO;0;NO;NA;No aplicable;2023-04-27;NA
1036;2;417;PARQUE BIOSALUDABLE Y NUEVA PETANCA EN PARQUE  DE AVENIDA TRES CRUCES 77.;8;Patraix;Particular;37;SI;SI;548;SI;15000;No aplicable;2023-04-27;NA
1066;2;447;CAMBIO DE DIFUSORES EN FAROLAS;10;Quatre Carreres;Particular;31;SI;SI;286;SI;43047;No aplicable;2023-04-27;NA
1100;2;481;Adecuacion del solar entre C/Mistral, C/Lliri Blau y Avda. Valladolid;14;Benimaclet;Particular;9;NO;NO;0;NO;NA;No aplicable;2023-04-27;NA
1107;2;488;Reduccion velocidad de trafico en La Carretera de la Font d'en Corts;10;Quatre Carreres;Particular;3;NO;NO;0;NO;NA;No aplicable;2023-04-27;NA
1155;2;536;Prolongacion Acera Frente al colegio de la Fonteta.;10;Quatre Carreres;Representante GT;1;SI;NO;0;NO;NA;No aplicable;2023-04-27;NA
1181;2;562;Construccion de un Co-working industrial;11;Poblats Maritims;Particular;27;NO;NO;0;NO;NA;No aplicable;2023-04-27;NA
1258;3;1049;BENIMAMET: AMPLIAR ACERA DOCTOR SORIANO;Toda la ciudad;Toda la ciudad;Particular;11;NO;NO;0;NO;NA;No aplicable;2023-04-27;NA
1264;3;1056;MEJORA SEGURIDAD VIAL JAUME ROIG;Toda la ciudad;Toda la ciudad;Particular;1;NO;NO;0;NO;NA;No aplicable;2023-04-27;NA
1339;3;1132;CoDIGO DE CIRCULACIoN BICICLETAS;Toda la ciudad;Toda la ciudad;Particular;43;NO;NO;0;NO;NA;No aplicable;2023-04-27;NA
1352;3;1145;PARQUE INFANTIL EN GRAN ViA MARQUeS DEL TURIA;Toda la ciudad;Toda la ciudad;Particular;10;NO;NO;0;NO;NA;No aplicable;2023-04-27;NA
1379;3;1172;NOUS PASOS DE PEATONS A LA GRAN VIA FERRAN EL CAToLIC;Toda la ciudad;Toda la ciudad;Particular;14;NO;NO;0;NO;NA;No aplicable;2023-04-27;NA
1397;3;1190;SACRIFICIO 0 PARA ANIMALES DE COMPAÑIA;Toda la ciudad;Toda la ciudad;Particular;62;NO;NO;0;NO;NA;No aplicable;2023-04-27;NA
1414;3;1207;AMPLIACION ACERAS CALLE ARCIPRESTE VICENTE GALLART;Toda la ciudad;Toda la ciudad;Particular;2;NO;NO;0;NO;NA;No aplicable;2023-04-27;NA
1421;3;1214;AiLLAMENT DEL PARC DEL CARRER ALQUERiES DE BELLVER;Toda la ciudad;Toda la ciudad;Particular;4;NO;NO;0;NO;NA;No aplicable;2023-04-27;NA
1568;3;1363;VALLADO DE ZONA PARA PERROS EN EL PARQUE DE ORRIOLS;Toda la ciudad;Toda la ciudad;Particular;48;NO;NO;0;NO;NA;No aplicable;2023-04-27;NA
1579;3;1375;PUESTOS PARA RECARGA DE VEHiCULOS ELeCTRICOS EN PLAZAS DE ESTACIONAMIENTO PuBLIC;Toda la ciudad;Toda la ciudad;Particular;3;NO;NO;0;NO;NA;No aplicable;2023-04-27;NA
1769;3;1565;PEATONALITZAR Y CREAR UN ESPAI  INFANTIL EN LA PLAÇA BARoN DE CORTeS;Toda la ciudad;Toda la ciudad;Particular;0;NO;NO;0;NO;NA;No aplicable;2023-04-27;NA
1806;4;2035;FINALIZACIoN DE LA REURBANIZACIoN EN RUZAFA;2;l'Eixample;Particular;56;SI;SI;74;NO;274882;No aplicable;2023-04-27;NA
1942;4;2171;PARQUE DE CALISTENIA/STREET WORKOUT;7;l'Olivereta;Representante GT;0;SI;SI;156;SI;60000;No aplicable;2023-04-27;NA
1956;4;2185;MEJORA DE LA MOVILIDAD EN GOLA DE PUJOL;19;4;Particular;19;SI;SI;12;NO;30117;No aplicable;2023-04-27;NA
2017;4;2246;REBAJE DE BORDILLOS PARA MEJORAR LA ACCESIBILIDAD UNIVERSAL;1;Ciutat Vella;Representante GT;0;SI;SI;105;NO;144000;No aplicable;2023-04-27;NA
2067;4;2296;INSTALAR Y ADECUAR ZONAS PARA PERROS Y PIPI-CANES;14;Benimaclet;Representante GT;0;SI;SI;491;SI;82500;No aplicable;2023-04-27;NA
2127;4;2356;MEJORAR LA ACCESIBILIDAD DE L'OLIVERETA AL JARDiN DEL VIEJO CAUCE DEL TURIA;7;l'Olivereta;Representante GT;0;SI;SI;237;SI;53000;No aplicable;2023-04-27;NA
2136;4;2365;POR UNA AVENIDA GIORGETA MaS VERDE Y AMIGABLE;20;No consta;Particular;14;NO;NO;0;NO;NA;No aplicable;2023-04-27;NA
2169;4;2398;MEJORA URBANIZACIoN Y ASFALTADO DE CALLES EN EL BARRIO CAMI REIAL;9;Jesus;Particular;39;SI;SI;117;NO;230500;No aplicable;2023-04-27;NA
2211;4;2440;REDUCIR o SUSTITUIR LAS LOSETAS DE BOTONES DE LOS PASOS DE PEATONES;8;Patraix;Particular;37;SI;SI;371;NO;100000;No aplicable;2023-04-27;NA
2291;4;2520;ADEQUACIo DELS SOLARS DEL CARRER ARXENA (SOTERNES);7;l'Olivereta;Particular;24;NO;NO;0;NO;NA;No aplicable;2023-04-27;NA
2313;5;3001;ARBRES DE VENT I SOLARS. PAVIMENTS ENERGeTICS. CONSCIeNCIA ENERGeTICA SOSTENIBLE;Toda la ciudad;Toda la ciudad;Ayuntamiento;430;SI;SI;4660;SI;362040;No aplicable;2023-04-27;NA
2390;5;3078;SUSTITUCIoN DE BaCULOS DE CARRETERA POR FAROLAS EN SAN ISIDRO;Toda la ciudad;Toda la ciudad;Particular;102;SI;SI;917;NO;176300;No aplicable;2023-04-27;NA
2443;5;3131;benimamet , terminar parque lineal.;Toda la ciudad;Toda la ciudad;Particular;32;NO;NO;0;NO;NA;No aplicable;2023-04-27;NA
2467;5;3155;RECUPERAR LOS 4 MILLONES DE EUROS DE LA EMT CONTRATANDO ABOGADOS Y INVESTIGADORE;Toda la ciudad;Toda la ciudad;Particular;47;NO;NO;0;NO;NA;No aplicable;2023-04-27;NA
2495;5;3183;Parque de Perros Tabacalera;Toda la ciudad;Toda la ciudad;Particular;46;NO;NO;0;NO;NA;No aplicable;2023-04-27;NA
2506;5;3194;Adecuacion tunel pasante CV-500 entre Pinedo y Castellar;Toda la ciudad;Toda la ciudad;Particular;109;SI;NO;0;NO;NA;No aplicable;2023-04-27;NA
2597;5;3285;Instalaciones dignas para los niños y niñas del CEIP Benimamet;Toda la ciudad;Toda la ciudad;Particular;140;SI;NO;0;NO;NA;No aplicable;2023-04-27;NA
2704;5;3392;Parking publico para los vecinos de la zona Waksman;Toda la ciudad;Toda la ciudad;Particular;12;NO;NO;0;NO;NA;No aplicable;2023-04-27;NA
2753;5;3441;Campanar.Poner cambio de sentido.;Toda la ciudad;Toda la ciudad;Particular;9;NO;NO;0;NO;NA;No aplicable;2023-04-27;NA
126;1;2015-00163;Reacondicionamiento del parque de perros de abastos;3;Extramurs;Persona Fisica;0;No aplicable;SI;70;SI;75000;No aplicable;2023-04-27;NA
128;1;2015-00165;NA;14;Benimaclet;Persona Fisica;0;No aplicable;SI;26;NO;NA;No aplicable;2023-04-27;NA
147;1;2015-00184;NA;12;Camins al Grau;Persona Fisica;0;No aplicable;NO;0;NO;NA;No aplicable;2023-04-27;NA
181;1;2015-00223;NA;10;Quatre Carreres;Persona Juridica;0;No aplicable;NO;0;NO;NA;No aplicable;2023-04-27;NA
236;1;2015-00283;NA;4;Campanar;Persona Juridica;0;No aplicable;NO;0;NO;NA;No aplicable;2023-04-27;NA
331;1;2015-00392;NA;9;Jesus;Persona Fisica;0;No aplicable;NO;0;NO;NA;No aplicable;2023-04-27;NA
352;1;2015-00414;NA;17;Pobles del Nord;Persona Fisica;0;No aplicable;NO;0;NO;NA;No aplicable;2023-04-27;NA
404;1;2015-00472;NA;1;Ciutat Vella;Persona Juridica;0;No aplicable;NO;0;NO;NA;No aplicable;2023-04-27;NA
446;1;2015-00531;NA;11;Poblats Maritims;Persona Juridica;0;No aplicable;NO;0;NO;NA;No aplicable;2023-04-27;NA
579;1;2016-00074;NA;15;Rascanya;Persona Juridica;0;No aplicable;SI;25;NO;NA;No aplicable;2023-04-27;NA
596;1;2016-00092;Propuesta ayuntamiento. Mejora del aparcamiento de bicicletas;6;el Pla del Real;Persona Juridica;0;No aplicable;SI;7;SI;2000;No aplicable;2023-04-27;NA
624;2;5;Arbolado en ultimo tramo de la calle San Vicente;9;Jesus;Particular;123;SI;NO;0;NO;NA;No aplicable;2023-04-27;NA
650;2;31;Adecuacion diversas calles en Nou moles este (pavimento,asfaltado, arboles...);7;l'Olivereta;Particular;19;NO;NO;0;NO;NA;No aplicable;2023-04-27;NA
704;2;85;Carril bici Institut Obrer Valencia;10;Quatre Carreres;Particular;41;SI;SI;297;SI;250000;No aplicable;2023-04-27;NA
725;2;106;Vertebracion del Barrio de la Torre;19;Pobles del Sud;Particular;46;SI;NO;0;NO;NA;No aplicable;2023-04-27;NA
918;2;299;Instalacion bancos delante del ambulatorio Centro de Especialidades Montolivet;10;Quatre Carreres;Representante GT;18;SI;SI;238;SI;17500;No aplicable;2023-04-27;NA
955;2;336;Renovar alumbrado en c/ Camino Nuevo de Picaña del 1 al 49;8;Patraix;Representante GT;19;SI;SI;156;NO;159002;No aplicable;2023-04-27;NA
1016;2;397;RUTAS ESCOLARES SEGURAS;13;Algiros;Representante GT;9;SI;NO;0;NO;NA;No aplicable;2023-04-27;NA
1027;2;408;Colocacion bolardos en acceso peatonal;15;Rascanya;Particular;3;NO;NO;0;NO;NA;No aplicable;2023-04-27;NA
1085;2;466;Escenario multiusos en la calle Salabert;8;Patraix;Particular;225;SI;NO;0;NO;NA;No aplicable;2023-04-27;NA
1141;2;522;Dignificacion zona del Barrio Chino;1;Ciutat Vella;Particular;7;NO;NO;0;NO;NA;No aplicable;2023-04-27;NA
1145;2;526;Instalacion de bocas de riego en zonas de ocio nocturno del Barrio del Carmen;1;Ciutat Vella;Representante GT;4;SI;SI;57;NO;100000;No aplicable;2023-04-27;NA
1148;2;529;Reubicar  seis contenedores  de control de alumbrado.;9;Jesus;Particular;24;NO;NO;0;NO;NA;No aplicable;2023-04-27;NA
1174;2;555;AMPLIAR ANCHURA ACERA CALLE GABRIEL MIRO;3;Extramurs;Particular;10;NO;NO;0;NO;NA;No aplicable;2023-04-27;NA
1184;2;565;Parque de Perros zona bulevarsur-GasparAguilar;8;Patraix;Particular;2;NO;NO;0;NO;NA;No aplicable;2023-04-27;NA
1213;3;1003;BANYS PuBLICS EN EL JARDi DEL RIU TuRIA;Toda la ciudad;Toda la ciudad;Ayuntamiento;1149;SI;SI;3752;SI;650000;No aplicable;2023-04-27;NA
1248;3;1039;PACIFICACIoN DEL TRaFICO EN CASTELLAR-OLIVERAL;Toda la ciudad;Toda la ciudad;Particular;48;NO;NO;0;NO;NA;No aplicable;2023-04-27;NA
1301;3;1094;UTILIZACIoN DE PLACAS SOLARES;Toda la ciudad;Toda la ciudad;Particular;21;NO;NO;0;NO;NA;No aplicable;2023-04-27;NA
1337;3;1130;CONVERTIR HARINAS BELENGUER (CALLE SAN VICENTE) EN UN ESPACIO DE USO PuBLICO.;Toda la ciudad;Toda la ciudad;Particular;10;NO;NO;0;NO;NA;No aplicable;2023-04-27;NA
1373;3;1166;REURBANIZACIoN DR. OLoRIZ (TRAMO PESET ALEIXANDRE - SAN PANCRACIO);Toda la ciudad;Toda la ciudad;Particular;9;NO;NO;0;NO;NA;No aplicable;2023-04-27;NA
1396;3;1189;CREACIoN DE PARKINGS PuBLICOS EN BENICALAP Y NOU BENICALAP;Toda la ciudad;Toda la ciudad;Particular;14;NO;NO;0;NO;NA;No aplicable;2023-04-27;NA
1416;3;1209;REUBICACION MERCADO AMBULANTE ZONA AVDA. ALMAZORA-C/. SAGUNTO;Toda la ciudad;Toda la ciudad;Particular;3;NO;NO;0;NO;NA;No aplicable;2023-04-27;NA
1429;3;1222;PAGAR MENOS POR RECICLAR;Toda la ciudad;Toda la ciudad;Particular;16;NO;NO;0;NO;NA;No aplicable;2023-04-27;NA
1445;3;1238;RUTES ESCOLARS SEGURES CEIP MAX AUB;Toda la ciudad;Toda la ciudad;Particular;133;SI;NO;0;NO;NA;No aplicable;2023-04-27;NA
1479;3;1272;CARRIL BICI ZONA MALVARROSSA-FAUSTO ELIO;Toda la ciudad;Toda la ciudad;Particular;13;NO;NO;0;NO;NA;No aplicable;2023-04-27;NA
1530;3;1323;DAR CONTINUIDAD A CALLE JUAN BAUTISTA MUÑOZ;Toda la ciudad;Toda la ciudad;Particular;4;NO;NO;0;NO;NA;No aplicable;2023-04-27;NA
1569;3;1365;LOS PUEBLOS DE VALeNCIA PEDIMOS UNA URBANIZACIoN SOSTENIBLE;Toda la ciudad;Toda la ciudad;Particular;209;SI;SI;1808;NO;900000;No aplicable;2023-04-27;NA
1578;3;1374;DOTACIoN DE PISTAS DE ATLETISMO EN EL DISTRITO DE MARiTIM;Toda la ciudad;Toda la ciudad;Particular;126;SI;SI;536;NO;2100000;No aplicable;2023-04-27;NA
1691;3;1487;ACONDICIONAMIENTO DEL SOLAR ESQUINA ARQUITECTE ARNAU- CL. MURTA DE BENIMACLET;Toda la ciudad;Toda la ciudad;Particular;21;NO;NO;0;NO;NA;No aplicable;2023-04-27;NA
1736;3;1532;AMPLIAR TRANViA TORREFIEL -NOU BENICALAP/JUAN XXIII;Toda la ciudad;Toda la ciudad;Particular;3;NO;NO;0;NO;NA;No aplicable;2023-04-27;NA
1805;4;2034;CENTRO SOCIO-CULTURAL;16;Benicalap;Particular;75;SI;NO;0;NO;NA;No aplicable;2023-04-27;NA
1840;4;2069;REURBANIZACIoN DE LA ANTIGUA FE Y ALEDAÑOS;4;Campanar;Particular;79;SI;NO;0;NO;NA;No aplicable;2023-04-27;NA
1858;4;2087;REHABILITACIoN SOLAR (VALLE DE AYORA – SAFOR) PARA APARCAMIENTO Y USO VECINAL;16;Benicalap;Particular;34;SI;NO;0;NO;NA;No aplicable;2023-04-27;NA
1873;4;2102;BIENESTAR SOCIAL;11;Poblats Maritims;Particular;24;NO;NO;0;NO;NA;No aplicable;2023-04-27;NA
1925;4;2154;EQUIPOS INFORMaTICOS COMPLETOS PARA LA ALCALDiA;19;1;Particular;4;NO;NO;0;NO;NA;No aplicable;2023-04-27;NA
1932;4;2161;MEJORA DE LA CIRCULACIoN DE LA CALLE JUAN DE GARAY (PATRAIX- HOSPITAL PESET);8;Patraix;Particular;32;SI;NO;0;NO;NA;No aplicable;2023-04-27;NA
1933;4;2162;HUERTOS URBANOS , AGRICULTURA TRADICIONAL Y ECOLoGICA;15;Rascanya;Representante GT;0;SI;NO;0;NO;NA;No aplicable;2023-04-27;NA
1969;4;2198;AMPLIACION ACERA NOU MESTALLA;20;No consta;Particular;12;NO;NO;0;NO;NA;No aplicable;2023-04-27;NA
2065;4;2294;CREACIoN DE ZONAS DE SOCIALIZACIoN CANINA EN LOS DISTINTOS SOLARES DEL BARRIO;15;Rascanya;Particular;5;NO;NO;0;NO;NA;No aplicable;2023-04-27;NA
2077;4;2306;INSTALACIoN DE BANCOS EN BENIMAMET;18;1;Particular;42;SI;SI;243;SI;18000;No aplicable;2023-04-27;NA
2081;4;2310;CARRIL BICI POR GASCo OLIAG Y DANIEL DE BALACIART;20;No consta;Particular;1;NO;NO;0;NO;NA;No aplicable;2023-04-27;NA
2148;4;2377;REASFALTAR CAMi DE L'ALQUERIA D'AIGUAMOLLS;19;8;Representante GT;0;SI;SI;8;NO;20342;No aplicable;2023-04-27;NA
2178;4;2407;ESTACIoN DE MEDICIoN DE CALIDAD DEL AIRE EN LA CALLE LINARES;7;l'Olivereta;Particular;38;SI;NO;0;NO;NA;No aplicable;2023-04-27;NA
2218;4;2447;ADECUACIoN Y URBANIZACIoN DE LAS CALLES QUE LINDAN CON LAS ViAS DE TREN Y MACOSA;9;Jesus;Particular;36;SI;NO;0;NO;NA;No aplicable;2023-04-27;NA
2255;4;2484;PARQUE ADAPTADO PARA PERSONAS CON DISCAPACIDAD;8;Patraix;Particular;44;SI;NO;0;NO;NA;No aplicable;2023-04-27;NA
2257;4;2486;MODIFICACIoN, ADECUACIoN Y EQUIPAMIENTO DE LA BIBLIOTECA DEL BARRIO DE RUSSAFA;2;l'Eixample;Particular;35;SI;SI;325;SI;30000;No aplicable;2023-04-27;NA
2323;5;3011;REURBANITZACIo DE SANT AGUSTi I AVINGUDA DE L’OEST;Toda la ciudad;Toda la ciudad;Ayuntamiento;213;SI;SI;1229;NO;1500000;No aplicable;2023-04-27;NA
2375;5;3063;Calle Bailen: carril bici + ampliacion de aceras + arbolado;Toda la ciudad;Toda la ciudad;Particular;117;SI;SI;2274;NO;450000;No aplicable;2023-04-27;NA
2468;5;3156;arboles calle Jesus;Toda la ciudad;Toda la ciudad;Particular;12;NO;NO;0;NO;NA;No aplicable;2023-04-27;NA
2497;5;3185;La conexion de Blasco Ibañez con Viveros que falta;Toda la ciudad;Toda la ciudad;Particular;20;NO;NO;0;NO;NA;No aplicable;2023-04-27;NA
2550;5;3238;Acondicionar zona aparcamiento Hospital Arnau de Vilanova(Beniferri);Toda la ciudad;Toda la ciudad;Particular;36;NO;NO;0;NO;NA;No aplicable;2023-04-27;NA
2594;5;3282;Las colillas son basura;Toda la ciudad;Toda la ciudad;Particular;14;NO;NO;0;NO;NA;No aplicable;2023-04-27;NA
2640;5;3328;¡CACAS FUERA! Banco de ADN perruno para sancionar a los propietarios incivicos;Toda la ciudad;Toda la ciudad;Particular;203;SI;NO;0;NO;NA;No aplicable;2023-04-27;NA
2700;5;3388;Talento Local - Creatividad Sostenible en Valencia;Toda la ciudad;Toda la ciudad;Particular;31;NO;NO;0;NO;NA;No aplicable;2023-04-27;NA
2741;5;3429;Instalacion de Parkour y calistenia inclusiva;Toda la ciudad;Toda la ciudad;Particular;175;SI;NO;0;NO;NA;No aplicable;2023-04-27;NA
2849;5;3537;INSTALACIoN DE ELEVADORES EN APARCAMIENTOS MUNICIPALES;Toda la ciudad;Toda la ciudad;Particular;4;NO;NO;0;NO;NA;No aplicable;2023-04-27;NA
2898;5;3587;REURBANIZACION DE MEJORA PARQUE EN AV. MANUEL COLOMER MARCO;Toda la ciudad;Toda la ciudad;Particular;32;NO;NO;0;NO;NA;No aplicable;2023-04-27;NA
2905;5;3594;Acondicionar el pont de Sant Josep com el pont de Serrans;Toda la ciudad;Toda la ciudad;Particular;10;NO;NO;0;NO;NA;No aplicable;2023-04-27;NA
2954;6;4010;DESDOBLAMIENTO CARRETERA FINAL PARQUE LINEAL COLEGIO CEIP BENIaMET;18;1;Particular;163;SI;NO;0;NO;NA;No aplicable;2023-04-27;NA
2959;6;4015;Peatonalizar Calle Nicolas Estevanez;7;l'Olivereta;Particular;33;SI;SI;10;NO;395000;No aplicable;2023-04-27;NA
2988;6;4044;Crear un rocodromo.;18;1;Particular;33;SI;SI;216;SI;60000;No aplicable;2023-04-27;NA
3013;6;4069;Crear polideportivo en los cuarteles  de la calle  carteros;9;Jesus;Particular;249;SI;NO;0;NO;NA;No aplicable;2023-04-27;NA
3020;6;4076;Retirada muro e instalacion badenes;17;1;Particular;59;SI;NO;0;NO;NA;No aplicable;2023-04-27;NA
3049;6;4105;Mejora plaza hermanos Becquer;15;Rascanya;Particular;91;SI;SI;97;NO;375000;No aplicable;2023-04-27;NA
3060;6;4116;Zona verde en Pedagoga Raquel Paya;10;Quatre Carreres;Particular;45;SI;SI;105;NO;150000;No aplicable;2023-04-27;NA
3136;6;4192;CAMBIO ARBOLADO BARRIO SAN ISIDRO;8;Patraix;Particular;25;NO;NO;0;NO;NA;No aplicable;2023-04-27;NA
3159;6;4215;Creacion huertos urbanos en la Alqueria de Falco y solar exterior;16;Benicalap;Particular;40;SI;NO;0;NO;NA;No aplicable;2023-04-27;NA
3173;6;4229;Carril bici y arbolado en la    Avinguda del Cardenal Benlloch;13;Algiros;Particular;177;SI;NO;0;NO;NA;No aplicable;2023-04-27;NA
3190;6;4246;Asfaltado y pavimentacion de la calle Salvador Cervero;16;Benicalap;Particular;56;SI;NO;0;NO;NA;No aplicable;2023-04-27;NA
3249;6;4305;PARKING+PARQUE+PIPICAN en BALEARES/TOMAS MONTAÑANA/ASTURIAS/LEBON;12;Camins al Grau;Particular;132;SI;NO;0;NO;NA;No aplicable;2023-04-27;NA
3275;6;4331;Ensanchar el carril bici de la Calle Carteros;9;Jesus;Particular;52;SI;SI;400;SI;50000;No aplicable;2023-04-27;NA
3496;6;4553;Instalacion de cañones de agua en la Devesa;19;4;Particular;39;SI;NO;0;NO;NA;No aplicable;2023-04-27;NA
3547;6;4604;FINALIZAR TOLDO AYUNTAMIENTO Y SEGURIDAD;17;2;Particular;19;SI;NO;0;NO;NA;No aplicable;2023-04-27;NA
3605;6;4662;Reubicacion Isla de contenedores. Calle Actor Llorens 15.;12;Camins al Grau;Particular;4;NO;NO;0;NO;NA;No aplicable;2023-04-27;NA
3717;6;4775;Mes arbres al carrer Pere Aleixandre;10;Quatre Carreres;Particular;33;SI;NO;0;NO;NA;No aplicable;2023-04-27;NA
3799;6;4859;Rehabilitacion alrededores de la Alqueria de la Ponsa.;7;l'Olivereta;Particular;14;NO;NO;0;NO;NA;No aplicable;2023-04-27;NA
3849;6;4910;Piscina que ya nos toca;16;Benicalap;Particular;15;NO;NO;0;NO;NA;No aplicable;2023-04-27;NA
3963;6;5025;PRESENCIA DE POLICIA LOCAL;7;l'Olivereta;Particular;8;NO;NO;0;NO;NA;No aplicable;2023-04-27;NA
4045;6;5107;Terminar la rehabilitacion de la alqueria de angel de Villena-Blas Gamez Ortiz;10;Quatre Carreres;Particular;8;NO;NO;0;NO;NA;No aplicable;2023-04-27;NA
4076;6;5138;Cerramiento del Parque Plaza Horticultor Corset;3;Extramurs;Particular;7;NO;NO;0;NO;NA;No aplicable;2023-04-27;NA
4088;6;5150;Ampliar la vorera imparell de Serradora des de l'estacio fins a l'ambulatori;13;Algiros;Particular;10;NO;NO;0;NO;NA;No aplicable;2023-04-27;NA
4121;6;5183;Creacion de parque bajo el puente del Reino de Valenica;12;Camins al Grau;Particular;4;NO;NO;0;NO;NA;No aplicable;2023-04-27;NA
4154;6;5216;PUNTOS ALIMENTACIoN COLONIAS FELINAS;13;Algiros;Particular;36;SI;SI;259;SI;6200;No aplicable;2023-04-27;NA
4213;6;5275;Ampliar acera entrada colegio CEIP Alejandra Soler en Ruzafa con zona ajardinada;2;l'Eixample;Particular;47;SI;SI;293;SI;34000;No aplicable;2023-04-27;NA
4278;7;5340;Instalacion de maceteros en la calle peatonal Virgen de Campanar.;4;Campanar;Particular;10;NO;NO;0;NO;NA;No aplicable;2023-04-27;NA
4318;7;5380;PASO DE PEATONES CALLE JUAN DE MENA;3;Extramurs;Particular;4;NO;NO;0;NO;NA;No aplicable;2023-04-27;NA
4366;7;5428;Acondicionar escollera del Perellonet / Condicionar l'escullera del Perellonet;19;6;Particular;15;SI;NO;0;NO;NA;No aplicable;2023-04-27;NA
4410;7;5472;Mejora integral de Vestuarios del campo de futbol Exposicion;6;el Pla del Real;Particular;25;NO;NO;0;NO;NA;No aplicable;2023-04-27;NA
4455;7;5517;EXAMPLAR VORERES ARQUEBISBE FABIAN I FUERO - ENTRE D.OLORIZ I PERIODISTA LLORENT;5;la Saidia;Particular;6;NO;NO;0;NO;NA;No aplicable;2023-04-27;NA
4470;7;5532;Renovacion Plaza Jesus Maroto i Gonzalez;1;Ciutat Vella;Representante GT;0;SI;SI;173;NO;131000;Sin etiqueta;2023-04-27;NA
4484;7;5546;ADECUACIoN DE UN SOLAR EN LA CALLE DR. NICASIO BENLLOCH / HORTA SUD;16;Benicalap;Particular;28;NO;NO;0;NO;NA;No aplicable;2023-04-27;NA
4596;7;5658;Reparacion de fuente.;9;Jesus;Particular;0;NO;NO;0;NO;NA;No aplicable;2023-04-27;NA
4660;7;5722;Rehabilitacion Alqueria Serra;14;Benimaclet;Particular;31;SI;NO;0;NO;NA;No aplicable;2023-04-27;NA
4790;7;5852;Mejora parque Calle Reina Violante;4;Campanar;Particular;40;SI;NO;0;NO;NA;No aplicable;2023-04-27;NA
4812;7;5874;Dedicarle un parque a Pepiu de Castellar;19;2;Particular;17;SI;NO;0;NO;NA;No aplicable;2023-04-27;NA
4831;7;5893;Plantar arboles en al alcorques vacios en la calle San Clemente;4;Campanar;Particular;1;NO;NO;0;NO;NA;No aplicable;2023-04-27;NA
4892;7;5954;RESCATAR ACERAS EN RUZAFA;2;l'Eixample;Particular;30;SI;NO;0;NO;NA;No aplicable;2023-04-27;NA
5123;7;6185;SkatePark;19;3;Particular;41;SI;NO;0;NO;NA;No aplicable;2023-04-27;NA
5288;7;6350;SOMBRA Y EQUIPAMIENTO PARA EL MoDULO DE ATLETISMO. MEJORA DE LAS CONDICIONES.;11;Poblats Maritims;Representante GT;0;SI;SI;304;SI;150000;Sin etiqueta;2023-04-27;NA
5323;7;6385;Red vias ciclables Guillem de Castro con zonas Mercat Central-Ayuntamiento;1;Ciutat Vella;Particular;50;SI;NO;0;NO;NA;No aplicable;2023-04-27;NA
5379;7;6441;plantar naranjos;10;Quatre Carreres;Particular;2;NO;NO;0;NO;NA;No aplicable;2023-04-27;NA
5426;7;6488;Rehabilitacion, restauracion y catalogacion de las placas ceramicas de calles;8;Patraix;Representante GT;0;SI;NO;0;NO;NA;No aplicable;2023-04-27;NA
5518;7;6580;ROTONDA ENTRADA POR VALENCIA A BENIMaMET;18;1;Particular;40;SI;SI;184;SI;50000;Con etiqueta;2023-04-27;NA
5545;7;6607;HABILITAR DESCAMPADO ZONA VERDE Y PARQUE;5;la Saidia;Particular;32;SI;SI;405;SI;35800;Con etiqueta;2023-04-27;NA
5656;7;6718;Creacion oficina de informacion al desarrollador de videojuegos en Las Naves;11;Poblats Maritims;Particular;34;SI;NO;0;NO;NA;No aplicable;2023-04-27;NA
5670;7;6732;PARQUE MULTIAVENTURA JUNTO A ELISEO VIDAL;8;Patraix;Particular;40;SI;NO;0;NO;NA;No aplicable;2023-04-27;NA
5711;7;6773;Plan verde del distrito de Poblats Maritims;11;Poblats Maritims;Particular;23;NO;NO;0;NO;NA;No aplicable;2023-04-27;NA
5718;7;6780;c\ santa cruz de tenerife con av. del cid;7;l'Olivereta;Particular;31;SI;NO;0;NO;NA;No aplicable;2023-04-27;NA
5767;7;6829;No dejar a nadie atras;3;Extramurs;Particular;7;NO;NO;0;NO;NA;No aplicable;2023-04-27;NA
5790;7;6852;Estudio de mejora de la accesibilidad en Benifaraig;17;1;Ayuntamiento;0;SI;SI;32;SI;18000;Sin etiqueta;2023-04-27;NA
1888;4;2117;PISTA DE BaSQUET COBERTA;9;Jesus;Particular;106;SI;SI;289;SI;120000;No aplicable;2023-04-27;NA
1897;4;2126;ACONDICIONAMIENTO DEL PARQUE ESCRIPTOR JOSe MARTI;19;1;Particular;35;SI;SI;12;NO;22453;No aplicable;2023-04-27;NA
1915;4;2144;ASFALTAR LA C/CREUETA ALTA;19;1;Representante GT;0;SI;SI;2;NO;17800;No aplicable;2023-04-27;NA
1927;4;2156;JARDINES EN REPuBLICA COSTA D'IBORI (JARDINES C/ COSTA DE MARFIL);9;Jesus;Representante GT;0;SI;SI;244;SI;160000;No aplicable;2023-04-27;NA
1974;4;2203;REFUGIO PARA GATOS ABANDONADOS;16;Benicalap;Particular;201;SI;NO;0;NO;NA;No aplicable;2023-04-27;NA
2000;4;2229;VIA AUGUSTA. SAN MIQUEL DELS REIS FINS EL RIU A TRAVeS DEL CARRER SAGUNT;5;la Saidia;Representante GT;0;SI;NO;0;NO;NA;No aplicable;2023-04-27;NA
2042;4;2271;MEJORA DE LA ROTONDA ENTRADA BENIMaMET;18;1;Particular;20;SI;NO;0;NO;NA;No aplicable;2023-04-27;NA
2057;4;2286;CAMBIO EN LA URBANIZACIoN DE LA PLAZA DE LA CALLE MESTRE BEGANT;4;Campanar;Particular;1;NO;NO;0;NO;NA;No aplicable;2023-04-27;NA
2082;4;2311;ACTUALIZACIoN DEL PARQUE TRES FORQUES-CHIVA;8;Patraix;Particular;36;SI;SI;84;NO;537049;No aplicable;2023-04-27;NA
2125;4;2354;RENOVACIoN ZONA INFANTIL/AJARDINAMIENTO C/BEATRIZ TORTOSA;13;Algiros;Particular;16;NO;NO;0;NO;NA;No aplicable;2023-04-27;NA
2212;4;2441;REURBANIZACIoN AJARDINAMIENTO EN LA CALLE DOCTOR OLORIZ;5;la Saidia;Representante GT;0;SI;NO;0;NO;NA;No aplicable;2023-04-27;NA
2229;4;2458;AV.PUERTO DIGNIFICACIoN CARRIL BICI;20;No consta;Particular;1;NO;NO;0;NO;NA;No aplicable;2023-04-27;NA
2239;4;2468;PUNTOS DE RECARGA DE VEHiCULOS ELeCTRICOS;2;l'Eixample;Representante GT;0;SI;SI;219;NO;45000;No aplicable;2023-04-27;NA
2355;5;3043;Reurbanizacion Av. Constitucion entre c/ Coronel Montesinos y Av. Hnos. Machado;Toda la ciudad;Toda la ciudad;Particular;20;NO;NO;0;NO;NA;No aplicable;2023-04-27;NA
2381;5;3069;Construccion de un carril bici en la calle Maximiliano Thous;Toda la ciudad;Toda la ciudad;Particular;80;NO;NO;0;NO;NA;No aplicable;2023-04-27;NA
2461;5;3149;Adecuar Solar de Avda. Juan XXIII (nº impares) con calle Gil Sumbiela.;Toda la ciudad;Toda la ciudad;Particular;24;NO;NO;0;NO;NA;No aplicable;2023-04-27;NA
2578;5;3266;Comprar una parcela de la Zal;Toda la ciudad;Toda la ciudad;Particular;9;NO;NO;0;NO;NA;No aplicable;2023-04-27;NA
2685;5;3373;Mas semaforos en maestro rodrigo del numero 82 al 88;Toda la ciudad;Toda la ciudad;Particular;3;NO;NO;0;NO;NA;No aplicable;2023-04-27;NA
2754;5;3442;Contenedores de Reciclaje Soterrados en La Xerea;Toda la ciudad;Toda la ciudad;Particular;4;NO;NO;0;NO;NA;No aplicable;2023-04-27;NA
2811;5;3499;Ampliacion L70 EMT hasta final tres creus;Toda la ciudad;Toda la ciudad;Particular;27;NO;NO;0;NO;NA;No aplicable;2023-04-27;NA
2928;5;3617;Semaforos;Toda la ciudad;Toda la ciudad;Particular;1;NO;NO;0;NO;NA;No aplicable;2023-04-27;NA
3034;6;4090;Soterramiento contenedores basura;7;l'Olivereta;Particular;24;NO;NO;0;NO;NA;No aplicable;2023-04-27;NA
3070;6;4126;Accesibilidad paso inferior torres Quart y Serranos;1;Ciutat Vella;Particular;46;SI;NO;0;NO;NA;No aplicable;2023-04-27;NA
3284;6;4340;Construccion de Colegio/Instituto Publico en Av. Levante.;16;Benicalap;Particular;146;SI;NO;0;NO;NA;No aplicable;2023-04-27;NA
3287;6;4343;AJARDINAMIENTO ZONA ANTONIO FERRANDIS - BLAS GAMEZ ORTIZ - ANGEL DE VILLENA;10;Quatre Carreres;Particular;65;SI;NO;0;NO;NA;No aplicable;2023-04-27;NA
3325;6;4381;Mercado municipal en Malilla;10;Quatre Carreres;Particular;177;SI;NO;0;NO;NA;No aplicable;2023-04-27;NA
3349;6;4405;SKATEPARK Y COLUMPIOS PARQUE LEBoN;12;Camins al Grau;Particular;86;SI;NO;0;NO;NA;No aplicable;2023-04-27;NA
3353;6;4409;Ordenacion del entorno de la trillaora del tocaio;19;5;Particular;16;SI;NO;0;NO;NA;No aplicable;2023-04-27;NA
3357;6;4413;Carril bici a Vara de Quart;8;Patraix;Particular;32;SI;NO;0;NO;NA;No aplicable;2023-04-27;NA
3392;6;4448;Aparcamiento en bateria Cuenca Tramoyers;14;Benimaclet;Particular;15;NO;NO;0;NO;NA;No aplicable;2023-04-27;NA
3425;6;4481;Ajardinamiento del Monumento a las victimas de la Riada en la Avda de Aragon.;6;el Pla del Real;Particular;23;NO;NO;0;NO;NA;No aplicable;2023-04-27;NA
3465;6;4522;REPARACIoN DE LA PISTA DE PATINAJE EN LA ZONA DEL PARQUE GULLIVER;2;l'Eixample;Particular;12;NO;NO;0;NO;NA;No aplicable;2023-04-27;NA
3516;6;4573;Reforma y asfaltar la Calle Pedro de Valencia;13;Algiros;Particular;36;SI;NO;0;NO;NA;No aplicable;2023-04-27;NA
3698;6;4756;Creacion de e-can (pipi canes con premio);14;Benimaclet;Particular;11;NO;NO;0;NO;NA;No aplicable;2023-04-27;NA
3720;6;4778;Remodelacion de la Plaza Roma para hacerla mas accesible a los vecinos.;7;l'Olivereta;Particular;31;SI;SI;382;SI;17000;No aplicable;2023-04-27;NA
3726;6;4784;ADECUACIoN ENTORNO CHALET DE ABEN AL-ABBAR;12;Camins al Grau;Particular;65;SI;SI;520;SI;18000;No aplicable;2023-04-27;NA
3751;6;4811;PLANTACIoN DE aRBOLES EN CAMPOS CRESPO;8;Patraix;Particular;33;SI;NO;0;NO;NA;No aplicable;2023-04-27;NA
3754;6;4814;MEJORA TRaNSITO PEATONAL EN LA CALLE NAVARRA;3;Extramurs;Representante GT;0;SI;NO;0;NO;NA;No aplicable;2023-04-27;NA
3775;6;4835;Instalar farolas con luces LED en la C/ Huerto de San Valero;10;Quatre Carreres;Particular;17;NO;NO;0;NO;NA;No aplicable;2023-04-27;NA
3794;6;4854;Rehabilitacion de las Casetas de la Aduana de Mercancias;6;el Pla del Real;Particular;33;SI;SI;50;NO;197000;No aplicable;2023-04-27;NA
3858;6;4919;Fuentes agua potable refrigerada;16;Benicalap;Particular;39;SI;SI;341;SI;37500;No aplicable;2023-04-27;NA
1018;2;399;VIA VERDA DEL FORN D´ALCEDO A SEDAVI. PRIMERA FASE: ACCESSOS URBANS.;19;Pobles del Sud;Representante GT;4;SI;SI;487;SI;39000;No aplicable;2023-04-27;NA
1112;2;493;Construccion de un Parque Canino en el Barrio de Campanar;4;Campanar;Representante GT;9;SI;SI;116;NO;88160;No aplicable;2023-04-27;NA
1230;3;1020;ACCESIBILIDAD PASO INFERIOR TORRES DE QUART Y TORRES DE SERRANOS.;Toda la ciudad;Toda la ciudad;Particular;35;NO;NO;0;NO;NA;No aplicable;2023-04-27;NA
1267;3;1059;CUBRIR LA PISCINA DEL POLIDEPORTIVO DE BENIMACLET Y ADECUAR SU USO PERENNE;Toda la ciudad;Toda la ciudad;Particular;294;SI;SI;1008;NO;1000000;No aplicable;2023-04-27;NA
1322;3;1115;DISMINUCIoN DE LA ASFALTIZACIoN DE LA CIUDAD (EN ZONAS VERDES, JARDINES ETC.);Toda la ciudad;Toda la ciudad;Particular;4;NO;NO;0;NO;NA;No aplicable;2023-04-27;NA
1348;3;1141;TuNEL CONEXIoN GRANDES ViAS, CONTROL VELOCIDAD;Toda la ciudad;Toda la ciudad;Particular;1;NO;NO;0;NO;NA;No aplicable;2023-04-27;NA
1473;3;1266;CREACIoN DE UN CENTRO MUNICIPAL MULTIUSOS EN BENIMaMET;Toda la ciudad;Toda la ciudad;Particular;148;SI;SI;439;NO;1700000;No aplicable;2023-04-27;NA
1547;3;1341;REFORMAR EL CENTRE ARQUEOLoGIC DE L'ALMOINA;Toda la ciudad;Toda la ciudad;Particular;28;NO;NO;0;NO;NA;No aplicable;2023-04-27;NA
1711;3;1507;COMPLETAR PAVIMENTAT PARC INFANTIL CARRER JOSE MARiA DE HARO;Toda la ciudad;Toda la ciudad;Particular;1;NO;NO;0;NO;NA;No aplicable;2023-04-27;NA
1780;4;2009;PROLONGACIoN CAMINO CICLOPEATONAL INACABADO DE MAHUELLA A ALBALAT;17;5;Particular;23;SI;NO;0;NO;NA;No aplicable;2023-04-27;NA
1904;4;2133;BIBLIOTECA SAN ISIDRE;8;Patraix;Particular;43;SI;NO;0;NO;NA;No aplicable;2023-04-27;NA
1965;4;2194;ZONA NARANJA RUZAFA CON APLICACIoN MOVIL COLABORATIVA QUE GESTIONE SUS PLAZAS;2;l'Eixample;Representante GT;0;SI;NO;0;NO;NA;No aplicable;2023-04-27;NA
2115;4;2344;CARRIL BICI C/ JESuS;9;Jesus;Particular;45;SI;SI;293;SI;120000;No aplicable;2023-04-27;NA
2119;4;2348;CIRCUITO CROSS (ATLETISMO) Y CICLOCROSS;19;7;Particular;36;SI;NO;0;NO;NA;No aplicable;2023-04-27;NA
2232;4;2461;"ASFALTADO CALLES ""ANGUILERA"" Y ""HISTORIADOR BETi""";19;4;Representante GT;0;SI;SI;40;NO;30117;No aplicable;2023-04-27;NA
2384;5;3072;Peatonalizar y revitalizar el entono del Mercat de Jerusalem;Toda la ciudad;Toda la ciudad;Particular;19;NO;NO;0;NO;NA;No aplicable;2023-04-27;NA
2435;5;3123;Crear carril bici en acera puente Aragon donde no hay;Toda la ciudad;Toda la ciudad;Particular;13;NO;NO;0;NO;NA;No aplicable;2023-04-27;NA
2501;5;3189;Reordenacion aceras y calzada + arbolado en c/ Doctor Oloriz y c/ Fabian y Fuero;Toda la ciudad;Toda la ciudad;Particular;17;NO;NO;0;NO;NA;No aplicable;2023-04-27;NA
2554;5;3242;Carril ciclo-peatonal cap a VLC per Castellar-l´Oliveral;Toda la ciudad;Toda la ciudad;Particular;144;SI;NO;0;NO;NA;No aplicable;2023-04-27;NA
2626;5;3314;HUMANIZAR LA AVENIDA DOCTOR PESET ALEIXANDRE;Toda la ciudad;Toda la ciudad;Particular;26;NO;NO;0;NO;NA;No aplicable;2023-04-27;NA
2634;5;3322;ELIMINACIoN/SUSTITUC PALMERAS Y ARBOLADO C/.MINISTRO LUIS MAYANS DEL Nº 1 AL 22;Toda la ciudad;Toda la ciudad;Particular;10;NO;NO;0;NO;NA;No aplicable;2023-04-27;NA
2639;5;3327;Mejora de acceso y señalizacion del embarcadero municipal de El Palmar;Toda la ciudad;Toda la ciudad;Particular;116;SI;NO;0;NO;NA;No aplicable;2023-04-27;NA
2647;5;3335;Creacio de 2 ponts per a permetre la circumval·lacio de vehicles grans al Palmar;Toda la ciudad;Toda la ciudad;Particular;119;SI;SI;1324;NO;50000;No aplicable;2023-04-27;NA
2656;5;3344;Iluminacion y mesas picnic (Borboto);Toda la ciudad;Toda la ciudad;Particular;14;NO;NO;0;NO;NA;No aplicable;2023-04-27;NA
2677;5;3365;AMPLIACION PARQUE CANINO GUARDIA CIVIL - BENIMACLET;Toda la ciudad;Toda la ciudad;Particular;11;NO;NO;0;NO;NA;No aplicable;2023-04-27;NA
2760;5;3448;Ampliacion del recorrido para la recogida selectiva de residuos Quatre Carreres;Toda la ciudad;Toda la ciudad;Particular;39;NO;NO;0;NO;NA;No aplicable;2023-04-27;NA
2775;5;3463;LA UNIO DE EL PALMAR I EL PERELLONET;Toda la ciudad;Toda la ciudad;Particular;112;SI;NO;0;NO;NA;No aplicable;2023-04-27;NA
2783;5;3471;Prolongar la calle Nador hasta la calle Almazora;Toda la ciudad;Toda la ciudad;Particular;14;NO;NO;0;NO;NA;No aplicable;2023-04-27;NA
2799;5;3487;Semaforo DECATHLON Campanar, cruce Avda. Tirso de Molina con C/Castielfabib.;Toda la ciudad;Toda la ciudad;Particular;8;NO;NO;0;NO;NA;No aplicable;2023-04-27;NA
2907;5;3596;INSTALACIoN DE aRBOLES Y PALMERAS EN AVD NARANJOS QUE ABSORBA EL RUIDO;Toda la ciudad;Toda la ciudad;Particular;1;NO;NO;0;NO;NA;No aplicable;2023-04-27;NA
3019;6;4075;Descampado Escultor Jose Capuz - Reino de Valencia - Peris y Valero;10;Quatre Carreres;Particular;92;SI;SI;152;NO;425000;No aplicable;2023-04-27;NA
3113;6;4169;Maceteros para Ruzafa que eviten que las aceras sean parkings;2;l'Eixample;Particular;33;SI;NO;0;NO;NA;No aplicable;2023-04-27;NA
3126;6;4182;Tancar el parc de calistenia del carrer Almassora;5;la Saidia;Particular;20;NO;NO;0;NO;NA;No aplicable;2023-04-27;NA
3165;6;4221;Eliminacion de tapones urbanisticos en la calle Garbi y Pintor Matarana);16;Benicalap;Particular;60;SI;NO;0;NO;NA;No aplicable;2023-04-27;NA
3179;6;4235;UNIR VIAL CON ACERAS LA CALLE ENTRE SAN JOSe Y LA YESA EN EL P. LINEAL CAROLINAS;18;1;Particular;46;SI;NO;0;NO;NA;No aplicable;2023-04-27;NA
3293;6;4349;INSTALACIoN DE UNA FUENTE DE AGUA POTABLE JUNTO AL PARQUE DE CALISTENiA;18;1;Particular;47;SI;SI;288;SI;12000;No aplicable;2023-04-27;NA
3329;6;4385;REDUCIR EL CARRIL BUS A UN SOLO CARRIL EN EL PRIMER TRAMO DE AV. BLSCO IBaÑEZ;6;el Pla del Real;Particular;9;NO;NO;0;NO;NA;No aplicable;2023-04-27;NA
3373;6;4429;Ayudas al comercio , y la restauracion en general;2;l'Eixample;Particular;18;NO;NO;0;NO;NA;No aplicable;2023-04-27;NA
3383;6;4439;? GIMNASIO DE BARRAS EN LA PLAYA<;11;Poblats Maritims;Particular;33;SI;SI;231;SI;60000;No aplicable;2023-04-27;NA
3387;6;4443;Mejorar la entrada a Valencia por Camino Nuevo de Picaña;8;Patraix;Particular;75;SI;SI;1017;SI;10000;No aplicable;2023-04-27;NA
3409;6;4465;Torre de Antenas Beniferri;18;2;Particular;28;SI;NO;0;NO;NA;No aplicable;2023-04-27;NA
3483;6;4540;Peatonalizacion del Barrio de la Aguja;7;l'Olivereta;Particular;36;SI;NO;0;NO;NA;No aplicable;2023-04-27;NA
3624;6;4681;SOLARES DE SAN MARCELINO;9;Jesus;Particular;63;SI;SI;529;SI;25000;No aplicable;2023-04-27;NA
3709;6;4767;EMT bono anual para los empadronados en Valencia;8;Patraix;Particular;40;SI;NO;0;NO;NA;No aplicable;2023-04-27;NA
3795;6;4855;PEATONALIZAR CALLE PADILLA;1;Ciutat Vella;Particular;10;NO;NO;0;NO;NA;No aplicable;2023-04-27;NA
3871;6;4933;Insonorizar ronda norte;14;Benimaclet;Particular;23;NO;NO;0;NO;NA;No aplicable;2023-04-27;NA
3955;6;5017;Reacondicionamiento de la piscina municipal.;19;2;Particular;30;SI;SI;112;SI;116697;No aplicable;2023-04-27;NA
4021;6;5083;CREAR ESCUELA PERMANENTE DE PERMACULTURA EN TERRENO AGRiCOLA DE PROPIEDAD MUNICI;10;Quatre Carreres;Particular;2;NO;NO;0;NO;NA;No aplicable;2023-04-27;NA
4104;6;5166;PISTA MULTIDEPORTE PARA TORREFIEL ( PORQUE PABELLON VAIS A DECIR QUE NO );15;Rascanya;Particular;61;SI;NO;0;NO;NA;No aplicable;2023-04-27;NA
4249;7;5311;PLACAS SOLARES - CEIP ALEJANDRA SOLER;2;l'Eixample;Particular;43;SI;NO;0;NO;NA;No aplicable;2023-04-27;NA
4291;7;5353;IL·LlUMINACIo SOLAR APARCAMENT PARC SANTA ANNA / ILUMINACIoN SOLAR PARKING;17;7;Particular;19;SI;SI;34;SI;19760;Sin etiqueta;2023-04-27;NA
4364;7;5426;Seguridad peatones que circulan por la calle MURTA;14;Benimaclet;Particular;11;NO;NO;0;NO;NA;No aplicable;2023-04-27;NA
4457;7;5519;PROYECTO LOCAL MULTIUSOS;18;1;Particular;87;SI;NO;0;NO;NA;No aplicable;2023-04-27;NA
4557;7;5619;Parque de la Estacion;9;Jesus;Particular;10;NO;NO;0;NO;NA;No aplicable;2023-04-27;NA
4575;7;5637;Renovar parque de ejercicio fisico cerca de Av. Blasco Ibañez 150;13;Algiros;Particular;34;SI;SI;247;SI;50000;Con etiqueta;2023-04-27;NA
4605;7;5667;Acondicionar y ajardinar plaza Blasco Ibañez/Ruben Dario;13;Algiros;Particular;41;SI;NO;0;NO;NA;No aplicable;2023-04-27;NA
4620;7;5682;RENOVAR PAVIMENTO PUENTE DEL MAR;6;el Pla del Real;Particular;19;NO;NO;0;NO;NA;No aplicable;2023-04-27;NA
4705;7;5767;Parking en condiciones;7;l'Olivereta;Particular;16;NO;NO;0;NO;NA;No aplicable;2023-04-27;NA
4715;7;5777;RESIDUOS;7;l'Olivereta;Particular;15;NO;NO;0;NO;NA;No aplicable;2023-04-27;NA
4846;7;5908;LiNIA D'AUTOBuS EMT PER LA RONDA NORD;14;Benimaclet;Particular;12;NO;NO;0;NO;NA;No aplicable;2023-04-27;NA
4915;7;5977;Maquinaria de limpieza destinada fija en el barrio;12;Camins al Grau;Particular;32;SI;NO;0;NO;NA;No aplicable;2023-04-27;NA
4967;7;6029;Carril bici en Calle San Vicente Martir;9;Jesus;Particular;48;SI;NO;0;NO;NA;No aplicable;2023-04-27;NA
4993;7;6055;jardin en Plaza Lopez Chavarri;1;Ciutat Vella;Particular;16;NO;NO;0;NO;NA;No aplicable;2023-04-27;NA
5020;7;6082;PARED ONEWALL/FRONTBALL/PELOTA VALENCIANA;8;Patraix;Particular;12;NO;NO;0;NO;NA;No aplicable;2023-04-27;NA
5045;7;6107;Parque canino;14;Benimaclet;Particular;14;NO;NO;0;NO;NA;No aplicable;2023-04-27;NA
5046;7;6108;CEIP Montolivet: Proyecto Entorno Seguro;10;Quatre Carreres;Particular;43;SI;SI;118;NO;740000;Sin etiqueta;2023-04-27;NA
5127;7;6189;Nuevo Instituto de Patraix;8;Patraix;Particular;139;SI;NO;0;NO;NA;No aplicable;2023-04-27;NA
5199;7;6261;ESTUDIO REURBANIZACION Y SOTERRAMIENTO DE CONTENEDORES C/ GRABADOR ESTEVE;2;l'Eixample;Particular;47;SI;SI;189;NO;61000;Sin etiqueta;2023-04-27;NA
5209;7;6271;CARRIL BICI MASARROCHOS A ROCAFORT;17;6;Particular;42;SI;NO;0;NO;NA;No aplicable;2023-04-27;NA
5237;7;6299;Mejora zonas infantiles Bon Reces-Florista;16;Benicalap;Particular;32;SI;SI;222;NO;400000;Sin etiqueta;2023-04-27;NA
5313;7;6375;ESPACIO ESCeNICO CULTURAL TORREFIEL (Mejoras Parque Rojo Torrefiel);15;Rascanya;Particular;39;SI;SI;385;SI;4000;Con etiqueta;2023-04-27;NA
5375;7;6437;Remodelacion calle Campos Crespo;8;Patraix;Particular;4;NO;NO;0;NO;NA;No aplicable;2023-04-27;NA
5463;7;6525;Adaptacion de semaforos;11;Poblats Maritims;Particular;32;SI;SI;105;NO;402262;Sin etiqueta;2023-04-27;NA
5471;7;6533;Replantar todos los arboles que faltan en todo el distrito de Benimaclet;14;Benimaclet;Particular;59;SI;SI;608;SI;40000;Con etiqueta;2023-04-27;NA
5529;7;6591;Contenedores enterrados;10;Quatre Carreres;Particular;3;NO;NO;0;NO;NA;No aplicable;2023-04-27;NA
5570;7;6632;REPINTAR Y SEÑALIZAR EL CARRIL DEL CORREDOR EN EL BULEVAR SUR.;9;Jesus;Particular;2;NO;NO;0;NO;NA;No aplicable;2023-04-27;NA
5650;7;6712;CENTRO DE SALUD EN PENYAROJA;12;Camins al Grau;Particular;79;SI;NO;0;NO;NA;No aplicable;2023-04-27;NA
5672;7;6734;MERCADO GASTRONOMICO junto al ELISEO VIDAL;8;Patraix;Particular;33;SI;NO;0;NO;NA;No aplicable;2023-04-27;NA
5706;7;6768;Entorno escolar seguro y sostenible del IES CID CAMPEADOR;7;l'Olivereta;Particular;47;SI;SI;31;NO;600000;Sin etiqueta;2023-04-27;NA
5720;7;6782;Separar peatones y carril bici en la esquina de Rois de Corella con San Vicente;3;Extramurs;Particular;32;SI;NO;0;NO;NA;No aplicable;2023-04-27;NA
5725;7;6787;Dotacion de WC publicos;2;l'Eixample;Particular;0;NO;NO;0;NO;NA;No aplicable;2023-04-27;NA
40;1;2015-00049;Revitalitzacio de l'eix sapadors i zona infantil barri en corts;10;Quatre Carreres;Persona Fisica;0;No aplicable;SI;80;SI;60500;No aplicable;2023-04-27;NA
102;1;2015-00131;NA;15;Rascanya;Persona Fisica;0;No aplicable;NO;0;NO;NA;No aplicable;2023-04-27;NA
171;1;2015-00213;Paso de peatones a la altura de la avenida de campanar 37 y plaza juan pablo ii;4;Campanar;Persona Fisica;0;No aplicable;SI;33;SI;24500;No aplicable;2023-04-27;NA
203;1;2015-00247;NA;17;Pobles del Nord;Persona Fisica;0;No aplicable;SI;54;NO;NA;No aplicable;2023-04-27;NA
299;1;2015-00356;Actualment: PLAÇA ASENSIO MAGRANER;12;Camins al Grau;Persona Juridica;0;No aplicable;SI;115;SI;60500;No aplicable;2023-04-27;NA
300;1;2015-00357;NA;10;Quatre Carreres;Persona Fisica;0;No aplicable;NO;0;NO;NA;No aplicable;2023-04-27;NA
335;1;2015-00396;NA;6;el Pla del Real;Persona Fisica;0;No aplicable;NO;0;NO;NA;No aplicable;2023-04-27;NA
442;1;2015-00527;NA;3;Extramurs;Persona Fisica;0;No aplicable;NO;0;NO;NA;No aplicable;2023-04-27;NA
443;1;2015-00528;Repavimentar carrer del villar;4;Campanar;Persona Juridica;0;No aplicable;SI;30;SI;37887;No aplicable;2023-04-27;NA
461;1;2015-00552;NA;6;el Pla del Real;Persona Fisica;0;No aplicable;NO;0;NO;NA;No aplicable;2023-04-27;NA
513;1;2016-00008;Propuesta ayuntamiento. Mejora dotacion papeleras ordinarias en calles, en jardines y para zonas de expansion canina con expendedor de bolsas y cenicero.;2;l'Eixample;Persona Juridica;0;No aplicable;SI;24;SI;14000;No aplicable;2023-04-27;NA
518;1;2016-00013;NA;7;l'Olivereta;Persona Juridica;0;No aplicable;SI;6;NO;NA;No aplicable;2023-04-27;NA
526;1;2016-00021;NA;7;l'Olivereta;Persona Juridica;0;No aplicable;SI;12;NO;NA;No aplicable;2023-04-27;NA
533;1;2016-00028;NA;2;l'Eixample;Persona Juridica;0;No aplicable;SI;3;NO;NA;No aplicable;2023-04-27;NA
542;1;2016-00037;NA;6;el Pla del Real;Persona Juridica;0;No aplicable;SI;4;NO;NA;No aplicable;2023-04-27;NA
605;1;2016-00101;NA;6;el Pla del Real;Persona Juridica;0;No aplicable;SI;1;NO;NA;No aplicable;2023-04-27;NA
620;2;1;Carril Bici Benimamet-Burjassot;18;Pobles de l'Oest;Particular;104;SI;NO;0;NO;NA;No aplicable;2023-04-27;NA
668;2;49;Mercado Municipal en Benimaclet;14;Benimaclet;Particular;52;SI;NO;0;NO;NA;No aplicable;2023-04-27;NA
685;2;66;Remodelacion del Puente de San Jose: ampliacion de aceras;5;la Saidia;Particular;38;SI;SI;132;NO;343000;No aplicable;2023-04-27;NA
720;2;101;Reurbanizacion jardin de la Cruz de Mig Cami;8;Patraix;Particular;20;NO;NO;0;NO;NA;No aplicable;2023-04-27;NA
728;2;109;Ensanchamiento acera y carril bici en Passeig de la Ciutadella;1;Ciutat Vella;Particular;15;NO;NO;0;NO;NA;No aplicable;2023-04-27;NA
747;2;128;Zona de pipi can enfrente de la pasarela de Amparo Iturbi;10;Quatre Carreres;Particular;3;NO;NO;0;NO;NA;No aplicable;2023-04-27;NA
819;2;200;Asfaltado al completo de la calle Clariano hasta la rotonda Ronda Norte;13;Algiros;Particular;6;NO;NO;0;NO;NA;No aplicable;2023-04-27;NA
837;2;218;Rehabilitacio de la Barraca de Cotofio en La Torre;19;Pobles del Sud;Particular;15;NO;NO;0;NO;NA;No aplicable;2023-04-27;NA
859;2;240;Doble sentido en calle Mistral desde Av. Valladolid hasta Lliri Blau;14;Benimaclet;Particular;2;NO;NO;0;NO;NA;No aplicable;2023-04-27;NA
870;2;251;Mejora de la iluminacion de la urbanizacion de La Devesa de El Saler;19;Pobles del Sud;Particular;63;SI;NO;0;NO;NA;No aplicable;2023-04-27;NA
888;2;269;Adecuacion del parque y del Jardin;7;l'Olivereta;Particular;58;SI;NO;0;NO;NA;No aplicable;2023-04-27;NA
959;2;340;REORDENACIo I HABILITACIo DEL 1ER PIS DE L'ALCALDiA DE MASSARROJOS;17;Pobles del Nord;Representante GT;25;SI;SI;503;SI;235000;No aplicable;2023-04-27;NA
1034;2;415;Anell de Vianants Tres Forques – Patraix  (inversions a l'Olivereta);7;l'Olivereta;Representante GT;12;SI;SI;124;SI;60181;No aplicable;2023-04-27;NA
1138;2;519;RECUPERACION ESPACIO PUBLICO  PLAZA ENTRE CALLES PURISIMA, CORRETGERIA, EN PINA;1;Ciutat Vella;Particular;6;NO;NO;0;NO;NA;No aplicable;2023-04-27;NA
1233;3;1023;CARRIL BICI EN LA AV. DE PRIMADO REIG/CARRIL BICI A L'AV. DE PRIMAT REIG;Toda la ciudad;Toda la ciudad;Particular;564;SI;SI;2533;SI;520000;No aplicable;2023-04-27;NA
1262;3;1054;CARRIL BICI MANUEL CANDELA;Toda la ciudad;Toda la ciudad;Particular;358;SI;NO;0;NO;NA;No aplicable;2023-04-27;NA
1346;3;1139;AJARDINAMIENTO PLAZA DE SAN SEBASTIAN INTEGRACIoN  EN ENTORNO DE JARDiN BOTANICO;Toda la ciudad;Toda la ciudad;Particular;27;NO;NO;0;NO;NA;No aplicable;2023-04-27;NA
1463;3;1256;ASFALTADO DEL CARRIL BICI CENTRAL DEL RiO TuRIA;Toda la ciudad;Toda la ciudad;Particular;2;NO;NO;0;NO;NA;No aplicable;2023-04-27;NA
1477;3;1270;REHABILITACIoN Y RENOVACIoN DE LA ESTACIoN DE AUTOBUSES;Toda la ciudad;Toda la ciudad;Particular;12;NO;NO;0;NO;NA;No aplicable;2023-04-27;NA
1493;3;1286;5 ZONAS EN LA PLAYA DEL PERELLONET PARA PRaCTICA DEPORTES DE VELA;Toda la ciudad;Toda la ciudad;Particular;29;NO;NO;0;NO;NA;No aplicable;2023-04-27;NA
1506;3;1299;LIMPIAR LAS CALLES DE RATAS;Toda la ciudad;Toda la ciudad;Particular;18;NO;NO;0;NO;NA;No aplicable;2023-04-27;NA
1545;3;1339;ASFALTADO DE CALLE PEATONAL PARA ADECUAR ACCESO TRANSPORTE PuBLICO A SOCIOPOLIS;Toda la ciudad;Toda la ciudad;Particular;13;NO;NO;0;NO;NA;No aplicable;2023-04-27;NA
1554;3;1348;REPLANTEAMIENTO CARRIL BICI CALLE CUBA (TRAMO PERIS I VALERO - LITERATO AZORiN);Toda la ciudad;Toda la ciudad;Particular;4;NO;NO;0;NO;NA;No aplicable;2023-04-27;NA
1614;3;1410;aRBOLES Y PARQUE INFANTIL PLAZA PATRAIX;Toda la ciudad;Toda la ciudad;Particular;19;NO;NO;0;NO;NA;No aplicable;2023-04-27;NA
1623;3;1419;DEVOLVER LA AVENIDA DE ARAGoN A LOS PEATONES.;Toda la ciudad;Toda la ciudad;Particular;0;NO;NO;0;NO;NA;No aplicable;2023-04-27;NA
1666;3;1462;RE-RURALITZACIo DEL ITINERARI QUE VOLTEJA CASTELLAR-L´OLIVERAL.;Toda la ciudad;Toda la ciudad;Particular;117;SI;NO;0;NO;NA;No aplicable;2023-04-27;NA
1751;3;1547;CONECTAR LES PEDANIES DEL NORT CON EL CENTRO CIUDAD;Toda la ciudad;Toda la ciudad;Particular;8;NO;NO;0;NO;NA;No aplicable;2023-04-27;NA
1775;4;2004;REFORMA CALLE JOSe MARiA HARO;13;Algiros;Particular;77;SI;SI;331;SI;225000;No aplicable;2023-04-27;NA
4504;7;5566;Peatonalizacion entorno Colegio Publico Miguel Hernandez;15;Rascanya;Particular;4;NO;NO;0;NO;NA;No aplicable;2023-04-27;NA
4522;7;5584;RETIRADA  ANTENA DE TELEFONIA MOVIL DESDE EL 2006;18;2;Particular;38;SI;NO;0;NO;NA;No aplicable;2023-04-27;NA
4568;7;5630;Parking subterraneo zona Monteolivete;10;Quatre Carreres;Particular;15;NO;NO;0;NO;NA;No aplicable;2023-04-27;NA
4573;7;5635;Mejorar movilidad en La Torre;19;7;Particular;33;SI;NO;0;NO;NA;No aplicable;2023-04-27;NA
4627;7;5689;barrio san isidro;8;Patraix;Particular;4;NO;NO;0;NO;NA;No aplicable;2023-04-27;NA
4663;7;5725;Parking publico a cubierto de bicicletas;13;Algiros;Particular;20;NO;NO;0;NO;NA;No aplicable;2023-04-27;NA
4679;7;5741;Instituto Patraix;8;Patraix;Particular;83;SI;NO;0;NO;NA;No aplicable;2023-04-27;NA
4732;7;5794;Farolas;10;Quatre Carreres;Particular;3;NO;NO;0;NO;NA;No aplicable;2023-04-27;NA
4734;7;5796;Ampliar zona acceso a vecinos y trabajadores a toda la zona de Ciutat Vella;1;Ciutat Vella;Particular;22;NO;NO;0;NO;NA;No aplicable;2023-04-27;NA
4751;7;5813;Solucion de estacionamiento a la supermanzana de Palleter.;3;Extramurs;Particular;20;NO;NO;0;NO;NA;No aplicable;2023-04-27;NA
4956;7;6018;AMPLIACIoN ACERAS;19;6;Particular;16;SI;SI;18;SI;25000;Con etiqueta;2023-04-27;NA
4997;7;6059;Redinamizar el complejo deportivo del mercado de Abastos;3;Extramurs;Particular;87;SI;NO;0;NO;NA;No aplicable;2023-04-27;NA
5063;7;6125;INSTALACION SANITARIOS EN PARQUE INFANTIL DEL JARDIN DE AYORA;12;Camins al Grau;Representante GT;0;SI;SI;462;SI;130000;Sin etiqueta;2023-04-27;NA
5084;7;6146;Ascensor en garaje Empark C/Maestro Gozalbo;2;l'Eixample;Particular;0;NO;NO;0;NO;NA;No aplicable;2023-04-27;NA
5117;7;6179;Reparar la acera de Ministro Luis Mayans entre el 41 y el 45 por estar inclinada;5;la Saidia;Particular;6;NO;NO;0;NO;NA;No aplicable;2023-04-27;NA
5195;7;6257;Murales Semana Santa Marinera;11;Poblats Maritims;Particular;45;SI;NO;0;NO;NA;No aplicable;2023-04-27;NA
5390;7;6452;Trinquet de Pilota Valenciana;4;Campanar;Particular;14;NO;NO;0;NO;NA;No aplicable;2023-04-27;NA
5588;7;6650;Pacificacio transit en bulevard sud / Pacificacion transito en bulevar sur;8;Patraix;Particular;6;NO;NO;0;NO;NA;No aplicable;2023-04-27;NA
5667;7;6729;Acondicionamiento aparcamiento frente al hospital Arnau de Vilanova;4;Campanar;Particular;18;NO;NO;0;NO;NA;No aplicable;2023-04-27;NA
5757;7;6819;ESCENARIO FIJO - CONCIERTOS SEDAJAZZ;19;7;Particular;8;NO;NO;0;NO;NA;No aplicable;2023-04-27;NA
5789;7;6851;Actuaciones en acera C/ Estibor;19;6;Ayuntamiento;0;SI;SI;4;NO;66153;Sin etiqueta;2023-04-27;NA
177;1;2015-00219;NA;9;Jesus;Persona Juridica;NA;No aplicable;NO;0;NO;NA;No aplicable;2023-04-27;NA
200;1;2015-00244;NA;11;Poblats Maritims;Persona Fisica;NA;No aplicable;SI;117;NO;NA;No aplicable;2023-04-27;NA
227;1;2015-00272;NA;17;Pobles del Nord;Persona Juridica;NA;No aplicable;NO;0;NO;NA;No aplicable;2023-04-27;NA
242;1;2015-00289;Jardin maria beneyto;3;Extramurs;Persona Fisica;NA;No aplicable;SI;64;SI;124458;No aplicable;2023-04-27;NA
286;1;2015-00342;NA;4;Campanar;Persona Fisica;NA;No aplicable;NO;0;NO;NA;No aplicable;2023-04-27;NA
302;1;2015-00359;NA;16;Benicalap;Persona Fisica;NA;No aplicable;NO;0;NO;NA;No aplicable;2023-04-27;NA
327;1;2015-00388;NA;12;Camins al Grau;Persona Fisica;NA;No aplicable;NO;0;NO;NA;No aplicable;2023-04-27;NA
350;1;2015-00412;NA;1;Ciutat Vella;Persona Fisica;NA;No aplicable;NO;0;NO;NA;No aplicable;2023-04-27;NA
391;1;2015-00456;NA;6;el Pla del Real;Persona Fisica;NA;No aplicable;NO;0;NO;NA;No aplicable;2023-04-27;NA
414;1;2015-00483;NA;19;Pobles del Sud;Persona Juridica;NA;No aplicable;NO;0;NO;NA;No aplicable;2023-04-27;NA
421;1;2015-00492;NA;4;Campanar;Persona Fisica;NA;No aplicable;NO;0;NO;NA;No aplicable;2023-04-27;NA
447;1;2015-00532;NA;11;Poblats Maritims;Persona Juridica;NA;No aplicable;NO;0;NO;NA;No aplicable;2023-04-27;NA
475;1;2015-00568;NA;3;Extramurs;Persona Juridica;NA;No aplicable;NO;0;NO;NA;No aplicable;2023-04-27;NA
511;1;2016-00006;Propuesta ayuntamiento. Mejoras en el parque peñetes de benimamet-beniferri;18;Pobles de l'Oest;Persona Juridica;NA;No aplicable;SI;50;SI;60000;No aplicable;2023-04-27;NA
601;1;2016-00097;NA;15;Rascanya;Persona Juridica;NA;No aplicable;SI;6;NO;NA;No aplicable;2023-04-27;NA
632;2;13;Piscina Valencia;6;el Pla del Real;Particular;128;SI;NO;0;NO;NA;No aplicable;2023-04-27;NA
661;2;42;Rehabilitacion y urbanizacion de las alquerias de la C/ Olba y su entorno;5;la Saidia;Particular;14;NO;NO;0;NO;NA;No aplicable;2023-04-27;NA
721;2;102;Mejoras calle San Vicente La Raiosa;9;Jesus;Particular;42;SI;SI;186;SI;21000;No aplicable;2023-04-27;NA
739;2;120;Acabar la vorera i carril bici de Carpesa a l'escola publica de Benifarig;17;Pobles del Nord;Particular;46;SI;NO;0;NO;NA;No aplicable;2023-04-27;NA
789;2;170;CALMAR RUSSAFA: CONTROL TELEMaTICO LIMITADORES DECIBELIOS DE DISCOTECAS, PUBS..;2;l'Eixample;Particular;94;SI;NO;0;NO;NA;No aplicable;2023-04-27;NA
791;2;172;ROCoDROMO EN JARDINES DEL ANTIGUO CAUCE DEL TURIA;6;el Pla del Real;Particular;7;NO;NO;0;NO;NA;No aplicable;2023-04-27;NA
809;2;190;Retirada del transformador electrico en calle Santiago Rusiñol 26;15;Rascanya;Particular;18;NO;NO;0;NO;NA;No aplicable;2023-04-27;NA
825;2;206;Adecuacion de solar municipal en C/Padre Barranco para uso ciudadano;4;Campanar;Particular;54;SI;NO;0;NO;NA;No aplicable;2023-04-27;NA
826;2;207;REURBANIZACIoN CALLE CRONISTA CARRERES;1;Ciutat Vella;Particular;1;NO;NO;0;NO;NA;No aplicable;2023-04-27;NA
839;2;220;Carril bici a les grans vies;3;Extramurs;Particular;57;SI;SI;183;NO;300000;No aplicable;2023-04-27;NA
862;2;243;Zones d'esplai per als mes menuts al barri del Carme;1;Ciutat Vella;Particular;47;SI;SI;185;NO;40000;No aplicable;2023-04-27;NA
869;2;250;Remodelacion del parque infantil de recinto antiguas escuelas de El Perellonet;19;Pobles del Sud;Particular;7;NO;NO;0;NO;NA;No aplicable;2023-04-27;NA
897;2;278;Asociacion juvenil;15;Rascanya;Particular;4;NO;NO;0;NO;NA;No aplicable;2023-04-27;NA
942;2;323;ADQUISICIo D'UN PANEL ELeCTRIC PER A POSAR INFORMACIo SOBRE ACTIVITATS DEL BARRI;10;Quatre Carreres;Representante GT;4;SI;SI;235;SI;2420;No aplicable;2023-04-27;NA
945;2;326;Paso de peatones Colegio Salesianos San Antonio Abad;5;la Saidia;Particular;6;NO;NO;0;NO;NA;No aplicable;2023-04-27;NA
1006;2;387;SEMAFORO EN EL CRUCE DE C/MARINA ALTA Y C/CANAL DE NAVARRES (PARQUE POLIFILO);4;Campanar;Particular;33;SI;NO;0;NO;NA;No aplicable;2023-04-27;NA
1047;2;428;Reducir el Trafico adecentando y ampliando las aceras de la Avda Giorgeta y Per;13;Algiros;Particular;1;NO;NO;0;NO;NA;No aplicable;2023-04-27;NA
1154;2;535;REFORMA DE MEJORA PABELLoN DEPORTIVO C.P. ELISEO VIDAL;8;Patraix;Particular;131;SI;NO;0;NO;NA;No aplicable;2023-04-27;NA
1170;2;551;Ampliacion de la acera de la puerta del colegio;7;l'Olivereta;Particular;20;NO;NO;0;NO;NA;No aplicable;2023-04-27;NA
1179;2;560;Salida Calle Almisera a Avd. Burjassot.;16;Benicalap;Particular;1;NO;NO;0;NO;NA;No aplicable;2023-04-27;NA
1193;2;574;AMPLIAR ACERAS DR.SORIANO Y REURBANIZAR APARCAMIENTO PENYETES-ESPRONCEDA;18;Pobles de l'Oest;Particular;3;NO;NO;0;NO;NA;No aplicable;2023-04-27;NA
1204;2;585;¡La calle Serreria necesita un carril bici!;12;Camins al Grau;Particular;4;NO;NO;0;NO;NA;No aplicable;2023-04-27;NA
1212;3;1002;WIFI PuBLIC ALS POBLES DE VALeNCIA;Toda la ciudad;Toda la ciudad;Ayuntamiento;236;SI;SI;2660;SI;96000;No aplicable;2023-04-27;NA
1316;3;1109;AVENIDA DEL PUERTO DE NUEVO DE 2 SENTIDOS;Toda la ciudad;Toda la ciudad;Particular;6;NO;NO;0;NO;NA;No aplicable;2023-04-27;NA
1328;3;1121;PARQUE VALLADO;Toda la ciudad;Toda la ciudad;Particular;37;NO;NO;0;NO;NA;No aplicable;2023-04-27;NA
1338;3;1131;PODA Y REGENERACIoN DE aRBOLES.;Toda la ciudad;Toda la ciudad;Particular;10;NO;NO;0;NO;NA;No aplicable;2023-04-27;NA
1355;3;1148;MEJORAR LA LONJA COMO SE MERECE;Toda la ciudad;Toda la ciudad;Particular;9;NO;NO;0;NO;NA;No aplicable;2023-04-27;NA
1378;3;1171;RECUPERAR LOS ANTIGUOS NEGOCIOS DE LA IGLESIA DE LOS SANTOS JUANES;Toda la ciudad;Toda la ciudad;Particular;10;NO;NO;0;NO;NA;No aplicable;2023-04-27;NA
1415;3;1208;ELIMINACIoN DE PLAZAS DE APARCAMIENTO DE MOTOS NUNCA UTILIZADAS;Toda la ciudad;Toda la ciudad;Particular;9;NO;NO;0;NO;NA;No aplicable;2023-04-27;NA
1427;3;1220;INSTALAR PANELES INSONORIZACION EN ACCESO RONDA NORTE;Toda la ciudad;Toda la ciudad;Particular;1;NO;NO;0;NO;NA;No aplicable;2023-04-27;NA
1461;3;1254;CENTRO DEPORTIVO MUNICIPAL EN SAFRANAR (PATRAIX);Toda la ciudad;Toda la ciudad;Particular;32;NO;NO;0;NO;NA;No aplicable;2023-04-27;NA
1489;3;1282;ILUMINACIoN DE CARRIL BICI EN JARDiN DEL TURIA;Toda la ciudad;Toda la ciudad;Particular;11;NO;NO;0;NO;NA;No aplicable;2023-04-27;NA
1528;3;1321;SERVICIO DE METRO DURANTE LA NOCHE LOS FINES DE SEMANA;Toda la ciudad;Toda la ciudad;Particular;17;NO;NO;0;NO;NA;No aplicable;2023-04-27;NA
1539;3;1332;PASARELA PEATONAL EN LA DEVESA, ENTRE GAVINES Y LA PLAYA;Toda la ciudad;Toda la ciudad;Particular;25;NO;NO;0;NO;NA;No aplicable;2023-04-27;NA
1565;3;1360;MILLORA DE LA MOBILITAT DELS VEiNS DEL CAMi DE LA CREUETA ALTA;Toda la ciudad;Toda la ciudad;Particular;18;NO;NO;0;NO;NA;No aplicable;2023-04-27;NA
1570;3;1366;MERCADO SEMANAL DE VENTA DIRECTA DE AGRICULTORES Y PRODUCTORES LOCALES;Toda la ciudad;Toda la ciudad;Particular;6;NO;NO;0;NO;NA;No aplicable;2023-04-27;NA
1586;3;1382;ELIMINAR BARRERAS ARQUITECToNICAS DE MONUMENTOS Y MUSEOS;Toda la ciudad;Toda la ciudad;Particular;4;NO;NO;0;NO;NA;No aplicable;2023-04-27;NA
1615;3;1411;ASFALTADO DE LA CALLE JOAQUIN BENLLOCH (MALILLA);Toda la ciudad;Toda la ciudad;Particular;5;NO;NO;0;NO;NA;No aplicable;2023-04-27;NA
1631;3;1427;BAÑOS PARA RUNNERS EN EL RiO TURIA;Toda la ciudad;Toda la ciudad;Particular;2;NO;NO;0;NO;NA;No aplicable;2023-04-27;NA
1641;3;1437;CREACIo D’UN CARRIL CICLOPEATONAL PER LA CARRETERA D'EN CORTS;Toda la ciudad;Toda la ciudad;Particular;182;SI;NO;0;NO;NA;No aplicable;2023-04-27;NA
1643;3;1439;PISCINA MUNICIPAL DESCUBIERTA;Toda la ciudad;Toda la ciudad;Particular;61;NO;NO;0;NO;NA;No aplicable;2023-04-27;NA
1662;3;1458;PACIFCACIoN DEL TRAFICON LA AVENIDA DE BALEARES.;Toda la ciudad;Toda la ciudad;Particular;1;NO;NO;0;NO;NA;No aplicable;2023-04-27;NA
1685;3;1481;MUSEO SOROLLA A VALeNCIA;Toda la ciudad;Toda la ciudad;Particular;3;NO;NO;0;NO;NA;No aplicable;2023-04-27;NA
1754;3;1550;ACERAS POETA SERRANO CLaVERO Y QUITAR FAROLAS;Toda la ciudad;Toda la ciudad;Particular;2;NO;NO;0;NO;NA;No aplicable;2023-04-27;NA
1765;3;1561;PONER UN PARQUE EN EL SOLAR DE LA CALLE DEL SALVADOR  (DETRAS DE LAS CORTES);Toda la ciudad;Toda la ciudad;Particular;2;NO;NO;0;NO;NA;No aplicable;2023-04-27;NA
1804;4;2033;REURBANIZACIoN AV. CONSTITUCIoN (TRAMO C/ CORONEL MONTESINOS Y RONDA NORTE);15;Rascanya;Particular;23;NO;NO;0;NO;NA;No aplicable;2023-04-27;NA
1937;4;2166;INSTALACIoN SEMaFOROS CONTROL VELOCIDAD CALLES ISABEL DE VILLENA Y EUGENIA VIÑES;11;Poblats Maritims;Representante GT;0;SI;NO;0;NO;NA;No aplicable;2023-04-27;NA
1945;4;2174;REURBANIZACIoN C/EL BACHILLER ENTRE GoMEZ FERRER Y JAUME ROIG;6;el Pla del Real;Particular;2;NO;NO;0;NO;NA;No aplicable;2023-04-27;NA
1972;4;2201;PEATONALITZAR LA ZONA MERCAT DEL CABANYAL;11;Poblats Maritims;Particular;47;SI;NO;0;NO;NA;No aplicable;2023-04-27;NA
1979;4;2208;DOTACIo D'ELEMENTS DE SALA D'ACTES I EXPOSICIONS;17;3;Representante GT;0;SI;SI;42;SI;27112;No aplicable;2023-04-27;NA
2009;4;2238;PASO PEATONES SEMAFOROS C·. ALBORAYA;5;la Saidia;Representante GT;0;SI;SI;92;NO;200000;No aplicable;2023-04-27;NA
2039;4;2268;ENSANCHAR LAS ACERAS;17;1;Particular;7;NO;NO;0;NO;NA;No aplicable;2023-04-27;NA
2055;4;2284;ESPACIOS DE ENCUENTRO PARA BEBES Y MADRES;20;No consta;Particular;3;NO;NO;0;NO;NA;No aplicable;2023-04-27;NA
2118;4;2347;SI LLUEVE… MARQUESINAS EN BENICALAP;16;Benicalap;Representante GT;0;SI;NO;0;NO;NA;No aplicable;2023-04-27;NA
2131;4;2360;PARQUE SENENT IBAÑEZ MASSARROJOS: RENOVACIoN/ ADECUACIoN.;17;6;Particular;30;SI;SI;41;NO;102810;No aplicable;2023-04-27;NA
2133;4;2362;CONEXIoN WIFI GRATUITA EN PARQUES Y PLAZAS;7;l'Olivereta;Representante GT;0;SI;SI;201;SI;25000;No aplicable;2023-04-27;NA
2134;4;2363;CREACION DE UN CARRIL BICI DESDE PONT DE FUSTA HASTA SAN AGUSTiN;20;No consta;Particular;1;NO;NO;0;NO;NA;No aplicable;2023-04-27;NA
2187;4;2416;PEATONALIZAR LA CALLE CHELVA EN VALENCIA CIUDAD;8;Patraix;Particular;3;NO;NO;0;NO;NA;No aplicable;2023-04-27;NA
2200;4;2429;MONUMENT A EN NICOLAU PRIMITIU;17;6;Particular;20;SI;SI;75;SI;4000;No aplicable;2023-04-27;NA
2227;4;2456;CUBIERTAS VERDES: AZOTEAS AJARDINADAS.;20;No consta;Particular;7;NO;NO;0;NO;NA;No aplicable;2023-04-27;NA
2335;5;3023;CONNEXIo CICLISTA TORRES DE QUART, DEMOCRaCIA FINS A CIUTAT ADMIN. 9 D'OCTUBRE;Toda la ciudad;Toda la ciudad;Ayuntamiento;145;NO;NO;0;NO;NA;No aplicable;2023-04-27;NA
2366;5;3054;Paso de peatones en Primado Reig con Botanico Cavanilles;Toda la ciudad;Toda la ciudad;Particular;60;NO;NO;0;NO;NA;No aplicable;2023-04-27;NA
2374;5;3062;Mejora del carril bici de la Avenida de Tarongers y de la rotonda de la V-21;Toda la ciudad;Toda la ciudad;Particular;37;NO;NO;0;NO;NA;No aplicable;2023-04-27;NA
2396;5;3084;Nuevos carriles bices que permitan conexiones con el anillo ciclista;Toda la ciudad;Toda la ciudad;Particular;40;NO;NO;0;NO;NA;No aplicable;2023-04-27;NA
2434;5;3122;PUESTA EN VALOR DE LA MURALLA aRABE E ISLaMICA;Toda la ciudad;Toda la ciudad;Particular;118;SI;NO;0;NO;NA;No aplicable;2023-04-27;NA
2440;5;3128;Aparcamiento calle Rodrigo de Pertegas / calle Siete Aguas;Toda la ciudad;Toda la ciudad;Particular;9;NO;NO;0;NO;NA;No aplicable;2023-04-27;NA
2471;5;3159;Union Benimamet y Campanar - Reordenacion y reurbanizacion Cami Vell de Paterna;Toda la ciudad;Toda la ciudad;Particular;114;SI;NO;0;NO;NA;No aplicable;2023-04-27;NA
2477;5;3165;Asfaltado y pavimentacion de la calle Salvador Cervero;Toda la ciudad;Toda la ciudad;Particular;33;NO;NO;0;NO;NA;No aplicable;2023-04-27;NA
2499;5;3187;Por una Valencia limpia;Toda la ciudad;Toda la ciudad;Particular;130;SI;NO;0;NO;NA;No aplicable;2023-04-27;NA
2515;5;3203;Añadir equipamiento de juego infantil en la zona peatonalizada C/Salabert;Toda la ciudad;Toda la ciudad;Particular;50;NO;NO;0;NO;NA;No aplicable;2023-04-27;NA
2524;5;3212;PASO DE PEATONES DEL COLEGIO CAMPANAR AL PARQUE INFANTIL PIO XII;Toda la ciudad;Toda la ciudad;Particular;28;NO;NO;0;NO;NA;No aplicable;2023-04-27;NA
2530;5;3218;Apertura calle Segunda Republica Española;Toda la ciudad;Toda la ciudad;Particular;2;NO;NO;0;NO;NA;No aplicable;2023-04-27;NA
2552;5;3240;URINARIOS;Toda la ciudad;Toda la ciudad;Particular;5;NO;NO;0;NO;NA;No aplicable;2023-04-27;NA
2563;5;3251;URBANIZAR PARCELA DEL HOSPITAL ARNAU DE VILANOVA;Toda la ciudad;Toda la ciudad;Particular;11;NO;NO;0;NO;NA;No aplicable;2023-04-27;NA
2571;5;3259;CAMBIO DE FAROLAS ILUMINACIoN  LED C/MARQUES DE LOZOYA;Toda la ciudad;Toda la ciudad;Particular;47;NO;NO;0;NO;NA;No aplicable;2023-04-27;NA
2600;5;3288;Peatonalizacion centro Benimaclet;Toda la ciudad;Toda la ciudad;Particular;70;NO;NO;0;NO;NA;No aplicable;2023-04-27;NA
2670;5;3358;Parque de barras;Toda la ciudad;Toda la ciudad;Particular;2;NO;NO;0;NO;NA;No aplicable;2023-04-27;NA
2690;5;3378;Fachada edificio plaza del Ayuntamiento con Barcas;Toda la ciudad;Toda la ciudad;Particular;4;NO;NO;0;NO;NA;No aplicable;2023-04-27;NA
2711;5;3399;Mejora del aparcamiento  en la zona de ruzafa;Toda la ciudad;Toda la ciudad;Particular;27;NO;NO;0;NO;NA;No aplicable;2023-04-27;NA
2739;5;3427;"Acondicionamiento del solar del desaparecido pino ""Can Calet"" de Campanar";Toda la ciudad;Toda la ciudad;Particular;23;NO;NO;0;NO;NA;No aplicable;2023-04-27;NA
2769;5;3457;Proyecto Patios Coeducativos, ofrecido por el Ayuntamiento de Valencia;Toda la ciudad;Toda la ciudad;Particular;246;SI;NO;0;NO;NA;No aplicable;2023-04-27;NA
2796;5;3484;Habilitar deportes de deslizamiento (surf, kayak, catamaran, windsurf, kitesurf);Toda la ciudad;Toda la ciudad;Particular;100;SI;NO;0;NO;NA;No aplicable;2023-04-27;NA
2826;5;3514;Vallado zona parque infantil en Benicalap (zona alquerias);Toda la ciudad;Toda la ciudad;Particular;14;NO;NO;0;NO;NA;No aplicable;2023-04-27;NA
2827;5;3515;Ni un carril bici mas;Toda la ciudad;Toda la ciudad;Particular;12;NO;NO;0;NO;NA;No aplicable;2023-04-27;NA
2848;5;3536;INSTALACIoN DE ASCENSORES EN APARCAMIENTOS MUNICIPALES;Toda la ciudad;Toda la ciudad;Particular;2;NO;NO;0;NO;NA;No aplicable;2023-04-27;NA
2855;5;3543;MALILLA BIBLIOTECA PARA TODOS;Toda la ciudad;Toda la ciudad;Particular;40;NO;NO;0;NO;NA;No aplicable;2023-04-27;NA
2891;5;3580;Reubicar contenedores tras los pasos de peatones;Toda la ciudad;Toda la ciudad;Particular;8;NO;NO;0;NO;NA;No aplicable;2023-04-27;NA
2919;5;3608;Adecuacion de la pinada de El Saler (la Devesa frente al colegio y el pueblo);Toda la ciudad;Toda la ciudad;Particular;69;NO;NO;0;NO;NA;No aplicable;2023-04-27;NA
2937;5;3626;Convertir el solar de Just Ramirez y Canoner en espacio verde.;Toda la ciudad;Toda la ciudad;Particular;3;NO;NO;0;NO;NA;No aplicable;2023-04-27;NA
3005;6;4061;Reverdecer Santos Justo y Pastor (y alrededores);13;Algiros;Particular;87;SI;NO;0;NO;NA;No aplicable;2023-04-27;NA
3022;6;4078;MEJORA DEL COLEGIO JAUME I DE VALENCIA;13;Algiros;Particular;42;SI;NO;0;NO;NA;No aplicable;2023-04-27;NA
3050;6;4106;Rehabilitacion Edificio Casa del Agua y pasarela.;7;l'Olivereta;Particular;98;SI;SI;76;NO;400000;No aplicable;2023-04-27;NA
3090;6;4146;Carril bici calle Sorni;2;l'Eixample;Particular;16;NO;NO;0;NO;NA;No aplicable;2023-04-27;NA
3106;6;4162;Piscina climatizada;16;Benicalap;Particular;104;SI;NO;0;NO;NA;No aplicable;2023-04-27;NA
3201;6;4257;Pista de padel;19;3;Particular;30;SI;NO;0;NO;NA;No aplicable;2023-04-27;NA
3246;6;4302;Plaza en Dolores Marques con Vicente Zaragoza;5;la Saidia;Particular;50;SI;NO;0;NO;NA;No aplicable;2023-04-27;NA
3289;6;4345;Mejora Peatonal y Medianera Juan XXIII;16;Benicalap;Particular;7;NO;NO;0;NO;NA;No aplicable;2023-04-27;NA
3303;6;4359;Habilitar zona de carga y descarga de vehiculos en Calle Islas Canarias 90;12;Camins al Grau;Particular;48;SI;NO;0;NO;NA;No aplicable;2023-04-27;NA
3304;6;4360;Plantar arboles en las calles Cervantes y Pare Jofre;3;Extramurs;Particular;14;NO;NO;0;NO;NA;No aplicable;2023-04-27;NA
3305;6;4361;VELoDROMO VALENCIA;11;Poblats Maritims;Particular;9;NO;NO;0;NO;NA;No aplicable;2023-04-27;NA
3332;6;4388;MERCADO ROJAS RECLEMENTE - CALLE LEPANTO (ACCESO/PARQUE);3;Extramurs;Particular;20;NO;NO;0;NO;NA;No aplicable;2023-04-27;NA
3376;6;4432;Crear Comunitat Energetica al barri de Patraix. Energia renovable de proximitat.;8;Patraix;Particular;66;SI;NO;0;NO;NA;No aplicable;2023-04-27;NA
3448;6;4504;RESTAURACION PASARELA PUENTE ELEVADO DE GIORGETA URGENTE, SU VISION ES HORRIBLE.;9;Jesus;Particular;21;NO;NO;0;NO;NA;No aplicable;2023-04-27;NA
3502;6;4559;Acondicionamiento descampado zona Centro de salud;8;Patraix;Particular;94;SI;NO;0;NO;NA;No aplicable;2023-04-27;NA
3543;6;4600;Mejora de accesibilidad para peatones y bicicletas en Avenida Antonio Ferrandis.;10;Quatre Carreres;Particular;28;NO;NO;0;NO;NA;No aplicable;2023-04-27;NA
3620;6;4677;Cbio. contenedores C/ Zapadores,Pl Ped Pestalozi.. y alumbrado C/ Gral Almirante;10;Quatre Carreres;Particular;21;NO;NO;0;NO;NA;No aplicable;2023-04-27;NA
3625;6;4682;Colocacion de badenes en la calle Rio Bidasoa;16;Benicalap;Particular;7;NO;NO;0;NO;NA;No aplicable;2023-04-27;NA
3644;6;4702;Tunel Ciclista de las Grandes Vias;2;l'Eixample;Particular;87;SI;NO;0;NO;NA;No aplicable;2023-04-27;NA
3664;6;4722;Aumento de limpieza y desinfeccion cucarachas y ratas;10;Quatre Carreres;Particular;57;SI;NO;0;NO;NA;No aplicable;2023-04-27;NA
3685;6;4743;Remodelacion de la Plaza Arturo Piera para hacerla mas accesible a los vecinos.;7;l'Olivereta;Particular;39;SI;SI;201;SI;83522;No aplicable;2023-04-27;NA
3687;6;4745;Ampliacio PARC INFANTIL al interior del recinte del antic mercat d'ABASTOS;3;Extramurs;Particular;63;SI;SI;234;SI;90000;No aplicable;2023-04-27;NA
3764;6;4824;Peatonalizacion de la calle Vicente Rios Enrique (CEIP Giner de los Rios);4;Campanar;Particular;51;SI;NO;0;NO;NA;No aplicable;2023-04-27;NA
3784;6;4844;Badenes en los pasos de peatones para acceder al Colegio Federico Garcia Lorca;13;Algiros;Particular;51;SI;NO;0;NO;NA;No aplicable;2023-04-27;NA
3920;6;4982;Urbanitzacio i condicionament de la Plaça  Cronista Francisco Montblanc;11;Poblats Maritims;Particular;35;SI;SI;45;NO;280000;No aplicable;2023-04-27;NA
3960;6;5022;Crear teamo peatonal desde el Parador hasta el Perellonet;19;4;Particular;22;SI;NO;0;NO;NA;No aplicable;2023-04-27;NA
4006;6;5068;PROGRAMA REINSERCIoN _ VELLUTERS;1;Ciutat Vella;Particular;30;SI;NO;0;NO;NA;No aplicable;2023-04-27;NA
4049;6;5111;Gimnasio en solares junto a Ciutat Fallera y Calle Salvador Cervero;16;Benicalap;Particular;4;NO;NO;0;NO;NA;No aplicable;2023-04-27;NA
4050;6;5112;Sustitucion arbolado San Vicente y adyacentes;9;Jesus;Particular;3;NO;NO;0;NO;NA;No aplicable;2023-04-27;NA
4063;6;5125;Rehubicacion contenedores basura;8;Patraix;Particular;8;NO;NO;0;NO;NA;No aplicable;2023-04-27;NA
4068;6;5130;BENIMACLET MeS VERD. Renaturalizacion de la calle Masquefa;14;Benimaclet;Particular;25;NO;NO;0;NO;NA;No aplicable;2023-04-27;NA
4072;6;5134;Contenedores de reciclaje;14;Benimaclet;Particular;7;NO;NO;0;NO;NA;No aplicable;2023-04-27;NA
4138;6;5200;Gestion Colonias Felinas y puntos de alimentacion;6;el Pla del Real;Particular;35;SI;SI;136;NO;3000;No aplicable;2023-04-27;NA
4191;6;5253;PUNTOS DE ALIMENTACIoN EN COLONIAS FELINAS URBANAS;12;Camins al Grau;Particular;22;NO;NO;0;NO;NA;No aplicable;2023-04-27;NA
4193;6;5255;Señalectica turistica con ruta cultural por el Barrio de La Punta;10;Quatre Carreres;Particular;30;SI;SI;241;NO;14000;No aplicable;2023-04-27;NA
4208;6;5270;ESPAI DE JOCS LLIURES AL CANTo C/ ENGINYER VICENT PICHo I CAMi DE FARINoS;14;Benimaclet;Particular;35;SI;NO;0;NO;NA;No aplicable;2023-04-27;NA
4221;6;5283;TRES FORQUES: LA CALLE DE LAS PERSONAS. Pacificacion del trafico (II);8;Patraix;Particular;48;SI;SI;125;NO;490000;No aplicable;2023-04-27;NA
4351;7;5413;Reasfaltado del carril Bici que discurre por la avenida constitucion.;5;la Saidia;Particular;16;NO;NO;0;NO;NA;No aplicable;2023-04-27;NA
4375;7;5437;SOTERRAMIENTO CONTENEDORES BASURA;10;Quatre Carreres;Particular;35;SI;SI;493;SI;280000;Sin etiqueta;2023-04-27;NA
4402;7;5464;Instalacion de baños publicos;11;Poblats Maritims;Particular;32;SI;NO;0;NO;NA;No aplicable;2023-04-27;NA
4441;7;5503;Retrofits en varias calles del barrio;9;Jesus;Particular;11;NO;NO;0;NO;NA;No aplicable;2023-04-27;NA
4446;7;5508;Millores i remodelacio planta viaria de l'Av. Jesus Morante Borras;10;Quatre Carreres;Particular;2;NO;NO;0;NO;NA;No aplicable;2023-04-27;NA
4477;7;5539;Limpiar palmeras;5;la Saidia;Particular;8;NO;NO;0;NO;NA;No aplicable;2023-04-27;NA
4492;7;5554;Ordenacion del aparcamiento central en el Paseo de la Alameda y Carril Bici;6;el Pla del Real;Particular;24;NO;NO;0;NO;NA;No aplicable;2023-04-27;NA
4493;7;5555;Peatonal;5;la Saidia;Particular;1;NO;NO;0;NO;NA;No aplicable;2023-04-27;NA
4510;7;5572;Zona infantil en el parque del antiguo Hospital;1;Ciutat Vella;Particular;53;SI;NO;0;NO;460000;No aplicable;2023-04-27;NA
4511;7;5573;MILLORA D’ACCESSOS AL MERCAT MUNICIPAL DE JERUSALEM;3;Extramurs;Representante GT;0;SI;NO;0;NO;NA;No aplicable;2023-04-27;NA
4513;7;5575;"Reacondicionament del parc de la ""ximenera""";11;Poblats Maritims;Particular;34;SI;SI;118;NO;230000;Sin etiqueta;2023-04-27;NA
4515;7;5577;ALUMBRADO ZONA TORREFIEL;15;Rascanya;Particular;28;NO;NO;0;NO;NA;No aplicable;2023-04-27;NA
4547;7;5609;EXCES DE VELOCITAT PONT DE MONTEOLIVET;10;Quatre Carreres;Particular;3;NO;NO;0;NO;NA;No aplicable;2023-04-27;NA
4613;7;5675;Soterrament contenidors C/ Mendez Nuñez;11;Poblats Maritims;Particular;31;SI;NO;0;NO;NA;No aplicable;2023-04-27;NA
4634;7;5696;PROMOVER ACTIVIDADES DEPORTIVO-CULTURALES PARA LA JUVENTUD DE LA MALVA-ROSA;11;Poblats Maritims;Particular;13;NO;NO;0;NO;NA;No aplicable;2023-04-27;NA
4649;7;5711;Mercado municipal en local cines Albatros Plaza Fray Luis Colomer;13;Algiros;Particular;33;SI;NO;0;NO;NA;No aplicable;2023-04-27;NA
4677;7;5739;Parque calle Alqueria de benlloch;8;Patraix;Particular;6;NO;NO;0;NO;NA;No aplicable;2023-04-27;NA
4711;7;5773;Rehacer el parque de la calle asturias.;12;Camins al Grau;Particular;13;NO;NO;0;NO;NA;No aplicable;2023-04-27;NA
4801;7;5863;AMPLIACIoN CARRIL BICI Y PARQUE;18;1;Particular;15;SI;NO;0;NO;NA;No aplicable;2023-04-27;NA
4821;7;5883;Infraestructuras deportivas en Naus de Ribes;2;l'Eixample;Particular;75;SI;NO;0;NO;NA;No aplicable;2023-04-27;NA
4823;7;5885;Carril bici sobre calzada en ultimo tramo Maestro Rodrigo (n°82 -  Salida ciudad;4;Campanar;Particular;2;NO;NO;0;NO;NA;No aplicable;2023-04-27;NA
4843;7;5905;Parque Canino Permanente;19;3;Particular;38;SI;NO;0;NO;NA;No aplicable;2023-04-27;NA
4857;7;5919;FUENTE AGUA FILTRADA RONDA NORTE;15;Rascanya;Particular;32;SI;SI;384;SI;15910;Con etiqueta;2023-04-27;NA
4876;7;5938;Conexion Faitanar con Metro Valencia Sud.;19;8;Particular;23;SI;NO;0;NO;NA;No aplicable;2023-04-27;NA
4886;7;5948;Señalizacion zona residencial C/ Turia-Sanchis Bergon desde Paseo de la Pechina;3;Extramurs;Particular;2;NO;NO;0;NO;NA;No aplicable;2023-04-27;NA
4921;7;5983;Instalaciones deportivas al aire libre;9;Jesus;Particular;32;SI;NO;0;NO;60000;No aplicable;2023-04-27;NA
5012;7;6074;Peatonalizacion entorno Pati Obert de l'IVAM, Colegio Santa Teresa e IES.;1;Ciutat Vella;Particular;33;SI;SI;339;SI;18000;Con etiqueta;2023-04-27;NA
5019;7;6081;SOTERRAMIENTO CONTENEDORES BASURA;6;el Pla del Real;Particular;4;NO;NO;0;NO;NA;No aplicable;2023-04-27;NA
5021;7;6083;Apertura Calle Dels Gremis;8;Patraix;Particular;14;NO;NO;0;NO;NA;No aplicable;2023-04-27;NA
5044;7;6106;SOTERRAMIENTO DE CONTENEDORES EN EL DISTRITO DE LA OLIVERETA;7;l'Olivereta;Particular;71;SI;NO;0;NO;NA;No aplicable;2023-04-27;NA
5053;7;6115;HACER UN PARQUE  AL FINAL DE LA CALLE FRANCO TORMO CON PABLO MELENDEZ;8;Patraix;Particular;36;SI;SI;308;SI;239135;Con etiqueta;2023-04-27;NA
5090;7;6152;Sala de estudio con disponibilidad durante periodos extraordinarios;2;l'Eixample;Particular;16;NO;NO;0;NO;NA;No aplicable;2023-04-27;NA
5092;7;6154;Ampliacio de voreres en la recuperacio d'espai public a Perez Galdos i Giorgeta;3;Extramurs;Particular;48;SI;NO;0;NO;NA;No aplicable;2023-04-27;NA
5112;7;6174;POLICIAS DE PAISANO PARA MULTAR A LOS QUE NO RECOGEN LAS CACAS DE LOS PERROS.;10;Quatre Carreres;Particular;33;SI;NO;0;NO;NA;No aplicable;2023-04-27;NA
5188;7;6250;Ajardinamiento y adecuacion del solar entre Maestro Rodrigo - General Aviles;4;Campanar;Particular;47;SI;NO;0;NO;NA;No aplicable;2023-04-27;NA
5225;7;6287;HACER DE UN SOLO SENTIDO LA ENTRADA A CL LA SERRELLA O PROHIBIR EL APARCAMIENTO;19;3;Particular;1;NO;NO;0;NO;NA;No aplicable;2023-04-27;NA
5234;7;6296;AJARDINAMIENTO PL.NICOLAS FERRER I JULVE;10;Quatre Carreres;Particular;4;NO;NO;0;NO;NA;No aplicable;2023-04-27;NA
5248;7;6310;Habilitar paso Cuc de Llum - Joan Verdeguer;11;Poblats Maritims;Representante GT;0;SI;NO;0;NO;NA;No aplicable;2023-04-27;NA
5250;7;6312;Finalizacion de Zonas AjardinadaS de En Corts y La Fonteta (Quatre Carreres);10;Quatre Carreres;Representante GT;0;SI;SI;207;NO;610000;Sin etiqueta;2023-04-27;NA
5307;7;6369;Rehabilitacio de faroles al mercat d’Abastos;3;Extramurs;Representante GT;0;SI;SI;228;NO;40000;Sin etiqueta;2023-04-27;NA
5314;7;6376;FUENTE AGUA POTABLE EN Jardin de Wangari Maathai;8;Patraix;Particular;1;NO;NO;0;NO;NA;No aplicable;2023-04-27;NA
5403;7;6465;Fuentes de agua;1;Ciutat Vella;Particular;32;SI;SI;289;SI;47720;Con etiqueta;2023-04-27;NA
5409;7;6471;MEJORA DE LA LIMPIEZA Y DE LA CONVIVENCIA EN EL BARRIO DEL CABANYAL-CANYAMELAR;11;Poblats Maritims;Particular;29;NO;NO;0;NO;NA;No aplicable;2023-04-27;NA
5450;7;6512;Acondicionamiento de la parte trasera de la alcaldia.;17;4;Particular;13;NO;NO;0;NO;NA;No aplicable;2023-04-27;NA
5466;7;6528;Mejora de la accesibilidad en el Barrio de la Aguja;7;l'Olivereta;Particular;34;SI;SI;273;SI;40250;Sin etiqueta;2023-04-27;NA
5521;7;6583;Peatonalizar Calle de Bellus;5;la Saidia;Particular;3;NO;NO;0;NO;NA;No aplicable;2023-04-27;NA
5553;7;6615;Paso de peatones en C/Cuba con Plaza Manuel Granero;2;l'Eixample;Particular;18;NO;NO;0;NO;NA;No aplicable;2023-04-27;NA
5586;7;6648;Restauracion y montaje fuentes del pueblo;18;2;Representante GT;0;SI;SI;10;NO;20310;Sin etiqueta;2023-04-27;NA
5587;7;6649;Reposicion de arbolado en Av. Tirso de Molina;4;Campanar;Particular;10;NO;NO;0;NO;NA;No aplicable;2023-04-27;NA
5602;7;6664;INSTALACIoN DE FUENTES DE AGUA FILTRADA Y REFRIGERADA;14;Benimaclet;Particular;32;SI;SI;425;SI;47720;Con etiqueta;2023-04-27;NA
5606;7;6668;INSTALACIoN DE FUENTES DE AGUA FILTRADA Y REFRIGERADA;12;Camins al Grau;Particular;31;SI;SI;679;SI;47720;Con etiqueta;2023-04-27;NA
5744;7;6806;Aseos publicos en exterior del mercado de Abastos;3;Extramurs;Particular;9;NO;NO;0;NO;NA;No aplicable;2023-04-27;NA
9;1;2015-00011;Instalacion fuente agua potable en jardin infantil y zona deportiva;8;Patraix;Persona Juridica;0;No aplicable;SI;58;SI;6500;No aplicable;2023-04-27;NA
59;1;2015-00074;NA;11;Poblats Maritims;Persona Fisica;0;No aplicable;NO;0;NO;NA;No aplicable;2023-04-27;NA
77;1;2015-00100;NA;14;Benimaclet;Persona Fisica;0;No aplicable;NO;0;NO;NA;No aplicable;2023-04-27;NA
99;1;2015-00127;NA;16;Benicalap;Persona Fisica;0;No aplicable;NO;0;NO;NA;No aplicable;2023-04-27;NA
115;1;2015-00150;NA;16;Benicalap;Persona Fisica;0;No aplicable;SI;41;NO;NA;No aplicable;2023-04-27;NA
121;1;2015-00157;NA;6;el Pla del Real;Persona Fisica;0;No aplicable;NO;0;NO;NA;No aplicable;2023-04-27;NA
127;1;2015-00164;NA;15;Rascanya;Persona Fisica;0;No aplicable;NO;0;NO;NA;No aplicable;2023-04-27;NA
175;1;2015-00217;NA;19;Pobles del Sud;Persona Fisica;0;No aplicable;NO;0;NO;NA;No aplicable;2023-04-27;NA
190;1;2015-00232;Adecuacion del viejo jardin plaza de la iglesia;10;Quatre Carreres;Persona Juridica;0;No aplicable;SI;68;SI;60500;No aplicable;2023-04-27;NA
245;1;2015-00294;NA;1;Ciutat Vella;Persona Juridica;0;No aplicable;SI;27;NO;NA;No aplicable;2023-04-27;NA
348;1;2015-00410;NA;1;Ciutat Vella;Persona Juridica;0;No aplicable;NO;0;NO;NA;No aplicable;2023-04-27;NA
355;1;2015-00418;NA;7;l'Olivereta;Persona Juridica;0;No aplicable;NO;0;NO;NA;No aplicable;2023-04-27;NA
427;1;2015-00498;NA;11;Poblats Maritims;Persona Juridica;0;No aplicable;SI;111;NO;NA;No aplicable;2023-04-27;NA
433;1;2015-00512;NA;1;Ciutat Vella;Persona Fisica;0;No aplicable;NO;0;NO;NA;No aplicable;2023-04-27;NA
456;1;2015-00546;NA;5;la Saidia;Persona Juridica;0;No aplicable;NO;0;NO;NA;No aplicable;2023-04-27;NA
460;1;2015-00551;NA;9;Jesus;Persona Juridica;0;No aplicable;SI;20;NO;NA;No aplicable;2023-04-27;NA
472;1;2015-00564;NA;7;l'Olivereta;Persona Juridica;0;No aplicable;NO;0;NO;NA;No aplicable;2023-04-27;NA
494;1;2015-00592;NA;19;Pobles del Sud;Persona Juridica;0;No aplicable;NO;0;NO;NA;No aplicable;2023-04-27;NA
515;1;2016-00010;Propuesta ayuntamiento. Mejora dotacion papeleras ordinarias en calles, en jardines y para zonas de expansion canina con expendedor de bolsas y cenicero.;6;el Pla del Real;Persona Juridica;0;No aplicable;SI;14;SI;7250;No aplicable;2023-04-27;NA
527;1;2016-00022;NA;2;l'Eixample;Persona Juridica;0;No aplicable;SI;11;NO;NA;No aplicable;2023-04-27;NA
529;1;2016-00024;NA;6;el Pla del Real;Persona Juridica;0;No aplicable;SI;4;NO;NA;No aplicable;2023-04-27;NA
583;1;2016-00078;NA;16;Benicalap;Persona Juridica;0;No aplicable;SI;19;NO;NA;No aplicable;2023-04-27;NA
609;1;2016-00105;NA;17;Pobles del Nord;Persona Juridica;0;No aplicable;SI;92;NO;NA;No aplicable;2023-04-27;NA
676;2;57;Urbanitzacio de l'entrada al carrer Montesa;8;Patraix;Particular;23;NO;NO;0;NO;NA;No aplicable;2023-04-27;NA
696;2;77;Adecentamiento de Nou Moles;7;l'Olivereta;Particular;4;NO;NO;0;NO;NA;No aplicable;2023-04-27;NA
842;2;223;CREACIo D’UN ESPAI LuDIC ESPORTIU EN SOLAR PRoXIM AL CEIP CARLES SALVADOR DE VAL;15;Rascanya;Particular;145;SI;SI;265;SI;60000;No aplicable;2023-04-27;NA
892;2;273;Millorem la escola publica de Massarrojos: cuina + tendals;17;Pobles del Nord;Particular;56;SI;NO;0;NO;NA;No aplicable;2023-04-27;NA
923;2;304;AMPLIACION DE LA ACERA  EN LA MALVARROASA;11;Poblats Maritims;Representante GT;8;SI;NO;0;NO;NA;No aplicable;2023-04-27;NA
928;2;309;Centro juvenil Castellar Oliveral;19;Pobles del Sud;Particular;4;NO;NO;0;NO;NA;No aplicable;2023-04-27;NA
933;2;314;REMODELACIoN DEL PARQUE MANUEL GRANERO;2;l'Eixample;Representante GT;90;SI;SI;404;SI;45480;No aplicable;2023-04-27;NA
989;2;370;Instalacions deportives publiques.;16;Benicalap;Particular;2;NO;NO;0;NO;NA;No aplicable;2023-04-27;NA
1005;2;386;Centro Civico y Cultural de Ciutat Vella;1;Ciutat Vella;Particular;41;SI;NO;0;NO;NA;No aplicable;2023-04-27;NA
1039;2;420;BUSQUEDA Y ADECUACIoN DE SOLARES EN AYORA, PARA APARCAMIENTOS;12;Camins al Grau;Representante GT;2;SI;NO;0;NO;NA;No aplicable;2023-04-27;NA
1091;2;472;Habilitar un carril bici circular Maritim;11;Poblats Maritims;Representante GT;24;SI;SI;167;NO;418000;No aplicable;2023-04-27;NA
1122;2;503;Ajardinada y dotar de mobiliario deportivo calle peatonal;14;Benimaclet;Particular;1;NO;NO;0;NO;NA;No aplicable;2023-04-27;NA
1124;2;505;Iluminacion en Calle Mossen Febrer y adyacentes;9;Jesus;Particular;15;NO;NO;0;NO;NA;No aplicable;2023-04-27;NA
1128;2;509;Senyalitzacio llocs interes turistic Poblats Maritims;11;Poblats Maritims;Representante GT;3;SI;NO;0;NO;NA;No aplicable;2023-04-27;NA
1156;2;537;Parking en descampado bulevar sud;9;Jesus;Particular;4;NO;NO;0;NO;NA;No aplicable;2023-04-27;NA
1201;2;582;Parque infantil en gran via marques del turia;2;l'Eixample;Particular;1;NO;NO;0;NO;NA;No aplicable;2023-04-27;NA
1206;2;587;Rehabilitacion y peatonalizacion entorno mercado municipal San Pedro Nolasco II;5;la Saidia;Particular;30;SI;SI;91;NO;250000;No aplicable;2023-04-27;NA
1222;3;1012;ACTUALITZACIo I MODERNITZACIo D’IMATGE I CONTINGUTS DE LES IDES;Toda la ciudad;Toda la ciudad;Ayuntamiento;24;NO;NO;0;NO;NA;No aplicable;2023-04-27;NA
1223;3;1013;SOTERRAMENT DE CONTENIDORS DE RESIDUS URBANS EN NUCLIS HISToRICS;Toda la ciudad;Toda la ciudad;Ayuntamiento;622;SI;SI;2545;SI;575000;No aplicable;2023-04-27;NA
1239;3;1030;BAJAR CARRIL BICI PUENTE DE ARAGoN A LA CALZADA;Toda la ciudad;Toda la ciudad;Particular;68;NO;NO;0;NO;NA;No aplicable;2023-04-27;NA
1252;3;1043;CREACIo D'UN CENTRE MUNICIPAL DE JOVENTUT A ARRANCAPINS;Toda la ciudad;Toda la ciudad;Particular;7;NO;NO;0;NO;NA;No aplicable;2023-04-27;NA
1312;3;1105;CREACIoN CIRCUITO DE CICLOCROSS Y CROSS (ATLETISMO) COMPARTIDO Y FIJO.;Toda la ciudad;Toda la ciudad;Particular;37;NO;NO;0;NO;NA;No aplicable;2023-04-27;NA
1327;3;1120;EXPROPIAR LAVADERO ABANDANADO Y ABRIR CALLE EN EL BARRIO DE LA TORRE;Toda la ciudad;Toda la ciudad;Particular;114;SI;NO;0;NO;NA;No aplicable;2023-04-27;NA
1347;3;1140;AJARDINAR Y MEJORAR INSTALACIONES DEL PARQUE DE LA PLAZA MANUEL GRANERO;Toda la ciudad;Toda la ciudad;Particular;105;SI;SI;998;NO;600000;No aplicable;2023-04-27;NA
1375;3;1168;ZAIDIA, RENOVACIoN Y AMPLIACIoN DE ACERAS;Toda la ciudad;Toda la ciudad;Particular;3;NO;NO;0;NO;NA;No aplicable;2023-04-27;NA
1386;3;1179;CREAR MAS AULAS CYL EN LOS COLEGIOS E INSTITUTOS PARA NIÑOS CON PROBLEMAS;Toda la ciudad;Toda la ciudad;Particular;55;NO;NO;0;NO;NA;No aplicable;2023-04-27;NA
1387;3;1180;AUMENTAR LA FRECUENCIA DE LA LiNEA 15 EMT;Toda la ciudad;Toda la ciudad;Particular;9;NO;NO;0;NO;NA;No aplicable;2023-04-27;NA
1408;3;1201;MILLORAR ELS CONTENIDORS D'ENVASOS;Toda la ciudad;Toda la ciudad;Particular;5;NO;NO;0;NO;NA;No aplicable;2023-04-27;NA
1433;3;1226;QUEREMOS UN SKATEPARK PARA INLINE, SCOOTER Y BMX;Toda la ciudad;Toda la ciudad;Particular;8;NO;NO;0;NO;NA;No aplicable;2023-04-27;NA
1441;3;1234;aREA DE ESPARCIMIENTO DE PERROS EN JESuS;Toda la ciudad;Toda la ciudad;Particular;3;NO;NO;0;NO;NA;No aplicable;2023-04-27;NA
1454;3;1247;ZONAS DEPORTIVAS EN EL BARRIO DE LA CRUZ  CUBIERTA;Toda la ciudad;Toda la ciudad;Particular;9;NO;NO;0;NO;NA;No aplicable;2023-04-27;NA
1459;3;1252;TERMINACIoN POLIDEPORTIVO QUATRE CARRERES (CIUDAD DEL RUGBY);Toda la ciudad;Toda la ciudad;Particular;106;SI;SI;576;NO;1800000;No aplicable;2023-04-27;NA
1480;3;1273;TERMINAR EL POLIDEPORTIVO NOU MOLES;Toda la ciudad;Toda la ciudad;Particular;17;NO;NO;0;NO;NA;No aplicable;2023-04-27;NA
1522;3;1315;LA ROQUETA: BIBLIOTECA, ACTIVIDADES CULTURALES, SOCIALIZACIoN INFANTIL Y JUVENIL;Toda la ciudad;Toda la ciudad;Particular;9;NO;NO;0;NO;NA;No aplicable;2023-04-27;NA
1524;3;1317;MOBILIARI EDUCATIU, 20 TAULES I 20 CADIRES, PER L'ESCOLA DEL PERELLONET.;Toda la ciudad;Toda la ciudad;Particular;23;NO;NO;0;NO;NA;No aplicable;2023-04-27;NA
1594;3;1390;FINALIZAR LA CALLE VICENTE ZARAGOZa.;Toda la ciudad;Toda la ciudad;Particular;16;NO;NO;0;NO;NA;No aplicable;2023-04-27;NA
1646;3;1442;SACAR A LOS ALUMNOS DE LOS BARRACONES;Toda la ciudad;Toda la ciudad;Particular;6;NO;NO;0;NO;NA;No aplicable;2023-04-27;NA
1678;3;1474;POLIDEPORTIVO MULTIDISCIPLINAR VALENCIA;Toda la ciudad;Toda la ciudad;Particular;1;NO;NO;0;NO;NA;No aplicable;2023-04-27;NA
1683;3;1479;AMPLIACION PARQUE DE ABASTOS;Toda la ciudad;Toda la ciudad;Particular;2;NO;NO;0;NO;NA;No aplicable;2023-04-27;NA
1725;3;1521;SKATE PARK A BENIMACLET;Toda la ciudad;Toda la ciudad;Particular;3;NO;NO;0;NO;NA;No aplicable;2023-04-27;NA
1750;3;1546;BIBLIOTECAS DE LOS OBJETOS;Toda la ciudad;Toda la ciudad;Particular;1;NO;NO;0;NO;NA;No aplicable;2023-04-27;NA
1768;3;1564;FOMENT DE ESPORTS D'AIGUA AL RIU NOU DEL TURIA A L'ALTURA DE CASTELLAR-OLIVERAL;Toda la ciudad;Toda la ciudad;Particular;0;NO;NO;0;NO;NA;No aplicable;2023-04-27;NA
1781;4;2010;ELIMINACIoN DE PELIGROSO CUELLO DE BOTELLA EN ACERA DE LA CALLE DE ABEN AL-ABBAR;12;Camins al Grau;Particular;71;SI;SI;407;SI;190000;No aplicable;2023-04-27;NA
1795;4;2024;ARREGLAR SOLAR SUBESTACIoN PATRAIX Y CALLE CAMPOS CRESPO;8;Patraix;Particular;131;SI;NO;0;NO;NA;No aplicable;2023-04-27;NA
1853;4;2082;AJARDINAMIENTO SOLAR DE MANZANA ENTRE ESCULTOR JOSe CAPUZ 7 Y R. DE VALeNCIA 94;10;Quatre Carreres;Particular;14;NO;NO;0;NO;NA;No aplicable;2023-04-27;NA
1880;4;2109;PASO CEBRA INTELIGENTE CON DETECCIoN DE PEATONES PERIS Y VALERO - ANTIC REGNE;2;l'Eixample;Particular;13;NO;NO;0;NO;NA;No aplicable;2023-04-27;NA
1905;4;2134;ACONDICIONAMIENTO DEL JARDiN ESCULTOR JOSE CAPUZ - REINO DE VALENCIA - ALCALDE R;10;Quatre Carreres;Particular;10;NO;NO;0;NO;NA;No aplicable;2023-04-27;NA
1929;4;2158;ENSANCHAR ACERAS Y AÑADIR ARBOLADO EN BARRIO BOTaNICO;3;Extramurs;Particular;55;SI;SI;187;NO;247350;No aplicable;2023-04-27;NA
1939;4;2168;CONSTRUCCIoN JARDiN MUNICIPAL EN C/ SIETE AGUAS, RODRIGO PERTEGaS E I.CANARIAS;12;Camins al Grau;Representante GT;0;SI;SI;356;SI;16000;No aplicable;2023-04-27;NA
1951;4;2180;ARBOLIZACIoN Y ENSANCHE DE ACERAS EN LAS CALLES MATiAS PERELLo Y LOS CENTELLES;2;l'Eixample;Particular;89;SI;NO;0;NO;NA;No aplicable;2023-04-27;NA
1955;4;2184;PISCINA MUNICIPAL BENIMAMET;18;1;Particular;46;SI;SI;250;SI;100000;No aplicable;2023-04-27;NA
1983;4;2212;ZONAS DE APARCAMIENTO PARA COCHES, PARA LA ZONA DE CREU COBERTA;9;Jesus;Particular;13;NO;NO;0;NO;NA;No aplicable;2023-04-27;NA
1985;4;2214;MUELLE 3 DE LAS NAVES DE RIBES: 1032 M2 DE USO VECINAL;2;l'Eixample;Representante GT;0;SI;SI;124;NO;250000;No aplicable;2023-04-27;NA
2074;4;2303;REMODELACIo AULA INFANTIL COL·LEGI JOSe GRIMA- EL PALMAR;19;5;Representante GT;0;SI;SI;20;SI;15975;No aplicable;2023-04-27;NA
2120;4;2349;MODIFICACIoN DEL TRAMO DE CARRIL BICI DE GV GERMANiAS CON CALLE GRAL SAN MARTiN;2;l'Eixample;Particular;6;NO;NO;0;NO;NA;No aplicable;2023-04-27;NA
2135;4;2364;EQUIPAMIENTO INFORMaTICO Y DE COCINA;10;Quatre Carreres;Representante GT;0;SI;SI;357;SI;15000;No aplicable;2023-04-27;NA
2153;4;2382;ZONA DEPORTIVA EN EL  BARRIO DE ORRIOLS;15;Rascanya;Representante GT;0;SI;NO;0;NO;NA;No aplicable;2023-04-27;NA
2203;4;2432;ARREGLAR LA ZONA SOCIOPOLIS;19;7;Particular;28;SI;NO;0;NO;NA;No aplicable;2023-04-27;NA
2243;4;2472;MaS SEGURIDAD PARA LOS PEATONES Y UN CAMINO MaS CORTO PARA CRUZAR GGVV-RUZAFA;2;l'Eixample;Representante GT;0;SI;SI;204;NO;140360;No aplicable;2023-04-27;NA
2309;4;2538;IMPLANTACIoN DE HUERTOS URBANOS Y COMPOSTERAS EN SOLARES PuBLICOS;2;l'Eixample;Particular;43;SI;NO;0;NO;NA;No aplicable;2023-04-27;NA
2310;4;2539;TELE NUEVA PARA LOS JUBILADOS DE EL SALER;19;4;Particular;23;SI;SI;2;NO;1000;No aplicable;2023-04-27;NA
2317;5;3005;ESCOLETA MUNICIPAL DE 0 A 3 ANYS  EN CAMPANAR;Toda la ciudad;Toda la ciudad;Ayuntamiento;148;NO;NO;0;NO;NA;No aplicable;2023-04-27;NA
2360;5;3048;Parque de Calistenia/Street Workout;Toda la ciudad;Toda la ciudad;Particular;117;SI;NO;0;NO;NA;No aplicable;2023-04-27;NA
2369;5;3057;Red de parkings de bajo coste.;Toda la ciudad;Toda la ciudad;Particular;132;SI;SI;4863;SI;18000;No aplicable;2023-04-27;NA
2438;5;3126;Peatonalizacion Espartero y Plaza Vannes;Toda la ciudad;Toda la ciudad;Particular;30;NO;NO;0;NO;NA;No aplicable;2023-04-27;NA
2516;5;3204;Gradas polideportivo municipal Quatre Carreres;Toda la ciudad;Toda la ciudad;Particular;12;NO;NO;0;NO;NA;No aplicable;2023-04-27;NA
2534;5;3222;Reforç de neteja i manteniment als districtes de Rascanya i Benicalap;Toda la ciudad;Toda la ciudad;Particular;44;NO;NO;0;NO;NA;No aplicable;2023-04-27;NA
2605;5;3293;Limpieza de jardines y acera Gran Via Fernando el Catolico;Toda la ciudad;Toda la ciudad;Particular;11;NO;NO;0;NO;NA;No aplicable;2023-04-27;NA
2637;5;3325;CEIP-CAES ARQUITECTO SANTIAGO CALATRAVA;Toda la ciudad;Toda la ciudad;Particular;112;SI;NO;0;NO;NA;No aplicable;2023-04-27;NA
2642;5;3330;Connectar el carril bici de la Marina Reial, amb el de Francesc Cubells;Toda la ciudad;Toda la ciudad;Particular;8;NO;NO;0;NO;NA;No aplicable;2023-04-27;NA
2699;5;3387;Derribo de las Naves de la ex-cervecera Turia( San Vicente Martir);Toda la ciudad;Toda la ciudad;Particular;27;NO;NO;0;NO;NA;No aplicable;2023-04-27;NA
2734;5;3422;CONSTRUCCIoN DE COMEDOR ESCOLAR  EN EL CEIP PROFESOR SANCHIS GUARNER DE VALENCIA;Toda la ciudad;Toda la ciudad;Particular;46;NO;NO;0;NO;NA;No aplicable;2023-04-27;NA
2736;5;3424;Control contaminacion acustica;Toda la ciudad;Toda la ciudad;Particular;8;NO;NO;0;NO;NA;No aplicable;2023-04-27;NA
2748;5;3436;Software Libre (ahorro, modernizacion, empleo);Toda la ciudad;Toda la ciudad;Particular;27;NO;NO;0;NO;NA;No aplicable;2023-04-27;NA
2772;5;3460;Estacio de Valenbisi a La Torre/Sociopolis;Toda la ciudad;Toda la ciudad;Particular;58;NO;NO;0;NO;NA;No aplicable;2023-04-27;NA
2816;5;3504;Mas seguridad en el solar frente al palau de congresos;Toda la ciudad;Toda la ciudad;Particular;6;NO;NO;0;NO;NA;No aplicable;2023-04-27;NA
2851;5;3539;MEJORA DE LA ILUMINACIoN DE LA CALLE PIO IX;Toda la ciudad;Toda la ciudad;Particular;119;SI;SI;1019;NO;212073;No aplicable;2023-04-27;NA
2867;5;3555;Canchas de baloncesto en Malilla;Toda la ciudad;Toda la ciudad;Particular;27;NO;NO;0;NO;NA;No aplicable;2023-04-27;NA
2909;5;3598;PARKING + JARDIN;Toda la ciudad;Toda la ciudad;Particular;5;NO;NO;0;NO;NA;No aplicable;2023-04-27;NA
2918;5;3607;arboles en las aceras calle jativa;Toda la ciudad;Toda la ciudad;Particular;4;NO;NO;0;NO;NA;No aplicable;2023-04-27;NA
2924;5;3613;JARDINERiA;Toda la ciudad;Toda la ciudad;Particular;4;NO;NO;0;NO;NA;No aplicable;2023-04-27;NA
2957;6;4013;Mejorar el alumbrado;18;1;Particular;20;SI;SI;45;NO;250000;No aplicable;2023-04-27;NA
2966;6;4022;Avda MENORCA: Carril-Bici por la calzada. Tramo: Avda del Puerto-Alameda;12;Camins al Grau;Particular;72;SI;SI;108;NO;472000;No aplicable;2023-04-27;NA
2998;6;4054;Paso de peatones en Primado Reig con Botanico Cavanilles;6;el Pla del Real;Particular;155;SI;NO;0;NO;NA;No aplicable;2023-04-27;NA
3000;6;4056;PEATONALIZAR EL ACCESO A LA CIUDAD FALLERA BORDEANDO EL PARQUE BENICALAP NORTE;16;Benicalap;Particular;42;SI;NO;0;NO;NA;No aplicable;2023-04-27;NA
3007;6;4063;Control heces caninas por ADN;13;Algiros;Particular;161;SI;NO;0;NO;NA;No aplicable;2023-04-27;NA
3018;6;4074;Plan Especial en Torrefiel Reforma Urbanistica;15;Rascanya;Particular;62;SI;NO;0;NO;NA;No aplicable;2023-04-27;NA
3032;6;4088;Parque proyectado junto a campos deportivos en Amado Granell Mesado;10;Quatre Carreres;Particular;168;SI;NO;0;NO;NA;No aplicable;2023-04-27;NA
3035;6;4091;Ciudad Gran Turia;8;Patraix;Particular;22;NO;NO;0;NO;NA;No aplicable;2023-04-27;NA
3038;6;4094;Aparcamiento para residentes;1;Ciutat Vella;Particular;74;SI;NO;0;NO;NA;No aplicable;2023-04-27;NA
3073;6;4129;CAMBIO DE FAROLAS ILUMINACIoN LED C/MARQUES DE LOZOYA Y POETA CERVERA I GRIFOL;10;Quatre Carreres;Particular;61;SI;SI;250;NO;29000;No aplicable;2023-04-27;NA
3130;6;4186;Cambio de iluminacion, arbolado y reparacion de aceras en la calle Fuencaliente.;12;Camins al Grau;Particular;37;SI;SI;248;SI;57017;No aplicable;2023-04-27;NA
3147;6;4203;ADECUACIoN PLAZA CALLE PENYETES;18;1;Particular;20;SI;SI;50;NO;212000;No aplicable;2023-04-27;NA
3177;6;4233;REPOSICIo ABEURADOR;18;1;Particular;20;SI;NO;0;NO;NA;No aplicable;2023-04-27;NA
3213;6;4269;Mejora del drenaje de agua de lluvia en la calle Campoamor;13;Algiros;Particular;52;SI;NO;0;NO;NA;No aplicable;2023-04-27;NA
3226;6;4282;Urbanizacion urbanistica zona Molino arrocero - Antigua Fresek;19;7;Particular;36;SI;NO;0;NO;NA;No aplicable;2023-04-27;NA
3235;6;4291;Un barrio con mas arboles y un paseo agradable en Guadalaviar y llano de zaidia;5;la Saidia;Particular;39;SI;NO;0;NO;NA;No aplicable;2023-04-27;NA
3239;6;4295;Creacion de un CIPFP/IES/FPA en el descampado que hay situado en C/ Riu Segre;16;Benicalap;Particular;75;SI;NO;0;NO;NA;No aplicable;2023-04-27;NA
3253;6;4309;Carril bici;8;Patraix;Particular;40;SI;NO;0;NO;NA;No aplicable;2023-04-27;NA
3261;6;4317;Arbolado de las calles;19;5;Particular;23;SI;NO;0;NO;NA;No aplicable;2023-04-27;NA
3292;6;4348;Una acera digna en Carrer Almassora;5;la Saidia;Particular;79;SI;NO;0;NO;NA;No aplicable;2023-04-27;NA
3294;6;4350;Piscina;17;7;Particular;41;SI;NO;0;NO;NA;No aplicable;2023-04-27;NA
3297;6;4353;PASO PEATONES VALLE DE LA BALLESTERA A DR. CALATAYUD BAYA;4;Campanar;Particular;84;SI;SI;427;SI;37000;No aplicable;2023-04-27;NA
3350;6;4406;Ensanchar aceras en calle parroco Miguel tarin;18;1;Particular;6;NO;NO;0;NO;NA;No aplicable;2023-04-27;NA
3352;6;4408;Pasarela y ampliacion del Rio hasta la Marina;12;Camins al Grau;Particular;89;SI;NO;0;NO;NA;No aplicable;2023-04-27;NA
3369;6;4425;COMPLETAR CARRIL BICI CALLE SAN VICENTE;9;Jesus;Particular;45;SI;NO;0;NO;NA;No aplicable;2023-04-27;NA
3401;6;4457;Asfaltado de los viales de La Devesa de El Saler;19;4;Particular;112;SI;SI;91;SI;35807;No aplicable;2023-04-27;NA
3410;6;4466;Conversion descampado Doctor Lluch en aparcamiento asfaltado y delimitado;11;Poblats Maritims;Particular;31;SI;NO;0;NO;NA;No aplicable;2023-04-27;NA
3433;6;4489;SANEAMIENTO PLAZA NICOLaS FERRER I JULVe;10;Quatre Carreres;Particular;19;NO;NO;0;NO;NA;No aplicable;2023-04-27;NA
3436;6;4492;Creacio Centre Civic a La Punta;10;Quatre Carreres;Particular;32;SI;SI;69;NO;250000;No aplicable;2023-04-27;NA
3439;6;4495;Limpieza mas seguida en el Grao;11;Poblats Maritims;Particular;26;NO;NO;0;NO;NA;No aplicable;2023-04-27;NA
3477;6;4534;"Mejora instalaciones Camp de Futbol Municipal de ""TRES CREUS""";9;Jesus;Particular;49;SI;SI;207;NO;100000;No aplicable;2023-04-27;NA
3530;6;4587;Contenedores para reciclar aceite;16;Benicalap;Particular;48;SI;NO;0;NO;NA;No aplicable;2023-04-27;NA
3533;6;4590;Crear un carril ciclopeatonal des del carrer Bellreguard fins al Poblet.;19;2;Particular;107;SI;NO;0;NO;NA;No aplicable;2023-04-27;NA
3540;6;4597;MEJORA EN ACERAS Y PACIFICACIoN CALLE AZCaRRAGA;3;Extramurs;Particular;39;SI;SI;120;NO;215000;No aplicable;2023-04-27;NA
3542;6;4599;PISCINA MUNICIPAL CUBIERTA EN SOLAR ENTRE ESCULTOR J.CAPUZ - REINO DE VALENCIA;10;Quatre Carreres;Particular;53;SI;NO;0;NO;NA;No aplicable;2023-04-27;NA
3544;6;4601;TERMINAR DE URBANIZAR LA CALLE FRANCO TORMO;8;Patraix;Particular;43;SI;NO;0;NO;NA;No aplicable;2023-04-27;NA
3546;6;4603;HACER ACCESIBLES LAS ACERAS DE L'OLIVERETA;7;l'Olivereta;Representante GT;0;SI;NO;0;NO;NA;No aplicable;2023-04-27;NA
3576;6;4633;Baixar el carril bici del Carrer Burgos de la vorera a la calçada.;7;l'Olivereta;Particular;57;SI;SI;277;SI;52000;No aplicable;2023-04-27;NA
3580;6;4637;Carril bici entre avenida hermanos machado y calle Tavernes blanques;15;Rascanya;Particular;6;NO;NO;0;NO;NA;No aplicable;2023-04-27;NA
3583;6;4640;Juan Bautista Muñoz, Lebon, Fuencaliente, La Roda y Pedro II el Ceremonioso;12;Camins al Grau;Particular;28;NO;NO;0;NO;NA;No aplicable;2023-04-27;NA
3591;6;4648;PROHIBIR QUE LOS CONCEJALES PUEDAN BLOQUEAR EN REDES SOCIALES EN SUS PERFILES;12;Camins al Grau;Particular;3;NO;NO;0;NO;NA;No aplicable;2023-04-27;NA
3594;6;4651;Dotar de zona infantil al jardin central de Musico Gines.;13;Algiros;Particular;69;SI;NO;0;NO;NA;No aplicable;2023-04-27;NA
3608;6;4665;Ventilacion filtros hepa en centros docentes;16;Benicalap;Particular;21;NO;NO;0;NO;NA;No aplicable;2023-04-27;NA
3609;6;4666;Reutilitzacio Bibliomar de Pinedo;19;3;Particular;20;SI;SI;26;NO;9000;No aplicable;2023-04-27;NA
3697;6;4755;Mejora urbana;16;Benicalap;Particular;6;NO;NO;0;NO;NA;No aplicable;2023-04-27;NA
3731;6;4789;Habilitacion de Solares en Zapadores;10;Quatre Carreres;Particular;12;NO;NO;0;NO;NA;No aplicable;2023-04-27;NA
3738;6;4798;MILLORA DE LES INSTAL·LACIONS DEL COL.LEGI PuBLIC MANUEL G. MARTi DE BENIFARAIG;17;1;Particular;140;SI;NO;0;NO;NA;No aplicable;2023-04-27;NA
3807;6;4868;Arborizar la Avenida Maestro Rodrigo;4;Campanar;Particular;50;SI;SI;577;SI;40000;No aplicable;2023-04-27;NA
3836;6;4897;Policia Local junto a Biblioteca Joan de Timoneda;18;2;Particular;1;NO;NO;0;NO;NA;No aplicable;2023-04-27;NA
3841;6;4902;Posibilidad de poder votar a favor o en contra;14;Benimaclet;Particular;26;NO;NO;0;NO;NA;No aplicable;2023-04-27;NA
3845;6;4906;CREACIoN DE UN aREA DE ESPARCIMIENTO EN C/ PINTOR JOAN MIRo (JUNTO A LA I.D.E);19;7;Particular;32;SI;SI;75;SI;37102;No aplicable;2023-04-27;NA
3930;6;4992;Carril bici o ciclo calle JJ Domine;11;Poblats Maritims;Particular;13;NO;NO;0;NO;NA;No aplicable;2023-04-27;NA
3931;6;4993;INSTALACIoN DE UNA MARQUESINA EN LA PARADA 2238 DE LA LiNEA 99;10;Quatre Carreres;Representante GT;0;SI;NO;0;NO;NA;No aplicable;2023-04-27;NA
3944;6;5006;CASAL JOVE;11;Poblats Maritims;Particular;19;NO;NO;0;NO;NA;No aplicable;2023-04-27;NA
3962;6;5024;Acceso a la Fe o a la Fonteta (calle Grabador Jordan/Plaza musico cuesta);10;Quatre Carreres;Particular;2;NO;NO;0;NO;NA;No aplicable;2023-04-27;NA
3967;6;5029;BARRERAS ARQUITECToNICAS CALLE MONSERRAT Y ENOVA;16;Benicalap;Particular;11;NO;NO;0;NO;NA;No aplicable;2023-04-27;NA
3988;6;5050;Ajardinamiento del solar publico de la calle Soria;8;Patraix;Particular;14;NO;NO;0;NO;NA;No aplicable;2023-04-27;NA
3996;6;5058;Cumplir el PGOU con la construccion Jardin C/ Amparo Ballester con C/Beniopa;11;Poblats Maritims;Particular;13;NO;NO;0;NO;NA;No aplicable;2023-04-27;NA
4078;6;5140;Contenedores basura de pedal;12;Camins al Grau;Particular;7;NO;NO;0;NO;NA;No aplicable;2023-04-27;NA
4130;6;5192;Ampliar aceras en las esquinas y asfaltar carril bici en Juan Llorens y Teruel;3;Extramurs;Particular;34;SI;SI;42;NO;357000;No aplicable;2023-04-27;NA
4159;6;5221;INSTALACIONES DEPORTIVAS EN SOLAR DE ALFAHUIR-PEÑiSCOLA-CLARA CAMPOAMOR-MOTILLA;15;Rascanya;Particular;43;SI;NO;0;NO;NA;No aplicable;2023-04-27;NA
4263;7;5325;Ajardinar y adecuar accesos a la pasarela ciclopeatonal;19;7;Particular;15;SI;SI;98;SI;5000;Con etiqueta;2023-04-27;NA
4329;7;5391;PEATONALIZACIoN DE LA CALLE PINTOR NAVARRO LLORENS (TRAMO MERCADO DE ABASTOS);3;Extramurs;Particular;11;NO;NO;0;NO;NA;No aplicable;2023-04-27;NA
4362;7;5424;Enterrar contenedores del entorno del mercado Rojas Clemente;3;Extramurs;Particular;32;SI;NO;0;NO;NA;No aplicable;2023-04-27;NA
4396;7;5458;Habilitar Zona d'aparcament cotxes;17;3;Particular;36;SI;NO;0;NO;NA;No aplicable;2023-04-27;NA
4412;7;5474;Reorganizar sentido de Lladro y Mali;8;Patraix;Particular;1;NO;NO;0;NO;NA;No aplicable;2023-04-27;NA
4448;7;5510;Renovacion parque infantil Plaza atleta Jose Andres en la C/ Santa Rosa;6;el Pla del Real;Particular;18;NO;NO;0;NO;NA;No aplicable;2023-04-27;NA
4459;7;5521;Dotacion policial acceso al CEIP Tomas de Montañana;12;Camins al Grau;Particular;5;NO;NO;0;NO;NA;No aplicable;2023-04-27;NA
4476;7;5538;Reurbanitzacio carrer castello i Segorb;2;l'Eixample;Particular;35;SI;SI;226;NO;127000;Sin etiqueta;2023-04-27;NA
4527;7;5589;Dignificacion Calle Sagunto;5;la Saidia;Particular;89;SI;SI;495;SI;158400;Con etiqueta;2023-04-27;NA
4532;7;5594;Carril bici calle San Vicente hasta ronda sur;9;Jesus;Particular;38;SI;NO;0;NO;NA;No aplicable;2023-04-27;NA
4537;7;5599;Peatonalizacion calle Felipe vives de cañamas;11;Poblats Maritims;Particular;4;NO;NO;0;NO;NA;No aplicable;2023-04-27;NA
4583;7;5645;Colocar arboles en huecos vacios en calle Serpis;13;Algiros;Particular;19;NO;NO;0;NO;NA;No aplicable;2023-04-27;NA
4602;7;5664;Terminar Polideportivo Plaza Roma;7;l'Olivereta;Particular;101;SI;SI;495;SI;200000;Sin etiqueta;2023-04-27;NA
4626;7;5688;Urbanizacion Solar Calle Soria Calle Ingeniero Jose Sirera;8;Patraix;Particular;7;NO;NO;0;NO;NA;No aplicable;2023-04-27;NA
4636;7;5698;Renovacion parque infantil de Plaza Alfonso el Magnanimo;1;Ciutat Vella;Particular;11;NO;NO;0;NO;NA;No aplicable;2023-04-27;NA
4638;7;5700;Aceras y alumbrado;5;la Saidia;Particular;5;NO;NO;0;NO;NA;No aplicable;2023-04-27;NA
4661;7;5723;Zona de Aparcamiento Gratuito en Campanar;4;Campanar;Particular;9;NO;NO;0;NO;NA;No aplicable;2023-04-27;NA
4700;7;5762;Aceras para la Calle Rafael Tenes Escrich;18;1;Particular;54;SI;SI;292;SI;100000;Con etiqueta;2023-04-27;NA
4724;7;5786;Badenes en Jorge Comin y Terrateig;4;Campanar;Particular;10;NO;NO;0;NO;NA;No aplicable;2023-04-27;NA
4771;7;5833;SANEAR DESCAMPADOS BARRIO MALILLA;10;Quatre Carreres;Particular;24;NO;NO;0;NO;NA;No aplicable;2023-04-27;NA
4795;7;5857;Aparcamiento;8;Patraix;Particular;8;NO;NO;0;NO;NA;No aplicable;2023-04-27;NA
4809;7;5871;Señalizacion Calle Clariano;13;Algiros;Particular;22;NO;NO;0;NO;NA;No aplicable;2023-04-27;NA
4860;7;5922;Insonorizacion tranvia;5;la Saidia;Particular;11;NO;NO;0;NO;NA;No aplicable;2023-04-27;NA
4946;7;6008;Ajardinamiento del solar ubicado entre las calles Tomas de Montañana y Lebon;12;Camins al Grau;Particular;24;NO;NO;0;NO;NA;No aplicable;2023-04-27;NA
4984;7;6046;Peatonalizacion LA ROQUETA (Extramurs);3;Extramurs;Particular;39;SI;SI;490;NO;100000;Sin etiqueta;2023-04-27;NA
5048;7;6110;INSTALACIoN DE BOLARDO ESQUINA  ADZANETA CON PEDRO ALEIXANDRE;10;Quatre Carreres;Particular;3;NO;NO;0;NO;NA;No aplicable;2023-04-27;NA
5069;7;6131;Cambio cesped artificial Tramo II Jardin del Turia;7;l'Olivereta;Particular;74;SI;SI;66;NO;180000;Sin etiqueta;2023-04-27;NA
5074;7;6136;Adecentamiento carril bici avda del puerto;12;Camins al Grau;Particular;38;SI;NO;0;NO;NA;No aplicable;2023-04-27;NA
5098;7;6160;Poner linea de autobus en la Avenida Levante que vaya hasta las Universidades;16;Benicalap;Particular;43;SI;NO;0;NO;NA;No aplicable;2023-04-27;NA
5111;7;6173;SOTERRAR CONTENEDORES;2;l'Eixample;Particular;37;SI;SI;370;SI;140000;Sin etiqueta;2023-04-27;NA
5118;7;6180;ARREGLAR ACERAS EN CRUZ CUBIERTA DESDE CAPITULAR DE GANDIA A CARTEROS;9;Jesus;Particular;9;NO;NO;0;NO;NA;No aplicable;2023-04-27;NA
5196;7;6258;Instalacion de fuentes de agua filtrada por el pueblo;19;2;Particular;18;SI;SI;116;SI;31815;Con etiqueta;2023-04-27;NA
5204;7;6266;Mejorar colecciones BIBLIOTECA MUNICIPAL MARiA MOLINER. C. SERPIS 9;13;Algiros;Particular;113;SI;SI;495;SI;29734;Sin etiqueta;2023-04-27;NA
5222;7;6284;Poca iluminacion;16;Benicalap;Particular;14;NO;NO;0;NO;NA;No aplicable;2023-04-27;NA
5244;7;6306;ACRECENTAMIENTO DEL JARDiN DE ALBALAT DELS TARONGERS CON EL DESCAMPADO COLINDANT;13;Algiros;Particular;18;NO;NO;0;NO;NA;No aplicable;2023-04-27;NA
5254;7;6316;PARADA VALENBISI EN CRUCE AV. GIORGETA, SAN VICENTE MARTIR Y METGE STEVE;9;Jesus;Particular;5;NO;NO;0;NO;NA;No aplicable;2023-04-27;NA
5280;7;6342;REPARACION fuente Plaza del Cedro en su confluencia con Calle Campoamor;13;Algiros;Representante GT;0;SI;SI;119;NO;132000;Sin etiqueta;2023-04-27;NA
5308;7;6370;Incrementar nº de inspectores que hagan cumplir la Ordenanza M. de limpieza;2;l'Eixample;Particular;6;NO;NO;0;NO;NA;No aplicable;2023-04-27;NA
5310;7;6372;Piscina municipal cubierta;19;5;Particular;17;SI;NO;0;NO;NA;No aplicable;2023-04-27;NA
5338;7;6400;Reurbanitzacio carrer Conca (pl. Bisbe Amigo - GV Ferran el Catolic);3;Extramurs;Particular;4;NO;NO;0;NO;NA;No aplicable;2023-04-27;NA
5452;7;6514;Iluminacion Avenida Salabert;8;Patraix;Particular;4;NO;NO;0;NO;NA;No aplicable;2023-04-27;NA
5498;7;6560;Recuperacion para el uso ciudadano de una suelo dotacional abandonado;2;l'Eixample;Particular;49;SI;NO;0;NO;NA;No aplicable;2023-04-27;NA
5511;7;6573;HUERTO URBANO EN EL BARRIO;12;Camins al Grau;Particular;28;NO;NO;0;NO;NA;No aplicable;2023-04-27;NA
5584;7;6646;Aparcabicicletas;18;2;Particular;6;NO;NO;0;NO;NA;No aplicable;2023-04-27;NA
5641;7;6703;ESCUELA OFICIAL IDIOMAS ZAIDIA - PINTURA FACHADA TRASERA;5;la Saidia;Particular;4;NO;NO;0;NO;NA;No aplicable;2023-04-27;NA
5713;7;6775;Traslado del mercadillo extraordinario de Benicalap a otra ubicacion.;16;Benicalap;Particular;19;NO;NO;0;NO;NA;No aplicable;2023-04-27;NA
5791;7;6853;Remodelacion C/Cordoba;18;2;Ayuntamiento;0;SI;SI;13;NO;12000;Sin etiqueta;2023-04-27;NA
11;1;2015-00013;NA;11;Poblats Maritims;Persona Fisica;0;No aplicable;NO;0;NO;NA;No aplicable;2023-04-27;NA
12;1;2015-00014;NA;9;Jesus;Persona Fisica;0;No aplicable;NO;0;NO;NA;No aplicable;2023-04-27;NA
36;1;2015-00042;NA;9;Jesus;Persona Juridica;0;No aplicable;NO;0;NO;NA;No aplicable;2023-04-27;NA
76;1;2015-00099;NA;18;Pobles de l'Oest;Persona Juridica;0;No aplicable;NO;0;NO;NA;No aplicable;2023-04-27;NA
94;1;2015-00122;NA;14;Benimaclet;Persona Juridica;0;No aplicable;NO;0;NO;NA;No aplicable;2023-04-27;NA
122;1;2015-00158;NA;6;el Pla del Real;Persona Fisica;0;No aplicable;NO;0;NO;NA;No aplicable;2023-04-27;NA
207;1;2015-00251;NA;1;Ciutat Vella;Persona Juridica;0;No aplicable;SI;63;NO;NA;No aplicable;2023-04-27;NA
230;1;2015-00277;NA;2;l'Eixample;Persona Fisica;0;No aplicable;NO;0;NO;NA;No aplicable;2023-04-27;NA
289;1;2015-00346;NA;3;Extramurs;Persona Fisica;0;No aplicable;NO;0;NO;NA;No aplicable;2023-04-27;NA
293;1;2015-00350;NA;12;Camins al Grau;Persona Fisica;0;No aplicable;SI;18;NO;NA;No aplicable;2023-04-27;NA
294;1;2015-00351;NA;11;Poblats Maritims;Persona Fisica;0;No aplicable;NO;0;NO;NA;No aplicable;2023-04-27;NA
322;1;2015-00383;NA;15;Rascanya;Persona Fisica;0;No aplicable;NO;0;NO;NA;No aplicable;2023-04-27;NA
405;1;2015-00473;NA;3;Extramurs;Persona Fisica;0;No aplicable;NO;0;NO;NA;No aplicable;2023-04-27;NA
417;1;2015-00487;Pas de vianants al passeig de la petxina;3;Extramurs;Persona Fisica;0;No aplicable;SI;54;SI;50000;No aplicable;2023-04-27;NA
438;1;2015-00520;NA;8;Patraix;Persona Juridica;0;No aplicable;NO;0;NO;NA;No aplicable;2023-04-27;NA
444;1;2015-00529;NA;4;Campanar;Persona Juridica;0;No aplicable;NO;0;NO;NA;No aplicable;2023-04-27;NA
449;1;2015-00534;NA;11;Poblats Maritims;Persona Juridica;0;No aplicable;NO;0;NO;NA;No aplicable;2023-04-27;NA
464;1;2015-00556;NA;5;la Saidia;Persona Juridica;0;No aplicable;NO;0;NO;NA;No aplicable;2023-04-27;NA
484;1;2015-00578;NA;5;la Saidia;Persona Fisica;0;No aplicable;NO;0;NO;NA;No aplicable;2023-04-27;NA
493;1;2015-00590;NA;19;Pobles del Sud;Persona Juridica;0;No aplicable;NO;0;NO;NA;No aplicable;2023-04-27;NA
524;1;2016-00019;Propuesta ayuntamiento. Construccion instalacion deportiva elemental beniferri;18;Pobles de l'Oest;Persona Juridica;0;No aplicable;SI;8;SI;40000;No aplicable;2023-04-27;NA
532;1;2016-00027;NA;2;l'Eixample;Persona Juridica;0;No aplicable;SI;3;NO;NA;No aplicable;2023-04-27;NA
577;1;2016-00072;NA;6;el Pla del Real;Persona Juridica;0;No aplicable;SI;15;NO;NA;No aplicable;2023-04-27;NA
631;2;12;Barrio Betero Cabañal;11;Poblats Maritims;Particular;32;SI;NO;0;NO;NA;No aplicable;2023-04-27;NA
722;2;103;Accesibilidad y adecuacion Avenida Real de Madrid.;19;Pobles del Sud;Particular;55;SI;SI;406;SI;90559;No aplicable;2023-04-27;NA
726;2;107;creacio de centre cultural al barri;16;Benicalap;Particular;20;NO;NO;0;NO;NA;No aplicable;2023-04-27;NA
743;2;124;Instalacion zona de juegos infantil y peatonalizacion.;16;Benicalap;Particular;42;SI;NO;0;NO;NA;No aplicable;2023-04-27;NA
759;2;140;Horarios para perros en parques y playas;2;l'Eixample;Particular;2;NO;NO;0;NO;NA;No aplicable;2023-04-27;NA
773;2;154;Urbanizacion de las calles Naturalista Arevalo Baca - Micer Masco;6;el Pla del Real;Particular;6;NO;NO;0;NO;NA;No aplicable;2023-04-27;NA
786;2;167;Puntos de recogida para el aceite usado de consumo domestico;3;Extramurs;Particular;20;NO;NO;0;NO;NA;No aplicable;2023-04-27;NA
855;2;236;Mejorar sistema de recogida aguas pluvuiales;9;Jesus;Particular;5;NO;NO;0;NO;NA;No aplicable;2023-04-27;NA
865;2;246;radares de velocidad urbanos,lo recaudado por multas..destino.. a fines sociales;8;Patraix;Particular;2;NO;NO;0;NO;NA;No aplicable;2023-04-27;NA
878;2;259;Campaña de sensibilizacion sobre la limpieza y cuidado de las calles .;1;Ciutat Vella;Particular;7;NO;NO;0;NO;NA;No aplicable;2023-04-27;NA
922;2;303;ACONDICIONAMIENTO Y SANEAMIENTO DE LA PLAZA CENTENAR DE LA PLOMA;1;Ciutat Vella;Representante GT;131;SI;SI;193;SI;61082;No aplicable;2023-04-27;NA
944;2;325;CONSTRUCCIoN DE PISTAS DEPORTIVAS EN PARCELA PÜBLICA. C/ XIPRERS DE BENIFERRI.;18;Pobles de l'Oest;Representante GT;14;SI;NO;0;NO;NA;No aplicable;2023-04-27;NA
946;2;327;ELEVACIoN DE BANCOS A UNA ALTURA ADECUADA A LAS PERSONAS MAYORES;7;l'Olivereta;Representante GT;6;SI;SI;134;SI;18900;No aplicable;2023-04-27;NA
980;2;361;URBANIZACION DEL SOLAR MUNICIPAL UBICADO ENTRE LAS CALLES TORREMACANA,TOMAS DE V;9;Jesus;Representante GT;7;SI;NO;0;NO;NA;No aplicable;2023-04-27;NA
1007;2;388;Rediseño eje Avda. Valladolid - calle Masquefa con Ronda Norte y Avda. Alfahuir;14;Benimaclet;Particular;1;NO;NO;0;NO;NA;No aplicable;2023-04-27;NA
1013;2;394;Carril bici pel carrer Jesus i Gaspar Aguilar.;8;Patraix;Particular;37;SI;SI;572;SI;21000;No aplicable;2023-04-27;NA
1048;2;429;Acabar con las pisadas con sorpresa en el barrio San Isidro;8;Patraix;Particular;5;NO;NO;0;NO;NA;No aplicable;2023-04-27;NA
1079;2;460;AMPLIACIoN CENTRO MUNICIPAL DE ACTIVIDADES PARA PERSONAS MAYORES SANT PAU;4;Campanar;Representante GT;4;SI;NO;0;NO;NA;No aplicable;2023-04-27;NA
1136;2;517;Pasos de peatones sobreelevados en la Avenida de la Constitucion;5;la Saidia;Particular;8;NO;NO;0;NO;NA;No aplicable;2023-04-27;NA
1162;2;543;Esborrem les empremtes franquistes del nostre barri.;14;Benimaclet;Particular;39;SI;NO;0;NO;NA;No aplicable;2023-04-27;NA
1172;2;553;Ampliacio i remodelacio del parc infantil d'Abastos;3;Extramurs;Particular;2;NO;NO;0;NO;NA;No aplicable;2023-04-27;NA
1240;3;1031;ZONAS FUERA DE EXCREMENTOS Y ORINA DE ANIMALES… Y PERSONAS;Toda la ciudad;Toda la ciudad;Particular;569;SI;NO;0;NO;NA;No aplicable;2023-04-27;NA
1261;3;1053;BAÑOS PUBLICOS AUTOLIMPIABLES EN LA CALLE.;Toda la ciudad;Toda la ciudad;Particular;378;SI;NO;0;NO;NA;No aplicable;2023-04-27;NA
1306;3;1099;CARRIL BICI AVDA. CID Y CONTINUACION SAN JOSE DE CALASANZ;Toda la ciudad;Toda la ciudad;Particular;10;NO;NO;0;NO;NA;No aplicable;2023-04-27;NA
1309;3;1102;REPLANTACIoN Y ASFALTADO AV.CARDENAL BENLLOCH;Toda la ciudad;Toda la ciudad;Particular;6;NO;NO;0;NO;NA;No aplicable;2023-04-27;NA
1366;3;1159;MEJORAR ACCESOS A C/ PINTOR MATARANA Y SU ENTORNO CON UNA ROTONDA;Toda la ciudad;Toda la ciudad;Particular;30;NO;NO;0;NO;NA;No aplicable;2023-04-27;NA
1430;3;1223;PARQUE DE MARXALENES ACCESIBLE E INCLUSIVO PARA INFANCIA CON Y SIN DISCAPACIDAD;Toda la ciudad;Toda la ciudad;Particular;189;SI;SI;2279;NO;120000;No aplicable;2023-04-27;NA
1442;3;1235;FUENTES PuBLICAS DE AGUA POTABLE;Toda la ciudad;Toda la ciudad;Particular;2;NO;NO;0;NO;NA;No aplicable;2023-04-27;NA
1475;3;1268;NI UN aRBOL Y MINI-ACERAS EN C/DEMOCRACIA (ANTES CASTaN TOBEÑAS): CAMBIEMOS ESO;Toda la ciudad;Toda la ciudad;Particular;2;NO;NO;0;NO;NA;No aplicable;2023-04-27;NA
1484;3;1277;CARRIL BICI PER CARDENAL BENLLOCH  I EDUARDO BOSCa;Toda la ciudad;Toda la ciudad;Particular;1;NO;NO;0;NO;NA;No aplicable;2023-04-27;NA
1495;3;1288;REHABILITAR EL PARQUE DE LA REMONTA;Toda la ciudad;Toda la ciudad;Particular;3;NO;NO;0;NO;NA;No aplicable;2023-04-27;NA
1511;3;1304;MEJORAS EN PARQUE DE JACINTO LABAILA (PATRAIX – FAVARA);Toda la ciudad;Toda la ciudad;Particular;13;NO;NO;0;NO;NA;No aplicable;2023-04-27;NA
1515;3;1308;AMPLIACIoN HORARIO OFICINAS PROP PARA TRaMITES CON LA ADMINISTRACIoN.;Toda la ciudad;Toda la ciudad;Particular;4;NO;NO;0;NO;NA;No aplicable;2023-04-27;NA
1527;3;1320;PUNTOS DE RECARGA PARA COCHE , MOTOCICLETAS ELECTRICAS E HIBRIDO ENCHUFABLE;Toda la ciudad;Toda la ciudad;Particular;6;NO;NO;0;NO;NA;No aplicable;2023-04-27;NA
1668;3;1464;ENLACE DESDE AV. PESET ALEIXANDRE (CAMPANAR) A AV. ECUADOR (BENICALAP);Toda la ciudad;Toda la ciudad;Particular;6;NO;NO;0;NO;NA;No aplicable;2023-04-27;NA
1705;3;1501;RECUPERAR Y REVITALIZAR  FUENTE SAN LUIS;Toda la ciudad;Toda la ciudad;Particular;2;NO;NO;0;NO;NA;No aplicable;2023-04-27;NA
1733;3;1529;REASFALTADO FONOABSORBENTE MAESTRO RODRIGO;Toda la ciudad;Toda la ciudad;Particular;6;NO;NO;0;NO;NA;No aplicable;2023-04-27;NA
1761;3;1557;MEJORA ACCESOS PEATONALES JOSE SOTO MICO - LA TORRE;Toda la ciudad;Toda la ciudad;Particular;1;NO;NO;0;NO;NA;No aplicable;2023-04-27;NA
1782;4;2011;PACIFICACIoN DEL TRaFICO EN CASTELLAR-OLIVERAL;19;2;Particular;31;SI;SI;132;SI;7000;No aplicable;2023-04-27;NA
1784;4;2013;REORDENACIoN PEATONAL EN EL MERCADO DE ABASTOS;3;Extramurs;Particular;80;SI;SI;83;NO;400705;No aplicable;2023-04-27;NA
1808;4;2037;INSTALACIoN DE UN MEDIDOR DE SONIDO EN LA PLAZA DE BENIMACLET;14;Benimaclet;Particular;51;SI;NO;0;NO;NA;No aplicable;2023-04-27;NA
1884;4;2113;LUDOTECA O BIBLIOTECA;19;6;Particular;7;NO;NO;0;NO;NA;No aplicable;2023-04-27;NA
1912;4;2141;ASFALTADO CAMINO GRAO HONDO - DETRaS DEL COLEGIO PuBLICO EL GRAO Y IES BALEARS;12;Camins al Grau;Particular;35;SI;NO;0;NO;NA;No aplicable;2023-04-27;NA
1931;4;2160;MEJORA PARQUES INFANTILES PATRAIX, FAVARA;8;Patraix;Particular;43;SI;SI;388;NO;130000;No aplicable;2023-04-27;NA
1936;4;2165;ARREGLO Y ACONDICIONAMIENTO EDIFICIO Y PATIO MARAZUL;11;Poblats Maritims;Representante GT;0;SI;SI;118;NO;125000;No aplicable;2023-04-27;NA
2018;4;2247;CAMBIO DE UBICACIoN DE LA BIBLIOTECA DE CAMPANAR;4;Campanar;Particular;20;NO;NO;0;NO;NA;No aplicable;2023-04-27;NA
2048;4;2277;ADECUACION PARCELA TRASERA NUEVA ALCALDIA CASAS DE BARCENA;17;4;Representante GT;0;SI;SI;46;SI;19922;No aplicable;2023-04-27;NA
2049;4;2278;ADECUAR INSTALACIONES DEPORTIVAS DEL PUEBLO;17;1;Particular;21;SI;NO;0;NO;NA;No aplicable;2023-04-27;NA
2061;4;2290;MEJORA DE LA MEGAFONIA PARA HACER BANDO;19;3;Particular;24;SI;SI;23;SI;7642;No aplicable;2023-04-27;NA
2080;4;2309;MEJORA DE LA ACERA DE VIVEROS;5;la Saidia;Particular;20;NO;NO;0;NO;NA;No aplicable;2023-04-27;NA
2088;4;2317;REALIZACIoN DE UN SKATE PARK;15;Rascanya;Representante GT;0;SI;NO;0;NO;NA;No aplicable;2023-04-27;NA
2106;4;2335;MEJORA POR FALTA DE DOTACIoN EN PARQUES INFANTILES BENIFERRI;18;2;Representante GT;0;SI;SI;12;SI;48808;No aplicable;2023-04-27;NA
2145;4;2374;SEÑALIZACIoN DE PASOS DE PEATONES CON SiMBOLOS WHATSAPP;14;Benimaclet;Representante GT;0;SI;NO;0;NO;NA;No aplicable;2023-04-27;NA
2194;4;2423;BANCOS Y ASIENTOS EN LAS CALLES DE BENIMACLET;14;Benimaclet;Particular;61;SI;SI;594;SI;18000;No aplicable;2023-04-27;NA
2208;4;2437;DEVOLVER LA CALLE A LOS PEATONES;3;Extramurs;Particular;60;SI;SI;102;NO;215000;No aplicable;2023-04-27;NA
2273;4;2502;REMODELACIo DEL PARC DE SANTA MARIA MICAELA/JOAN LLORENS;3;Extramurs;Representante GT;0;SI;SI;459;SI;60000;No aplicable;2023-04-27;NA
2343;5;3031;REORDENACIo VIaRIA I CICLISTA ESTACIo MARITIM-SERRERIA I C/ JERONIMO MONSORIU;Toda la ciudad;Toda la ciudad;Particular;65;NO;NO;0;NO;NA;No aplicable;2023-04-27;NA
2410;5;3098;AMPLIACIoN APARCAMIENTO JUNTO ESTACIoN METRO SAN ISIDRO;Toda la ciudad;Toda la ciudad;Particular;47;NO;NO;0;NO;NA;No aplicable;2023-04-27;NA
2424;5;3112;Piscina d'estiu En Corts-Montolivet-Russafa-Malilla;Toda la ciudad;Toda la ciudad;Particular;123;SI;NO;0;NO;NA;No aplicable;2023-04-27;NA
2445;5;3133;Alquerias San Isidro;Toda la ciudad;Toda la ciudad;Particular;29;NO;NO;0;NO;NA;No aplicable;2023-04-27;NA
2491;5;3179;Parque Plaza Horticultor Corset;Toda la ciudad;Toda la ciudad;Particular;53;NO;NO;0;NO;NA;No aplicable;2023-04-27;NA
2533;5;3221;Parque descampado Gayano Lluc;Toda la ciudad;Toda la ciudad;Particular;12;NO;NO;0;NO;NA;No aplicable;2023-04-27;NA
2540;5;3228;Renovacio parc carrer Eivissa;Toda la ciudad;Toda la ciudad;Particular;20;NO;NO;0;NO;NA;No aplicable;2023-04-27;NA
2546;5;3234;PARQUES DE BARRAS/STREET WORKOUT Y PARKOUR;Toda la ciudad;Toda la ciudad;Particular;103;SI;SI;980;NO;1500000;No aplicable;2023-04-27;NA
2577;5;3265;Mas arboles para Cardenal Benlloch;Toda la ciudad;Toda la ciudad;Particular;21;NO;NO;0;NO;NA;No aplicable;2023-04-27;NA
2591;5;3279;PLAZA NOU MOLES-OLIVERETA CANCHA MULTIDEPORTES;Toda la ciudad;Toda la ciudad;Particular;25;NO;NO;0;NO;NA;No aplicable;2023-04-27;NA
2596;5;3284;carril bici Pont de les Glories Valencianes;Toda la ciudad;Toda la ciudad;Particular;17;NO;NO;0;NO;NA;No aplicable;2023-04-27;NA
2644;5;3332;Crear centro juvenil en Benicalap;Toda la ciudad;Toda la ciudad;Particular;39;NO;NO;0;NO;NA;No aplicable;2023-04-27;NA
2667;5;3355;Reubicacion parada de autobus Plaza Zaragoza - Avenida de Aragon.;Toda la ciudad;Toda la ciudad;Particular;3;NO;NO;0;NO;NA;No aplicable;2023-04-27;NA
2861;5;3549;COMPLIMENT ACORD MUNICIPAL DESTINAR VAIXELL ESTIBADOR PER A ESPORTS LLISCAMENT;Toda la ciudad;Toda la ciudad;Particular;72;NO;NO;0;NO;NA;No aplicable;2023-04-27;NA
2874;5;3563;crear parque en extramurs zona lepanto-juan de mena;Toda la ciudad;Toda la ciudad;Particular;6;NO;NO;0;NO;NA;No aplicable;2023-04-27;NA
2901;5;3590;Carril bici Pobles del Nord;Toda la ciudad;Toda la ciudad;Particular;115;SI;NO;0;NO;NA;No aplicable;2023-04-27;NA
2902;5;3591;Rehabilitacio nucli antic del Pouet (Campanar);Toda la ciudad;Toda la ciudad;Particular;11;NO;NO;0;NO;NA;No aplicable;2023-04-27;NA
2969;6;4025;Enllumenat automatic al pas subterrani de Forn d'Alcedo i Castellar-L'Oliveral.;19;1;Particular;59;SI;SI;79;SI;15000;No aplicable;2023-04-27;NA
3024;6;4080;Soterramiento contenedores entorno parada metro;10;Quatre Carreres;Particular;42;SI;NO;0;NO;NA;No aplicable;2023-04-27;NA
3093;6;4149;CARRIL BICI CARPESA / VALENCIA;17;3;Particular;57;SI;NO;0;NO;NA;No aplicable;2023-04-27;NA
3168;6;4224;Carril Bici en el puente de Aragon en las 2 aceras;6;el Pla del Real;Particular;25;NO;NO;0;NO;NA;No aplicable;2023-04-27;NA
3191;6;4247;Mostra de Creatividad Sostenible;3;Extramurs;Particular;71;SI;NO;0;NO;NA;No aplicable;2023-04-27;NA
3196;6;4252;Sustitucion farolas tramo Avd/ Alcde Gisbert Rico- C/ Brigadas Internacionales;10;Quatre Carreres;Particular;18;NO;NO;0;NO;NA;No aplicable;2023-04-27;NA
3210;6;4266;Acondicionamiento del carril central del rio;6;el Pla del Real;Particular;7;NO;NO;0;NO;NA;No aplicable;2023-04-27;NA
3243;6;4299;Ampliar aceras en C/ Sagunto en el tramo Actor Mora y Maximiliano Thous;5;la Saidia;Particular;17;NO;NO;0;NO;NA;No aplicable;2023-04-27;NA
3247;6;4303;Adecuacion solar que rodea biblioteca Joan de Timoneda en zona util vecinal;18;2;Particular;35;SI;NO;0;NO;NA;No aplicable;2023-04-27;NA
3274;6;4330;Parada Bus en ronda norte;16;Benicalap;Particular;61;SI;NO;0;NO;NA;No aplicable;2023-04-27;NA
3291;6;4347;Enllumenat public carrers Senent Ibañez i Masia de la Creu;17;6;Particular;6;NO;NO;0;NO;NA;No aplicable;2023-04-27;NA
3347;6;4403;Ajuste de la altura de los arboles con las farolas;2;l'Eixample;Particular;22;NO;NO;0;NO;NA;No aplicable;2023-04-27;NA
3400;6;4456;Zona verde alrededor del Ceip l’Albereda, calle 3 de abril de 1979;12;Camins al Grau;Particular;58;SI;NO;0;NO;NA;No aplicable;2023-04-27;NA
3402;6;4458;Aparcamientos en descampados de Ciudad del Aprendiz y Salvador Perles;9;Jesus;Particular;96;SI;NO;0;NO;NA;No aplicable;2023-04-27;NA
3419;6;4475;Uso del español en espacios publicos;1;Ciutat Vella;Particular;20;NO;NO;0;NO;NA;No aplicable;2023-04-27;NA
3434;6;4490;Arbolada acustica;18;2;Particular;11;NO;NO;0;NO;NA;No aplicable;2023-04-27;NA
3461;6;4517;Fibra en la Devesa;19;4;Particular;187;SI;NO;0;NO;NA;No aplicable;2023-04-27;NA
3486;6;4543;Ensanchar acera de la calle San Vicente;3;Extramurs;Particular;53;SI;SI;99;NO;201000;No aplicable;2023-04-27;NA
3560;6;4617;AMPLIAR LAS ACERAS EN EL CHAFLaN DE C/ARTES GRaFICAS CON C/ RODRiGUEZ FORNOS;6;el Pla del Real;Particular;9;NO;NO;0;NO;NA;No aplicable;2023-04-27;NA
3563;6;4620;Pergolas solares en Avda. De Aragon;6;el Pla del Real;Particular;8;NO;NO;0;NO;NA;No aplicable;2023-04-27;NA
3629;6;4686;Hacer AUSIAS MARCH mas facil para los PEATONES;10;Quatre Carreres;Particular;37;SI;NO;0;NO;NA;No aplicable;2023-04-27;NA
3636;6;4693;Peatonalizar el tramo de Aparicio albiñana frente a hipercor;4;Campanar;Particular;18;NO;NO;0;NO;NA;No aplicable;2023-04-27;NA
3645;6;4703;Solucion al enorme trafico y contaminacion acustica en Gran Via Germanias;2;l'Eixample;Particular;20;NO;NO;0;NO;NA;No aplicable;2023-04-27;NA
3646;6;4704;Humanitzem la zona antiga de Carpesa – Prioritzem als vianants.;17;3;Particular;32;SI;SI;84;SI;81267;No aplicable;2023-04-27;NA
3653;6;4711;CAMBIO FAROLAS AUTOPISTA POR FAROLAS ILUMINACIoN LED;10;Quatre Carreres;Particular;27;NO;NO;0;NO;NA;No aplicable;2023-04-27;NA
3671;6;4729;ACONDICIONAMENT DE LA SENDA D'ACCeS AL COL.LEGI MANUEL GONZaLEZ MARTi;17;1;Particular;129;SI;NO;0;NO;NA;No aplicable;2023-04-27;NA
3672;6;4730;SOTERRAMIENTO DE CONTENEDORES EN AVDA. DEL OESTE Y C/ GARIGUES;1;Ciutat Vella;Particular;65;SI;SI;107;NO;130000;No aplicable;2023-04-27;NA
3711;6;4769;JARDiN, CALLE PEATONAL Y HUERTOS JUNTO ALQUERIA DE LOS FRAILES - SAN ISIDRO;8;Patraix;Particular;41;SI;SI;392;NO;375000;No aplicable;2023-04-27;NA
3728;6;4786;REDACCIoN DE INFORME DE PROPUESTA DE TRATAMIENTO HOMOGeNEO DEL PRIMER ENSANCHE;2;l'Eixample;Particular;30;SI;NO;0;NO;NA;No aplicable;2023-04-27;NA
3740;6;4800;Finalizar cambio a farolas de luces LED en nuestro distrito;16;Benicalap;Particular;39;SI;SI;337;SI;215668;No aplicable;2023-04-27;NA
3744;6;4804;Transformacion y adecuacion solar Juan XXIII;16;Benicalap;Particular;34;SI;NO;0;NO;NA;No aplicable;2023-04-27;NA
3763;6;4823;PASO DE PEATONES Y SEMaFORO EN GENERAL AVILeS CON LUIS BUÑUEL DIRECTOR DE CINE;4;Campanar;Particular;53;SI;SI;460;SI;44000;No aplicable;2023-04-27;NA
3771;6;4831;Reparacion carril bici Calle Doctor Nicasi Benlloch;4;Campanar;Particular;12;NO;NO;0;NO;NA;No aplicable;2023-04-27;NA
3777;6;4837;Pabellon Deportivo Benicalap 2;16;Benicalap;Particular;61;SI;NO;0;NO;NA;No aplicable;2023-04-27;NA
3821;6;4882;Semaforo para peatones , Calle Clariano 35;13;Algiros;Particular;54;SI;SI;332;SI;48000;No aplicable;2023-04-27;NA
3859;6;4920;ASFALTADO NUEVO Y ACONDICIONAMIENTO DE SEÑALES VIALES EN CAMINO VIEJO DE GODELLA;17;2;Particular;17;SI;SI;18;NO;63000;No aplicable;2023-04-27;NA
3863;6;4924;SOCIALIZACION ENERGETICA Y EDUCACIONAL DEL MUNICIPAL DE SAN MARCELINO;9;Jesus;Particular;170;SI;SI;312;SI;80000;No aplicable;2023-04-27;NA
3864;6;4925;ACERAS EN C/ GIMENEZ Y COSTA (CALLE DE LA PALMERA);19;7;Representante GT;0;SI;SI;80;SI;8000;No aplicable;2023-04-27;NA
3870;6;4932;Contenedores residuos organicos;14;Benimaclet;Particular;14;NO;NO;0;NO;NA;No aplicable;2023-04-27;NA
3876;6;4938;Adequacio zona Volei platja - Voley playa;19;3;Particular;3;NO;NO;0;NO;NA;No aplicable;2023-04-27;NA
3951;6;5013;ASFALTADO DE LA PLAZA VICENTE CASTELL MAIQUES;7;l'Olivereta;Particular;4;NO;NO;0;NO;NA;No aplicable;2023-04-27;NA
3956;6;5018;Zona lliure per a gossos al tram II del Jardi del Turia.;4;Campanar;Particular;11;NO;NO;0;NO;NA;No aplicable;2023-04-27;NA
3976;6;5038;RECUPERACIo DE LA PeRGOLA DE L'ALBEREDA;6;el Pla del Real;Particular;76;SI;SI;210;SI;48000;No aplicable;2023-04-27;NA
4059;6;5121;Creacion de aparcamiento y parque en solares junto a C/ Vicent Peris;5;la Saidia;Particular;5;NO;NO;0;NO;NA;No aplicable;2023-04-27;NA
4067;6;5129;Revitalitzacio del carrer Veneçuela;8;Patraix;Particular;20;NO;NO;0;NO;NA;No aplicable;2023-04-27;NA
4100;6;5162;Instalacion antenas wi-fi en el Ayuntamiento;17;2;Particular;2;NO;NO;0;NO;NA;No aplicable;2023-04-27;NA
4106;6;5168;DOBLE SENTIDO CALLE LLIRI BLAU ENTRE MISTRAL Y ESTRE BUENAVENTURA PASCUAL;14;Benimaclet;Particular;13;NO;NO;0;NO;NA;No aplicable;2023-04-27;NA
4122;6;5184;Señalectica y ruta cultural por el barrio;11;Poblats Maritims;Representante GT;0;SI;SI;299;SI;14310;No aplicable;2023-04-27;NA
4136;6;5198;Convertir la calle Antella en una plaza;7;l'Olivereta;Particular;0;NO;NO;0;NO;NA;No aplicable;2023-04-27;NA
4147;6;5209;Gracias por tu apoyo Olivereta;7;l'Olivereta;Representante GT;0;SI;SI;7;NO;320000;No aplicable;2023-04-27;NA
4160;6;5222;Conexion con Benifaraig, Carpesa y Poble Nou;17;7;Particular;9;NO;NO;0;NO;NA;No aplicable;2023-04-27;NA
4182;6;5244;Semaforos para unir barrios;2;l'Eixample;Particular;1;NO;NO;0;NO;NA;No aplicable;2023-04-27;NA
4190;6;5252;Mejoras en el parque Berenguer y Ferrer;7;l'Olivereta;Particular;0;NO;NO;0;NO;NA;No aplicable;2023-04-27;NA
4192;6;5254;Parque inclusivo;13;Algiros;Representante GT;0;SI;NO;0;NO;NA;No aplicable;2023-04-27;NA
4206;6;5268;CARRIL BICI BENICALAP (SALVADOR CERVERo-AV ECUADOR) Y QUITAR ACERABICI;16;Benicalap;Particular;31;SI;SI;62;NO;508000;No aplicable;2023-04-27;NA
4224;6;5286;Ampliacion de aceras Alcalde Reig;10;Quatre Carreres;Particular;4;NO;NO;0;NO;NA;No aplicable;2023-04-27;NA
4299;7;5361;REASFALTADO CALLE AMIGOS DEL CORPUS Y SU REARBORIZACIoN.;16;Benicalap;Particular;17;NO;NO;0;NO;NA;No aplicable;2023-04-27;NA
4300;7;5362;Ensanchar aceras de Avenida Primado Reig;14;Benimaclet;Particular;32;SI;SI;667;SI;5000;Con etiqueta;2023-04-27;NA
4350;7;5412;Creacion de oficina de policia;18;1;Particular;43;SI;NO;0;NO;NA;No aplicable;2023-04-27;NA
4399;7;5461;ILUMINACIoN EN AVENIDA DE SUECIA;6;el Pla del Real;Particular;12;NO;NO;0;NO;NA;No aplicable;2023-04-27;NA
4482;7;5544;CALLE CONSERVA: REORDENACIoN PLAZA;12;Camins al Grau;Particular;12;NO;NO;0;NO;NA;No aplicable;2023-04-27;NA
4486;7;5548;Contenedores moviles;5;la Saidia;Particular;2;NO;NO;0;NO;NA;No aplicable;2023-04-27;NA
4512;7;5574;Prueba;13;Algiros;Particular;1;NO;NO;0;NO;NA;No aplicable;2023-04-27;NA
4534;7;5596;Señaletica concienciacion alimentacion palomas;7;l'Olivereta;Particular;7;NO;NO;0;NO;NA;No aplicable;2023-04-27;NA
4549;7;5611;Adecuadion entorno Fronton de lo Rat Penat;7;l'Olivereta;Particular;9;NO;NO;0;NO;NA;No aplicable;2023-04-27;NA
4558;7;5620;REPAVIMENTACIoN INTEGRAL DE LA CALLE MARTiNEZ FERRANDO (MERCADO DE COLoN);2;l'Eixample;Particular;3;NO;NO;0;NO;NA;No aplicable;2023-04-27;NA
4589;7;5651;ENRIQUECER EL PUEBLO;17;2;Particular;8;NO;NO;0;NO;NA;No aplicable;2023-04-27;NA
4593;7;5655;Parque infantil Arturo Piera;7;l'Olivereta;Particular;18;NO;NO;0;NO;NA;No aplicable;2023-04-27;NA
4672;7;5734;Francisco comes Martinez;16;Benicalap;Particular;1;NO;NO;0;NO;NA;No aplicable;2023-04-27;NA
4722;7;5784;Mejora carriles bici en Pio XII y Cortes Valencianas;4;Campanar;Particular;10;NO;NO;0;NO;NA;No aplicable;2023-04-27;NA
4728;7;5790;Parque de barras;19;2;Particular;13;NO;NO;0;NO;NA;No aplicable;2023-04-27;NA
4759;7;5821;Paso Peatones Gran Via a altura Literato Gabriel Miro;3;Extramurs;Particular;74;SI;NO;0;NO;NA;No aplicable;2023-04-27;NA
4763;7;5825;No peatonalizacion, si erradicacion del trafico de drogas en Malvarrosa.;11;Poblats Maritims;Particular;48;SI;NO;0;NO;NA;No aplicable;2023-04-27;NA
4780;7;5842;Calle Quart entre el Jardin Botanico y Torres de Quart;3;Extramurs;Particular;53;SI;NO;0;NO;NA;No aplicable;2023-04-27;NA
4786;7;5848;Urbanizar plaza;1;Ciutat Vella;Particular;4;NO;NO;0;NO;NA;No aplicable;2023-04-27;NA
4791;7;5853;Asfaltado de Plaça Vicente Castell Maiques;7;l'Olivereta;Particular;7;NO;NO;0;NO;NA;No aplicable;2023-04-27;NA
4792;7;5854;Replantar arbolada ,hay muchos arboles muertos o eliminados y Valencia necesita;16;Benicalap;Particular;5;NO;NO;0;NO;NA;No aplicable;2023-04-27;NA
4796;7;5858;ELIMINAR LAS HECES DE PERROS DE LAS CALLES DE TORREFIEL;15;Rascanya;Particular;9;NO;NO;0;NO;NA;No aplicable;2023-04-27;NA
4804;7;5866;Linea de autobus a universidad y playa en ronda norte;16;Benicalap;Particular;50;SI;NO;0;NO;NA;No aplicable;2023-04-27;NA
4822;7;5884;Rocodromo;19;8;Particular;18;SI;SI;10;NO;60000;Sin etiqueta;2023-04-27;NA
4855;7;5917;Aparcamientos para residentes en la zona;3;Extramurs;Particular;0;NO;NO;0;NO;NA;No aplicable;2023-04-27;NA
4895;7;5957;Creacion de una zona verde en la plaza rector Ferrer i Julve (Malilla);10;Quatre Carreres;Particular;8;NO;NO;0;NO;NA;No aplicable;2023-04-27;NA
4933;7;5995;Aprovechamiento de solares vacios en Av. Antonio Ferrandis: huerto urbano;10;Quatre Carreres;Particular;54;SI;NO;0;NO;NA;No aplicable;2023-04-27;NA
4936;7;5998;Crear nuevo pipican;8;Patraix;Particular;25;NO;NO;0;NO;NA;No aplicable;2023-04-27;NA
4942;7;6004;Rotonda c/ SanVicente de Paul;15;Rascanya;Particular;41;SI;SI;291;SI;25000;Con etiqueta;2023-04-27;NA
4976;7;6038;Mejorar el trafico en Ciutat Vella;1;Ciutat Vella;Particular;19;NO;NO;0;NO;NA;No aplicable;2023-04-27;NA
5003;7;6065;MILLORA CARRIL BICI PONT ARAGo - PL. SARAGOSSA;6;el Pla del Real;Particular;8;NO;NO;0;NO;NA;No aplicable;2023-04-27;NA
5013;7;6075;Semaforo en Calle Concepcion Arenal con Avenida Real de Madrid (junto Caixabank);19;7;Particular;8;NO;NO;0;NO;NA;No aplicable;2023-04-27;NA
5032;7;6094;GIMNASIO;15;Rascanya;Particular;30;SI;NO;0;NO;NA;No aplicable;2023-04-27;NA
5047;7;6109;Barrio Cami Reial;9;Jesus;Particular;32;SI;NO;0;NO;NA;No aplicable;2023-04-27;NA
5057;7;6119;NUEVO VALLADO EXTERIOR PARA EL POLIDEPORTIVO MONTEOLIVETE;10;Quatre Carreres;Particular;95;SI;SI;324;NO;150000;Sin etiqueta;2023-04-27;NA
5089;7;6151;MEJOR DE LA ILUMINACION JARDIN CENTRAL DE BLASCO IBAÑEZ;13;Algiros;Representante GT;0;SI;SI;284;SI;120750;Sin etiqueta;2023-04-27;NA
5124;7;6186;Puntos de Recarga Electrica para coches y Barcas;19;5;Particular;4;NO;NO;0;NO;NA;No aplicable;2023-04-27;NA
5142;7;6204;PROTEGER NAVES INDUSTRIALES C/ GUATLA;5;la Saidia;Particular;24;NO;NO;0;NO;NA;No aplicable;2023-04-27;NA
5147;7;6209;Carril bici de Conde d'Altea a Parc del Turia;2;l'Eixample;Particular;15;NO;NO;0;NO;NA;No aplicable;2023-04-27;NA
5174;7;6236;Adecentar/renovar parque infantil Carrer Mestre Bagant/Carrer de Benifaio;4;Campanar;Particular;5;NO;NO;0;NO;NA;No aplicable;2023-04-27;NA
5213;7;6275;Carril bici calle platero Suarez;5;la Saidia;Particular;19;NO;NO;0;NO;NA;No aplicable;2023-04-27;NA
5283;7;6345;Instalacion protecciones contra golpes en Campo Municipal de Futbol de Malilla;10;Quatre Carreres;Particular;34;SI;SI;477;SI;15000;Sin etiqueta;2023-04-27;NA
5287;7;6349;MEDIDOR DE CONTAMINACIoN Y RUIDO EN LAS AVENIDAS PeREZ GALDoS-GIORGETA;3;Extramurs;Particular;38;SI;NO;0;NO;NA;No aplicable;2023-04-27;NA
5311;7;6373;Remodelacion Plaza Cronisra Francesc Montblanch;11;Poblats Maritims;Representante GT;0;SI;SI;101;NO;435000;Sin etiqueta;2023-04-27;NA
5320;7;6382;Semaforo para cruzar Perez Galdos;3;Extramurs;Particular;11;NO;NO;0;NO;NA;No aplicable;2023-04-27;NA
5327;7;6389;Contenedores subterraneos;8;Patraix;Particular;0;NO;NO;0;NO;NA;No aplicable;2023-04-27;NA
5328;7;6390;Espacio multiusos;10;Quatre Carreres;Particular;37;SI;SI;407;NO;180000;Sin etiqueta;2023-04-27;NA
5373;7;6435;Señalizacion itinerario ciclista al embarcadero de la Albufera;19;4;Particular;17;SI;NO;0;NO;NA;No aplicable;2023-04-27;NA
5406;7;6468;Espacio peatonal calle miguel paredes;7;l'Olivereta;Particular;11;NO;NO;0;NO;NA;No aplicable;2023-04-27;NA
5415;7;6477;Peligro Electrico.;13;Algiros;Particular;4;NO;NO;0;NO;NA;No aplicable;2023-04-27;NA
5429;7;6491;Peatonalizar salida del Colegio Chiner de Villarroya;11;Poblats Maritims;Particular;7;NO;NO;0;NO;NA;No aplicable;2023-04-27;NA
5457;7;6519;Reajardinar zona central de Santos Justo y Pastor y junto al pipican Metro Ayora;13;Algiros;Particular;15;NO;NO;0;NO;NA;No aplicable;2023-04-27;NA
5468;7;6530;Recuperacion de zonas verdes;14;Benimaclet;Particular;8;NO;NO;0;NO;NA;No aplicable;2023-04-27;NA
5472;7;6534;Asfaltado aparcamiento Senda del Secanet-Crisostomo Martinez;18;1;Particular;18;SI;SI;115;SI;170306;Sin etiqueta;2023-04-27;NA
5477;7;6539;Crear mas pasos peatonales en Av. Ausias March;10;Quatre Carreres;Particular;34;SI;NO;0;NO;NA;No aplicable;2023-04-27;NA
5535;7;6597;MEJORA Y REFORMA DEL AJARDINAMIENTO;9;Jesus;Representante GT;0;SI;NO;0;NO;NA;No aplicable;2023-04-27;NA
5594;7;6656;AAVV FONT D´EN CORTS – DESVIAR VEHiCULOS PESADOS;10;Quatre Carreres;Particular;28;NO;NO;0;NO;NA;No aplicable;2023-04-27;NA
5605;7;6667;PUMP TRACK (CULTURA URBANA Y DEPORTE);19;8;Particular;20;SI;SI;24;SI;66522;Sin etiqueta;2023-04-27;NA
5644;7;6706;Instalaciones deportivas y culturales en la zona de viveros;5;la Saidia;Particular;61;SI;NO;0;NO;NA;No aplicable;2023-04-27;NA
5654;7;6716;Terminar asfaltado de la calle Anguilera;19;4;Particular;14;NO;NO;0;NO;NA;No aplicable;2023-04-27;NA
5665;7;6727;Sustitucion de iluminacion calle;17;4;Particular;13;NO;NO;0;NO;NA;No aplicable;2023-04-27;NA
5687;7;6749;Solar General Llorens como zona verde y de ocio.;16;Benicalap;Particular;41;SI;NO;0;NO;NA;No aplicable;2023-04-27;NA
5735;7;6797;Continuar acera parque Bernat Descoll;10;Quatre Carreres;Particular;4;NO;NO;0;NO;NA;No aplicable;2023-04-27;NA
5737;7;6799;Señalizacion 30km/h colegio Carles Salvador;15;Rascanya;Particular;31;SI;NO;0;NO;NA;No aplicable;2023-04-27;NA
5793;7;6855;Mejora Instalacion deportiva elemental en el Perellonet;19;6;Ayuntamiento;0;SI;SI;22;SI;25000;Sin etiqueta;2023-04-27;NA
27;1;2015-00033;NA;7;l'Olivereta;Persona Fisica;NA;No aplicable;NO;0;NO;NA;No aplicable;2023-04-27;NA
37;1;2015-00043;Iluminacion de las calles san vicente martir, tomas de villarroya, avenida dr. Tomas sala .CAPITULAR De gandia y torremacana;9;Jesus;Persona Juridica;NA;No aplicable;SI;316;SI;271539;No aplicable;2023-04-27;NA
42;1;2015-00051;NA;19;Pobles del Sud;Persona Juridica;NA;No aplicable;NO;0;NO;NA;No aplicable;2023-04-27;NA
52;1;2015-00063;NA;14;Benimaclet;Persona Fisica;NA;No aplicable;NO;0;NO;NA;No aplicable;2023-04-27;NA
58;1;2015-00072;NA;2;l'Eixample;Persona Fisica;NA;No aplicable;NO;0;NO;NA;No aplicable;2023-04-27;NA
78;1;2015-00102;NA;12;Camins al Grau;Persona Fisica;NA;No aplicable;NO;0;NO;NA;No aplicable;2023-04-27;NA
106;1;2015-00140;NA;13;Algiros;Persona Fisica;NA;No aplicable;NO;0;NO;NA;No aplicable;2023-04-27;NA
173;1;2015-00215;NA;5;la Saidia;Persona Fisica;NA;No aplicable;NO;0;NO;NA;No aplicable;2023-04-27;NA
211;1;2015-00255;NA;15;Rascanya;Persona Fisica;NA;No aplicable;NO;0;NO;NA;No aplicable;2023-04-27;NA
252;1;2015-00302;NA;4;Campanar;Persona Fisica;NA;No aplicable;NO;0;NO;NA;No aplicable;2023-04-27;NA
260;1;2015-00310;NA;11;Poblats Maritims;Persona Fisica;NA;No aplicable;NO;0;NO;NA;No aplicable;2023-04-27;NA
307;1;2015-00365;NA;8;Patraix;Persona Juridica;NA;No aplicable;NO;0;NO;NA;No aplicable;2023-04-27;NA
325;1;2015-00386;NA;15;Rascanya;Persona Fisica;NA;No aplicable;SI;5;NO;NA;No aplicable;2023-04-27;NA
394;1;2015-00459;NA;19;Pobles del Sud;Persona Fisica;NA;No aplicable;SI;14;NO;NA;No aplicable;2023-04-27;NA
498;1;2015-00597;NA;11;Poblats Maritims;Persona Fisica;NA;No aplicable;NO;0;NO;NA;No aplicable;2023-04-27;NA
588;1;2016-00084;Propuesta ayuntamiento. Medidas de pacificacion del trafico;2;l'Eixample;Persona Juridica;NA;No aplicable;SI;41;SI;3000;No aplicable;2023-04-27;NA
677;2;58;Centro cultural y casal de joventut para asociaciones;7;l'Olivereta;Particular;5;NO;NO;0;NO;NA;No aplicable;2023-04-27;NA
716;2;97;Incrementar o mejorar los pasos de peatones de la Avenida Catalunya;13;Algiros;Particular;20;NO;NO;0;NO;NA;No aplicable;2023-04-27;NA
750;2;131;Solucion al mal estado del estanque del parque del Polifilo;4;Campanar;Particular;54;SI;NO;0;NO;NA;No aplicable;2023-04-27;NA
779;2;160;Zona canina en Beniferri;4;Campanar;Particular;2;NO;NO;0;NO;NA;No aplicable;2023-04-27;NA
812;2;193;RECUPERACION 'FALSAS' CALLES PEATONALES RUZAFA CLERO FEMENIA PRIM SORNELLS VIVON;2;l'Eixample;Particular;62;SI;NO;0;NO;NA;No aplicable;2023-04-27;NA
1293;3;1086;MEJORA ACCESIBILIDAD PARADAS EMT EN DOCTOR LLUCH (ZONA CABANYAL);Toda la ciudad;Toda la ciudad;Particular;1;NO;NO;0;NO;NA;No aplicable;2023-04-27;NA
1299;3;1092;JARDiN Y ZONA DEPORTIVA MUNICIPAL SAN MARCELINO;Toda la ciudad;Toda la ciudad;Particular;6;NO;NO;0;NO;NA;No aplicable;2023-04-27;NA
1317;3;1110;AJARDINAMIENTO SOLAR C/. ALCACER CON CIUTAT DE MISLATA. OLIVERETA;Toda la ciudad;Toda la ciudad;Particular;131;SI;NO;0;NO;NA;No aplicable;2023-04-27;NA
1374;3;1167;HACER VISIBLE EL PALAU DEL REIAL DESVIANDO EL TRaFICO POR LEGIoN ESPAÑOLA.;Toda la ciudad;Toda la ciudad;Particular;4;NO;NO;0;NO;NA;No aplicable;2023-04-27;NA
1390;3;1183;ACCESSIBILITAT DEL TuNEL DE GERMANIES;Toda la ciudad;Toda la ciudad;Particular;9;NO;NO;0;NO;NA;No aplicable;2023-04-27;NA
1621;3;1417;PAREDES DE MADERA ANTIVIENTOS EN LA PLAYA;Toda la ciudad;Toda la ciudad;Particular;0;NO;NO;0;NO;NA;No aplicable;2023-04-27;NA
1650;3;1446;FRONTON EN PATRAIX;Toda la ciudad;Toda la ciudad;Particular;25;NO;NO;0;NO;NA;No aplicable;2023-04-27;NA
1660;3;1456;HUERTOS URBANOS DE ALQUILER EN SOLAR JESUITAS;Toda la ciudad;Toda la ciudad;Particular;4;NO;NO;0;NO;NA;No aplicable;2023-04-27;NA
1671;3;1467;MEJORAR LA APLICACIONES Y WEBS DEL AYUNTAMIENTO;Toda la ciudad;Toda la ciudad;Particular;1;NO;NO;0;NO;NA;No aplicable;2023-04-27;NA
1994;4;2223;CONVIVENCIA SANA Y MEDIO AMBIENTE;1;Ciutat Vella;Particular;17;NO;NO;0;NO;NA;No aplicable;2023-04-27;NA
2026;4;2255;ESPACIO CERRADO PARA USO Y DISFRUTE DE PERROS EN EL BARRIO DE SENABRE;9;Jesus;Particular;13;NO;NO;0;NO;NA;No aplicable;2023-04-27;NA
2032;4;2261;TRATAMIENTO DE LAS ACERAS Y ZONAS PEATONALES PAVIMENTADAS CON LOSETAS DESLIZANTE;4;Campanar;Representante GT;0;SI;NO;0;NO;NA;No aplicable;2023-04-27;NA
2052;4;2281;CENTRO CiVICO Y SOCIAL DE BENICALAP;16;Benicalap;Representante GT;0;SI;SI;216;SI;100610;No aplicable;2023-04-27;NA
2183;4;2412;CONTENEDORES DE RESIDUOS CoMODOS Y LIMPIOS PARA TOD@S,Y PERSONAS MOVILIDAD REDUC;8;Patraix;Particular;35;SI;SI;333;NO;265000;No aplicable;2023-04-27;NA
2207;4;2436;MEJORA ILUMINACIoN EN LA GOLA DE PUCHOL;19;6;Particular;11;NO;NO;0;NO;NA;No aplicable;2023-04-27;NA
2209;4;2438;POLIDEPORTIVO EN SOCIOPOLIS;19;7;Particular;34;SI;NO;0;NO;NA;No aplicable;2023-04-27;NA
2210;4;2439;CREACIoN DE POLIDEPORTIVO Y PISCINA MUNICIPAL EN SOCIOPOLIS;19;7;Particular;60;SI;NO;0;NO;NA;No aplicable;2023-04-27;NA
2220;4;2449;ADEQUACIo I REUBICACIo DE L'EQUIPAMENT DEL PARC DE LA LLUNA.;19;2;Representante GT;0;SI;SI;64;SI;57843;No aplicable;2023-04-27;NA
2233;4;2462;AV. FEDERICO GARCiA LORCA – ARBOLADO Y FAROLAS -  (LA TORRE);19;7;Representante GT;0;SI;SI;153;SI;24485;No aplicable;2023-04-27;NA
2267;4;2496;ILUMINACIoN DEL CARRIL BICI EN EL JARDiN DEL TURIA;5;la Saidia;Particular;32;SI;SI;227;NO;150000;No aplicable;2023-04-27;NA
2332;5;3020;CARRILS BICI I MeS VORERES I ARBRES EN GASPAR AGUILAR I SANT VICENT;Toda la ciudad;Toda la ciudad;Ayuntamiento;316;SI;SI;1330;NO;2750000;No aplicable;2023-04-27;NA
2368;5;3056;Escuela infantil publica en Benimamet;Toda la ciudad;Toda la ciudad;Particular;130;SI;SI;1270;NO;2000000;No aplicable;2023-04-27;NA
2413;5;3101;Carril bici entre Joaquim Ballester y Reus;Toda la ciudad;Toda la ciudad;Particular;23;NO;NO;0;NO;NA;No aplicable;2023-04-27;NA
2415;5;3103;BARRIO TRINITAT/ ALBORAIA Piscina,Municipal, profundidad gradual;Toda la ciudad;Toda la ciudad;Particular;49;NO;NO;0;NO;NA;No aplicable;2023-04-27;NA
2420;5;3108;Carriles Bici Benimamet;Toda la ciudad;Toda la ciudad;Particular;38;NO;NO;0;NO;NA;No aplicable;2023-04-27;NA
2446;5;3134;Parque infantil en la Gran Via Marques del Turia;Toda la ciudad;Toda la ciudad;Particular;34;NO;NO;0;NO;NA;No aplicable;2023-04-27;NA
2482;5;3170;REMODELACIoN EDUARDO BOSCa - CARDENAL BENLLOCH;Toda la ciudad;Toda la ciudad;Particular;25;NO;NO;0;NO;NA;No aplicable;2023-04-27;NA
2517;5;3205;CARRIL BICI EN CARDENAL BENLLOCH - EDUARDO BOSCA;Toda la ciudad;Toda la ciudad;Particular;55;NO;NO;0;NO;NA;No aplicable;2023-04-27;NA
2538;5;3226;Mejora de las aceras y solares de Castellar-Oliveral;Toda la ciudad;Toda la ciudad;Particular;70;NO;NO;0;NO;NA;No aplicable;2023-04-27;NA
2566;5;3254;pipican para perros zona ciudad de la ciencias;Toda la ciudad;Toda la ciudad;Particular;24;NO;NO;0;NO;NA;No aplicable;2023-04-27;NA
2900;5;3589;CENTRO CIVICO POLIVALENTE BARRIO CAMI REAL;Toda la ciudad;Toda la ciudad;Particular;32;NO;NO;0;NO;NA;No aplicable;2023-04-27;NA
2980;6;4036;Renaturalizacion manzana en Velluters (C/Beata,C/Vinatea,C/Rafol,C/Roger deFlor);1;Ciutat Vella;Particular;92;SI;SI;146;NO;105000;No aplicable;2023-04-27;NA
2999;6;4055;Zona de ocio cerrada con paelleros y barbacoas;18;1;Particular;58;SI;NO;0;NO;NA;No aplicable;2023-04-27;NA
3042;6;4098;us de instal·lacio esportiva escolar col.legi Cervantes;3;Extramurs;Particular;35;SI;NO;0;NO;NA;No aplicable;2023-04-27;NA
3101;6;4157;Renovar Climatizacion Archivo Reino de Valencia;6;el Pla del Real;Particular;31;SI;NO;0;NO;NA;No aplicable;2023-04-27;NA
3111;6;4167;Instalacion reductores velocidad entrada a Massarrojos desde Rocafort.;17;6;Particular;36;SI;NO;0;NO;NA;No aplicable;2023-04-27;NA
3117;6;4173;Utilizar LA TOTALIDAD del presupuesto para la lucha contra el COVID-19;5;la Saidia;Particular;20;NO;NO;0;NO;NA;No aplicable;2023-04-27;NA
3120;6;4176;Inundaciones Antonio Ferrandis - Amado Granell;10;Quatre Carreres;Particular;141;SI;SI;159;NO;400000;No aplicable;2023-04-27;NA
3122;6;4178;Ajardinamiento solar 3 de abril de 1979;12;Camins al Grau;Particular;90;SI;NO;0;NO;NA;No aplicable;2023-04-27;NA
3151;6;4207;PISCINA VERANO MALILLA;10;Quatre Carreres;Particular;157;SI;NO;0;NO;NA;No aplicable;2023-04-27;NA
3161;6;4217;MESAS DE PING PONG EN NUEVO PARQUE URBANO DE MALILLA;10;Quatre Carreres;Particular;35;SI;SI;348;SI;30000;No aplicable;2023-04-27;NA
3163;6;4219;Mas habitable el barrio de la Roqueta;3;Extramurs;Particular;42;SI;NO;0;NO;NA;No aplicable;2023-04-27;NA
3185;6;4241;Contenedores soterrados en Torrefiel;15;Rascanya;Particular;49;SI;SI;264;SI;130000;No aplicable;2023-04-27;NA
3209;6;4265;Ampliacion acera angel Guimera;3;Extramurs;Particular;74;SI;NO;0;NO;NA;No aplicable;2023-04-27;NA
3218;6;4274;MEJORAR PARQUES INFANTILES DE MALILLA;10;Quatre Carreres;Particular;49;SI;SI;125;NO;200000;No aplicable;2023-04-27;NA
3224;6;4280;Patinets electrics. Dotacio policial per acabar amb les pintades;1;Ciutat Vella;Particular;9;NO;NO;0;NO;NA;No aplicable;2023-04-27;NA
3257;6;4313;Adecentar los parking Playa del Arbol del Gos y prolongar el paseo hasta mirador;19;3;Particular;16;SI;NO;0;NO;NA;No aplicable;2023-04-27;NA
3394;6;4450;CALLES LIMPIAS DE HECES CON MULTAS MEDIANTE LA DETECCIoN CON EL ADN;12;Camins al Grau;Particular;86;SI;NO;0;NO;NA;No aplicable;2023-04-27;NA
3442;6;4498;parque de socializacion para perros;18;2;Particular;26;SI;NO;0;NO;NA;No aplicable;2023-04-27;NA
3479;6;4536;Urgen arboles de sombra en la Avda Cid, frente a Policia Local, numeros pares;7;l'Olivereta;Particular;31;SI;SI;243;SI;50000;No aplicable;2023-04-27;NA
3484;6;4541;CICLOCALLE EN CALLE SAN BRUNO;5;la Saidia;Particular;8;NO;NO;0;NO;NA;No aplicable;2023-04-27;NA
3500;6;4557;Crear zona peatonal en C/ Fontanars dels Alforins esquina con Jacinto Labaila;8;Patraix;Particular;52;SI;SI;661;SI;18000;No aplicable;2023-04-27;NA
3501;6;4558;Zonas de juego libre basadas en la naturaleza en solares;11;Poblats Maritims;Particular;80;SI;NO;0;NO;NA;No aplicable;2023-04-27;NA
3648;6;4706;Reurbanizacion de la calle Sueca entre Literato Azorin y Centelles;2;l'Eixample;Particular;32;SI;NO;0;NO;NA;No aplicable;2023-04-27;NA
3651;6;4709;Reasfaltado y señalizacion de calle Murta y calles perpendiculares;14;Benimaclet;Particular;30;SI;SI;26;NO;274000;No aplicable;2023-04-27;NA
3661;6;4719;Reutilizacion del solar de calle Sagunto para montar mercado artesano.;5;la Saidia;Particular;118;SI;NO;0;NO;NA;No aplicable;2023-04-27;NA
3662;6;4720;RETEN POLICIAL GALERIA MERCADO TORREFIEL;15;Rascanya;Particular;19;NO;NO;0;NO;NA;No aplicable;2023-04-27;NA
3737;6;4797;Canxes de Basquet al Parc Central;2;l'Eixample;Particular;43;SI;NO;0;NO;NA;No aplicable;2023-04-27;NA
3758;6;4818;CARRIL BICI CIUDAD DEL APRENDIZ/IES JOANOT MARTORELL HASTA CB BOULEVAR SUR;9;Jesus;Particular;81;SI;SI;397;SI;100000;No aplicable;2023-04-27;NA
3783;6;4843;Grandes Columpios en plaza del Cedro;13;Algiros;Particular;42;SI;SI;208;SI;100000;No aplicable;2023-04-27;NA
3919;6;4981;POLiGONO INDUSTRIAL VARA DE QUART: Carril Bici, Autobus, Arbolado y Ruta Segura;8;Patraix;Particular;42;SI;NO;0;NO;NA;No aplicable;2023-04-27;NA
3964;6;5026;Accesobilidad;6;el Pla del Real;Particular;3;NO;NO;0;NO;NA;No aplicable;2023-04-27;NA
4036;6;5098;Enjardinament de l’entorn de les alqueries del carrer Olba.;5;la Saidia;Particular;19;NO;NO;0;NO;NA;No aplicable;2023-04-27;NA
4084;6;5146;¿QUe PLAZA DE BENIMACLET QUEREMOS? Proceso participativo para decidirlo entre to;14;Benimaclet;Particular;45;SI;NO;0;NO;NA;No aplicable;2023-04-27;NA
4093;6;5155;CAMPO DE FUTBOL 11 para TORREFIEL      #CAMPODEFUTBOL11YA;15;Rascanya;Particular;76;SI;NO;0;NO;NA;No aplicable;2023-04-27;NA
4178;6;5240;RADAR A 20 KM/H EN LAS CALLES CARDa Y MURILLO;1;Ciutat Vella;Particular;7;NO;NO;0;NO;NA;No aplicable;2023-04-27;NA
4218;6;5280;PACIFICAR EL CAMi DE FARINoS, CARRIL BICI I PLANTACIo D'ARBRAT;14;Benimaclet;Particular;43;SI;NO;0;NO;NA;No aplicable;2023-04-27;NA
4227;6;5289;Fuentes de agua potable refrigerada;4;Campanar;Particular;1;NO;NO;0;NO;NA;No aplicable;2023-04-27;NA
4248;7;5310;CARRIL DE INCORPORACIoN GARAJES EDIFICIOS ANTONIO FERRANDIS 16;10;Quatre Carreres;Particular;56;SI;NO;0;NO;NA;No aplicable;2023-04-27;NA
4270;7;5332;RECONSTRUCCIoN DEL MONUMENTO ORIGINAL A SOROLLA EN SU UBICACIoN ORIGINAL;11;Poblats Maritims;Particular;22;NO;NO;0;NO;NA;No aplicable;2023-04-27;NA
4274;7;5336;Semaforo en Avenida Pio Baroja;4;Campanar;Particular;31;SI;NO;0;NO;NA;No aplicable;2023-04-27;NA
4488;7;5550;Finalizacion del parque de Jose Maria de Haro;11;Poblats Maritims;Particular;35;SI;NO;0;NO;NA;No aplicable;2023-04-27;NA
4491;7;5553;SANT ISIDRE. Asfalto fonoabsorbente perimetro del barrii;8;Patraix;Particular;8;NO;NO;0;NO;NA;No aplicable;2023-04-27;NA
4564;7;5626;Creacion Parque Infantil solar interior (C/Albacete, Mestre Sosa y AvGiorgeta);3;Extramurs;Particular;28;NO;NO;0;NO;NA;No aplicable;2023-04-27;NA
4600;7;5662;Ensanche en C/ Lorenzo Saiz;18;1;Particular;2;NO;NO;0;NO;NA;No aplicable;2023-04-27;NA
4739;7;5801;Mes jocs infantils al parc de Manuel Granero;2;l'Eixample;Particular;59;SI;SI;338;SI;154231;Sin etiqueta;2023-04-27;NA
4898;7;5960;acondicionar alrededores estacion Cabañal;11;Poblats Maritims;Particular;34;SI;NO;0;NO;NA;No aplicable;2023-04-27;NA
4934;7;5996;Urbanizar antiguo paso de ganaderia;15;Rascanya;Particular;3;NO;NO;0;NO;NA;No aplicable;2023-04-27;NA
5033;7;6095;Actuacio integral  l'avinguda Cardenal Benlloch;13;Algiros;Particular;27;NO;NO;0;NO;NA;No aplicable;2023-04-27;NA
5154;7;6216;Carril bici en Dolores Marques;14;Benimaclet;Particular;52;SI;NO;0;NO;400000;No aplicable;2023-04-27;NA
5208;7;6270;COLECTOR AGUAS PLUVIALES SENENT IBaÑEZ;17;6;Particular;65;SI;NO;0;NO;NA;No aplicable;2023-04-27;NA
5223;7;6285;CREAR ESPACIO PARA PERROS EN ZONA AVE- ESTACION JOAQUIN SOROLLA;3;Extramurs;Particular;33;SI;SI;69;NO;215000;Sin etiqueta;2023-04-27;NA
5226;7;6288;Parque de Perros en L'Hort de Senabre;9;Jesus;Particular;10;NO;NO;0;NO;NA;No aplicable;2023-04-27;NA
5256;7;6318;LAS NAVES DEL GUATLAS;5;la Saidia;Particular;20;NO;NO;0;NO;NA;No aplicable;2023-04-27;NA
5262;7;6324;Placas Solares y Luces Led en Campo de Futbol 8 Torrefiel;16;Benicalap;Representante GT;0;SI;NO;0;NO;NA;No aplicable;2023-04-27;NA
5580;7;6642;Skatepark en Benicalap;16;Benicalap;Particular;49;SI;SI;366;SI;100000;Sin etiqueta;2023-04-27;NA
5691;7;6753;MILLORES AL CENTRE DE JOVENTUT DE BENIMACLET + CREACIo SALA DE MuSICA;14;Benimaclet;Particular;23;NO;NO;0;NO;NA;No aplicable;2023-04-27;NA
5775;7;6837;Repavimentacion calzada C/ La Pedrera;17;6;Ayuntamiento;0;SI;SI;21;NO;78655;Sin etiqueta;2023-04-27;NA
1658;3;1454;TANCAMENT DE LA ZONA CENTRAL AJARDINADA AL CARRER CAMPOAMOR(YECLA-MANUEL CANDELA;Toda la ciudad;Toda la ciudad;Particular;46;NO;NO;0;NO;NA;No aplicable;2023-04-27;NA
1695;3;1491;PONER BOLARDOS EN ACERA C/ VICENTE PERIS;Toda la ciudad;Toda la ciudad;Particular;0;NO;NO;0;NO;NA;No aplicable;2023-04-27;NA
1803;4;2032;PEQUEÑO ESCENARIO FIJO EN EL TRAMO IX – PUENTE DE LAS FLORES / ZONA P CIUTADELLA;20;No consta;Particular;37;SI;NO;0;NO;NA;No aplicable;2023-04-27;NA
1872;4;2101;CENTRO JUVENIL EN EL BARRIO DE SANT MARCEL·Li;9;Jesus;Particular;74;SI;SI;123;NO;250000;No aplicable;2023-04-27;NA
1984;4;2213;ZONA DE PETANCA ENTRE LA PLAZA SEGOVIA Y BOULEVAR SUR;9;Jesus;Representante GT;0;SI;NO;0;NO;NA;No aplicable;2023-04-27;NA
2036;4;2265;PROYECTO DE REURBANIZACION DE LA AVDA. DEL OESTE;1;Ciutat Vella;Representante GT;0;SI;SI;257;SI;64397;No aplicable;2023-04-27;NA
2144;4;2373;AJARDINAR ROTONDA DE GIORGIO ET ENRICO, ENTRADA A BENIMaMET POR ACCESO RONDA NOR;18;1;Particular;71;SI;NO;0;NO;NA;No aplicable;2023-04-27;NA
2191;4;2420;SOLUCIoN SOLAR CALLE CIUTAT DE MISLATA CON CALLE ALCASSER;7;l'Olivereta;Particular;14;NO;NO;0;NO;NA;No aplicable;2023-04-27;NA
2287;4;2516;COLOCACION DE BOLARDOS DESMONTABLES EN DOCTOR MODESTO COGOLLOS;13;Algiros;Representante GT;0;SI;NO;0;NO;NA;No aplicable;2023-04-27;NA
2402;5;3090;Eliminacion Palmeras;Toda la ciudad;Toda la ciudad;Particular;3;NO;NO;0;NO;NA;No aplicable;2023-04-27;NA
2449;5;3137;Conexion carriles bici parque lineal Benimamet - Empalme por CEIP Benimamet;Toda la ciudad;Toda la ciudad;Particular;108;SI;NO;0;NO;NA;No aplicable;2023-04-27;NA
2452;5;3140;Asfaltado calle Mariano de cavia;Toda la ciudad;Toda la ciudad;Particular;11;NO;NO;0;NO;NA;No aplicable;2023-04-27;NA
2498;5;3186;Jardin Solar C/ Tomas de Montañana - Lebon - Asturias;Toda la ciudad;Toda la ciudad;Particular;51;NO;NO;0;NO;NA;No aplicable;2023-04-27;NA
2556;5;3244;Plaça per mercat d´aliments agroecologics i tradicional, a Castellar-l´Oliveral;Toda la ciudad;Toda la ciudad;Particular;113;SI;SI;1148;NO;300000;No aplicable;2023-04-27;NA
2659;5;3347;Creacion de servicios publicos en El Palmar;Toda la ciudad;Toda la ciudad;Particular;103;SI;NO;0;NO;NA;No aplicable;2023-04-27;NA
2745;5;3433;Compra i Rehabilitacio de les Naus de la Ciutat de l’Artista Faller;Toda la ciudad;Toda la ciudad;Particular;137;SI;NO;0;NO;NA;No aplicable;2023-04-27;NA
2785;5;3473;MaS MEDIOS PARA JARDINES Y LIMPIEZA;Toda la ciudad;Toda la ciudad;Particular;20;NO;NO;0;NO;NA;No aplicable;2023-04-27;NA
2800;5;3488;Acondicionamiento de las naves vacias de Tabacalera para salas multiusos;Toda la ciudad;Toda la ciudad;Particular;141;SI;NO;0;NO;NA;No aplicable;2023-04-27;NA
2866;5;3554;Paso de peatones en el tramo de Calle San Vicente Martir 144 - Plaza de España;Toda la ciudad;Toda la ciudad;Particular;11;NO;NO;0;NO;NA;No aplicable;2023-04-27;NA
2877;5;3566;Creacion de sala de estudio;Toda la ciudad;Toda la ciudad;Particular;22;NO;NO;0;NO;NA;No aplicable;2023-04-27;NA
2906;5;3595;Jardin de la c/ Bernat Descoll en el ultimo tramo hasta las vias del tren;Toda la ciudad;Toda la ciudad;Particular;4;NO;NO;0;NO;NA;No aplicable;2023-04-27;NA
2921;5;3610;Retirar el techo de URALITA (CANCERIGENO)  correos C/ rodrigo pertegas/noguera.;Toda la ciudad;Toda la ciudad;Particular;6;NO;NO;0;NO;NA;No aplicable;2023-04-27;NA
3094;6;4150;Puesta en valor de la parte antigua de La Torre;19;7;Particular;33;SI;NO;0;NO;NA;No aplicable;2023-04-27;NA
3148;6;4204;Soterramiento de contenedores en Cami del Tremolar;19;2;Particular;22;SI;NO;0;NO;NA;No aplicable;2023-04-27;NA
3198;6;4254;Mejorar asfalto y aceras;5;la Saidia;Particular;65;SI;NO;0;NO;NA;No aplicable;2023-04-27;NA
3208;6;4264;Descampado Gayano Lluch;16;Benicalap;Particular;34;SI;NO;0;NO;NA;No aplicable;2023-04-27;NA
3316;6;4372;Semaforo o badenes en Avenida Ecuador;16;Benicalap;Particular;31;SI;NO;0;NO;NA;No aplicable;2023-04-27;NA
3320;6;4376;Entradas y Salidas Adicionales de Beniferri;18;2;Particular;22;SI;NO;0;NO;NA;No aplicable;2023-04-27;NA
3340;6;4396;Delimitar plazas de aparcamiento C/ Sirena;19;6;Particular;5;NO;NO;0;NO;NA;No aplicable;2023-04-27;NA
3354;6;4410;PISCINA CUBIERTA AL LADO DE LA BIBLIOTECA;18;2;Particular;41;SI;NO;0;NO;NA;No aplicable;2023-04-27;NA
3431;6;4487;Creacion de parking publico / retirada de parking para motos y contenedores;5;la Saidia;Particular;16;NO;NO;0;NO;NA;No aplicable;2023-04-27;NA
3441;6;4497;Mas sanidad;15;Rascanya;Particular;24;NO;NO;0;NO;NA;No aplicable;2023-04-27;NA
3469;6;4526;cambiar bancos en parques y jardines;18;2;Particular;6;NO;NO;0;NO;NA;No aplicable;2023-04-27;NA
3534;6;4591;Linea de autobus por Avenida Baleares;12;Camins al Grau;Particular;50;SI;NO;0;NO;NA;No aplicable;2023-04-27;NA
3610;6;4667;UNIVERSIDAD POPULAR EN LA ALQUERiA SITUADA JUNTO AL CAMINO DEL CEMENTERIO;4;Campanar;Particular;176;SI;NO;0;NO;NA;No aplicable;2023-04-27;NA
3632;6;4689;ESCALADA EN EL JARDIN DEL TURIA;5;la Saidia;Particular;53;SI;NO;0;NO;NA;No aplicable;2023-04-27;NA
3654;6;4712;ZONA CANINA AL CENTRE DE MASSARROJOS;17;6;Particular;3;NO;NO;0;NO;NA;No aplicable;2023-04-27;NA
3680;6;4738;INSTALACIoN PALOMAR/ES BARRIO MALILLA;10;Quatre Carreres;Particular;30;SI;NO;0;NO;NA;No aplicable;2023-04-27;NA
3706;6;4764;Adequacio del parc infantil per a xiquets/tes des dels 0 anys.;4;Campanar;Particular;18;NO;NO;0;NO;NA;No aplicable;2023-04-27;NA
3889;6;4951;Sanejament i millora de l'ultim tram del carrer Mossen Cuenca;19;3;Particular;9;NO;NO;0;NO;NA;No aplicable;2023-04-27;NA
3986;6;5048;METRO PLAZA DE ESPAÑA. NUEVA ENTRADA/SALIDA;3;Extramurs;Particular;3;NO;NO;0;NO;NA;No aplicable;2023-04-27;NA
4038;6;5100;HABILITAR COMO PEQUEÑO PARQUE EL DESCAMPADO JUNTO IES TORREFIEL;15;Rascanya;Particular;9;NO;NO;0;NO;NA;No aplicable;2023-04-27;NA
4056;6;5118;PUNTOS DE ALIMENTACIoN EN COLONIAS FELINAS URBANAS;7;l'Olivereta;Particular;42;SI;SI;268;SI;5600;No aplicable;2023-04-27;NA
4075;6;5137;CONTENEDOR TAPONES;5;la Saidia;Particular;5;NO;NO;0;NO;NA;No aplicable;2023-04-27;NA
4124;6;5186;Instal•lacio de sensors en places de carrega i descarrega;14;Benimaclet;Particular;6;NO;NO;0;NO;NA;No aplicable;2023-04-27;NA
4189;6;5251;Instalacion de fuentes de agua potable,  filtrada en el barrio de Patraix;8;Patraix;Particular;37;SI;SI;582;SI;37500;No aplicable;2023-04-27;NA
4264;7;5326;? PARQUE DE BARRAS-CALISTENIA EN EL RiO (junto a Pont dels Serrans);5;la Saidia;Particular;34;SI;NO;0;NO;NA;No aplicable;2023-04-27;NA
4305;7;5367;Metro en Barrio Malilla;10;Quatre Carreres;Particular;75;SI;NO;0;NO;NA;No aplicable;2023-04-27;NA
4390;7;5452;Mejora parque de socializacion canina y parque infantil de abastos;3;Extramurs;Particular;37;SI;NO;0;NO;NA;No aplicable;2023-04-27;NA
4434;7;5496;Nuevo paso peatones al final Avenida CATALUÑA antes primera rotonda;13;Algiros;Particular;36;SI;SI;277;SI;69500;Con etiqueta;2023-04-27;NA
4445;7;5507;Prolongacion de paseo peatonal en paseo central de GV Fernando El Catolico;3;Extramurs;Particular;41;SI;NO;0;NO;NA;No aplicable;2023-04-27;NA
4464;7;5526;Proteccion acera en C/ Maestro Valls a la altura de la palmera;12;Camins al Grau;Particular;19;NO;NO;0;NO;NA;No aplicable;2023-04-27;NA
4526;7;5588;BISBE AMIGo: UNA PLAZA PARA LA GENTE;3;Extramurs;Particular;45;SI;SI;326;NO;60000;Sin etiqueta;2023-04-27;NA
4528;7;5590;Semaforos con cuenta atras para los peatones;10;Quatre Carreres;Particular;3;NO;NO;0;NO;NA;No aplicable;2023-04-27;NA
4588;7;5650;Carril Bici Valle de la Ballestera;4;Campanar;Particular;31;SI;SI;122;NO;496000;Sin etiqueta;2023-04-27;NA
4687;7;5749;MEJORA Y PACIFICACIoN CALLE AZCaRRAGA;3;Extramurs;Particular;42;SI;SI;458;NO;18000;Sin etiqueta;2023-04-27;NA
4693;7;5755;Analisis ADN excrementos caninos;10;Quatre Carreres;Particular;27;NO;NO;0;NO;NA;No aplicable;2023-04-27;NA
4697;7;5759;Solar Franco Tormo;8;Patraix;Particular;6;NO;NO;0;NO;NA;No aplicable;2023-04-27;NA
2679;5;3367;Sistema de Lonas Parasol en el P. Infantil del Parque de L'Alqueria de Ricos;Toda la ciudad;Toda la ciudad;Particular;11;NO;NO;0;NO;NA;No aplicable;2023-04-27;NA
2703;5;3391;Eliminar gasolinera calle campos Crespo, 36;Toda la ciudad;Toda la ciudad;Particular;38;NO;NO;0;NO;NA;No aplicable;2023-04-27;NA
2749;5;3437;Acabar les fases que falten per a completar el Parc de la Rambleta;Toda la ciudad;Toda la ciudad;Particular;21;NO;NO;0;NO;NA;No aplicable;2023-04-27;NA
2857;5;3545;Instalacion de Papeleras Diferenciadas para Reciclaje;Toda la ciudad;Toda la ciudad;Particular;15;NO;NO;0;NO;NA;No aplicable;2023-04-27;NA
2869;5;3557;FINALIZACIoN ZONA AJARDINADA PLAZA ANTONIO CORTIS (BARRIO NA ROVELLA);Toda la ciudad;Toda la ciudad;Particular;7;NO;NO;0;NO;NA;No aplicable;2023-04-27;NA
2935;5;3624;Remodelacion Jardin C/ Alqueria Benlloch(Patraix);Toda la ciudad;Toda la ciudad;Particular;6;NO;NO;0;NO;NA;No aplicable;2023-04-27;NA
2987;6;4043;PEATONALIZACIoN DEFINITIVA CARRER ELS VENERABLES;1;Ciutat Vella;Particular;66;SI;SI;62;NO;93000;No aplicable;2023-04-27;NA
2993;6;4049;PISTA DEPORTIVA ESCUELA JAUME I;12;Camins al Grau;Particular;64;SI;NO;0;NO;NA;No aplicable;2023-04-27;NA
3043;6;4099;Renovacion de pequeña plaza y parque infantil en el centro historico de Campanar;4;Campanar;Particular;61;SI;SI;415;SI;35000;No aplicable;2023-04-27;NA
3157;6;4213;REDUCCIoN BRECHA DIGITAL PERSONAS MAYORES;8;Patraix;Particular;11;NO;NO;0;NO;NA;No aplicable;2023-04-27;NA
3227;6;4283;Paso de peatones sobreelevado en la entrada a Benimamet camino nuevo altura 98;18;1;Particular;15;SI;SI;262;SI;7500;No aplicable;2023-04-27;NA
3290;6;4346;Iluminacion Actor Enrique Rambal numeros 2 y 3;13;Algiros;Particular;15;NO;NO;0;NO;NA;No aplicable;2023-04-27;NA
3324;6;4380;proteccion de dunas e itinerario adaptado en el Perellonet;19;6;Particular;26;SI;SI;25;SI;18000;No aplicable;2023-04-27;NA
3388;6;4444;? GIMNASIO DE BARRAS EN EL RIO<;10;Quatre Carreres;Particular;33;SI;SI;141;NO;60000;No aplicable;2023-04-27;NA
3406;6;4462;Plaza del Tossal punto de encuentro de vecinos;1;Ciutat Vella;Particular;22;NO;NO;0;NO;NA;No aplicable;2023-04-27;NA
3414;6;4470;Mejora carril bici principio calle Cuenca;3;Extramurs;Particular;23;NO;NO;0;NO;NA;No aplicable;2023-04-27;NA
3488;6;4545;Paso peatonal Barrio Aguja con Carrer L’emigrant Valencia;7;l'Olivereta;Particular;16;NO;NO;0;NO;NA;No aplicable;2023-04-27;NA
3527;6;4584;REMODELACIoN PLAZA HOLANDA;9;Jesus;Particular;36;SI;NO;0;NO;NA;No aplicable;2023-04-27;NA
3551;6;4608;RETEN POLICIAL;15;Rascanya;Particular;139;SI;NO;0;NO;NA;No aplicable;2023-04-27;NA
3631;6;4688;Platja de gossos;19;3;Particular;2;NO;NO;0;NO;NA;No aplicable;2023-04-27;NA
3669;6;4727;Construccion de acera en un tramo de la Calle Uruguay;9;Jesus;Particular;58;SI;NO;0;NO;NA;No aplicable;2023-04-27;NA
3727;6;4785;MEJORA EN LA VALLA ViA DEL TREN - PASEO DE LA ALAMEDA - CALLE IBIZA;12;Camins al Grau;Particular;27;NO;NO;0;NO;NA;No aplicable;2023-04-27;NA
3817;6;4878;Peatonalizar calles;5;la Saidia;Particular;2;NO;NO;0;NO;NA;No aplicable;2023-04-27;NA
3833;6;4894;C/Maria de Maeztu;7;l'Olivereta;Particular;30;SI;SI;18;NO;175000;No aplicable;2023-04-27;NA
3861;6;4922;Acondicionamiento de zona peatonal al final de la Av de Francia;12;Camins al Grau;Particular;31;SI;NO;0;NO;NA;No aplicable;2023-04-27;NA
3903;6;4965;Conexion fibra optica en zona rural.;19;2;Particular;8;NO;NO;0;NO;NA;No aplicable;2023-04-27;NA
3957;6;5019;PEATONALIZAR PARCIALMENTE LA PLAZA OBISPO AMIGO (ACTUALMENTE ROTONDA).;3;Extramurs;Particular;35;SI;SI;101;NO;250000;No aplicable;2023-04-27;NA
4022;6;5084;Cambio de baculos en las Av. Blas de Lezo, Ingeniero Fausto Elio y Luis Peixo.;11;Poblats Maritims;Representante GT;0;SI;SI;70;NO;190000;No aplicable;2023-04-27;NA
4041;6;5103;Polideportivo Municipal y parking subterraneo en el barrio;10;Quatre Carreres;Particular;23;NO;NO;0;NO;NA;No aplicable;2023-04-27;NA
4042;6;5104;Crear plaza Poeta Serrano Clavero;16;Benicalap;Particular;4;NO;NO;0;NO;NA;No aplicable;2023-04-27;NA
4079;6;5141;Arreglar el barrio;7;l'Olivereta;Particular;1;NO;NO;0;NO;NA;No aplicable;2023-04-27;NA
4202;6;5264;Ajardinar el solar de Eugenia Viñes;11;Poblats Maritims;Particular;8;NO;NO;0;NO;NA;No aplicable;2023-04-27;NA
4272;7;5334;Peris y Valero i Maties Perello accesibles.;2;l'Eixample;Particular;14;NO;NO;0;NO;NA;No aplicable;2023-04-27;NA
4312;7;5374;INSONORIZACION SALIDA TUNEL NUEVO CENTRO;4;Campanar;Particular;22;NO;NO;0;NO;NA;No aplicable;2023-04-27;NA
68;1;2015-00091;NA;19;Pobles del Sud;Persona Fisica;NA;No aplicable;NO;0;NO;NA;No aplicable;2023-04-27;NA
69;1;2015-00092;Mejora de infraestructuras de señalizacion vial entorno educativo;13;Algiros;Persona Fisica;NA;No aplicable;SI;77;SI;1800;No aplicable;2023-04-27;NA
112;1;2015-00147;NA;12;Camins al Grau;Persona Juridica;NA;No aplicable;NO;0;NO;NA;No aplicable;2023-04-27;NA
452;1;2015-00538;Mejoar de accesibilidad de los entornos escolares: anell de vianants tres forques - patraix;8;Patraix;Persona Juridica;NA;No aplicable;SI;137;SI;50000;No aplicable;2023-04-27;NA
480;1;2015-00573;NA;9;Jesus;Persona Fisica;NA;No aplicable;NO;0;NO;NA;No aplicable;2023-04-27;NA
